manufacturer,model,month,trends_interest,trends_source,measured_at
Ac,AC Ace & Aceca,2025-08,2.2193,google_trends,2026-08-29T19:23:31Z
Ac,AC Ace & Aceca,2025-09,1.2329,google_trends,2026-08-29T19:23:31Z
Ac,AC Ace & Aceca,2025-10,1.2329,google_trends,2026-08-29T19:23:31Z
Ac,AC Ace & Aceca,2025-11,1.2329,google_trends,2026-08-29T19:23:31Z
Ac,AC Ace & Aceca,2025-12,1.2329,google_trends,2026-08-29T19:23:31Z
Ac,AC Ace & Aceca,2026-01,1.2329,google_trends,2026-08-29T19:23:31Z
Ac,AC Ace & Aceca,2026-02,1.2329,google_trends,2026-08-29T19:23:31Z
Ac,AC Ace & Aceca,2026-03,1.9727,google_trends,2026-08-29T19:23:31Z
Ac,AC Ace & Aceca,2026-04,3.0823,google_trends,2026-08-29T19:23:31Z
Ac,AC Ace & Aceca,2026-05,3.2056,google_trends,2026-08-29T19:23:31Z
Ac,AC Ace & Aceca,2026-06,3.0823,google_trends,2026-08-29T19:23:31Z
Ac,AC Ace & Aceca,2026-07,2.4658,google_trends,2026-08-29T19:23:31Z
Acura,CL,2025-08,1.2329,google_trends,2026-08-29T19:23:31Z
Acura,CL,2025-09,1.2329,google_trends,2026-08-29T19:23:31Z
Acura,CL,2025-10,1.2329,google_trends,2026-08-29T19:23:31Z
Acura,CL,2025-11,0.9863,google_trends,2026-08-29T19:23:31Z
Acura,CL,2025-12,0.9247,google_trends,2026-08-29T19:23:31Z
Acura,CL,2026-01,1.2329,google_trends,2026-08-29T19:23:31Z
Acura,CL,2026-02,2.4658,google_trends,2026-08-29T19:23:31Z
Acura,CL,2026-03,1.2329,google_trends,2026-08-29T19:23:31Z
Acura,CL,2026-04,1.2329,google_trends,2026-08-29T19:23:31Z
Acura,CL,2026-05,1.2329,google_trends,2026-08-29T19:23:31Z
Acura,CL,2026-06,1.2329,google_trends,2026-08-29T19:23:31Z
Acura,CL,2026-07,1.2329,google_trends,2026-08-29T19:23:31Z
Acura,Integra,2025-08,11.3399,google_trends,2026-08-29T19:23:31Z
Acura,Integra,2025-09,10.169,google_trends,2026-08-29T19:23:31Z
Acura,Integra,2025-10,10.4771,google_trends,2026-08-29T19:23:31Z
Acura,Integra,2025-11,10.1073,google_trends,2026-08-29T19:23:31Z
Acura,Integra,2025-12,9.8608,google_trends,2026-08-29T19:23:31Z
Acura,Integra,2026-01,10.169,google_trends,2026-08-29T19:23:31Z
Acura,Integra,2026-02,13.8668,google_trends,2026-08-29T19:23:31Z
Acura,Integra,2026-03,13.0656,google_trends,2026-08-29T19:23:31Z
Acura,Integra,2026-04,14.4831,google_trends,2026-08-29T19:23:31Z
Acura,Integra,2026-05,13.5586,google_trends,2026-08-29T19:23:31Z
Acura,Integra,2026-06,12.326,google_trends,2026-08-29T19:23:31Z
Acura,Integra,2026-07,11.7097,google_trends,2026-08-29T19:23:31Z
Acura,Integra Type R,2025-08,0.9861,google_trends,2026-08-29T19:23:31Z
Acura,Integra Type R,2025-09,0.6163,google_trends,2026-08-29T19:23:31Z
Acura,Integra Type R,2025-10,0.9245,google_trends,2026-08-29T19:23:31Z
Acura,Integra Type R,2025-11,0.493,google_trends,2026-08-29T19:23:31Z
Acura,Integra Type R,2025-12,0.6163,google_trends,2026-08-29T19:23:31Z
Acura,Integra Type R,2026-01,0.3082,google_trends,2026-08-29T19:23:31Z
Acura,Integra Type R,2026-02,0.9245,google_trends,2026-08-29T19:23:31Z
Acura,Integra Type R,2026-03,1.2326,google_trends,2026-08-29T19:23:31Z
Acura,Integra Type R,2026-04,1.2326,google_trends,2026-08-29T19:23:31Z
Acura,Integra Type R,2026-05,1.2326,google_trends,2026-08-29T19:23:31Z
Acura,Integra Type R,2026-06,1.2326,google_trends,2026-08-29T19:23:31Z
Acura,Integra Type R,2026-07,0.6163,google_trends,2026-08-29T19:23:31Z
Acura,Legend,2025-08,1.2326,google_trends,2026-08-29T19:23:31Z
Acura,Legend,2025-09,1.2326,google_trends,2026-08-29T19:23:31Z
Acura,Legend,2025-10,1.2326,google_trends,2026-08-29T19:23:31Z
Acura,Legend,2025-11,1.2326,google_trends,2026-08-29T19:23:31Z
Acura,Legend,2025-12,1.2326,google_trends,2026-08-29T19:23:31Z
Acura,Legend,2026-01,1.2326,google_trends,2026-08-29T19:23:31Z
Acura,Legend,2026-02,1.8489,google_trends,2026-08-29T19:23:31Z
Acura,Legend,2026-03,1.2326,google_trends,2026-08-29T19:23:31Z
Acura,Legend,2026-04,1.2326,google_trends,2026-08-29T19:23:31Z
Acura,Legend,2026-05,1.2326,google_trends,2026-08-29T19:23:31Z
Acura,Legend,2026-06,1.2326,google_trends,2026-08-29T19:23:31Z
Acura,Legend,2026-07,1.2326,google_trends,2026-08-29T19:23:31Z
Acura,MDX,2025-08,29.927,google_trends,2026-08-29T21:54:49Z
Acura,MDX,2025-09,26.4599,google_trends,2026-08-29T21:54:49Z
Acura,MDX,2025-10,26.4599,google_trends,2026-08-29T21:54:49Z
Acura,MDX,2025-11,26.0341,google_trends,2026-08-29T21:54:49Z
Acura,MDX,2025-12,26.1557,google_trends,2026-08-29T21:54:49Z
Acura,MDX,2026-01,27.0681,google_trends,2026-08-29T21:54:49Z
Acura,MDX,2026-02,32.8467,google_trends,2026-08-29T21:54:49Z
Acura,MDX,2026-03,32.6034,google_trends,2026-08-29T21:54:49Z
Acura,MDX,2026-04,35.8881,google_trends,2026-08-29T21:54:49Z
Acura,MDX,2026-05,34.0633,google_trends,2026-08-29T21:54:49Z
Acura,MDX,2026-06,31.6302,google_trends,2026-08-29T21:54:49Z
Acura,MDX,2026-07,31.326,google_trends,2026-08-29T21:54:49Z
Acura,RL,2025-08,1.7261,google_trends,2026-08-29T19:23:31Z
Acura,RL,2025-09,1.2329,google_trends,2026-08-29T19:23:31Z
Acura,RL,2025-10,1.2329,google_trends,2026-08-29T19:23:31Z
Acura,RL,2025-11,1.2329,google_trends,2026-08-29T19:23:31Z
Acura,RL,2025-12,1.2329,google_trends,2026-08-29T19:23:31Z
Acura,RL,2026-01,1.2329,google_trends,2026-08-29T19:23:31Z
Acura,RL,2026-02,3.6988,google_trends,2026-08-29T19:23:31Z
Acura,RL,2026-03,1.4795,google_trends,2026-08-29T19:23:31Z
Acura,RL,2026-04,2.4658,google_trends,2026-08-29T19:23:31Z
Acura,RL,2026-05,2.4658,google_trends,2026-08-29T19:23:31Z
Acura,RL,2026-06,1.8494,google_trends,2026-08-29T19:23:31Z
Acura,RL,2026-07,1.2329,google_trends,2026-08-29T19:23:31Z
Acura,RSX,2025-08,4.4385,google_trends,2026-08-29T19:23:31Z
Acura,RSX,2025-09,3.6988,google_trends,2026-08-29T19:23:31Z
Acura,RSX,2025-10,3.6988,google_trends,2026-08-29T19:23:31Z
Acura,RSX,2025-11,3.6988,google_trends,2026-08-29T19:23:31Z
Acura,RSX,2025-12,2.4658,google_trends,2026-08-29T19:23:31Z
Acura,RSX,2026-01,3.3905,google_trends,2026-08-29T19:23:31Z
Acura,RSX,2026-02,5.2399,google_trends,2026-08-29T19:23:31Z
Acura,RSX,2026-03,3.9453,google_trends,2026-08-29T19:23:31Z
Acura,RSX,2026-04,5.2399,google_trends,2026-08-29T19:23:31Z
Acura,RSX,2026-05,4.4385,google_trends,2026-08-29T19:23:31Z
Acura,RSX,2026-06,4.007,google_trends,2026-08-29T19:23:31Z
Acura,RSX,2026-07,3.6988,google_trends,2026-08-29T19:23:31Z
Acura,TL,2025-08,14.2982,google_trends,2026-08-29T19:23:31Z
Acura,TL,2025-09,13.2505,google_trends,2026-08-29T19:23:31Z
Acura,TL,2025-10,13.2505,google_trends,2026-08-29T19:23:31Z
Acura,TL,2025-11,13.0656,google_trends,2026-08-29T19:23:31Z
Acura,TL,2025-12,12.0179,google_trends,2026-08-29T19:23:31Z
Acura,TL,2026-01,12.0179,google_trends,2026-08-29T19:23:31Z
Acura,TL,2026-02,16.332,google_trends,2026-08-29T19:23:31Z
Acura,TL,2026-03,15.2843,google_trends,2026-08-29T19:23:31Z
Acura,TL,2026-04,16.9483,google_trends,2026-08-29T19:23:31Z
Acura,TL,2026-05,15.5308,google_trends,2026-08-29T19:23:31Z
Acura,TL,2026-06,14.1749,google_trends,2026-08-29T19:23:31Z
Acura,TL,2026-07,14.4831,google_trends,2026-08-29T19:23:31Z
Acura,TSX,2025-08,8.3838,google_trends,2026-08-29T19:23:31Z
Acura,TSX,2025-09,7.3975,google_trends,2026-08-29T19:23:31Z
Acura,TSX,2025-10,7.0893,google_trends,2026-08-29T19:23:31Z
Acura,TSX,2025-11,7.3975,google_trends,2026-08-29T19:23:31Z
Acura,TSX,2025-12,7.0893,google_trends,2026-08-29T19:23:31Z
Acura,TSX,2026-01,7.3975,google_trends,2026-08-29T19:23:31Z
Acura,TSX,2026-02,11.4045,google_trends,2026-08-29T19:23:31Z
Acura,TSX,2026-03,9.1236,google_trends,2026-08-29T19:23:31Z
Acura,TSX,2026-04,11.0963,google_trends,2026-08-29T19:23:31Z
Acura,TSX,2026-05,10.1099,google_trends,2026-08-29T19:23:31Z
Acura,TSX,2026-06,9.5551,google_trends,2026-08-29T19:23:31Z
Acura,TSX,2026-07,8.3222,google_trends,2026-08-29T19:23:31Z
Airstream,Airstream Trailer,2025-08,1.2326,google_trends,2026-08-29T19:23:31Z
Airstream,Airstream Trailer,2025-09,1.2326,google_trends,2026-08-29T19:23:31Z
Airstream,Airstream Trailer,2025-10,1.2326,google_trends,2026-08-29T19:23:31Z
Airstream,Airstream Trailer,2025-11,1.2326,google_trends,2026-08-29T19:23:31Z
Airstream,Airstream Trailer,2025-12,1.2326,google_trends,2026-08-29T19:23:31Z
Airstream,Airstream Trailer,2026-01,1.2326,google_trends,2026-08-29T19:23:31Z
Airstream,Airstream Trailer,2026-02,1.2326,google_trends,2026-08-29T19:23:31Z
Airstream,Airstream Trailer,2026-03,1.2326,google_trends,2026-08-29T19:23:31Z
Airstream,Airstream Trailer,2026-04,1.2326,google_trends,2026-08-29T19:23:31Z
Airstream,Airstream Trailer,2026-05,1.9722,google_trends,2026-08-29T19:23:31Z
Airstream,Airstream Trailer,2026-06,1.2326,google_trends,2026-08-29T19:23:31Z
Airstream,Airstream Trailer,2026-07,1.5408,google_trends,2026-08-29T19:23:31Z
Alfa Romeo,155,2025-08,0.9863,google_trends,2026-08-29T19:23:31Z
Alfa Romeo,155,2025-09,0.3082,google_trends,2026-08-29T19:23:31Z
Alfa Romeo,155,2025-10,0.6165,google_trends,2026-08-29T19:23:31Z
Alfa Romeo,155,2025-11,0.9863,google_trends,2026-08-29T19:23:31Z
Alfa Romeo,155,2025-12,1.2329,google_trends,2026-08-29T19:23:31Z
Alfa Romeo,155,2026-01,1.2329,google_trends,2026-08-29T19:23:31Z
Alfa Romeo,155,2026-02,0.9247,google_trends,2026-08-29T19:23:31Z
Alfa Romeo,155,2026-03,1.2329,google_trends,2026-08-29T19:23:31Z
Alfa Romeo,155,2026-04,0.3082,google_trends,2026-08-29T19:23:31Z
Alfa Romeo,155,2026-05,0.9863,google_trends,2026-08-29T19:23:31Z
Alfa Romeo,155,2026-06,1.2329,google_trends,2026-08-29T19:23:31Z
Alfa Romeo,155,2026-07,1.2329,google_trends,2026-08-29T19:23:31Z
Alfa Romeo,164,2025-08,0.2466,google_trends,2026-08-29T19:23:31Z
Alfa Romeo,164,2025-09,0.0,google_trends,2026-08-29T19:23:31Z
Alfa Romeo,164,2025-10,0.3082,google_trends,2026-08-29T19:23:31Z
Alfa Romeo,164,2025-11,0.0,google_trends,2026-08-29T19:23:31Z
Alfa Romeo,164,2025-12,0.0,google_trends,2026-08-29T19:23:31Z
Alfa Romeo,164,2026-01,0.0,google_trends,2026-08-29T19:23:31Z
Alfa Romeo,164,2026-02,0.3082,google_trends,2026-08-29T19:23:31Z
Alfa Romeo,164,2026-03,0.0,google_trends,2026-08-29T19:23:31Z
Alfa Romeo,164,2026-04,0.3082,google_trends,2026-08-29T19:23:31Z
Alfa Romeo,164,2026-05,0.7398,google_trends,2026-08-29T19:23:31Z
Alfa Romeo,164,2026-06,0.0,google_trends,2026-08-29T19:23:31Z
Alfa Romeo,164,2026-07,0.0,google_trends,2026-08-29T19:23:31Z
Alfa Romeo,4C,2025-08,2.4652,google_trends,2026-08-29T19:23:31Z
Alfa Romeo,4C,2025-09,2.4652,google_trends,2026-08-29T19:23:31Z
Alfa Romeo,4C,2025-10,2.1571,google_trends,2026-08-29T19:23:31Z
Alfa Romeo,4C,2025-11,1.7256,google_trends,2026-08-29T19:23:31Z
Alfa Romeo,4C,2025-12,1.5408,google_trends,2026-08-29T19:23:31Z
Alfa Romeo,4C,2026-01,1.5408,google_trends,2026-08-29T19:23:31Z
Alfa Romeo,4C,2026-02,2.4652,google_trends,2026-08-29T19:23:31Z
Alfa Romeo,4C,2026-03,2.4652,google_trends,2026-08-29T19:23:31Z
Alfa Romeo,4C,2026-04,2.4652,google_trends,2026-08-29T19:23:31Z
Alfa Romeo,4C,2026-05,2.4652,google_trends,2026-08-29T19:23:31Z
Alfa Romeo,4C,2026-06,2.4652,google_trends,2026-08-29T19:23:31Z
Alfa Romeo,4C,2026-07,2.7734,google_trends,2026-08-29T19:23:31Z
Alfa Romeo,8C,2025-08,0.9863,google_trends,2026-08-29T19:23:31Z
Alfa Romeo,8C,2025-09,1.2329,google_trends,2026-08-29T19:23:31Z
Alfa Romeo,8C,2025-10,0.6165,google_trends,2026-08-29T19:23:31Z
Alfa Romeo,8C,2025-11,0.2466,google_trends,2026-08-29T19:23:31Z
Alfa Romeo,8C,2025-12,0.6165,google_trends,2026-08-29T19:23:31Z
Alfa Romeo,8C,2026-01,1.2329,google_trends,2026-08-29T19:23:31Z
Alfa Romeo,8C,2026-02,1.2329,google_trends,2026-08-29T19:23:31Z
Alfa Romeo,8C,2026-03,1.2329,google_trends,2026-08-29T19:23:31Z
Alfa Romeo,8C,2026-04,1.2329,google_trends,2026-08-29T19:23:31Z
Alfa Romeo,8C,2026-05,1.4795,google_trends,2026-08-29T19:23:31Z
Alfa Romeo,8C,2026-06,1.2329,google_trends,2026-08-29T19:23:31Z
Alfa Romeo,8C,2026-07,1.2329,google_trends,2026-08-29T19:23:31Z
Alfa Romeo,ALFA ROMEO,2025-08,110.8545,google_trends,2026-08-29T21:54:49Z
Alfa Romeo,ALFA ROMEO,2025-09,102.5404,google_trends,2026-08-29T21:54:49Z
Alfa Romeo,ALFA ROMEO,2025-10,102.5404,google_trends,2026-08-29T21:54:49Z
Alfa Romeo,ALFA ROMEO,2025-11,101.9861,google_trends,2026-08-29T21:54:49Z
Alfa Romeo,ALFA ROMEO,2025-12,91.455,google_trends,2026-08-29T21:54:49Z
Alfa Romeo,ALFA ROMEO,2026-01,102.5404,google_trends,2026-08-29T21:54:49Z
Alfa Romeo,ALFA ROMEO,2026-02,124.7113,google_trends,2026-08-29T21:54:49Z
Alfa Romeo,ALFA ROMEO,2026-03,110.8545,google_trends,2026-08-29T21:54:49Z
Alfa Romeo,ALFA ROMEO,2026-04,110.8545,google_trends,2026-08-29T21:54:49Z
Alfa Romeo,ALFA ROMEO,2026-05,117.5058,google_trends,2026-08-29T21:54:49Z
Alfa Romeo,ALFA ROMEO,2026-06,110.8545,google_trends,2026-08-29T21:54:49Z
Alfa Romeo,ALFA ROMEO,2026-07,105.3118,google_trends,2026-08-29T21:54:49Z
Alfa Romeo,Alfetta,2025-08,0.0,google_trends,2026-08-29T19:23:31Z
Alfa Romeo,Alfetta,2025-09,0.0,google_trends,2026-08-29T19:23:31Z
Alfa Romeo,Alfetta,2025-10,0.0,google_trends,2026-08-29T19:23:31Z
Alfa Romeo,Alfetta,2025-11,0.0,google_trends,2026-08-29T19:23:31Z
Alfa Romeo,Alfetta,2025-12,0.0,google_trends,2026-08-29T19:23:31Z
Alfa Romeo,Alfetta,2026-01,0.0,google_trends,2026-08-29T19:23:31Z
Alfa Romeo,Alfetta,2026-02,0.0,google_trends,2026-08-29T19:23:31Z
Alfa Romeo,Alfetta,2026-03,0.0,google_trends,2026-08-29T19:23:31Z
Alfa Romeo,Alfetta,2026-04,0.0,google_trends,2026-08-29T19:23:31Z
Alfa Romeo,Alfetta,2026-05,0.4932,google_trends,2026-08-29T19:23:31Z
Alfa Romeo,Alfetta,2026-06,0.0,google_trends,2026-08-29T19:23:31Z
Alfa Romeo,Alfetta,2026-07,0.0,google_trends,2026-08-29T19:23:31Z
Alfa Romeo,BRERA,2025-08,1.2329,google_trends,2026-08-29T19:23:31Z
Alfa Romeo,BRERA,2025-09,1.5411,google_trends,2026-08-29T19:23:31Z
Alfa Romeo,BRERA,2025-10,1.2329,google_trends,2026-08-29T19:23:31Z
Alfa Romeo,BRERA,2025-11,1.2329,google_trends,2026-08-29T19:23:31Z
Alfa Romeo,BRERA,2025-12,1.2329,google_trends,2026-08-29T19:23:31Z
Alfa Romeo,BRERA,2026-01,1.2329,google_trends,2026-08-29T19:23:31Z
Alfa Romeo,BRERA,2026-02,1.2329,google_trends,2026-08-29T19:23:31Z
Alfa Romeo,BRERA,2026-03,1.2329,google_trends,2026-08-29T19:23:31Z
Alfa Romeo,BRERA,2026-04,1.2329,google_trends,2026-08-29T19:23:31Z
Alfa Romeo,BRERA,2026-05,1.2329,google_trends,2026-08-29T19:23:31Z
Alfa Romeo,BRERA,2026-06,1.2329,google_trends,2026-08-29T19:23:31Z
Alfa Romeo,BRERA,2026-07,1.2329,google_trends,2026-08-29T19:23:31Z
Alfa Romeo,Stelvio,2025-08,9.3702,google_trends,2026-08-29T19:23:31Z
Alfa Romeo,Stelvio,2025-09,8.6304,google_trends,2026-08-29T19:23:31Z
Alfa Romeo,Stelvio,2025-10,8.3222,google_trends,2026-08-29T19:23:31Z
Alfa Romeo,Stelvio,2025-11,8.3838,google_trends,2026-08-29T19:23:31Z
Alfa Romeo,Stelvio,2025-12,7.7057,google_trends,2026-08-29T19:23:31Z
Alfa Romeo,Stelvio,2026-01,8.6304,google_trends,2026-08-29T19:23:31Z
Alfa Romeo,Stelvio,2026-02,10.1716,google_trends,2026-08-29T19:23:31Z
Alfa Romeo,Stelvio,2026-03,9.1236,google_trends,2026-08-29T19:23:31Z
Alfa Romeo,Stelvio,2026-04,9.5551,google_trends,2026-08-29T19:23:31Z
Alfa Romeo,Stelvio,2026-05,9.3702,google_trends,2026-08-29T19:23:31Z
Alfa Romeo,Stelvio,2026-06,8.6304,google_trends,2026-08-29T19:23:31Z
Alfa Romeo,Stelvio,2026-07,8.3222,google_trends,2026-08-29T19:23:31Z
Amc,AMC AMX,2025-08,0.2465,google_trends,2026-08-29T19:23:31Z
Amc,AMC AMX,2025-09,0.3082,google_trends,2026-08-29T19:23:31Z
Amc,AMC AMX,2025-10,0.0,google_trends,2026-08-29T19:23:31Z
Amc,AMC AMX,2025-11,0.493,google_trends,2026-08-29T19:23:31Z
Amc,AMC AMX,2025-12,0.9245,google_trends,2026-08-29T19:23:31Z
Amc,AMC AMX,2026-01,0.0,google_trends,2026-08-29T19:23:31Z
Amc,AMC AMX,2026-02,0.9245,google_trends,2026-08-29T19:23:31Z
Amc,AMC AMX,2026-03,0.9861,google_trends,2026-08-29T19:23:31Z
Amc,AMC AMX,2026-04,0.6163,google_trends,2026-08-29T19:23:31Z
Amc,AMC AMX,2026-05,0.7396,google_trends,2026-08-29T19:23:31Z
Amc,AMC AMX,2026-06,1.2326,google_trends,2026-08-29T19:23:31Z
Amc,AMC AMX,2026-07,0.9245,google_trends,2026-08-29T19:23:31Z
Amc,AMC Eagle,2025-08,0.7396,google_trends,2026-08-29T19:23:31Z
Amc,AMC Eagle,2025-09,0.0,google_trends,2026-08-29T19:23:31Z
Amc,AMC Eagle,2025-10,0.0,google_trends,2026-08-29T19:23:31Z
Amc,AMC Eagle,2025-11,0.493,google_trends,2026-08-29T19:23:31Z
Amc,AMC Eagle,2025-12,0.6163,google_trends,2026-08-29T19:23:31Z
Amc,AMC Eagle,2026-01,0.0,google_trends,2026-08-29T19:23:31Z
Amc,AMC Eagle,2026-02,0.9245,google_trends,2026-08-29T19:23:31Z
Amc,AMC Eagle,2026-03,0.0,google_trends,2026-08-29T19:23:31Z
Amc,AMC Eagle,2026-04,0.6163,google_trends,2026-08-29T19:23:31Z
Amc,AMC Eagle,2026-05,0.7396,google_trends,2026-08-29T19:23:31Z
Amc,AMC Eagle,2026-06,0.6163,google_trends,2026-08-29T19:23:31Z
Amc,AMC Eagle,2026-07,0.9245,google_trends,2026-08-29T19:23:31Z
Amc,AMC Gremlin,2025-08,0.4866,google_trends,2026-08-29T21:54:49Z
Amc,AMC Gremlin,2025-09,0.0,google_trends,2026-08-29T21:54:49Z
Amc,AMC Gremlin,2025-10,0.3041,google_trends,2026-08-29T21:54:49Z
Amc,AMC Gremlin,2025-11,0.7299,google_trends,2026-08-29T21:54:49Z
Amc,AMC Gremlin,2025-12,0.6083,google_trends,2026-08-29T21:54:49Z
Amc,AMC Gremlin,2026-01,0.3041,google_trends,2026-08-29T21:54:49Z
Amc,AMC Gremlin,2026-02,0.3041,google_trends,2026-08-29T21:54:49Z
Amc,AMC Gremlin,2026-03,0.2433,google_trends,2026-08-29T21:54:49Z
Amc,AMC Gremlin,2026-04,0.6083,google_trends,2026-08-29T21:54:49Z
Amc,AMC Gremlin,2026-05,0.4866,google_trends,2026-08-29T21:54:49Z
Amc,AMC Gremlin,2026-06,0.0,google_trends,2026-08-29T21:54:49Z
Amc,AMC Gremlin,2026-07,0.0,google_trends,2026-08-29T21:54:49Z
Amc,AMC Javelin,2025-08,0.9861,google_trends,2026-08-29T19:23:31Z
Amc,AMC Javelin,2025-09,0.0,google_trends,2026-08-29T19:23:31Z
Amc,AMC Javelin,2025-10,0.0,google_trends,2026-08-29T19:23:31Z
Amc,AMC Javelin,2025-11,0.493,google_trends,2026-08-29T19:23:31Z
Amc,AMC Javelin,2025-12,0.6163,google_trends,2026-08-29T19:23:31Z
Amc,AMC Javelin,2026-01,0.6163,google_trends,2026-08-29T19:23:31Z
Amc,AMC Javelin,2026-02,0.3082,google_trends,2026-08-29T19:23:31Z
Amc,AMC Javelin,2026-03,0.493,google_trends,2026-08-29T19:23:31Z
Amc,AMC Javelin,2026-04,1.2326,google_trends,2026-08-29T19:23:31Z
Amc,AMC Javelin,2026-05,0.9861,google_trends,2026-08-29T19:23:31Z
Amc,AMC Javelin,2026-06,0.6163,google_trends,2026-08-29T19:23:31Z
Amc,AMC Javelin,2026-07,0.3082,google_trends,2026-08-29T19:23:31Z
Amc,AMC Pacer,2025-08,0.0,google_trends,2026-08-29T19:23:31Z
Amc,AMC Pacer,2025-09,0.0,google_trends,2026-08-29T19:23:31Z
Amc,AMC Pacer,2025-10,0.0,google_trends,2026-08-29T19:23:31Z
Amc,AMC Pacer,2025-11,0.2466,google_trends,2026-08-29T19:23:31Z
Amc,AMC Pacer,2025-12,1.2329,google_trends,2026-08-29T19:23:31Z
Amc,AMC Pacer,2026-01,0.0,google_trends,2026-08-29T19:23:31Z
Amc,AMC Pacer,2026-02,0.0,google_trends,2026-08-29T19:23:31Z
Amc,AMC Pacer,2026-03,0.4932,google_trends,2026-08-29T19:23:31Z
Amc,AMC Pacer,2026-04,1.2329,google_trends,2026-08-29T19:23:31Z
Amc,AMC Pacer,2026-05,0.4932,google_trends,2026-08-29T19:23:31Z
Amc,AMC Pacer,2026-06,0.0,google_trends,2026-08-29T19:23:31Z
Amc,AMC Pacer,2026-07,0.0,google_trends,2026-08-29T19:23:31Z
Amc,AMC SPIRIT,2025-08,0.0,google_trends,2026-08-29T21:54:49Z
Amc,AMC SPIRIT,2025-09,0.0,google_trends,2026-08-29T21:54:49Z
Amc,AMC SPIRIT,2025-10,0.0,google_trends,2026-08-29T21:54:49Z
Amc,AMC SPIRIT,2025-11,0.0,google_trends,2026-08-29T21:54:49Z
Amc,AMC SPIRIT,2025-12,0.0,google_trends,2026-08-29T21:54:49Z
Amc,AMC SPIRIT,2026-01,0.0,google_trends,2026-08-29T21:54:49Z
Amc,AMC SPIRIT,2026-02,0.0,google_trends,2026-08-29T21:54:49Z
Amc,AMC SPIRIT,2026-03,0.4866,google_trends,2026-08-29T21:54:49Z
Amc,AMC SPIRIT,2026-04,1.2165,google_trends,2026-08-29T21:54:49Z
Amc,AMC SPIRIT,2026-05,0.4866,google_trends,2026-08-29T21:54:49Z
Amc,AMC SPIRIT,2026-06,0.0,google_trends,2026-08-29T21:54:49Z
Amc,AMC SPIRIT,2026-07,0.0,google_trends,2026-08-29T21:54:49Z
Amphicar,Amphicar 770,2025-08,0.0,google_trends,2026-08-29T19:23:31Z
Amphicar,Amphicar 770,2025-09,0.0,google_trends,2026-08-29T19:23:31Z
Amphicar,Amphicar 770,2025-10,0.0,google_trends,2026-08-29T19:23:31Z
Amphicar,Amphicar 770,2025-11,0.0,google_trends,2026-08-29T19:23:31Z
Amphicar,Amphicar 770,2025-12,0.0,google_trends,2026-08-29T19:23:31Z
Amphicar,Amphicar 770,2026-01,0.0,google_trends,2026-08-29T19:23:31Z
Amphicar,Amphicar 770,2026-02,0.0,google_trends,2026-08-29T19:23:31Z
Amphicar,Amphicar 770,2026-03,0.0,google_trends,2026-08-29T19:23:31Z
Amphicar,Amphicar 770,2026-04,0.0,google_trends,2026-08-29T19:23:31Z
Amphicar,Amphicar 770,2026-05,0.0,google_trends,2026-08-29T19:23:31Z
Amphicar,Amphicar 770,2026-06,0.3082,google_trends,2026-08-29T19:23:31Z
Amphicar,Amphicar 770,2026-07,0.0,google_trends,2026-08-29T19:23:31Z
Aprilia,APRILIA RSV4 FACTORY,2025-08,0.2433,google_trends,2026-08-29T21:54:49Z
Aprilia,APRILIA RSV4 FACTORY,2025-09,0.0,google_trends,2026-08-29T21:54:49Z
Aprilia,APRILIA RSV4 FACTORY,2025-10,0.0,google_trends,2026-08-29T21:54:49Z
Aprilia,APRILIA RSV4 FACTORY,2025-11,0.0,google_trends,2026-08-29T21:54:49Z
Aprilia,APRILIA RSV4 FACTORY,2025-12,0.0,google_trends,2026-08-29T21:54:49Z
Aprilia,APRILIA RSV4 FACTORY,2026-01,0.0,google_trends,2026-08-29T21:54:49Z
Aprilia,APRILIA RSV4 FACTORY,2026-02,0.3041,google_trends,2026-08-29T21:54:49Z
Aprilia,APRILIA RSV4 FACTORY,2026-03,0.0,google_trends,2026-08-29T21:54:49Z
Aprilia,APRILIA RSV4 FACTORY,2026-04,0.0,google_trends,2026-08-29T21:54:49Z
Aprilia,APRILIA RSV4 FACTORY,2026-05,0.2433,google_trends,2026-08-29T21:54:49Z
Aprilia,APRILIA RSV4 FACTORY,2026-06,0.3041,google_trends,2026-08-29T21:54:49Z
Aprilia,APRILIA RSV4 FACTORY,2026-07,0.0,google_trends,2026-08-29T21:54:49Z
Aprilia,APRILIA SCARABEO,2025-08,1.2165,google_trends,2026-08-29T21:54:49Z
Aprilia,APRILIA SCARABEO,2025-09,0.9124,google_trends,2026-08-29T21:54:49Z
Aprilia,APRILIA SCARABEO,2025-10,0.0,google_trends,2026-08-29T21:54:49Z
Aprilia,APRILIA SCARABEO,2025-11,0.0,google_trends,2026-08-29T21:54:49Z
Aprilia,APRILIA SCARABEO,2025-12,0.0,google_trends,2026-08-29T21:54:49Z
Aprilia,APRILIA SCARABEO,2026-01,0.0,google_trends,2026-08-29T21:54:49Z
Aprilia,APRILIA SCARABEO,2026-02,0.0,google_trends,2026-08-29T21:54:49Z
Aprilia,APRILIA SCARABEO,2026-03,0.9732,google_trends,2026-08-29T21:54:49Z
Aprilia,APRILIA SCARABEO,2026-04,1.2165,google_trends,2026-08-29T21:54:49Z
Aprilia,APRILIA SCARABEO,2026-05,1.2165,google_trends,2026-08-29T21:54:49Z
Aprilia,APRILIA SCARABEO,2026-06,1.2165,google_trends,2026-08-29T21:54:49Z
Aprilia,APRILIA SCARABEO,2026-07,1.2165,google_trends,2026-08-29T21:54:49Z
Aprilia,APRILIA TUAREG,2025-08,2.4331,google_trends,2026-08-29T21:54:49Z
Aprilia,APRILIA TUAREG,2025-09,2.129,google_trends,2026-08-29T21:54:49Z
Aprilia,APRILIA TUAREG,2025-10,1.5207,google_trends,2026-08-29T21:54:49Z
Aprilia,APRILIA TUAREG,2025-11,1.4599,google_trends,2026-08-29T21:54:49Z
Aprilia,APRILIA TUAREG,2025-12,1.2165,google_trends,2026-08-29T21:54:49Z
Aprilia,APRILIA TUAREG,2026-01,1.2165,google_trends,2026-08-29T21:54:49Z
Aprilia,APRILIA TUAREG,2026-02,1.2165,google_trends,2026-08-29T21:54:49Z
Aprilia,APRILIA TUAREG,2026-03,2.1898,google_trends,2026-08-29T21:54:49Z
Aprilia,APRILIA TUAREG,2026-04,2.4331,google_trends,2026-08-29T21:54:49Z
Aprilia,APRILIA TUAREG,2026-05,2.4331,google_trends,2026-08-29T21:54:49Z
Aprilia,APRILIA TUAREG,2026-06,2.129,google_trends,2026-08-29T21:54:49Z
Aprilia,APRILIA TUAREG,2026-07,1.5207,google_trends,2026-08-29T21:54:49Z
Aprilia,Aprilia RS & RSV,2025-08,12.0826,google_trends,2026-08-29T19:23:31Z
Aprilia,Aprilia RS & RSV,2025-09,10.788,google_trends,2026-08-29T19:23:31Z
Aprilia,Aprilia RS & RSV,2025-10,9.5551,google_trends,2026-08-29T19:23:31Z
Aprilia,Aprilia RS & RSV,2025-11,9.3702,google_trends,2026-08-29T19:23:31Z
Aprilia,Aprilia RS & RSV,2025-12,7.3975,google_trends,2026-08-29T19:23:31Z
Aprilia,Aprilia RS & RSV,2026-01,8.014,google_trends,2026-08-29T19:23:31Z
Aprilia,Aprilia RS & RSV,2026-02,9.8634,google_trends,2026-08-29T19:23:31Z
Aprilia,Aprilia RS & RSV,2026-03,12.3292,google_trends,2026-08-29T19:23:31Z
Aprilia,Aprilia RS & RSV,2026-04,12.021,google_trends,2026-08-29T19:23:31Z
Aprilia,Aprilia RS & RSV,2026-05,12.3292,google_trends,2026-08-29T19:23:31Z
Aprilia,Aprilia RS & RSV,2026-06,11.0963,google_trends,2026-08-29T19:23:31Z
Aprilia,Aprilia RS & RSV,2026-07,11.0963,google_trends,2026-08-29T19:23:31Z
Ariel,Ariel Atom,2025-08,1.2326,google_trends,2026-08-29T19:23:31Z
Ariel,Ariel Atom,2025-09,1.2326,google_trends,2026-08-29T19:23:31Z
Ariel,Ariel Atom,2025-10,1.2326,google_trends,2026-08-29T19:23:31Z
Ariel,Ariel Atom,2025-11,1.2326,google_trends,2026-08-29T19:23:31Z
Ariel,Ariel Atom,2025-12,1.2326,google_trends,2026-08-29T19:23:31Z
Ariel,Ariel Atom,2026-01,1.2326,google_trends,2026-08-29T19:23:31Z
Ariel,Ariel Atom,2026-02,1.2326,google_trends,2026-08-29T19:23:31Z
Ariel,Ariel Atom,2026-03,1.2326,google_trends,2026-08-29T19:23:31Z
Ariel,Ariel Atom,2026-04,1.2326,google_trends,2026-08-29T19:23:31Z
Ariel,Ariel Atom,2026-05,1.2326,google_trends,2026-08-29T19:23:31Z
Ariel,Ariel Atom,2026-06,1.2326,google_trends,2026-08-29T19:23:31Z
Ariel,Ariel Atom,2026-07,1.2326,google_trends,2026-08-29T19:23:31Z
Aston Martin,DB11,2025-08,1.7256,google_trends,2026-08-29T19:23:31Z
Aston Martin,DB11,2025-09,1.2326,google_trends,2026-08-29T19:23:31Z
Aston Martin,DB11,2025-10,1.2326,google_trends,2026-08-29T19:23:31Z
Aston Martin,DB11,2025-11,1.2326,google_trends,2026-08-29T19:23:31Z
Aston Martin,DB11,2025-12,1.2326,google_trends,2026-08-29T19:23:31Z
Aston Martin,DB11,2026-01,1.2326,google_trends,2026-08-29T19:23:31Z
Aston Martin,DB11,2026-02,1.2326,google_trends,2026-08-29T19:23:31Z
Aston Martin,DB11,2026-03,1.9722,google_trends,2026-08-29T19:23:31Z
Aston Martin,DB11,2026-04,2.4652,google_trends,2026-08-29T19:23:31Z
Aston Martin,DB11,2026-05,1.9722,google_trends,2026-08-29T19:23:31Z
Aston Martin,DB11,2026-06,2.1571,google_trends,2026-08-29T19:23:31Z
Aston Martin,DB11,2026-07,1.5408,google_trends,2026-08-29T19:23:31Z
Aston Martin,DB12,2025-08,2.4331,google_trends,2026-08-29T21:54:49Z
Aston Martin,DB12,2025-09,2.4331,google_trends,2026-08-29T21:54:49Z
Aston Martin,DB12,2025-10,2.4331,google_trends,2026-08-29T21:54:49Z
Aston Martin,DB12,2025-11,2.1898,google_trends,2026-08-29T21:54:49Z
Aston Martin,DB12,2025-12,2.4331,google_trends,2026-08-29T21:54:49Z
Aston Martin,DB12,2026-01,2.129,google_trends,2026-08-29T21:54:49Z
Aston Martin,DB12,2026-02,1.8248,google_trends,2026-08-29T21:54:49Z
Aston Martin,DB12,2026-03,2.4331,google_trends,2026-08-29T21:54:49Z
Aston Martin,DB12,2026-04,2.4331,google_trends,2026-08-29T21:54:49Z
Aston Martin,DB12,2026-05,2.4331,google_trends,2026-08-29T21:54:49Z
Aston Martin,DB12,2026-06,2.4331,google_trends,2026-08-29T21:54:49Z
Aston Martin,DB12,2026-07,2.4331,google_trends,2026-08-29T21:54:49Z
Aston Martin,DB4,2025-08,0.2433,google_trends,2026-08-29T21:54:49Z
Aston Martin,DB4,2025-09,0.0,google_trends,2026-08-29T21:54:49Z
Aston Martin,DB4,2025-10,0.0,google_trends,2026-08-29T21:54:49Z
Aston Martin,DB4,2025-11,0.0,google_trends,2026-08-29T21:54:49Z
Aston Martin,DB4,2025-12,0.0,google_trends,2026-08-29T21:54:49Z
Aston Martin,DB4,2026-01,0.0,google_trends,2026-08-29T21:54:49Z
Aston Martin,DB4,2026-02,0.0,google_trends,2026-08-29T21:54:49Z
Aston Martin,DB4,2026-03,0.0,google_trends,2026-08-29T21:54:49Z
Aston Martin,DB4,2026-04,0.0,google_trends,2026-08-29T21:54:49Z
Aston Martin,DB4,2026-05,0.0,google_trends,2026-08-29T21:54:49Z
Aston Martin,DB4,2026-06,0.0,google_trends,2026-08-29T21:54:49Z
Aston Martin,DB4,2026-07,0.0,google_trends,2026-08-29T21:54:49Z
Aston Martin,DB7,2025-08,1.2326,google_trends,2026-08-29T19:23:31Z
Aston Martin,DB7,2025-09,1.2326,google_trends,2026-08-29T19:23:31Z
Aston Martin,DB7,2025-10,1.2326,google_trends,2026-08-29T19:23:31Z
Aston Martin,DB7,2025-11,0.9861,google_trends,2026-08-29T19:23:31Z
Aston Martin,DB7,2025-12,0.3082,google_trends,2026-08-29T19:23:31Z
Aston Martin,DB7,2026-01,0.9245,google_trends,2026-08-29T19:23:31Z
Aston Martin,DB7,2026-02,0.9245,google_trends,2026-08-29T19:23:31Z
Aston Martin,DB7,2026-03,0.9861,google_trends,2026-08-29T19:23:31Z
Aston Martin,DB7,2026-04,1.2326,google_trends,2026-08-29T19:23:31Z
Aston Martin,DB7,2026-05,1.2326,google_trends,2026-08-29T19:23:31Z
Aston Martin,DB7,2026-06,1.2326,google_trends,2026-08-29T19:23:31Z
Aston Martin,DB7,2026-07,1.2326,google_trends,2026-08-29T19:23:31Z
Aston Martin,DB9,2025-08,2.4639,google_trends,2026-08-29T19:23:31Z
Aston Martin,DB9,2025-09,2.4639,google_trends,2026-08-29T19:23:31Z
Aston Martin,DB9,2025-10,2.4639,google_trends,2026-08-29T19:23:31Z
Aston Martin,DB9,2025-11,2.4639,google_trends,2026-08-29T19:23:31Z
Aston Martin,DB9,2025-12,2.4639,google_trends,2026-08-29T19:23:31Z
Aston Martin,DB9,2026-01,2.1559,google_trends,2026-08-29T19:23:31Z
Aston Martin,DB9,2026-02,2.4639,google_trends,2026-08-29T19:23:31Z
Aston Martin,DB9,2026-03,2.4639,google_trends,2026-08-29T19:23:31Z
Aston Martin,DB9,2026-04,2.4639,google_trends,2026-08-29T19:23:31Z
Aston Martin,DB9,2026-05,2.4639,google_trends,2026-08-29T19:23:31Z
Aston Martin,DB9,2026-06,2.4639,google_trends,2026-08-29T19:23:31Z
Aston Martin,DB9,2026-07,2.4639,google_trends,2026-08-29T19:23:31Z
Aston Martin,DBS,2025-08,2.7117,google_trends,2026-08-29T19:23:31Z
Aston Martin,DBS,2025-09,2.4652,google_trends,2026-08-29T19:23:31Z
Aston Martin,DBS,2025-10,2.4652,google_trends,2026-08-29T19:23:31Z
Aston Martin,DBS,2025-11,2.4652,google_trends,2026-08-29T19:23:31Z
Aston Martin,DBS,2025-12,2.1571,google_trends,2026-08-29T19:23:31Z
Aston Martin,DBS,2026-01,2.4652,google_trends,2026-08-29T19:23:31Z
Aston Martin,DBS,2026-02,2.4652,google_trends,2026-08-29T19:23:31Z
Aston Martin,DBS,2026-03,2.4652,google_trends,2026-08-29T19:23:31Z
Aston Martin,DBS,2026-04,2.4652,google_trends,2026-08-29T19:23:31Z
Aston Martin,DBS,2026-05,2.9582,google_trends,2026-08-29T19:23:31Z
Aston Martin,DBS,2026-06,2.4652,google_trends,2026-08-29T19:23:31Z
Aston Martin,DBS,2026-07,2.4652,google_trends,2026-08-29T19:23:31Z
Aston Martin,DBX,2025-08,2.9582,google_trends,2026-08-29T19:23:31Z
Aston Martin,DBX,2025-09,2.7734,google_trends,2026-08-29T19:23:31Z
Aston Martin,DBX,2025-10,2.7734,google_trends,2026-08-29T19:23:31Z
Aston Martin,DBX,2025-11,2.4652,google_trends,2026-08-29T19:23:31Z
Aston Martin,DBX,2025-12,3.3897,google_trends,2026-08-29T19:23:31Z
Aston Martin,DBX,2026-01,2.7734,google_trends,2026-08-29T19:23:31Z
Aston Martin,DBX,2026-02,2.7734,google_trends,2026-08-29T19:23:31Z
Aston Martin,DBX,2026-03,3.2048,google_trends,2026-08-29T19:23:31Z
Aston Martin,DBX,2026-04,3.3897,google_trends,2026-08-29T19:23:31Z
Aston Martin,DBX,2026-05,2.9582,google_trends,2026-08-29T19:23:31Z
Aston Martin,DBX,2026-06,2.7734,google_trends,2026-08-29T19:23:31Z
Aston Martin,DBX,2026-07,2.4652,google_trends,2026-08-29T19:23:31Z
Aston Martin,Lagonda,2025-08,0.7398,google_trends,2026-08-29T19:23:31Z
Aston Martin,Lagonda,2025-09,0.6165,google_trends,2026-08-29T19:23:31Z
Aston Martin,Lagonda,2025-10,0.9247,google_trends,2026-08-29T19:23:31Z
Aston Martin,Lagonda,2025-11,0.7398,google_trends,2026-08-29T19:23:31Z
Aston Martin,Lagonda,2025-12,0.3082,google_trends,2026-08-29T19:23:31Z
Aston Martin,Lagonda,2026-01,0.6165,google_trends,2026-08-29T19:23:31Z
Aston Martin,Lagonda,2026-02,0.6165,google_trends,2026-08-29T19:23:31Z
Aston Martin,Lagonda,2026-03,0.4932,google_trends,2026-08-29T19:23:31Z
Aston Martin,Lagonda,2026-04,0.6165,google_trends,2026-08-29T19:23:31Z
Aston Martin,Lagonda,2026-05,0.7398,google_trends,2026-08-29T19:23:31Z
Aston Martin,Lagonda,2026-06,1.2329,google_trends,2026-08-29T19:23:31Z
Aston Martin,Lagonda,2026-07,1.2329,google_trends,2026-08-29T19:23:31Z
Aston Martin,Rapide,2025-08,1.2326,google_trends,2026-08-29T19:23:31Z
Aston Martin,Rapide,2025-09,1.2326,google_trends,2026-08-29T19:23:31Z
Aston Martin,Rapide,2025-10,1.2326,google_trends,2026-08-29T19:23:31Z
Aston Martin,Rapide,2025-11,1.2326,google_trends,2026-08-29T19:23:31Z
Aston Martin,Rapide,2025-12,1.2326,google_trends,2026-08-29T19:23:31Z
Aston Martin,Rapide,2026-01,0.6163,google_trends,2026-08-29T19:23:31Z
Aston Martin,Rapide,2026-02,1.2326,google_trends,2026-08-29T19:23:31Z
Aston Martin,Rapide,2026-03,1.2326,google_trends,2026-08-29T19:23:31Z
Aston Martin,Rapide,2026-04,1.2326,google_trends,2026-08-29T19:23:31Z
Aston Martin,Rapide,2026-05,1.2326,google_trends,2026-08-29T19:23:31Z
Aston Martin,Rapide,2026-06,1.2326,google_trends,2026-08-29T19:23:31Z
Aston Martin,Rapide,2026-07,1.2326,google_trends,2026-08-29T19:23:31Z
Aston Martin,V12 Vantage,2025-08,1.2326,google_trends,2026-08-29T19:23:31Z
Aston Martin,V12 Vantage,2025-09,1.2326,google_trends,2026-08-29T19:23:31Z
Aston Martin,V12 Vantage,2025-10,1.2326,google_trends,2026-08-29T19:23:31Z
Aston Martin,V12 Vantage,2025-11,1.2326,google_trends,2026-08-29T19:23:31Z
Aston Martin,V12 Vantage,2025-12,1.2326,google_trends,2026-08-29T19:23:31Z
Aston Martin,V12 Vantage,2026-01,1.2326,google_trends,2026-08-29T19:23:31Z
Aston Martin,V12 Vantage,2026-02,1.2326,google_trends,2026-08-29T19:23:31Z
Aston Martin,V12 Vantage,2026-03,1.2326,google_trends,2026-08-29T19:23:31Z
Aston Martin,V12 Vantage,2026-04,1.2326,google_trends,2026-08-29T19:23:31Z
Aston Martin,V12 Vantage,2026-05,1.2326,google_trends,2026-08-29T19:23:31Z
Aston Martin,V12 Vantage,2026-06,1.2326,google_trends,2026-08-29T19:23:31Z
Aston Martin,V12 Vantage,2026-07,1.2326,google_trends,2026-08-29T19:23:31Z
Aston Martin,V8,2025-08,2.4658,google_trends,2026-08-29T19:23:31Z
Aston Martin,V8,2025-09,2.1576,google_trends,2026-08-29T19:23:31Z
Aston Martin,V8,2025-10,2.1576,google_trends,2026-08-29T19:23:31Z
Aston Martin,V8,2025-11,2.2193,google_trends,2026-08-29T19:23:31Z
Aston Martin,V8,2025-12,2.4658,google_trends,2026-08-29T19:23:31Z
Aston Martin,V8,2026-01,2.4658,google_trends,2026-08-29T19:23:31Z
Aston Martin,V8,2026-02,2.4658,google_trends,2026-08-29T19:23:31Z
Aston Martin,V8,2026-03,2.4658,google_trends,2026-08-29T19:23:31Z
Aston Martin,V8,2026-04,2.4658,google_trends,2026-08-29T19:23:31Z
Aston Martin,V8,2026-05,2.7124,google_trends,2026-08-29T19:23:31Z
Aston Martin,V8,2026-06,2.4658,google_trends,2026-08-29T19:23:31Z
Aston Martin,V8,2026-07,2.4658,google_trends,2026-08-29T19:23:31Z
Aston Martin,V8 Vantage,2025-08,1.2326,google_trends,2026-08-29T19:23:31Z
Aston Martin,V8 Vantage,2025-09,1.2326,google_trends,2026-08-29T19:23:31Z
Aston Martin,V8 Vantage,2025-10,1.2326,google_trends,2026-08-29T19:23:31Z
Aston Martin,V8 Vantage,2025-11,1.2326,google_trends,2026-08-29T19:23:31Z
Aston Martin,V8 Vantage,2025-12,1.5408,google_trends,2026-08-29T19:23:31Z
Aston Martin,V8 Vantage,2026-01,1.2326,google_trends,2026-08-29T19:23:31Z
Aston Martin,V8 Vantage,2026-02,1.2326,google_trends,2026-08-29T19:23:31Z
Aston Martin,V8 Vantage,2026-03,1.2326,google_trends,2026-08-29T19:23:31Z
Aston Martin,V8 Vantage,2026-04,1.5408,google_trends,2026-08-29T19:23:31Z
Aston Martin,V8 Vantage,2026-05,1.4791,google_trends,2026-08-29T19:23:31Z
Aston Martin,V8 Vantage,2026-06,1.5408,google_trends,2026-08-29T19:23:31Z
Aston Martin,V8 Vantage,2026-07,1.2326,google_trends,2026-08-29T19:23:31Z
Aston Martin,Vanquish,2025-08,2.4652,google_trends,2026-08-29T19:23:31Z
Aston Martin,Vanquish,2025-09,2.4652,google_trends,2026-08-29T19:23:31Z
Aston Martin,Vanquish,2025-10,2.4652,google_trends,2026-08-29T19:23:31Z
Aston Martin,Vanquish,2025-11,2.7117,google_trends,2026-08-29T19:23:31Z
Aston Martin,Vanquish,2025-12,2.4652,google_trends,2026-08-29T19:23:31Z
Aston Martin,Vanquish,2026-01,2.4652,google_trends,2026-08-29T19:23:31Z
Aston Martin,Vanquish,2026-02,2.4652,google_trends,2026-08-29T19:23:31Z
Aston Martin,Vanquish,2026-03,2.4652,google_trends,2026-08-29T19:23:31Z
Aston Martin,Vanquish,2026-04,2.7734,google_trends,2026-08-29T19:23:31Z
Aston Martin,Vanquish,2026-05,3.6978,google_trends,2026-08-29T19:23:31Z
Aston Martin,Vanquish,2026-06,3.0815,google_trends,2026-08-29T19:23:31Z
Aston Martin,Vanquish,2026-07,2.7734,google_trends,2026-08-29T19:23:31Z
Auburn,AUBURN 8,2025-08,1.2165,google_trends,2026-08-29T21:54:49Z
Auburn,AUBURN 8,2025-09,1.2165,google_trends,2026-08-29T21:54:49Z
Auburn,AUBURN 8,2025-10,1.2165,google_trends,2026-08-29T21:54:49Z
Auburn,AUBURN 8,2025-11,1.2165,google_trends,2026-08-29T21:54:49Z
Auburn,AUBURN 8,2025-12,0.6083,google_trends,2026-08-29T21:54:49Z
Auburn,AUBURN 8,2026-01,1.5207,google_trends,2026-08-29T21:54:49Z
Auburn,AUBURN 8,2026-02,1.8248,google_trends,2026-08-29T21:54:49Z
Auburn,AUBURN 8,2026-03,1.7032,google_trends,2026-08-29T21:54:49Z
Auburn,AUBURN 8,2026-04,2.4331,google_trends,2026-08-29T21:54:49Z
Auburn,AUBURN 8,2026-05,2.1898,google_trends,2026-08-29T21:54:49Z
Auburn,AUBURN 8,2026-06,2.129,google_trends,2026-08-29T21:54:49Z
Auburn,AUBURN 8,2026-07,1.2165,google_trends,2026-08-29T21:54:49Z
Auburn,Auburn 8,2025-08,1.2165,google_trends,2026-08-29T21:54:49Z
Auburn,Auburn 8,2025-09,1.2165,google_trends,2026-08-29T21:54:49Z
Auburn,Auburn 8,2025-10,1.2165,google_trends,2026-08-29T21:54:49Z
Auburn,Auburn 8,2025-11,1.2165,google_trends,2026-08-29T21:54:49Z
Auburn,Auburn 8,2025-12,0.6083,google_trends,2026-08-29T21:54:49Z
Auburn,Auburn 8,2026-01,1.5207,google_trends,2026-08-29T21:54:49Z
Auburn,Auburn 8,2026-02,1.8248,google_trends,2026-08-29T21:54:49Z
Auburn,Auburn 8,2026-03,1.7032,google_trends,2026-08-29T21:54:49Z
Auburn,Auburn 8,2026-04,2.4331,google_trends,2026-08-29T21:54:49Z
Auburn,Auburn 8,2026-05,2.1898,google_trends,2026-08-29T21:54:49Z
Auburn,Auburn 8,2026-06,2.129,google_trends,2026-08-29T21:54:49Z
Auburn,Auburn 8,2026-07,1.2165,google_trends,2026-08-29T21:54:49Z
Audi,A3,2025-08,130.1255,google_trends,2026-08-29T19:23:31Z
Audi,A3,2025-09,122.9423,google_trends,2026-08-29T19:23:31Z
Audi,A3,2025-10,120.5249,google_trends,2026-08-29T19:23:31Z
Audi,A3,2025-11,120.1796,google_trends,2026-08-29T19:23:31Z
Audi,A3,2025-12,110.51,google_trends,2026-08-29T19:23:31Z
Audi,A3,2026-01,123.9784,google_trends,2026-08-29T19:23:31Z
Audi,A3,2026-02,130.8852,google_trends,2026-08-29T19:23:31Z
Audi,A3,2026-03,132.6119,google_trends,2026-08-29T19:23:31Z
Audi,A3,2026-04,126.7411,google_trends,2026-08-29T19:23:31Z
Audi,A3,2026-05,122.9423,google_trends,2026-08-29T19:23:31Z
Audi,A3,2026-06,119.4889,google_trends,2026-08-29T19:23:31Z
Audi,A3,2026-07,119.1435,google_trends,2026-08-29T19:23:31Z
Audi,A5,2025-08,59.1649,google_trends,2026-08-29T19:23:31Z
Audi,A5,2025-09,53.9264,google_trends,2026-08-29T19:23:31Z
Audi,A5,2025-10,53.9264,google_trends,2026-08-29T19:23:31Z
Audi,A5,2025-11,51.7693,google_trends,2026-08-29T19:23:31Z
Audi,A5,2025-12,49.6122,google_trends,2026-08-29T19:23:31Z
Audi,A5,2026-01,53.3101,google_trends,2026-08-29T19:23:31Z
Audi,A5,2026-02,61.0138,google_trends,2026-08-29T19:23:31Z
Audi,A5,2026-03,60.3975,google_trends,2026-08-29T19:23:31Z
Audi,A5,2026-04,59.1649,google_trends,2026-08-29T19:23:31Z
Audi,A5,2026-05,57.9323,google_trends,2026-08-29T19:23:31Z
Audi,A5,2026-06,57.0079,google_trends,2026-08-29T19:23:31Z
Audi,A5,2026-07,55.4671,google_trends,2026-08-29T19:23:31Z
Audi,A7,2025-08,18.0006,google_trends,2026-08-29T19:23:31Z
Audi,A7,2025-09,16.0279,google_trends,2026-08-29T19:23:31Z
Audi,A7,2025-10,16.0279,google_trends,2026-08-29T19:23:31Z
Audi,A7,2025-11,16.0279,google_trends,2026-08-29T19:23:31Z
Audi,A7,2025-12,15.4115,google_trends,2026-08-29T19:23:31Z
Audi,A7,2026-01,15.7197,google_trends,2026-08-29T19:23:31Z
Audi,A7,2026-02,19.1102,google_trends,2026-08-29T19:23:31Z
Audi,A7,2026-03,17.2609,google_trends,2026-08-29T19:23:31Z
Audi,A7,2026-04,17.2609,google_trends,2026-08-29T19:23:31Z
Audi,A7,2026-05,16.7677,google_trends,2026-08-29T19:23:31Z
Audi,A7,2026-06,15.4115,google_trends,2026-08-29T19:23:31Z
Audi,A7,2026-07,16.3362,google_trends,2026-08-29T19:23:31Z
Audi,A8,2025-08,17.996,google_trends,2026-08-29T19:23:31Z
Audi,A8,2025-09,16.9483,google_trends,2026-08-29T19:23:31Z
Audi,A8,2025-10,16.0238,google_trends,2026-08-29T19:23:31Z
Audi,A8,2025-11,16.2704,google_trends,2026-08-29T19:23:31Z
Audi,A8,2025-12,16.0238,google_trends,2026-08-29T19:23:31Z
Audi,A8,2026-01,15.7157,google_trends,2026-08-29T19:23:31Z
Audi,A8,2026-02,20.6461,google_trends,2026-08-29T19:23:31Z
Audi,A8,2026-03,18.2425,google_trends,2026-08-29T19:23:31Z
Audi,A8,2026-04,17.8727,google_trends,2026-08-29T19:23:31Z
Audi,A8,2026-05,16.5169,google_trends,2026-08-29T19:23:31Z
Audi,A8,2026-06,17.2564,google_trends,2026-08-29T19:23:31Z
Audi,A8,2026-07,16.6401,google_trends,2026-08-29T19:23:31Z
Audi,B3 80 & 90,2025-08,1.2165,google_trends,2026-08-29T21:54:49Z
Audi,B3 80 & 90,2025-09,1.2165,google_trends,2026-08-29T21:54:49Z
Audi,B3 80 & 90,2025-10,1.2165,google_trends,2026-08-29T21:54:49Z
Audi,B3 80 & 90,2025-11,1.2165,google_trends,2026-08-29T21:54:49Z
Audi,B3 80 & 90,2025-12,1.2165,google_trends,2026-08-29T21:54:49Z
Audi,B3 80 & 90,2026-01,1.2165,google_trends,2026-08-29T21:54:49Z
Audi,B3 80 & 90,2026-02,1.2165,google_trends,2026-08-29T21:54:49Z
Audi,B3 80 & 90,2026-03,1.2165,google_trends,2026-08-29T21:54:49Z
Audi,B3 80 & 90,2026-04,1.2165,google_trends,2026-08-29T21:54:49Z
Audi,B3 80 & 90,2026-05,1.2165,google_trends,2026-08-29T21:54:49Z
Audi,B3 80 & 90,2026-06,1.2165,google_trends,2026-08-29T21:54:49Z
Audi,B3 80 & 90,2026-07,1.2165,google_trends,2026-08-29T21:54:49Z
Audi,B5 A4,2025-08,7.056,google_trends,2026-08-29T21:54:49Z
Audi,B5 A4,2025-09,7.2993,google_trends,2026-08-29T21:54:49Z
Audi,B5 A4,2025-10,6.691,google_trends,2026-08-29T21:54:49Z
Audi,B5 A4,2025-11,7.2993,google_trends,2026-08-29T21:54:49Z
Audi,B5 A4,2025-12,6.0827,google_trends,2026-08-29T21:54:49Z
Audi,B5 A4,2026-01,6.3869,google_trends,2026-08-29T21:54:49Z
Audi,B5 A4,2026-02,6.9951,google_trends,2026-08-29T21:54:49Z
Audi,B5 A4,2026-03,6.5693,google_trends,2026-08-29T21:54:49Z
Audi,B5 A4,2026-04,5.7786,google_trends,2026-08-29T21:54:49Z
Audi,B5 A4,2026-05,6.0827,google_trends,2026-08-29T21:54:49Z
Audi,B5 A4,2026-06,6.0827,google_trends,2026-08-29T21:54:49Z
Audi,B5 A4,2026-07,5.7786,google_trends,2026-08-29T21:54:49Z
Audi,B5 RS4,2025-08,0.0,google_trends,2026-08-29T19:23:31Z
Audi,B5 RS4,2025-09,0.0,google_trends,2026-08-29T19:23:31Z
Audi,B5 RS4,2025-10,0.0,google_trends,2026-08-29T19:23:31Z
Audi,B5 RS4,2025-11,0.0,google_trends,2026-08-29T19:23:31Z
Audi,B5 RS4,2025-12,0.0,google_trends,2026-08-29T19:23:31Z
Audi,B5 RS4,2026-01,0.0,google_trends,2026-08-29T19:23:31Z
Audi,B5 RS4,2026-02,0.3082,google_trends,2026-08-29T19:23:31Z
Audi,B5 RS4,2026-03,0.0,google_trends,2026-08-29T19:23:31Z
Audi,B5 RS4,2026-04,0.0,google_trends,2026-08-29T19:23:31Z
Audi,B5 RS4,2026-05,0.0,google_trends,2026-08-29T19:23:31Z
Audi,B5 RS4,2026-06,0.0,google_trends,2026-08-29T19:23:31Z
Audi,B5 RS4,2026-07,0.0,google_trends,2026-08-29T19:23:31Z
Audi,B5 S4,2025-08,1.2326,google_trends,2026-08-29T19:23:31Z
Audi,B5 S4,2025-09,1.2326,google_trends,2026-08-29T19:23:31Z
Audi,B5 S4,2025-10,1.2326,google_trends,2026-08-29T19:23:31Z
Audi,B5 S4,2025-11,1.2326,google_trends,2026-08-29T19:23:31Z
Audi,B5 S4,2025-12,1.2326,google_trends,2026-08-29T19:23:31Z
Audi,B5 S4,2026-01,1.2326,google_trends,2026-08-29T19:23:31Z
Audi,B5 S4,2026-02,1.2326,google_trends,2026-08-29T19:23:31Z
Audi,B5 S4,2026-03,1.2326,google_trends,2026-08-29T19:23:31Z
Audi,B5 S4,2026-04,1.2326,google_trends,2026-08-29T19:23:31Z
Audi,B5 S4,2026-05,1.2326,google_trends,2026-08-29T19:23:31Z
Audi,B5 S4,2026-06,1.2326,google_trends,2026-08-29T19:23:31Z
Audi,B5 S4,2026-07,1.2326,google_trends,2026-08-29T19:23:31Z
Audi,B6 A4,2025-08,11.051,google_trends,2026-08-29T19:23:31Z
Audi,B6 A4,2025-09,11.051,google_trends,2026-08-29T19:23:31Z
Audi,B6 A4,2025-10,11.051,google_trends,2026-08-29T19:23:31Z
Audi,B6 A4,2025-11,11.051,google_trends,2026-08-29T19:23:31Z
Audi,B6 A4,2025-12,10.015,google_trends,2026-08-29T19:23:31Z
Audi,B6 A4,2026-01,10.7057,google_trends,2026-08-29T19:23:31Z
Audi,B6 A4,2026-02,11.051,google_trends,2026-08-29T19:23:31Z
Audi,B6 A4,2026-03,11.3273,google_trends,2026-08-29T19:23:31Z
Audi,B6 A4,2026-04,9.3243,google_trends,2026-08-29T19:23:31Z
Audi,B6 A4,2026-05,9.6696,google_trends,2026-08-29T19:23:31Z
Audi,B6 A4,2026-06,9.3243,google_trends,2026-08-29T19:23:31Z
Audi,B6 A4,2026-07,9.3243,google_trends,2026-08-29T19:23:31Z
Audi,B7 A4,2025-08,11.0934,google_trends,2026-08-29T19:23:31Z
Audi,B7 A4,2025-09,10.169,google_trends,2026-08-29T19:23:31Z
Audi,B7 A4,2025-10,10.4771,google_trends,2026-08-29T19:23:31Z
Audi,B7 A4,2025-11,10.3539,google_trends,2026-08-29T19:23:31Z
Audi,B7 A4,2025-12,9.5527,google_trends,2026-08-29T19:23:31Z
Audi,B7 A4,2026-01,10.169,google_trends,2026-08-29T19:23:31Z
Audi,B7 A4,2026-02,11.0934,google_trends,2026-08-29T19:23:31Z
Audi,B7 A4,2026-03,10.6004,google_trends,2026-08-29T19:23:31Z
Audi,B7 A4,2026-04,10.169,google_trends,2026-08-29T19:23:31Z
Audi,B7 A4,2026-05,9.8608,google_trends,2026-08-29T19:23:31Z
Audi,B7 A4,2026-06,9.2445,google_trends,2026-08-29T19:23:31Z
Audi,B7 A4,2026-07,9.2445,google_trends,2026-08-29T19:23:31Z
Audi,B7 RS4,2025-08,0.9861,google_trends,2026-08-29T19:23:31Z
Audi,B7 RS4,2025-09,0.9245,google_trends,2026-08-29T19:23:31Z
Audi,B7 RS4,2025-10,0.3082,google_trends,2026-08-29T19:23:31Z
Audi,B7 RS4,2025-11,0.9861,google_trends,2026-08-29T19:23:31Z
Audi,B7 RS4,2025-12,0.3082,google_trends,2026-08-29T19:23:31Z
Audi,B7 RS4,2026-01,0.9245,google_trends,2026-08-29T19:23:31Z
Audi,B7 RS4,2026-02,1.2326,google_trends,2026-08-29T19:23:31Z
Audi,B7 RS4,2026-03,1.2326,google_trends,2026-08-29T19:23:31Z
Audi,B7 RS4,2026-04,0.9245,google_trends,2026-08-29T19:23:31Z
Audi,B7 RS4,2026-05,0.9861,google_trends,2026-08-29T19:23:31Z
Audi,B7 RS4,2026-06,0.6163,google_trends,2026-08-29T19:23:31Z
Audi,B7 RS4,2026-07,0.9245,google_trends,2026-08-29T19:23:31Z
Audi,B7 S4,2025-08,0.0,google_trends,2026-08-29T19:23:31Z
Audi,B7 S4,2025-09,0.0,google_trends,2026-08-29T19:23:31Z
Audi,B7 S4,2025-10,0.0,google_trends,2026-08-29T19:23:31Z
Audi,B7 S4,2025-11,0.0,google_trends,2026-08-29T19:23:31Z
Audi,B7 S4,2025-12,0.0,google_trends,2026-08-29T19:23:31Z
Audi,B7 S4,2026-01,0.0,google_trends,2026-08-29T19:23:31Z
Audi,B7 S4,2026-02,0.6163,google_trends,2026-08-29T19:23:31Z
Audi,B7 S4,2026-03,0.0,google_trends,2026-08-29T19:23:31Z
Audi,B7 S4,2026-04,0.0,google_trends,2026-08-29T19:23:31Z
Audi,B7 S4,2026-05,0.0,google_trends,2026-08-29T19:23:31Z
Audi,B7 S4,2026-06,0.0,google_trends,2026-08-29T19:23:31Z
Audi,B7 S4,2026-07,0.0,google_trends,2026-08-29T19:23:31Z
Audi,B8 A4,2025-08,16.7634,google_trends,2026-08-29T19:23:31Z
Audi,B8 A4,2025-09,16.332,google_trends,2026-08-29T19:23:31Z
Audi,B8 A4,2025-10,16.6401,google_trends,2026-08-29T19:23:31Z
Audi,B8 A4,2025-11,17.2564,google_trends,2026-08-29T19:23:31Z
Audi,B8 A4,2025-12,16.0238,google_trends,2026-08-29T19:23:31Z
Audi,B8 A4,2026-01,17.5646,google_trends,2026-08-29T19:23:31Z
Audi,B8 A4,2026-02,17.5646,google_trends,2026-08-29T19:23:31Z
Audi,B8 A4,2026-03,17.996,google_trends,2026-08-29T19:23:31Z
Audi,B8 A4,2026-04,16.9483,google_trends,2026-08-29T19:23:31Z
Audi,B8 A4,2026-05,15.5308,google_trends,2026-08-29T19:23:31Z
Audi,B8 A4,2026-06,15.0994,google_trends,2026-08-29T19:23:31Z
Audi,B8 A4,2026-07,15.0994,google_trends,2026-08-29T19:23:31Z
Audi,B8 S4,2025-08,1.2326,google_trends,2026-08-29T19:23:31Z
Audi,B8 S4,2025-09,1.2326,google_trends,2026-08-29T19:23:31Z
Audi,B8 S4,2025-10,1.2326,google_trends,2026-08-29T19:23:31Z
Audi,B8 S4,2025-11,1.2326,google_trends,2026-08-29T19:23:31Z
Audi,B8 S4,2025-12,1.2326,google_trends,2026-08-29T19:23:31Z
Audi,B8 S4,2026-01,1.2326,google_trends,2026-08-29T19:23:31Z
Audi,B8 S4,2026-02,1.2326,google_trends,2026-08-29T19:23:31Z
Audi,B8 S4,2026-03,1.2326,google_trends,2026-08-29T19:23:31Z
Audi,B8 S4,2026-04,1.2326,google_trends,2026-08-29T19:23:31Z
Audi,B8 S4,2026-05,1.2326,google_trends,2026-08-29T19:23:31Z
Audi,B8 S4,2026-06,1.2326,google_trends,2026-08-29T19:23:31Z
Audi,B8 S4,2026-07,1.2326,google_trends,2026-08-29T19:23:31Z
Audi,B9 A4,2025-08,8.6304,google_trends,2026-08-29T19:23:31Z
Audi,B9 A4,2025-09,7.7057,google_trends,2026-08-29T19:23:31Z
Audi,B9 A4,2025-10,8.014,google_trends,2026-08-29T19:23:31Z
Audi,B9 A4,2025-11,8.3838,google_trends,2026-08-29T19:23:31Z
Audi,B9 A4,2025-12,7.3975,google_trends,2026-08-29T19:23:31Z
Audi,B9 A4,2026-01,8.6304,google_trends,2026-08-29T19:23:31Z
Audi,B9 A4,2026-02,8.9387,google_trends,2026-08-29T19:23:31Z
Audi,B9 A4,2026-03,9.3702,google_trends,2026-08-29T19:23:31Z
Audi,B9 A4,2026-04,8.3222,google_trends,2026-08-29T19:23:31Z
Audi,B9 A4,2026-05,8.6304,google_trends,2026-08-29T19:23:31Z
Audi,B9 A4,2026-06,7.7057,google_trends,2026-08-29T19:23:31Z
Audi,B9 A4,2026-07,7.7057,google_trends,2026-08-29T19:23:31Z
Audi,C4 A6,2025-08,1.2165,google_trends,2026-08-29T21:54:49Z
Audi,C4 A6,2025-09,1.2165,google_trends,2026-08-29T21:54:49Z
Audi,C4 A6,2025-10,1.2165,google_trends,2026-08-29T21:54:49Z
Audi,C4 A6,2025-11,1.2165,google_trends,2026-08-29T21:54:49Z
Audi,C4 A6,2025-12,1.2165,google_trends,2026-08-29T21:54:49Z
Audi,C4 A6,2026-01,1.2165,google_trends,2026-08-29T21:54:49Z
Audi,C4 A6,2026-02,1.2165,google_trends,2026-08-29T21:54:49Z
Audi,C4 A6,2026-03,1.2165,google_trends,2026-08-29T21:54:49Z
Audi,C4 A6,2026-04,1.2165,google_trends,2026-08-29T21:54:49Z
Audi,C4 A6,2026-05,1.2165,google_trends,2026-08-29T21:54:49Z
Audi,C4 A6,2026-06,1.2165,google_trends,2026-08-29T21:54:49Z
Audi,C4 A6,2026-07,1.2165,google_trends,2026-08-29T21:54:49Z
Audi,C5 A6,2025-08,4.9317,google_trends,2026-08-29T19:23:31Z
Audi,C5 A6,2025-09,4.9317,google_trends,2026-08-29T19:23:31Z
Audi,C5 A6,2025-10,4.6234,google_trends,2026-08-29T19:23:31Z
Audi,C5 A6,2025-11,4.9317,google_trends,2026-08-29T19:23:31Z
Audi,C5 A6,2025-12,4.6234,google_trends,2026-08-29T19:23:31Z
Audi,C5 A6,2026-01,4.9317,google_trends,2026-08-29T19:23:31Z
Audi,C5 A6,2026-02,4.9317,google_trends,2026-08-29T19:23:31Z
Audi,C5 A6,2026-03,4.9317,google_trends,2026-08-29T19:23:31Z
Audi,C5 A6,2026-04,4.6234,google_trends,2026-08-29T19:23:31Z
Audi,C5 A6,2026-05,4.4385,google_trends,2026-08-29T19:23:31Z
Audi,C5 A6,2026-06,4.3152,google_trends,2026-08-29T19:23:31Z
Audi,C5 A6,2026-07,4.007,google_trends,2026-08-29T19:23:31Z
Audi,C6 A6,2025-08,10.6004,google_trends,2026-08-29T19:23:31Z
Audi,C6 A6,2025-09,10.4771,google_trends,2026-08-29T19:23:31Z
Audi,C6 A6,2025-10,9.5527,google_trends,2026-08-29T19:23:31Z
Audi,C6 A6,2025-11,10.3539,google_trends,2026-08-29T19:23:31Z
Audi,C6 A6,2025-12,9.5527,google_trends,2026-08-29T19:23:31Z
Audi,C6 A6,2026-01,10.4771,google_trends,2026-08-29T19:23:31Z
Audi,C6 A6,2026-02,11.0934,google_trends,2026-08-29T19:23:31Z
Audi,C6 A6,2026-03,10.3539,google_trends,2026-08-29T19:23:31Z
Audi,C6 A6,2026-04,9.2445,google_trends,2026-08-29T19:23:31Z
Audi,C6 A6,2026-05,9.6143,google_trends,2026-08-29T19:23:31Z
Audi,C6 A6,2026-06,9.2445,google_trends,2026-08-29T19:23:31Z
Audi,C6 A6,2026-07,9.2445,google_trends,2026-08-29T19:23:31Z
Audi,C6 RS6,2025-08,0.0,google_trends,2026-08-29T19:23:31Z
Audi,C6 RS6,2025-09,0.0,google_trends,2026-08-29T19:23:31Z
Audi,C6 RS6,2025-10,0.0,google_trends,2026-08-29T19:23:31Z
Audi,C6 RS6,2025-11,0.0,google_trends,2026-08-29T19:23:31Z
Audi,C6 RS6,2025-12,0.0,google_trends,2026-08-29T19:23:31Z
Audi,C6 RS6,2026-01,0.0,google_trends,2026-08-29T19:23:31Z
Audi,C6 RS6,2026-02,0.0,google_trends,2026-08-29T19:23:31Z
Audi,C6 RS6,2026-03,0.0,google_trends,2026-08-29T19:23:31Z
Audi,C6 RS6,2026-04,0.0,google_trends,2026-08-29T19:23:31Z
Audi,C6 RS6,2026-05,0.2466,google_trends,2026-08-29T19:23:31Z
Audi,C6 RS6,2026-06,0.3082,google_trends,2026-08-29T19:23:31Z
Audi,C6 RS6,2026-07,0.0,google_trends,2026-08-29T19:23:31Z
Audi,C6 S6,2025-08,0.0,google_trends,2026-08-29T21:54:49Z
Audi,C6 S6,2025-09,0.0,google_trends,2026-08-29T21:54:49Z
Audi,C6 S6,2025-10,0.0,google_trends,2026-08-29T21:54:49Z
Audi,C6 S6,2025-11,0.0,google_trends,2026-08-29T21:54:49Z
Audi,C6 S6,2025-12,0.0,google_trends,2026-08-29T21:54:49Z
Audi,C6 S6,2026-01,0.0,google_trends,2026-08-29T21:54:49Z
Audi,C6 S6,2026-02,0.0,google_trends,2026-08-29T21:54:49Z
Audi,C6 S6,2026-03,0.0,google_trends,2026-08-29T21:54:49Z
Audi,C6 S6,2026-04,0.0,google_trends,2026-08-29T21:54:49Z
Audi,C6 S6,2026-05,0.0,google_trends,2026-08-29T21:54:49Z
Audi,C6 S6,2026-06,0.3041,google_trends,2026-08-29T21:54:49Z
Audi,C6 S6,2026-07,0.0,google_trends,2026-08-29T21:54:49Z
Audi,C7 A6,2025-08,10.2222,google_trends,2026-08-29T19:23:31Z
Audi,C7 A6,2025-09,10.015,google_trends,2026-08-29T19:23:31Z
Audi,C7 A6,2025-10,9.6696,google_trends,2026-08-29T19:23:31Z
Audi,C7 A6,2025-11,10.2222,google_trends,2026-08-29T19:23:31Z
Audi,C7 A6,2025-12,9.6696,google_trends,2026-08-29T19:23:31Z
Audi,C7 A6,2026-01,10.7057,google_trends,2026-08-29T19:23:31Z
Audi,C7 A6,2026-02,11.3963,google_trends,2026-08-29T19:23:31Z
Audi,C7 A6,2026-03,11.051,google_trends,2026-08-29T19:23:31Z
Audi,C7 A6,2026-04,10.3603,google_trends,2026-08-29T19:23:31Z
Audi,C7 A6,2026-05,9.6696,google_trends,2026-08-29T19:23:31Z
Audi,C7 A6,2026-06,9.6696,google_trends,2026-08-29T19:23:31Z
Audi,C7 A6,2026-07,9.3243,google_trends,2026-08-29T19:23:31Z
Audi,C8 A6,2025-08,3.6988,google_trends,2026-08-29T19:23:31Z
Audi,C8 A6,2025-09,3.6988,google_trends,2026-08-29T19:23:31Z
Audi,C8 A6,2025-10,3.3905,google_trends,2026-08-29T19:23:31Z
Audi,C8 A6,2025-11,3.6988,google_trends,2026-08-29T19:23:31Z
Audi,C8 A6,2025-12,3.6988,google_trends,2026-08-29T19:23:31Z
Audi,C8 A6,2026-01,4.007,google_trends,2026-08-29T19:23:31Z
Audi,C8 A6,2026-02,4.6234,google_trends,2026-08-29T19:23:31Z
Audi,C8 A6,2026-03,4.1919,google_trends,2026-08-29T19:23:31Z
Audi,C8 A6,2026-04,3.6988,google_trends,2026-08-29T19:23:31Z
Audi,C8 A6,2026-05,3.6988,google_trends,2026-08-29T19:23:31Z
Audi,C8 A6,2026-06,3.6988,google_trends,2026-08-29T19:23:31Z
Audi,C8 A6,2026-07,3.6988,google_trends,2026-08-29T19:23:31Z
Audi,C8 RS6,2025-08,1.2326,google_trends,2026-08-29T19:23:31Z
Audi,C8 RS6,2025-09,0.9245,google_trends,2026-08-29T19:23:31Z
Audi,C8 RS6,2025-10,1.2326,google_trends,2026-08-29T19:23:31Z
Audi,C8 RS6,2025-11,1.2326,google_trends,2026-08-29T19:23:31Z
Audi,C8 RS6,2025-12,0.9245,google_trends,2026-08-29T19:23:31Z
Audi,C8 RS6,2026-01,1.2326,google_trends,2026-08-29T19:23:31Z
Audi,C8 RS6,2026-02,1.2326,google_trends,2026-08-29T19:23:31Z
Audi,C8 RS6,2026-03,1.2326,google_trends,2026-08-29T19:23:31Z
Audi,C8 RS6,2026-04,1.2326,google_trends,2026-08-29T19:23:31Z
Audi,C8 RS6,2026-05,1.2326,google_trends,2026-08-29T19:23:31Z
Audi,C8 RS6,2026-06,0.9245,google_trends,2026-08-29T19:23:31Z
Audi,C8 RS6,2026-07,0.9245,google_trends,2026-08-29T19:23:31Z
Audi,Coupe,2025-08,9.3702,google_trends,2026-08-29T19:23:31Z
Audi,Coupe,2025-09,8.6304,google_trends,2026-08-29T19:23:31Z
Audi,Coupe,2025-10,8.3222,google_trends,2026-08-29T19:23:31Z
Audi,Coupe,2025-11,8.6304,google_trends,2026-08-29T19:23:31Z
Audi,Coupe,2025-12,8.3222,google_trends,2026-08-29T19:23:31Z
Audi,Coupe,2026-01,8.6304,google_trends,2026-08-29T19:23:31Z
Audi,Coupe,2026-02,9.8634,google_trends,2026-08-29T19:23:31Z
Audi,Coupe,2026-03,10.6031,google_trends,2026-08-29T19:23:31Z
Audi,Coupe,2026-04,12.021,google_trends,2026-08-29T19:23:31Z
Audi,Coupe,2026-05,11.5894,google_trends,2026-08-29T19:23:31Z
Audi,Coupe,2026-06,13.2539,google_trends,2026-08-29T19:23:31Z
Audi,Coupe,2026-07,10.788,google_trends,2026-08-29T19:23:31Z
Audi,Q3,2025-08,63.1254,google_trends,2026-08-29T19:23:31Z
Audi,Q3,2025-09,59.4883,google_trends,2026-08-29T19:23:31Z
Audi,Q3,2025-10,61.6459,google_trends,2026-08-29T19:23:31Z
Audi,Q3,2025-11,58.1938,google_trends,2026-08-29T19:23:31Z
Audi,Q3,2025-12,55.7896,google_trends,2026-08-29T19:23:31Z
Audi,Q3,2026-01,62.5706,google_trends,2026-08-29T19:23:31Z
Audi,Q3,2026-02,63.4953,google_trends,2026-08-29T19:23:31Z
Audi,Q3,2026-03,65.3447,google_trends,2026-08-29T19:23:31Z
Audi,Q3,2026-04,59.7966,google_trends,2026-08-29T19:23:31Z
Audi,Q3,2026-05,57.7006,google_trends,2026-08-29T19:23:31Z
Audi,Q3,2026-06,54.8649,google_trends,2026-08-29T19:23:31Z
Audi,Q3,2026-07,56.7143,google_trends,2026-08-29T19:23:31Z
Audi,Q5,2025-08,70.7151,google_trends,2026-08-29T19:23:31Z
Audi,Q5,2025-09,69.6063,google_trends,2026-08-29T19:23:31Z
Audi,Q5,2025-10,64.9864,google_trends,2026-08-29T19:23:31Z
Audi,Q5,2025-11,65.5408,google_trends,2026-08-29T19:23:31Z
Audi,Q5,2025-12,63.7544,google_trends,2026-08-29T19:23:31Z
Audi,Q5,2026-01,68.6823,google_trends,2026-08-29T19:23:31Z
Audi,Q5,2026-02,76.9981,google_trends,2026-08-29T19:23:31Z
Audi,Q5,2026-03,75.6429,google_trends,2026-08-29T19:23:31Z
Audi,Q5,2026-04,71.7622,google_trends,2026-08-29T19:23:31Z
Audi,Q5,2026-05,69.9759,google_trends,2026-08-29T19:23:31Z
Audi,Q5,2026-06,66.5264,google_trends,2026-08-29T19:23:31Z
Audi,Q5,2026-07,65.6024,google_trends,2026-08-29T19:23:31Z
Audi,Q7,2025-08,44.5973,google_trends,2026-08-29T19:23:31Z
Audi,Q7,2025-09,39.731,google_trends,2026-08-29T19:23:31Z
Audi,Q7,2025-10,39.731,google_trends,2026-08-29T19:23:31Z
Audi,Q7,2025-11,39.9158,google_trends,2026-08-29T19:23:31Z
Audi,Q7,2025-12,38.807,google_trends,2026-08-29T19:23:31Z
Audi,Q7,2026-01,40.655,google_trends,2026-08-29T19:23:31Z
Audi,Q7,2026-02,47.1228,google_trends,2026-08-29T19:23:31Z
Audi,Q7,2026-03,44.1045,google_trends,2026-08-29T19:23:31Z
Audi,Q7,2026-04,45.5829,google_trends,2026-08-29T19:23:31Z
Audi,Q7,2026-05,44.5973,google_trends,2026-08-29T19:23:31Z
Audi,Q7,2026-06,50.8187,google_trends,2026-08-29T19:23:31Z
Audi,Q7,2026-07,43.4269,google_trends,2026-08-29T19:23:31Z
Audi,Q8,2025-08,24.8175,google_trends,2026-08-29T21:54:49Z
Audi,Q8,2025-09,21.8978,google_trends,2026-08-29T21:54:49Z
Audi,Q8,2025-10,21.5937,google_trends,2026-08-29T21:54:49Z
Audi,Q8,2025-11,20.438,google_trends,2026-08-29T21:54:49Z
Audi,Q8,2025-12,21.2895,google_trends,2026-08-29T21:54:49Z
Audi,Q8,2026-01,20.9854,google_trends,2026-08-29T21:54:49Z
Audi,Q8,2026-02,24.3309,google_trends,2026-08-29T21:54:49Z
Audi,Q8,2026-03,24.0876,google_trends,2026-08-29T21:54:49Z
Audi,Q8,2026-04,23.4185,google_trends,2026-08-29T21:54:49Z
Audi,Q8,2026-05,23.3577,google_trends,2026-08-29T21:54:49Z
Audi,Q8,2026-06,21.8978,google_trends,2026-08-29T21:54:49Z
Audi,Q8,2026-07,22.2019,google_trends,2026-08-29T21:54:49Z
Audi,R8,2025-08,31.3081,google_trends,2026-08-29T19:23:31Z
Audi,R8,2025-09,27.1173,google_trends,2026-08-29T19:23:31Z
Audi,R8,2025-10,25.5765,google_trends,2026-08-29T19:23:31Z
Audi,R8,2025-11,23.666,google_trends,2026-08-29T19:23:31Z
Audi,R8,2025-12,24.9602,google_trends,2026-08-29T19:23:31Z
Audi,R8,2026-01,24.0357,google_trends,2026-08-29T19:23:31Z
Audi,R8,2026-02,27.4254,google_trends,2026-08-29T19:23:31Z
Audi,R8,2026-03,29.5825,google_trends,2026-08-29T19:23:31Z
Audi,R8,2026-04,35.7455,google_trends,2026-08-29T19:23:31Z
Audi,R8,2026-05,35.4989,google_trends,2026-08-29T19:23:31Z
Audi,R8,2026-06,30.8151,google_trends,2026-08-29T19:23:31Z
Audi,R8,2026-07,27.4254,google_trends,2026-08-29T19:23:31Z
Audi,RS E TRON GT,2025-08,1.2165,google_trends,2026-08-29T21:54:49Z
Audi,RS E TRON GT,2025-09,1.2165,google_trends,2026-08-29T21:54:49Z
Audi,RS E TRON GT,2025-10,1.2165,google_trends,2026-08-29T21:54:49Z
Audi,RS E TRON GT,2025-11,1.2165,google_trends,2026-08-29T21:54:49Z
Audi,RS E TRON GT,2025-12,1.2165,google_trends,2026-08-29T21:54:49Z
Audi,RS E TRON GT,2026-01,1.2165,google_trends,2026-08-29T21:54:49Z
Audi,RS E TRON GT,2026-02,1.2165,google_trends,2026-08-29T21:54:49Z
Audi,RS E TRON GT,2026-03,1.2165,google_trends,2026-08-29T21:54:49Z
Audi,RS E TRON GT,2026-04,1.2165,google_trends,2026-08-29T21:54:49Z
Audi,RS E TRON GT,2026-05,1.2165,google_trends,2026-08-29T21:54:49Z
Audi,RS E TRON GT,2026-06,1.2165,google_trends,2026-08-29T21:54:49Z
Audi,RS E TRON GT,2026-07,1.2165,google_trends,2026-08-29T21:54:49Z
Audi,RS Q8,2025-08,3.6496,google_trends,2026-08-29T21:54:49Z
Audi,RS Q8,2025-09,2.4331,google_trends,2026-08-29T21:54:49Z
Audi,RS Q8,2025-10,2.4331,google_trends,2026-08-29T21:54:49Z
Audi,RS Q8,2025-11,2.4331,google_trends,2026-08-29T21:54:49Z
Audi,RS Q8,2025-12,3.3455,google_trends,2026-08-29T21:54:49Z
Audi,RS Q8,2026-01,3.0414,google_trends,2026-08-29T21:54:49Z
Audi,RS Q8,2026-02,3.0414,google_trends,2026-08-29T21:54:49Z
Audi,RS Q8,2026-03,2.6764,google_trends,2026-08-29T21:54:49Z
Audi,RS Q8,2026-04,2.4331,google_trends,2026-08-29T21:54:49Z
Audi,RS Q8,2026-05,3.163,google_trends,2026-08-29T21:54:49Z
Audi,RS Q8,2026-06,2.7372,google_trends,2026-08-29T21:54:49Z
Audi,RS Q8,2026-07,2.7372,google_trends,2026-08-29T21:54:49Z
Audi,RS3,2025-08,18.987,google_trends,2026-08-29T19:23:31Z
Audi,RS3,2025-09,17.5691,google_trends,2026-08-29T19:23:31Z
Audi,RS3,2025-10,17.2609,google_trends,2026-08-29T19:23:31Z
Audi,RS3,2025-11,16.5211,google_trends,2026-08-29T19:23:31Z
Audi,RS3,2025-12,17.2609,google_trends,2026-08-29T19:23:31Z
Audi,RS3,2026-01,17.8773,google_trends,2026-08-29T19:23:31Z
Audi,RS3,2026-02,19.1102,google_trends,2026-08-29T19:23:31Z
Audi,RS3,2026-03,20.4665,google_trends,2026-08-29T19:23:31Z
Audi,RS3,2026-04,17.8773,google_trends,2026-08-29T19:23:31Z
Audi,RS3,2026-05,18.7404,google_trends,2026-08-29T19:23:31Z
Audi,RS3,2026-06,18.1856,google_trends,2026-08-29T19:23:31Z
Audi,RS3,2026-07,17.8773,google_trends,2026-08-29T19:23:31Z
Audi,RS5,2025-08,9.8608,google_trends,2026-08-29T19:23:31Z
Audi,RS5,2025-09,8.9364,google_trends,2026-08-29T19:23:31Z
Audi,RS5,2025-10,8.6282,google_trends,2026-08-29T19:23:31Z
Audi,RS5,2025-11,8.8747,google_trends,2026-08-29T19:23:31Z
Audi,RS5,2025-12,8.6282,google_trends,2026-08-29T19:23:31Z
Audi,RS5,2026-01,8.9364,google_trends,2026-08-29T19:23:31Z
Audi,RS5,2026-02,27.7336,google_trends,2026-08-29T19:23:31Z
Audi,RS5,2026-03,15.5308,google_trends,2026-08-29T19:23:31Z
Audi,RS5,2026-04,13.5586,google_trends,2026-08-29T19:23:31Z
Audi,RS5,2026-05,13.8051,google_trends,2026-08-29T19:23:31Z
Audi,RS5,2026-06,13.5586,google_trends,2026-08-29T19:23:31Z
Audi,RS5,2026-07,13.2505,google_trends,2026-08-29T19:23:31Z
Audi,RS7,2025-08,12.0795,google_trends,2026-08-29T19:23:31Z
Audi,RS7,2025-09,10.4771,google_trends,2026-08-29T19:23:31Z
Audi,RS7,2025-10,9.5527,google_trends,2026-08-29T19:23:31Z
Audi,RS7,2025-11,9.6143,google_trends,2026-08-29T19:23:31Z
Audi,RS7,2025-12,10.169,google_trends,2026-08-29T19:23:31Z
Audi,RS7,2026-01,9.8608,google_trends,2026-08-29T19:23:31Z
Audi,RS7,2026-02,11.0934,google_trends,2026-08-29T19:23:31Z
Audi,RS7,2026-03,10.3539,google_trends,2026-08-29T19:23:31Z
Audi,RS7,2026-04,12.326,google_trends,2026-08-29T19:23:31Z
Audi,RS7,2026-05,11.5865,google_trends,2026-08-29T19:23:31Z
Audi,RS7,2026-06,9.8608,google_trends,2026-08-29T19:23:31Z
Audi,RS7,2026-07,9.8608,google_trends,2026-08-29T19:23:31Z
Audi,RSQ8,2025-08,4.8662,google_trends,2026-08-29T21:54:49Z
Audi,RSQ8,2025-09,3.9538,google_trends,2026-08-29T21:54:49Z
Audi,RSQ8,2025-10,3.6496,google_trends,2026-08-29T21:54:49Z
Audi,RSQ8,2025-11,3.6496,google_trends,2026-08-29T21:54:49Z
Audi,RSQ8,2025-12,4.2579,google_trends,2026-08-29T21:54:49Z
Audi,RSQ8,2026-01,4.562,google_trends,2026-08-29T21:54:49Z
Audi,RSQ8,2026-02,4.2579,google_trends,2026-08-29T21:54:49Z
Audi,RSQ8,2026-03,4.6229,google_trends,2026-08-29T21:54:49Z
Audi,RSQ8,2026-04,3.6496,google_trends,2026-08-29T21:54:49Z
Audi,RSQ8,2026-05,3.8929,google_trends,2026-08-29T21:54:49Z
Audi,RSQ8,2026-06,3.6496,google_trends,2026-08-29T21:54:49Z
Audi,RSQ8,2026-07,4.2579,google_trends,2026-08-29T21:54:49Z
Audi,S3,2025-08,19.4647,google_trends,2026-08-29T21:54:49Z
Audi,S3,2025-09,18.5523,google_trends,2026-08-29T21:54:49Z
Audi,S3,2025-10,17.944,google_trends,2026-08-29T21:54:49Z
Audi,S3,2025-11,18.2482,google_trends,2026-08-29T21:54:49Z
Audi,S3,2025-12,17.0316,google_trends,2026-08-29T21:54:49Z
Audi,S3,2026-01,18.5523,google_trends,2026-08-29T21:54:49Z
Audi,S3,2026-02,21.2895,google_trends,2026-08-29T21:54:49Z
Audi,S3,2026-03,20.9246,google_trends,2026-08-29T21:54:49Z
Audi,S3,2026-04,21.2895,google_trends,2026-08-29T21:54:49Z
Audi,S3,2026-05,19.4647,google_trends,2026-08-29T21:54:49Z
Audi,S3,2026-06,18.5523,google_trends,2026-08-29T21:54:49Z
Audi,S3,2026-07,18.2482,google_trends,2026-08-29T21:54:49Z
Audi,S5,2025-08,17.2564,google_trends,2026-08-29T19:23:31Z
Audi,S5,2025-09,15.4075,google_trends,2026-08-29T19:23:31Z
Audi,S5,2025-10,15.0994,google_trends,2026-08-29T19:23:31Z
Audi,S5,2025-11,15.0377,google_trends,2026-08-29T19:23:31Z
Audi,S5,2025-12,14.4831,google_trends,2026-08-29T19:23:31Z
Audi,S5,2026-01,15.4075,google_trends,2026-08-29T19:23:31Z
Audi,S5,2026-02,19.4135,google_trends,2026-08-29T19:23:31Z
Audi,S5,2026-03,17.7495,google_trends,2026-08-29T19:23:31Z
Audi,S5,2026-04,18.7972,google_trends,2026-08-29T19:23:31Z
Audi,S5,2026-05,17.2564,google_trends,2026-08-29T19:23:31Z
Audi,S5,2026-06,16.6401,google_trends,2026-08-29T19:23:31Z
Audi,S5,2026-07,16.0238,google_trends,2026-08-29T19:23:31Z
Audi,S7,2025-08,4.6851,google_trends,2026-08-29T19:23:31Z
Audi,S7,2025-09,3.6988,google_trends,2026-08-29T19:23:31Z
Audi,S7,2025-10,3.6988,google_trends,2026-08-29T19:23:31Z
Audi,S7,2025-11,3.6988,google_trends,2026-08-29T19:23:31Z
Audi,S7,2025-12,3.6988,google_trends,2026-08-29T19:23:31Z
Audi,S7,2026-01,3.6988,google_trends,2026-08-29T19:23:31Z
Audi,S7,2026-02,4.9317,google_trends,2026-08-29T19:23:31Z
Audi,S7,2026-03,4.4385,google_trends,2026-08-29T19:23:31Z
Audi,S7,2026-04,4.6234,google_trends,2026-08-29T19:23:31Z
Audi,S7,2026-05,3.6988,google_trends,2026-08-29T19:23:31Z
Audi,S7,2026-06,4.3152,google_trends,2026-08-29T19:23:31Z
Audi,S7,2026-07,3.6988,google_trends,2026-08-29T19:23:31Z
Audi,S8,2025-08,6.163,google_trends,2026-08-29T19:23:31Z
Audi,S8,2025-09,5.8549,google_trends,2026-08-29T19:23:31Z
Audi,S8,2025-10,5.5467,google_trends,2026-08-29T19:23:31Z
Audi,S8,2025-11,5.1769,google_trends,2026-08-29T19:23:31Z
Audi,S8,2025-12,5.5467,google_trends,2026-08-29T19:23:31Z
Audi,S8,2026-01,4.9304,google_trends,2026-08-29T19:23:31Z
Audi,S8,2026-02,7.0875,google_trends,2026-08-29T19:23:31Z
Audi,S8,2026-03,5.67,google_trends,2026-08-29T19:23:31Z
Audi,S8,2026-04,6.163,google_trends,2026-08-29T19:23:31Z
Audi,S8,2026-05,5.9165,google_trends,2026-08-29T19:23:31Z
Audi,S8,2026-06,5.8549,google_trends,2026-08-29T19:23:31Z
Audi,S8,2026-07,5.5467,google_trends,2026-08-29T19:23:31Z
Audi,SQ8,2025-08,3.4522,google_trends,2026-08-29T19:23:31Z
Audi,SQ8,2025-09,2.7741,google_trends,2026-08-29T19:23:31Z
Audi,SQ8,2025-10,2.4658,google_trends,2026-08-29T19:23:31Z
Audi,SQ8,2025-11,2.4658,google_trends,2026-08-29T19:23:31Z
Audi,SQ8,2025-12,3.0823,google_trends,2026-08-29T19:23:31Z
Audi,SQ8,2026-01,2.4658,google_trends,2026-08-29T19:23:31Z
Audi,SQ8,2026-02,3.3905,google_trends,2026-08-29T19:23:31Z
Audi,SQ8,2026-03,3.9453,google_trends,2026-08-29T19:23:31Z
Audi,SQ8,2026-04,4.007,google_trends,2026-08-29T19:23:31Z
Audi,SQ8,2026-05,3.6988,google_trends,2026-08-29T19:23:31Z
Audi,SQ8,2026-06,3.6988,google_trends,2026-08-29T19:23:31Z
Audi,SQ8,2026-07,3.6988,google_trends,2026-08-29T19:23:31Z
Audi,TT,2025-08,34.9879,google_trends,2026-08-29T19:23:31Z
Audi,TT,2025-09,32.3392,google_trends,2026-08-29T19:23:31Z
Audi,TT,2025-10,30.7992,google_trends,2026-08-29T19:23:31Z
Audi,TT,2025-11,29.8137,google_trends,2026-08-29T19:23:31Z
Audi,TT,2025-12,27.7193,google_trends,2026-08-29T19:23:31Z
Audi,TT,2026-01,28.3353,google_trends,2026-08-29T19:23:31Z
Audi,TT,2026-02,36.9591,google_trends,2026-08-29T19:23:31Z
Audi,TT,2026-03,35.2343,google_trends,2026-08-29T19:23:31Z
Audi,TT,2026-04,37.2671,google_trends,2026-08-29T19:23:31Z
Audi,TT,2026-05,35.9735,google_trends,2026-08-29T19:23:31Z
Audi,TT,2026-06,32.9552,google_trends,2026-08-29T19:23:31Z
Audi,TT,2026-07,32.9552,google_trends,2026-08-29T19:23:31Z
Audi,e-tron,2025-08,22.6277,google_trends,2026-08-29T21:54:49Z
Audi,e-tron,2025-09,19.1606,google_trends,2026-08-29T21:54:49Z
Audi,e-tron,2025-10,16.7275,google_trends,2026-08-29T21:54:49Z
Audi,e-tron,2025-11,16.545,google_trends,2026-08-29T21:54:49Z
Audi,e-tron,2025-12,16.1192,google_trends,2026-08-29T21:54:49Z
Audi,e-tron,2026-01,16.7275,google_trends,2026-08-29T21:54:49Z
Audi,e-tron,2026-02,17.944,google_trends,2026-08-29T21:54:49Z
Audi,e-tron,2026-03,21.8978,google_trends,2026-08-29T21:54:49Z
Audi,e-tron,2026-04,25.5474,google_trends,2026-08-29T21:54:49Z
Audi,e-tron,2026-05,22.871,google_trends,2026-08-29T21:54:49Z
Audi,e-tron,2026-06,18.8564,google_trends,2026-08-29T21:54:49Z
Audi,e-tron,2026-07,17.0316,google_trends,2026-08-29T21:54:49Z
Austin,AUSTIN,2025-08,924.5266,google_trends,2026-08-29T21:54:49Z
Austin,AUSTIN,2025-09,859.1224,google_trends,2026-08-29T21:54:49Z
Austin,AUSTIN,2025-10,939.4919,google_trends,2026-08-29T21:54:49Z
Austin,AUSTIN,2025-11,802.5866,google_trends,2026-08-29T21:54:49Z
Austin,AUSTIN,2025-12,742.7252,google_trends,2026-08-29T21:54:49Z
Austin,AUSTIN,2026-01,817.552,google_trends,2026-08-29T21:54:49Z
Austin,AUSTIN,2026-02,889.6074,google_trends,2026-08-29T21:54:49Z
Austin,AUSTIN,2026-03,988.8222,google_trends,2026-08-29T21:54:49Z
Austin,AUSTIN,2026-04,1017.0901,google_trends,2026-08-29T21:54:49Z
Austin,AUSTIN,2026-05,997.6905,google_trends,2026-08-29T21:54:49Z
Austin,AUSTIN,2026-06,975.5196,google_trends,2026-08-29T21:54:49Z
Austin,AUSTIN,2026-07,867.4365,google_trends,2026-08-29T21:54:49Z
Austin,AUSTIN AMERICA,2025-08,3.6496,google_trends,2026-08-29T21:54:49Z
Austin,AUSTIN AMERICA,2025-09,3.6496,google_trends,2026-08-29T21:54:49Z
Austin,AUSTIN AMERICA,2025-10,3.0414,google_trends,2026-08-29T21:54:49Z
Austin,AUSTIN AMERICA,2025-11,2.6764,google_trends,2026-08-29T21:54:49Z
Austin,AUSTIN AMERICA,2025-12,2.4331,google_trends,2026-08-29T21:54:49Z
Austin,AUSTIN AMERICA,2026-01,3.0414,google_trends,2026-08-29T21:54:49Z
Austin,AUSTIN AMERICA,2026-02,3.6496,google_trends,2026-08-29T21:54:49Z
Austin,AUSTIN AMERICA,2026-03,4.3796,google_trends,2026-08-29T21:54:49Z
Austin,AUSTIN AMERICA,2026-04,4.562,google_trends,2026-08-29T21:54:49Z
Austin,AUSTIN AMERICA,2026-05,4.6229,google_trends,2026-08-29T21:54:49Z
Austin,AUSTIN AMERICA,2026-06,4.8662,google_trends,2026-08-29T21:54:49Z
Austin,AUSTIN AMERICA,2026-07,3.9538,google_trends,2026-08-29T21:54:49Z
Austin,AUSTIN PRINCESS,2025-08,1.2165,google_trends,2026-08-29T21:54:49Z
Austin,AUSTIN PRINCESS,2025-09,0.9124,google_trends,2026-08-29T21:54:49Z
Austin,AUSTIN PRINCESS,2025-10,1.2165,google_trends,2026-08-29T21:54:49Z
Austin,AUSTIN PRINCESS,2025-11,1.2165,google_trends,2026-08-29T21:54:49Z
Austin,AUSTIN PRINCESS,2025-12,0.6083,google_trends,2026-08-29T21:54:49Z
Austin,AUSTIN PRINCESS,2026-01,1.2165,google_trends,2026-08-29T21:54:49Z
Austin,AUSTIN PRINCESS,2026-02,1.2165,google_trends,2026-08-29T21:54:49Z
Austin,AUSTIN PRINCESS,2026-03,1.2165,google_trends,2026-08-29T21:54:49Z
Austin,AUSTIN PRINCESS,2026-04,1.2165,google_trends,2026-08-29T21:54:49Z
Austin,AUSTIN PRINCESS,2026-05,1.4599,google_trends,2026-08-29T21:54:49Z
Austin,AUSTIN PRINCESS,2026-06,1.2165,google_trends,2026-08-29T21:54:49Z
Austin,AUSTIN PRINCESS,2026-07,1.2165,google_trends,2026-08-29T21:54:49Z
Autozam,Autozam AZ-1,2025-08,0.0,google_trends,2026-08-29T21:54:49Z
Autozam,Autozam AZ-1,2025-09,0.0,google_trends,2026-08-29T21:54:49Z
Autozam,Autozam AZ-1,2025-10,0.0,google_trends,2026-08-29T21:54:49Z
Autozam,Autozam AZ-1,2025-11,0.0,google_trends,2026-08-29T21:54:49Z
Autozam,Autozam AZ-1,2025-12,0.0,google_trends,2026-08-29T21:54:49Z
Autozam,Autozam AZ-1,2026-01,0.0,google_trends,2026-08-29T21:54:49Z
Autozam,Autozam AZ-1,2026-02,0.0,google_trends,2026-08-29T21:54:49Z
Autozam,Autozam AZ-1,2026-03,0.0,google_trends,2026-08-29T21:54:49Z
Autozam,Autozam AZ-1,2026-04,0.0,google_trends,2026-08-29T21:54:49Z
Autozam,Autozam AZ-1,2026-05,0.4866,google_trends,2026-08-29T21:54:49Z
Autozam,Autozam AZ-1,2026-06,0.3041,google_trends,2026-08-29T21:54:49Z
Autozam,Autozam AZ-1,2026-07,0.0,google_trends,2026-08-29T21:54:49Z
BMW,1600 & 1602,2025-08,2.4652,google_trends,2026-08-29T19:23:31Z
BMW,1600 & 1602,2025-09,2.4652,google_trends,2026-08-29T19:23:31Z
BMW,1600 & 1602,2025-10,1.8489,google_trends,2026-08-29T19:23:31Z
BMW,1600 & 1602,2025-11,1.9722,google_trends,2026-08-29T19:23:31Z
BMW,1600 & 1602,2025-12,1.5408,google_trends,2026-08-29T19:23:31Z
BMW,1600 & 1602,2026-01,1.2326,google_trends,2026-08-29T19:23:31Z
BMW,1600 & 1602,2026-02,1.5408,google_trends,2026-08-29T19:23:31Z
BMW,1600 & 1602,2026-03,2.4652,google_trends,2026-08-29T19:23:31Z
BMW,1600 & 1602,2026-04,2.4652,google_trends,2026-08-29T19:23:31Z
BMW,1600 & 1602,2026-05,2.4652,google_trends,2026-08-29T19:23:31Z
BMW,1600 & 1602,2026-06,2.4652,google_trends,2026-08-29T19:23:31Z
BMW,1600 & 1602,2026-07,2.4652,google_trends,2026-08-29T19:23:31Z
BMW,1600 GT,2025-08,0.2433,google_trends,2026-08-29T21:54:49Z
BMW,1600 GT,2025-09,0.0,google_trends,2026-08-29T21:54:49Z
BMW,1600 GT,2025-10,0.0,google_trends,2026-08-29T21:54:49Z
BMW,1600 GT,2025-11,0.0,google_trends,2026-08-29T21:54:49Z
BMW,1600 GT,2025-12,0.0,google_trends,2026-08-29T21:54:49Z
BMW,1600 GT,2026-01,0.0,google_trends,2026-08-29T21:54:49Z
BMW,1600 GT,2026-02,0.0,google_trends,2026-08-29T21:54:49Z
BMW,1600 GT,2026-03,0.0,google_trends,2026-08-29T21:54:49Z
BMW,1600 GT,2026-04,0.0,google_trends,2026-08-29T21:54:49Z
BMW,1600 GT,2026-05,0.0,google_trends,2026-08-29T21:54:49Z
BMW,1600 GT,2026-06,0.0,google_trends,2026-08-29T21:54:49Z
BMW,1600 GT,2026-07,0.0,google_trends,2026-08-29T21:54:49Z
BMW,1M,2025-08,1.2165,google_trends,2026-08-29T21:54:49Z
BMW,1M,2025-09,1.2165,google_trends,2026-08-29T21:54:49Z
BMW,1M,2025-10,1.2165,google_trends,2026-08-29T21:54:49Z
BMW,1M,2025-11,1.4599,google_trends,2026-08-29T21:54:49Z
BMW,1M,2025-12,1.2165,google_trends,2026-08-29T21:54:49Z
BMW,1M,2026-01,1.2165,google_trends,2026-08-29T21:54:49Z
BMW,1M,2026-02,1.2165,google_trends,2026-08-29T21:54:49Z
BMW,1M,2026-03,1.2165,google_trends,2026-08-29T21:54:49Z
BMW,1M,2026-04,1.2165,google_trends,2026-08-29T21:54:49Z
BMW,1M,2026-05,1.7032,google_trends,2026-08-29T21:54:49Z
BMW,1M,2026-06,1.2165,google_trends,2026-08-29T21:54:49Z
BMW,1M,2026-07,1.2165,google_trends,2026-08-29T21:54:49Z
BMW,2002,2025-08,9.7324,google_trends,2026-08-29T21:54:49Z
BMW,2002,2025-09,9.7324,google_trends,2026-08-29T21:54:49Z
BMW,2002,2025-10,9.1241,google_trends,2026-08-29T21:54:49Z
BMW,2002,2025-11,9.2457,google_trends,2026-08-29T21:54:49Z
BMW,2002,2025-12,7.9075,google_trends,2026-08-29T21:54:49Z
BMW,2002,2026-01,8.2117,google_trends,2026-08-29T21:54:49Z
BMW,2002,2026-02,12.1655,google_trends,2026-08-29T21:54:49Z
BMW,2002,2026-03,9.4891,google_trends,2026-08-29T21:54:49Z
BMW,2002,2026-04,9.4282,google_trends,2026-08-29T21:54:49Z
BMW,2002,2026-05,9.7324,google_trends,2026-08-29T21:54:49Z
BMW,2002,2026-06,8.82,google_trends,2026-08-29T21:54:49Z
BMW,2002,2026-07,8.82,google_trends,2026-08-29T21:54:49Z
BMW,2002 Turbo,2025-08,0.0,google_trends,2026-08-29T21:54:49Z
BMW,2002 Turbo,2025-09,0.0,google_trends,2026-08-29T21:54:49Z
BMW,2002 Turbo,2025-10,0.0,google_trends,2026-08-29T21:54:49Z
BMW,2002 Turbo,2025-11,0.0,google_trends,2026-08-29T21:54:49Z
BMW,2002 Turbo,2025-12,0.3041,google_trends,2026-08-29T21:54:49Z
BMW,2002 Turbo,2026-01,0.0,google_trends,2026-08-29T21:54:49Z
BMW,2002 Turbo,2026-02,0.0,google_trends,2026-08-29T21:54:49Z
BMW,2002 Turbo,2026-03,0.0,google_trends,2026-08-29T21:54:49Z
BMW,2002 Turbo,2026-04,0.0,google_trends,2026-08-29T21:54:49Z
BMW,2002 Turbo,2026-05,0.2433,google_trends,2026-08-29T21:54:49Z
BMW,2002 Turbo,2026-06,0.0,google_trends,2026-08-29T21:54:49Z
BMW,2002 Turbo,2026-07,0.0,google_trends,2026-08-29T21:54:49Z
BMW,700,2025-08,2.6764,google_trends,2026-08-29T21:54:49Z
BMW,700,2025-09,2.4331,google_trends,2026-08-29T21:54:49Z
BMW,700,2025-10,2.4331,google_trends,2026-08-29T21:54:49Z
BMW,700,2025-11,2.4331,google_trends,2026-08-29T21:54:49Z
BMW,700,2025-12,2.4331,google_trends,2026-08-29T21:54:49Z
BMW,700,2026-01,2.4331,google_trends,2026-08-29T21:54:49Z
BMW,700,2026-02,2.4331,google_trends,2026-08-29T21:54:49Z
BMW,700,2026-03,2.4331,google_trends,2026-08-29T21:54:49Z
BMW,700,2026-04,3.3455,google_trends,2026-08-29T21:54:49Z
BMW,700,2026-05,2.4331,google_trends,2026-08-29T21:54:49Z
BMW,700,2026-06,2.4331,google_trends,2026-08-29T21:54:49Z
BMW,700,2026-07,2.4331,google_trends,2026-08-29T21:54:49Z
BMW,Alpina,2025-08,5.4235,google_trends,2026-08-29T19:23:31Z
BMW,Alpina,2025-09,5.2386,google_trends,2026-08-29T19:23:31Z
BMW,Alpina,2025-10,4.9304,google_trends,2026-08-29T19:23:31Z
BMW,Alpina,2025-11,5.67,google_trends,2026-08-29T19:23:31Z
BMW,Alpina,2025-12,6.163,google_trends,2026-08-29T19:23:31Z
BMW,Alpina,2026-01,6.163,google_trends,2026-08-29T19:23:31Z
BMW,Alpina,2026-02,6.163,google_trends,2026-08-29T19:23:31Z
BMW,Alpina,2026-03,6.163,google_trends,2026-08-29T19:23:31Z
BMW,Alpina,2026-04,5.8549,google_trends,2026-08-29T19:23:31Z
BMW,Alpina,2026-05,11.5865,google_trends,2026-08-29T19:23:31Z
BMW,Alpina,2026-06,8.0119,google_trends,2026-08-29T19:23:31Z
BMW,Alpina,2026-07,6.7793,google_trends,2026-08-29T19:23:31Z
BMW,E30 M3,2025-08,2.4652,google_trends,2026-08-29T19:23:31Z
BMW,E30 M3,2025-09,2.4652,google_trends,2026-08-29T19:23:31Z
BMW,E30 M3,2025-10,2.4652,google_trends,2026-08-29T19:23:31Z
BMW,E30 M3,2025-11,2.4652,google_trends,2026-08-29T19:23:31Z
BMW,E30 M3,2025-12,2.4652,google_trends,2026-08-29T19:23:31Z
BMW,E30 M3,2026-01,2.4652,google_trends,2026-08-29T19:23:31Z
BMW,E30 M3,2026-02,2.4652,google_trends,2026-08-29T19:23:31Z
BMW,E30 M3,2026-03,2.4652,google_trends,2026-08-29T19:23:31Z
BMW,E30 M3,2026-04,2.4652,google_trends,2026-08-29T19:23:31Z
BMW,E30 M3,2026-05,2.7117,google_trends,2026-08-29T19:23:31Z
BMW,E30 M3,2026-06,2.4652,google_trends,2026-08-29T19:23:31Z
BMW,E30 M3,2026-07,2.4652,google_trends,2026-08-29T19:23:31Z
BMW,E34 M5,2025-08,0.493,google_trends,2026-08-29T19:23:31Z
BMW,E34 M5,2025-09,0.3082,google_trends,2026-08-29T19:23:31Z
BMW,E34 M5,2025-10,0.6163,google_trends,2026-08-29T19:23:31Z
BMW,E34 M5,2025-11,0.2465,google_trends,2026-08-29T19:23:31Z
BMW,E34 M5,2025-12,0.3082,google_trends,2026-08-29T19:23:31Z
BMW,E34 M5,2026-01,0.3082,google_trends,2026-08-29T19:23:31Z
BMW,E34 M5,2026-02,0.3082,google_trends,2026-08-29T19:23:31Z
BMW,E34 M5,2026-03,0.2465,google_trends,2026-08-29T19:23:31Z
BMW,E34 M5,2026-04,0.3082,google_trends,2026-08-29T19:23:31Z
BMW,E34 M5,2026-05,0.2465,google_trends,2026-08-29T19:23:31Z
BMW,E34 M5,2026-06,0.0,google_trends,2026-08-29T19:23:31Z
BMW,E34 M5,2026-07,0.0,google_trends,2026-08-29T19:23:31Z
BMW,E36 M3,2025-08,2.4331,google_trends,2026-08-29T21:54:49Z
BMW,E36 M3,2025-09,2.4331,google_trends,2026-08-29T21:54:49Z
BMW,E36 M3,2025-10,2.4331,google_trends,2026-08-29T21:54:49Z
BMW,E36 M3,2025-11,2.4331,google_trends,2026-08-29T21:54:49Z
BMW,E36 M3,2025-12,2.4331,google_trends,2026-08-29T21:54:49Z
BMW,E36 M3,2026-01,2.4331,google_trends,2026-08-29T21:54:49Z
BMW,E36 M3,2026-02,2.7372,google_trends,2026-08-29T21:54:49Z
BMW,E36 M3,2026-03,2.4331,google_trends,2026-08-29T21:54:49Z
BMW,E36 M3,2026-04,2.4331,google_trends,2026-08-29T21:54:49Z
BMW,E36 M3,2026-05,2.4331,google_trends,2026-08-29T21:54:49Z
BMW,E36 M3,2026-06,2.4331,google_trends,2026-08-29T21:54:49Z
BMW,E36 M3,2026-07,2.4331,google_trends,2026-08-29T21:54:49Z
BMW,E39 M5,2025-08,1.232,google_trends,2026-08-29T19:23:31Z
BMW,E39 M5,2025-09,1.54,google_trends,2026-08-29T19:23:31Z
BMW,E39 M5,2025-10,1.232,google_trends,2026-08-29T19:23:31Z
BMW,E39 M5,2025-11,1.232,google_trends,2026-08-29T19:23:31Z
BMW,E39 M5,2025-12,1.54,google_trends,2026-08-29T19:23:31Z
BMW,E39 M5,2026-01,1.232,google_trends,2026-08-29T19:23:31Z
BMW,E39 M5,2026-02,1.848,google_trends,2026-08-29T19:23:31Z
BMW,E39 M5,2026-03,1.232,google_trends,2026-08-29T19:23:31Z
BMW,E39 M5,2026-04,1.232,google_trends,2026-08-29T19:23:31Z
BMW,E39 M5,2026-05,1.232,google_trends,2026-08-29T19:23:31Z
BMW,E39 M5,2026-06,1.232,google_trends,2026-08-29T19:23:31Z
BMW,E39 M5,2026-07,1.232,google_trends,2026-08-29T19:23:31Z
BMW,E46 M3,2025-08,4.8662,google_trends,2026-08-29T21:54:49Z
BMW,E46 M3,2025-09,4.562,google_trends,2026-08-29T21:54:49Z
BMW,E46 M3,2025-10,4.8662,google_trends,2026-08-29T21:54:49Z
BMW,E46 M3,2025-11,4.8662,google_trends,2026-08-29T21:54:49Z
BMW,E46 M3,2025-12,4.2579,google_trends,2026-08-29T21:54:49Z
BMW,E46 M3,2026-01,4.8662,google_trends,2026-08-29T21:54:49Z
BMW,E46 M3,2026-02,4.8662,google_trends,2026-08-29T21:54:49Z
BMW,E46 M3,2026-03,4.6229,google_trends,2026-08-29T21:54:49Z
BMW,E46 M3,2026-04,5.1703,google_trends,2026-08-29T21:54:49Z
BMW,E46 M3,2026-05,4.8662,google_trends,2026-08-29T21:54:49Z
BMW,E46 M3,2026-06,4.562,google_trends,2026-08-29T21:54:49Z
BMW,E46 M3,2026-07,3.9538,google_trends,2026-08-29T21:54:49Z
BMW,E60 M5,2025-08,2.9582,google_trends,2026-08-29T19:23:31Z
BMW,E60 M5,2025-09,2.4652,google_trends,2026-08-29T19:23:31Z
BMW,E60 M5,2025-10,2.4652,google_trends,2026-08-29T19:23:31Z
BMW,E60 M5,2025-11,2.4652,google_trends,2026-08-29T19:23:31Z
BMW,E60 M5,2025-12,2.4652,google_trends,2026-08-29T19:23:31Z
BMW,E60 M5,2026-01,2.4652,google_trends,2026-08-29T19:23:31Z
BMW,E60 M5,2026-02,3.0815,google_trends,2026-08-29T19:23:31Z
BMW,E60 M5,2026-03,2.4652,google_trends,2026-08-29T19:23:31Z
BMW,E60 M5,2026-04,2.4652,google_trends,2026-08-29T19:23:31Z
BMW,E60 M5,2026-05,2.4652,google_trends,2026-08-29T19:23:31Z
BMW,E60 M5,2026-06,2.4652,google_trends,2026-08-29T19:23:31Z
BMW,E60 M5,2026-07,2.4652,google_trends,2026-08-29T19:23:31Z
BMW,F10 M5,2025-08,2.4652,google_trends,2026-08-29T19:23:31Z
BMW,F10 M5,2025-09,1.8489,google_trends,2026-08-29T19:23:31Z
BMW,F10 M5,2025-10,2.1571,google_trends,2026-08-29T19:23:31Z
BMW,F10 M5,2025-11,1.4791,google_trends,2026-08-29T19:23:31Z
BMW,F10 M5,2025-12,1.2326,google_trends,2026-08-29T19:23:31Z
BMW,F10 M5,2026-01,1.8489,google_trends,2026-08-29T19:23:31Z
BMW,F10 M5,2026-02,2.1571,google_trends,2026-08-29T19:23:31Z
BMW,F10 M5,2026-03,1.9722,google_trends,2026-08-29T19:23:31Z
BMW,F10 M5,2026-04,2.1571,google_trends,2026-08-29T19:23:31Z
BMW,F10 M5,2026-05,2.2187,google_trends,2026-08-29T19:23:31Z
BMW,F10 M5,2026-06,1.8489,google_trends,2026-08-29T19:23:31Z
BMW,F10 M5,2026-07,1.2326,google_trends,2026-08-29T19:23:31Z
BMW,F80 M3,2025-08,2.4652,google_trends,2026-08-29T19:23:31Z
BMW,F80 M3,2025-09,2.4652,google_trends,2026-08-29T19:23:31Z
BMW,F80 M3,2025-10,2.4652,google_trends,2026-08-29T19:23:31Z
BMW,F80 M3,2025-11,2.4652,google_trends,2026-08-29T19:23:31Z
BMW,F80 M3,2025-12,2.4652,google_trends,2026-08-29T19:23:31Z
BMW,F80 M3,2026-01,2.4652,google_trends,2026-08-29T19:23:31Z
BMW,F80 M3,2026-02,3.3897,google_trends,2026-08-29T19:23:31Z
BMW,F80 M3,2026-03,2.4652,google_trends,2026-08-29T19:23:31Z
BMW,F80 M3,2026-04,3.0815,google_trends,2026-08-29T19:23:31Z
BMW,F80 M3,2026-05,2.4652,google_trends,2026-08-29T19:23:31Z
BMW,F80 M3,2026-06,2.4652,google_trends,2026-08-29T19:23:31Z
BMW,F80 M3,2026-07,2.4652,google_trends,2026-08-29T19:23:31Z
BMW,F90 M5,2025-08,4.6839,google_trends,2026-08-29T19:23:31Z
BMW,F90 M5,2025-09,3.6978,google_trends,2026-08-29T19:23:31Z
BMW,F90 M5,2025-10,3.6978,google_trends,2026-08-29T19:23:31Z
BMW,F90 M5,2025-11,3.9443,google_trends,2026-08-29T19:23:31Z
BMW,F90 M5,2025-12,3.6978,google_trends,2026-08-29T19:23:31Z
BMW,F90 M5,2026-01,3.6978,google_trends,2026-08-29T19:23:31Z
BMW,F90 M5,2026-02,3.6978,google_trends,2026-08-29T19:23:31Z
BMW,F90 M5,2026-03,3.6978,google_trends,2026-08-29T19:23:31Z
BMW,F90 M5,2026-04,3.6978,google_trends,2026-08-29T19:23:31Z
BMW,F90 M5,2026-05,3.6978,google_trends,2026-08-29T19:23:31Z
BMW,F90 M5,2026-06,3.6978,google_trends,2026-08-29T19:23:31Z
BMW,F90 M5,2026-07,2.7734,google_trends,2026-08-29T19:23:31Z
BMW,G29 Z4,2025-08,0.7398,google_trends,2026-08-29T19:23:31Z
BMW,G29 Z4,2025-09,0.3082,google_trends,2026-08-29T19:23:31Z
BMW,G29 Z4,2025-10,0.0,google_trends,2026-08-29T19:23:31Z
BMW,G29 Z4,2025-11,0.0,google_trends,2026-08-29T19:23:31Z
BMW,G29 Z4,2025-12,0.0,google_trends,2026-08-29T19:23:31Z
BMW,G29 Z4,2026-01,0.0,google_trends,2026-08-29T19:23:31Z
BMW,G29 Z4,2026-02,0.6165,google_trends,2026-08-29T19:23:31Z
BMW,G29 Z4,2026-03,0.4932,google_trends,2026-08-29T19:23:31Z
BMW,G29 Z4,2026-04,0.0,google_trends,2026-08-29T19:23:31Z
BMW,G29 Z4,2026-05,0.2466,google_trends,2026-08-29T19:23:31Z
BMW,G29 Z4,2026-06,0.3082,google_trends,2026-08-29T19:23:31Z
BMW,G29 Z4,2026-07,0.0,google_trends,2026-08-29T19:23:31Z
BMW,G80 M3,2025-08,4.4374,google_trends,2026-08-29T19:23:31Z
BMW,G80 M3,2025-09,3.6978,google_trends,2026-08-29T19:23:31Z
BMW,G80 M3,2025-10,3.6978,google_trends,2026-08-29T19:23:31Z
BMW,G80 M3,2025-11,3.6978,google_trends,2026-08-29T19:23:31Z
BMW,G80 M3,2025-12,3.6978,google_trends,2026-08-29T19:23:31Z
BMW,G80 M3,2026-01,3.6978,google_trends,2026-08-29T19:23:31Z
BMW,G80 M3,2026-02,4.006,google_trends,2026-08-29T19:23:31Z
BMW,G80 M3,2026-03,4.1908,google_trends,2026-08-29T19:23:31Z
BMW,G80 M3,2026-04,4.6223,google_trends,2026-08-29T19:23:31Z
BMW,G80 M3,2026-05,4.1908,google_trends,2026-08-29T19:23:31Z
BMW,G80 M3,2026-06,3.6978,google_trends,2026-08-29T19:23:31Z
BMW,G80 M3,2026-07,3.3897,google_trends,2026-08-29T19:23:31Z
BMW,I3,2025-08,13.3155,google_trends,2026-08-29T19:23:31Z
BMW,I3,2025-09,13.2539,google_trends,2026-08-29T19:23:31Z
BMW,I3,2025-10,12.6374,google_trends,2026-08-29T19:23:31Z
BMW,I3,2025-11,12.8224,google_trends,2026-08-29T19:23:31Z
BMW,I3,2025-12,11.7127,google_trends,2026-08-29T19:23:31Z
BMW,I3,2026-01,11.7127,google_trends,2026-08-29T19:23:31Z
BMW,I3,2026-02,13.2539,google_trends,2026-08-29T19:23:31Z
BMW,I3,2026-03,35.5081,google_trends,2026-08-29T19:23:31Z
BMW,I3,2026-04,23.4255,google_trends,2026-08-29T19:23:31Z
BMW,I3,2026-05,18.4938,google_trends,2026-08-29T19:23:31Z
BMW,I3,2026-06,20.6514,google_trends,2026-08-29T19:23:31Z
BMW,I3,2026-07,16.3362,google_trends,2026-08-29T19:23:31Z
BMW,Isetta,2025-08,1.2326,google_trends,2026-08-29T19:23:31Z
BMW,Isetta,2025-09,1.2326,google_trends,2026-08-29T19:23:31Z
BMW,Isetta,2025-10,1.2326,google_trends,2026-08-29T19:23:31Z
BMW,Isetta,2025-11,1.2326,google_trends,2026-08-29T19:23:31Z
BMW,Isetta,2025-12,1.2326,google_trends,2026-08-29T19:23:31Z
BMW,Isetta,2026-01,1.2326,google_trends,2026-08-29T19:23:31Z
BMW,Isetta,2026-02,1.2326,google_trends,2026-08-29T19:23:31Z
BMW,Isetta,2026-03,1.2326,google_trends,2026-08-29T19:23:31Z
BMW,Isetta,2026-04,1.2326,google_trends,2026-08-29T19:23:31Z
BMW,Isetta,2026-05,1.2326,google_trends,2026-08-29T19:23:31Z
BMW,Isetta,2026-06,1.2326,google_trends,2026-08-29T19:23:31Z
BMW,Isetta,2026-07,1.2326,google_trends,2026-08-29T19:23:31Z
BMW,K1200 & K1300,2025-08,0.0,google_trends,2026-08-29T19:23:31Z
BMW,K1200 & K1300,2025-09,0.0,google_trends,2026-08-29T19:23:31Z
BMW,K1200 & K1300,2025-10,0.0,google_trends,2026-08-29T19:23:31Z
BMW,K1200 & K1300,2025-11,0.0,google_trends,2026-08-29T19:23:31Z
BMW,K1200 & K1300,2025-12,0.0,google_trends,2026-08-29T19:23:31Z
BMW,K1200 & K1300,2026-01,0.0,google_trends,2026-08-29T19:23:31Z
BMW,K1200 & K1300,2026-02,0.0,google_trends,2026-08-29T19:23:31Z
BMW,K1200 & K1300,2026-03,0.0,google_trends,2026-08-29T19:23:31Z
BMW,K1200 & K1300,2026-04,0.3082,google_trends,2026-08-29T19:23:31Z
BMW,K1200 & K1300,2026-05,0.0,google_trends,2026-08-29T19:23:31Z
BMW,K1200 & K1300,2026-06,0.0,google_trends,2026-08-29T19:23:31Z
BMW,K1200 & K1300,2026-07,0.0,google_trends,2026-08-29T19:23:31Z
BMW,K1600,2025-08,1.2326,google_trends,2026-08-29T19:23:31Z
BMW,K1600,2025-09,1.2326,google_trends,2026-08-29T19:23:31Z
BMW,K1600,2025-10,1.2326,google_trends,2026-08-29T19:23:31Z
BMW,K1600,2025-11,1.2326,google_trends,2026-08-29T19:23:31Z
BMW,K1600,2025-12,1.2326,google_trends,2026-08-29T19:23:31Z
BMW,K1600,2026-01,1.2326,google_trends,2026-08-29T19:23:31Z
BMW,K1600,2026-02,1.2326,google_trends,2026-08-29T19:23:31Z
BMW,K1600,2026-03,1.2326,google_trends,2026-08-29T19:23:31Z
BMW,K1600,2026-04,1.2326,google_trends,2026-08-29T19:23:31Z
BMW,K1600,2026-05,1.4791,google_trends,2026-08-29T19:23:31Z
BMW,K1600,2026-06,1.2326,google_trends,2026-08-29T19:23:31Z
BMW,K1600,2026-07,1.2326,google_trends,2026-08-29T19:23:31Z
BMW,M1,2025-08,6.0827,google_trends,2026-08-29T21:54:49Z
BMW,M1,2025-09,4.8662,google_trends,2026-08-29T21:54:49Z
BMW,M1,2025-10,5.1703,google_trends,2026-08-29T21:54:49Z
BMW,M1,2025-11,5.3528,google_trends,2026-08-29T21:54:49Z
BMW,M1,2025-12,5.1703,google_trends,2026-08-29T21:54:49Z
BMW,M1,2026-01,4.8662,google_trends,2026-08-29T21:54:49Z
BMW,M1,2026-02,4.8662,google_trends,2026-08-29T21:54:49Z
BMW,M1,2026-03,5.5961,google_trends,2026-08-29T21:54:49Z
BMW,M1,2026-04,5.7786,google_trends,2026-08-29T21:54:49Z
BMW,M1,2026-05,6.5693,google_trends,2026-08-29T21:54:49Z
BMW,M1,2026-06,5.7786,google_trends,2026-08-29T21:54:49Z
BMW,M1,2026-07,4.8662,google_trends,2026-08-29T21:54:49Z
BMW,M2,2025-08,32.7872,google_trends,2026-08-29T19:23:31Z
BMW,M2,2025-09,29.5825,google_trends,2026-08-29T19:23:31Z
BMW,M2,2025-10,28.9662,google_trends,2026-08-29T19:23:31Z
BMW,M2,2025-11,29.829,google_trends,2026-08-29T19:23:31Z
BMW,M2,2025-12,26.8091,google_trends,2026-08-29T19:23:31Z
BMW,M2,2026-01,27.4254,google_trends,2026-08-29T19:23:31Z
BMW,M2,2026-02,29.8906,google_trends,2026-08-29T19:23:31Z
BMW,M2,2026-03,35.0059,google_trends,2026-08-29T19:23:31Z
BMW,M2,2026-04,33.5884,google_trends,2026-08-29T19:23:31Z
BMW,M2,2026-05,32.7872,google_trends,2026-08-29T19:23:31Z
BMW,M2,2026-06,31.4314,google_trends,2026-08-29T19:23:31Z
BMW,M2,2026-07,29.2743,google_trends,2026-08-29T19:23:31Z
BMW,M2 COMPETITION,2025-08,2.4652,google_trends,2026-08-29T19:23:31Z
BMW,M2 COMPETITION,2025-09,2.4652,google_trends,2026-08-29T19:23:31Z
BMW,M2 COMPETITION,2025-10,2.4652,google_trends,2026-08-29T19:23:31Z
BMW,M2 COMPETITION,2025-11,2.4652,google_trends,2026-08-29T19:23:31Z
BMW,M2 COMPETITION,2025-12,2.4652,google_trends,2026-08-29T19:23:31Z
BMW,M2 COMPETITION,2026-01,2.4652,google_trends,2026-08-29T19:23:31Z
BMW,M2 COMPETITION,2026-02,2.4652,google_trends,2026-08-29T19:23:31Z
BMW,M2 COMPETITION,2026-03,2.7117,google_trends,2026-08-29T19:23:31Z
BMW,M2 COMPETITION,2026-04,2.4652,google_trends,2026-08-29T19:23:31Z
BMW,M2 COMPETITION,2026-05,3.2048,google_trends,2026-08-29T19:23:31Z
BMW,M2 COMPETITION,2026-06,2.7734,google_trends,2026-08-29T19:23:31Z
BMW,M2 COMPETITION,2026-07,2.4652,google_trends,2026-08-29T19:23:31Z
BMW,M2 CS,2025-08,1.2329,google_trends,2026-08-29T19:23:31Z
BMW,M2 CS,2025-09,1.2329,google_trends,2026-08-29T19:23:31Z
BMW,M2 CS,2025-10,1.2329,google_trends,2026-08-29T19:23:31Z
BMW,M2 CS,2025-11,1.9727,google_trends,2026-08-29T19:23:31Z
BMW,M2 CS,2025-12,1.2329,google_trends,2026-08-29T19:23:31Z
BMW,M2 CS,2026-01,1.2329,google_trends,2026-08-29T19:23:31Z
BMW,M2 CS,2026-02,1.2329,google_trends,2026-08-29T19:23:31Z
BMW,M2 CS,2026-03,1.7261,google_trends,2026-08-29T19:23:31Z
BMW,M2 CS,2026-04,1.2329,google_trends,2026-08-29T19:23:31Z
BMW,M2 CS,2026-05,1.4795,google_trends,2026-08-29T19:23:31Z
BMW,M2 CS,2026-06,1.2329,google_trends,2026-08-29T19:23:31Z
BMW,M2 CS,2026-07,1.2329,google_trends,2026-08-29T19:23:31Z
BMW,R nineT,2025-08,2.2187,google_trends,2026-08-29T19:23:31Z
BMW,R nineT,2025-09,1.2326,google_trends,2026-08-29T19:23:31Z
BMW,R nineT,2025-10,1.2326,google_trends,2026-08-29T19:23:31Z
BMW,R nineT,2025-11,1.2326,google_trends,2026-08-29T19:23:31Z
BMW,R nineT,2025-12,1.2326,google_trends,2026-08-29T19:23:31Z
BMW,R nineT,2026-01,1.2326,google_trends,2026-08-29T19:23:31Z
BMW,R nineT,2026-02,1.2326,google_trends,2026-08-29T19:23:31Z
BMW,R nineT,2026-03,1.9722,google_trends,2026-08-29T19:23:31Z
BMW,R nineT,2026-04,2.4652,google_trends,2026-08-29T19:23:31Z
BMW,R nineT,2026-05,2.2187,google_trends,2026-08-29T19:23:31Z
BMW,R nineT,2026-06,2.1571,google_trends,2026-08-29T19:23:31Z
BMW,R nineT,2026-07,1.2326,google_trends,2026-08-29T19:23:31Z
BMW,R100,2025-08,1.2326,google_trends,2026-08-29T19:23:31Z
BMW,R100,2025-09,1.2326,google_trends,2026-08-29T19:23:31Z
BMW,R100,2025-10,1.2326,google_trends,2026-08-29T19:23:31Z
BMW,R100,2025-11,1.2326,google_trends,2026-08-29T19:23:31Z
BMW,R100,2025-12,1.2326,google_trends,2026-08-29T19:23:31Z
BMW,R100,2026-01,1.2326,google_trends,2026-08-29T19:23:31Z
BMW,R100,2026-02,0.9245,google_trends,2026-08-29T19:23:31Z
BMW,R100,2026-03,1.2326,google_trends,2026-08-29T19:23:31Z
BMW,R100,2026-04,1.2326,google_trends,2026-08-29T19:23:31Z
BMW,R100,2026-05,1.2326,google_trends,2026-08-29T19:23:31Z
BMW,R100,2026-06,1.2326,google_trends,2026-08-29T19:23:31Z
BMW,R100,2026-07,1.2326,google_trends,2026-08-29T19:23:31Z
BMW,R1200GS,2025-08,2.4658,google_trends,2026-08-29T19:23:31Z
BMW,R1200GS,2025-09,2.4658,google_trends,2026-08-29T19:23:31Z
BMW,R1200GS,2025-10,2.1576,google_trends,2026-08-29T19:23:31Z
BMW,R1200GS,2025-11,2.4658,google_trends,2026-08-29T19:23:31Z
BMW,R1200GS,2025-12,1.2329,google_trends,2026-08-29T19:23:31Z
BMW,R1200GS,2026-01,1.8494,google_trends,2026-08-29T19:23:31Z
BMW,R1200GS,2026-02,3.3905,google_trends,2026-08-29T19:23:31Z
BMW,R1200GS,2026-03,2.4658,google_trends,2026-08-29T19:23:31Z
BMW,R1200GS,2026-04,2.4658,google_trends,2026-08-29T19:23:31Z
BMW,R1200GS,2026-05,2.959,google_trends,2026-08-29T19:23:31Z
BMW,R1200GS,2026-06,2.4658,google_trends,2026-08-29T19:23:31Z
BMW,R1200GS,2026-07,2.4658,google_trends,2026-08-29T19:23:31Z
BMW,R1250GS,2025-08,1.7256,google_trends,2026-08-29T19:23:31Z
BMW,R1250GS,2025-09,1.2326,google_trends,2026-08-29T19:23:31Z
BMW,R1250GS,2025-10,1.2326,google_trends,2026-08-29T19:23:31Z
BMW,R1250GS,2025-11,1.2326,google_trends,2026-08-29T19:23:31Z
BMW,R1250GS,2025-12,1.2326,google_trends,2026-08-29T19:23:31Z
BMW,R1250GS,2026-01,1.2326,google_trends,2026-08-29T19:23:31Z
BMW,R1250GS,2026-02,1.8489,google_trends,2026-08-29T19:23:31Z
BMW,R1250GS,2026-03,1.2326,google_trends,2026-08-29T19:23:31Z
BMW,R1250GS,2026-04,1.8489,google_trends,2026-08-29T19:23:31Z
BMW,R1250GS,2026-05,1.7256,google_trends,2026-08-29T19:23:31Z
BMW,R1250GS,2026-06,1.2326,google_trends,2026-08-29T19:23:31Z
BMW,R1250GS,2026-07,1.2326,google_trends,2026-08-29T19:23:31Z
BMW,R1300GS,2025-08,1.2165,google_trends,2026-08-29T21:54:49Z
BMW,R1300GS,2025-09,1.2165,google_trends,2026-08-29T21:54:49Z
BMW,R1300GS,2025-10,1.2165,google_trends,2026-08-29T21:54:49Z
BMW,R1300GS,2025-11,1.2165,google_trends,2026-08-29T21:54:49Z
BMW,R1300GS,2025-12,1.2165,google_trends,2026-08-29T21:54:49Z
BMW,R1300GS,2026-01,1.2165,google_trends,2026-08-29T21:54:49Z
BMW,R1300GS,2026-02,1.5207,google_trends,2026-08-29T21:54:49Z
BMW,R1300GS,2026-03,1.4599,google_trends,2026-08-29T21:54:49Z
BMW,R1300GS,2026-04,1.5207,google_trends,2026-08-29T21:54:49Z
BMW,R1300GS,2026-05,1.4599,google_trends,2026-08-29T21:54:49Z
BMW,R1300GS,2026-06,1.2165,google_trends,2026-08-29T21:54:49Z
BMW,R1300GS,2026-07,1.2165,google_trends,2026-08-29T21:54:49Z
BMW,R80,2025-08,1.2329,google_trends,2026-08-29T19:23:31Z
BMW,R80,2025-09,1.2329,google_trends,2026-08-29T19:23:31Z
BMW,R80,2025-10,0.9247,google_trends,2026-08-29T19:23:31Z
BMW,R80,2025-11,0.7398,google_trends,2026-08-29T19:23:31Z
BMW,R80,2025-12,0.3082,google_trends,2026-08-29T19:23:31Z
BMW,R80,2026-01,0.6165,google_trends,2026-08-29T19:23:31Z
BMW,R80,2026-02,0.9247,google_trends,2026-08-29T19:23:31Z
BMW,R80,2026-03,1.2329,google_trends,2026-08-29T19:23:31Z
BMW,R80,2026-04,1.2329,google_trends,2026-08-29T19:23:31Z
BMW,R80,2026-05,1.2329,google_trends,2026-08-29T19:23:31Z
BMW,R80,2026-06,1.2329,google_trends,2026-08-29T19:23:31Z
BMW,R80,2026-07,1.2329,google_trends,2026-08-29T19:23:31Z
BMW,X1 XDRIVE28I,2025-08,1.2165,google_trends,2026-08-29T21:54:49Z
BMW,X1 XDRIVE28I,2025-09,1.2165,google_trends,2026-08-29T21:54:49Z
BMW,X1 XDRIVE28I,2025-10,1.2165,google_trends,2026-08-29T21:54:49Z
BMW,X1 XDRIVE28I,2025-11,0.4866,google_trends,2026-08-29T21:54:49Z
BMW,X1 XDRIVE28I,2025-12,0.9124,google_trends,2026-08-29T21:54:49Z
BMW,X1 XDRIVE28I,2026-01,0.9124,google_trends,2026-08-29T21:54:49Z
BMW,X1 XDRIVE28I,2026-02,1.2165,google_trends,2026-08-29T21:54:49Z
BMW,X1 XDRIVE28I,2026-03,1.2165,google_trends,2026-08-29T21:54:49Z
BMW,X1 XDRIVE28I,2026-04,1.2165,google_trends,2026-08-29T21:54:49Z
BMW,X1 XDRIVE28I,2026-05,1.2165,google_trends,2026-08-29T21:54:49Z
BMW,X1 XDRIVE28I,2026-06,1.2165,google_trends,2026-08-29T21:54:49Z
BMW,X1 XDRIVE28I,2026-07,0.9124,google_trends,2026-08-29T21:54:49Z
BMW,X2,2025-08,17.0316,google_trends,2026-08-29T21:54:49Z
BMW,X2,2025-09,16.1192,google_trends,2026-08-29T21:54:49Z
BMW,X2,2025-10,15.5109,google_trends,2026-08-29T21:54:49Z
BMW,X2,2025-11,15.5718,google_trends,2026-08-29T21:54:49Z
BMW,X2,2025-12,14.5985,google_trends,2026-08-29T21:54:49Z
BMW,X2,2026-01,16.4234,google_trends,2026-08-29T21:54:49Z
BMW,X2,2026-02,16.7275,google_trends,2026-08-29T21:54:49Z
BMW,X2,2026-03,17.2749,google_trends,2026-08-29T21:54:49Z
BMW,X2,2026-04,16.1192,google_trends,2026-08-29T21:54:49Z
BMW,X2,2026-05,16.0584,google_trends,2026-08-29T21:54:49Z
BMW,X2,2026-06,15.5109,google_trends,2026-08-29T21:54:49Z
BMW,X2,2026-07,15.8151,google_trends,2026-08-29T21:54:49Z
BMW,X3,2025-08,86.2822,google_trends,2026-08-29T19:23:31Z
BMW,X3,2025-09,80.4273,google_trends,2026-08-29T19:23:31Z
BMW,X3,2025-10,78.8865,google_trends,2026-08-29T19:23:31Z
BMW,X3,2025-11,81.5983,google_trends,2026-08-29T19:23:31Z
BMW,X3,2025-12,80.1192,google_trends,2026-08-29T19:23:31Z
BMW,X3,2026-01,83.817,google_trends,2026-08-29T19:23:31Z
BMW,X3,2026-02,89.98,google_trends,2026-08-29T19:23:31Z
BMW,X3,2026-03,91.4591,google_trends,2026-08-29T19:23:31Z
BMW,X3,2026-04,89.0555,google_trends,2026-08-29T19:23:31Z
BMW,X3,2026-05,87.0217,google_trends,2026-08-29T19:23:31Z
BMW,X3,2026-06,83.817,google_trends,2026-08-29T19:23:31Z
BMW,X3,2026-07,84.4333,google_trends,2026-08-29T19:23:31Z
BMW,X4,2025-08,18.9781,google_trends,2026-08-29T21:54:49Z
BMW,X4,2025-09,17.3358,google_trends,2026-08-29T21:54:49Z
BMW,X4,2025-10,17.3358,google_trends,2026-08-29T21:54:49Z
BMW,X4,2025-11,16.3017,google_trends,2026-08-29T21:54:49Z
BMW,X4,2025-12,15.8151,google_trends,2026-08-29T21:54:49Z
BMW,X4,2026-01,16.7275,google_trends,2026-08-29T21:54:49Z
BMW,X4,2026-02,18.2482,google_trends,2026-08-29T21:54:49Z
BMW,X4,2026-03,17.2749,google_trends,2026-08-29T21:54:49Z
BMW,X4,2026-04,18.2482,google_trends,2026-08-29T21:54:49Z
BMW,X4,2026-05,16.7883,google_trends,2026-08-29T21:54:49Z
BMW,X4,2026-06,16.4234,google_trends,2026-08-29T21:54:49Z
BMW,X4,2026-07,16.4234,google_trends,2026-08-29T21:54:49Z
BMW,X4 M COMPETITION,2025-08,0.2433,google_trends,2026-08-29T21:54:49Z
BMW,X4 M COMPETITION,2025-09,0.0,google_trends,2026-08-29T21:54:49Z
BMW,X4 M COMPETITION,2025-10,0.0,google_trends,2026-08-29T21:54:49Z
BMW,X4 M COMPETITION,2025-11,0.0,google_trends,2026-08-29T21:54:49Z
BMW,X4 M COMPETITION,2025-12,0.0,google_trends,2026-08-29T21:54:49Z
BMW,X4 M COMPETITION,2026-01,0.0,google_trends,2026-08-29T21:54:49Z
BMW,X4 M COMPETITION,2026-02,0.0,google_trends,2026-08-29T21:54:49Z
BMW,X4 M COMPETITION,2026-03,0.0,google_trends,2026-08-29T21:54:49Z
BMW,X4 M COMPETITION,2026-04,0.0,google_trends,2026-08-29T21:54:49Z
BMW,X4 M COMPETITION,2026-05,0.0,google_trends,2026-08-29T21:54:49Z
BMW,X4 M COMPETITION,2026-06,0.0,google_trends,2026-08-29T21:54:49Z
BMW,X4 M COMPETITION,2026-07,0.0,google_trends,2026-08-29T21:54:49Z
BMW,X4 M40I,2025-08,1.2165,google_trends,2026-08-29T21:54:49Z
BMW,X4 M40I,2025-09,1.2165,google_trends,2026-08-29T21:54:49Z
BMW,X4 M40I,2025-10,1.2165,google_trends,2026-08-29T21:54:49Z
BMW,X4 M40I,2025-11,1.2165,google_trends,2026-08-29T21:54:49Z
BMW,X4 M40I,2025-12,1.2165,google_trends,2026-08-29T21:54:49Z
BMW,X4 M40I,2026-01,1.2165,google_trends,2026-08-29T21:54:49Z
BMW,X4 M40I,2026-02,1.2165,google_trends,2026-08-29T21:54:49Z
BMW,X4 M40I,2026-03,1.2165,google_trends,2026-08-29T21:54:49Z
BMW,X4 M40I,2026-04,1.2165,google_trends,2026-08-29T21:54:49Z
BMW,X4 M40I,2026-05,1.2165,google_trends,2026-08-29T21:54:49Z
BMW,X4 M40I,2026-06,1.2165,google_trends,2026-08-29T21:54:49Z
BMW,X4 M40I,2026-07,1.2165,google_trends,2026-08-29T21:54:49Z
BMW,X5,2025-08,101.4085,google_trends,2026-08-29T21:54:49Z
BMW,X5,2025-09,91.6234,google_trends,2026-08-29T21:54:49Z
BMW,X5,2025-10,89.3996,google_trends,2026-08-29T21:54:49Z
BMW,X5,2025-11,90.3781,google_trends,2026-08-29T21:54:49Z
BMW,X5,2025-12,92.9577,google_trends,2026-08-29T21:54:49Z
BMW,X5,2026-01,93.8473,google_trends,2026-08-29T21:54:49Z
BMW,X5,2026-02,104.9666,google_trends,2026-08-29T21:54:49Z
BMW,X5,2026-03,104.6108,google_trends,2026-08-29T21:54:49Z
BMW,X5,2026-04,102.7428,google_trends,2026-08-29T21:54:49Z
BMW,X5,2026-05,102.1201,google_trends,2026-08-29T21:54:49Z
BMW,X5,2026-06,119.6442,google_trends,2026-08-29T21:54:49Z
BMW,X5,2026-07,110.3039,google_trends,2026-08-29T21:54:49Z
BMW,X6,2025-08,35.2524,google_trends,2026-08-29T19:23:31Z
BMW,X6,2025-09,30.5069,google_trends,2026-08-29T19:23:31Z
BMW,X6,2025-10,29.5825,google_trends,2026-08-29T19:23:31Z
BMW,X6,2025-11,30.0755,google_trends,2026-08-29T19:23:31Z
BMW,X6,2025-12,30.1988,google_trends,2026-08-29T19:23:31Z
BMW,X6,2026-01,30.1988,google_trends,2026-08-29T19:23:31Z
BMW,X6,2026-02,34.821,google_trends,2026-08-29T19:23:31Z
BMW,X6,2026-03,33.7733,google_trends,2026-08-29T19:23:31Z
BMW,X6,2026-04,34.5129,google_trends,2026-08-29T19:23:31Z
BMW,X6,2026-05,33.2803,google_trends,2026-08-29T19:23:31Z
BMW,X6,2026-06,32.664,google_trends,2026-08-29T19:23:31Z
BMW,X6,2026-07,32.9721,google_trends,2026-08-29T19:23:31Z
BMW,X7,2025-08,24.905,google_trends,2026-08-29T19:23:31Z
BMW,X7,2025-09,24.0419,google_trends,2026-08-29T19:23:31Z
BMW,X7,2025-10,22.5008,google_trends,2026-08-29T19:23:31Z
BMW,X7,2025-11,20.4665,google_trends,2026-08-29T19:23:31Z
BMW,X7,2025-12,22.5008,google_trends,2026-08-29T19:23:31Z
BMW,X7,2026-01,21.8843,google_trends,2026-08-29T19:23:31Z
BMW,X7,2026-02,22.809,google_trends,2026-08-29T19:23:31Z
BMW,X7,2026-03,24.905,google_trends,2026-08-29T19:23:31Z
BMW,X7,2026-04,24.6584,google_trends,2026-08-29T19:23:31Z
BMW,X7,2026-05,24.4118,google_trends,2026-08-29T19:23:31Z
BMW,X7,2026-06,23.7337,google_trends,2026-08-29T19:23:31Z
BMW,X7,2026-07,24.9666,google_trends,2026-08-29T19:23:31Z
BMW,Z1,2025-08,1.4599,google_trends,2026-08-29T21:54:49Z
BMW,Z1,2025-09,1.5207,google_trends,2026-08-29T21:54:49Z
BMW,Z1,2025-10,1.2165,google_trends,2026-08-29T21:54:49Z
BMW,Z1,2025-11,1.2165,google_trends,2026-08-29T21:54:49Z
BMW,Z1,2025-12,1.5207,google_trends,2026-08-29T21:54:49Z
BMW,Z1,2026-01,1.2165,google_trends,2026-08-29T21:54:49Z
BMW,Z1,2026-02,1.2165,google_trends,2026-08-29T21:54:49Z
BMW,Z1,2026-03,1.2165,google_trends,2026-08-29T21:54:49Z
BMW,Z1,2026-04,2.4331,google_trends,2026-08-29T21:54:49Z
BMW,Z1,2026-05,2.6764,google_trends,2026-08-29T21:54:49Z
BMW,Z1,2026-06,3.0414,google_trends,2026-08-29T21:54:49Z
BMW,Z1,2026-07,2.4331,google_trends,2026-08-29T21:54:49Z
BMW,Z3,2025-08,8.3774,google_trends,2026-08-29T19:23:31Z
BMW,Z3,2025-09,7.0838,google_trends,2026-08-29T19:23:31Z
BMW,Z3,2025-10,6.7758,google_trends,2026-08-29T19:23:31Z
BMW,Z3,2025-11,6.1598,google_trends,2026-08-29T19:23:31Z
BMW,Z3,2025-12,5.2359,google_trends,2026-08-29T19:23:31Z
BMW,Z3,2026-01,5.5439,google_trends,2026-08-29T19:23:31Z
BMW,Z3,2026-02,8.3158,google_trends,2026-08-29T19:23:31Z
BMW,Z3,2026-03,7.8846,google_trends,2026-08-29T19:23:31Z
BMW,Z3,2026-04,8.9318,google_trends,2026-08-29T19:23:31Z
BMW,Z3,2026-05,9.363,google_trends,2026-08-29T19:23:31Z
BMW,Z3,2026-06,8.6238,google_trends,2026-08-29T19:23:31Z
BMW,Z3,2026-07,8.6238,google_trends,2026-08-29T19:23:31Z
BMW,Z8,2025-08,1.4791,google_trends,2026-08-29T19:23:31Z
BMW,Z8,2025-09,1.2326,google_trends,2026-08-29T19:23:31Z
BMW,Z8,2025-10,1.2326,google_trends,2026-08-29T19:23:31Z
BMW,Z8,2025-11,1.2326,google_trends,2026-08-29T19:23:31Z
BMW,Z8,2025-12,1.2326,google_trends,2026-08-29T19:23:31Z
BMW,Z8,2026-01,1.2326,google_trends,2026-08-29T19:23:31Z
BMW,Z8,2026-02,1.8489,google_trends,2026-08-29T19:23:31Z
BMW,Z8,2026-03,1.4791,google_trends,2026-08-29T19:23:31Z
BMW,Z8,2026-04,2.4652,google_trends,2026-08-29T19:23:31Z
BMW,Z8,2026-05,2.4652,google_trends,2026-08-29T19:23:31Z
BMW,Z8,2026-06,1.8489,google_trends,2026-08-29T19:23:31Z
BMW,Z8,2026-07,1.8489,google_trends,2026-08-29T19:23:31Z
BMW,i3,2025-08,13.3121,google_trends,2026-08-29T19:23:31Z
BMW,i3,2025-09,13.2505,google_trends,2026-08-29T19:23:31Z
BMW,i3,2025-10,12.6342,google_trends,2026-08-29T19:23:31Z
BMW,i3,2025-11,12.8191,google_trends,2026-08-29T19:23:31Z
BMW,i3,2025-12,11.7097,google_trends,2026-08-29T19:23:31Z
BMW,i3,2026-01,11.7097,google_trends,2026-08-29T19:23:31Z
BMW,i3,2026-02,13.5586,google_trends,2026-08-29T19:23:31Z
BMW,i3,2026-03,35.4989,google_trends,2026-08-29T19:23:31Z
BMW,i3,2026-04,23.4194,google_trends,2026-08-29T19:23:31Z
BMW,i3,2026-05,18.489,google_trends,2026-08-29T19:23:31Z
BMW,i3,2026-06,20.6461,google_trends,2026-08-29T19:23:31Z
BMW,i3,2026-07,16.332,google_trends,2026-08-29T19:23:31Z
BMW,i8,2025-08,15.5308,google_trends,2026-08-29T19:23:31Z
BMW,i8,2025-09,13.5586,google_trends,2026-08-29T19:23:31Z
BMW,i8,2025-10,13.2505,google_trends,2026-08-29T19:23:31Z
BMW,i8,2025-11,14.7912,google_trends,2026-08-29T19:23:31Z
BMW,i8,2025-12,13.8668,google_trends,2026-08-29T19:23:31Z
BMW,i8,2026-01,12.9423,google_trends,2026-08-29T19:23:31Z
BMW,i8,2026-02,13.5586,google_trends,2026-08-29T19:23:31Z
BMW,i8,2026-03,15.2843,google_trends,2026-08-29T19:23:31Z
BMW,i8,2026-04,15.7157,google_trends,2026-08-29T19:23:31Z
BMW,i8,2026-05,16.2704,google_trends,2026-08-29T19:23:31Z
BMW,i8,2026-06,14.7912,google_trends,2026-08-29T19:23:31Z
BMW,i8,2026-07,14.7912,google_trends,2026-08-29T19:23:31Z
Bac,BAC Mono,2025-08,1.2329,google_trends,2026-08-29T19:23:31Z
Bac,BAC Mono,2025-09,0.3082,google_trends,2026-08-29T19:23:31Z
Bac,BAC Mono,2025-10,0.9247,google_trends,2026-08-29T19:23:31Z
Bac,BAC Mono,2025-11,0.2466,google_trends,2026-08-29T19:23:31Z
Bac,BAC Mono,2025-12,0.0,google_trends,2026-08-29T19:23:31Z
Bac,BAC Mono,2026-01,0.6165,google_trends,2026-08-29T19:23:31Z
Bac,BAC Mono,2026-02,0.0,google_trends,2026-08-29T19:23:31Z
Bac,BAC Mono,2026-03,0.2466,google_trends,2026-08-29T19:23:31Z
Bac,BAC Mono,2026-04,0.3082,google_trends,2026-08-29T19:23:31Z
Bac,BAC Mono,2026-05,0.7398,google_trends,2026-08-29T19:23:31Z
Bac,BAC Mono,2026-06,0.3082,google_trends,2026-08-29T19:23:31Z
Bac,BAC Mono,2026-07,0.9247,google_trends,2026-08-29T19:23:31Z
Bentley,Arnage,2025-08,0.493,google_trends,2026-08-29T19:23:31Z
Bentley,Arnage,2025-09,0.0,google_trends,2026-08-29T19:23:31Z
Bentley,Arnage,2025-10,0.3082,google_trends,2026-08-29T19:23:31Z
Bentley,Arnage,2025-11,0.0,google_trends,2026-08-29T19:23:31Z
Bentley,Arnage,2025-12,0.0,google_trends,2026-08-29T19:23:31Z
Bentley,Arnage,2026-01,0.0,google_trends,2026-08-29T19:23:31Z
Bentley,Arnage,2026-02,0.9245,google_trends,2026-08-29T19:23:31Z
Bentley,Arnage,2026-03,0.9861,google_trends,2026-08-29T19:23:31Z
Bentley,Arnage,2026-04,1.2326,google_trends,2026-08-29T19:23:31Z
Bentley,Arnage,2026-05,0.9861,google_trends,2026-08-29T19:23:31Z
Bentley,Arnage,2026-06,1.2326,google_trends,2026-08-29T19:23:31Z
Bentley,Arnage,2026-07,0.9245,google_trends,2026-08-29T19:23:31Z
Bentley,Azure,2025-08,1.2326,google_trends,2026-08-29T19:23:31Z
Bentley,Azure,2025-09,1.2326,google_trends,2026-08-29T19:23:31Z
Bentley,Azure,2025-10,0.9245,google_trends,2026-08-29T19:23:31Z
Bentley,Azure,2025-11,0.9861,google_trends,2026-08-29T19:23:31Z
Bentley,Azure,2025-12,0.6163,google_trends,2026-08-29T19:23:31Z
Bentley,Azure,2026-01,1.2326,google_trends,2026-08-29T19:23:31Z
Bentley,Azure,2026-02,1.2326,google_trends,2026-08-29T19:23:31Z
Bentley,Azure,2026-03,1.2326,google_trends,2026-08-29T19:23:31Z
Bentley,Azure,2026-04,1.2326,google_trends,2026-08-29T19:23:31Z
Bentley,Azure,2026-05,1.2326,google_trends,2026-08-29T19:23:31Z
Bentley,Azure,2026-06,1.2326,google_trends,2026-08-29T19:23:31Z
Bentley,Azure,2026-07,0.9245,google_trends,2026-08-29T19:23:31Z
Bentley,Bentayga,2025-08,5.4235,google_trends,2026-08-29T19:23:31Z
Bentley,Bentayga,2025-09,4.9304,google_trends,2026-08-29T19:23:31Z
Bentley,Bentayga,2025-10,4.9304,google_trends,2026-08-29T19:23:31Z
Bentley,Bentayga,2025-11,4.6839,google_trends,2026-08-29T19:23:31Z
Bentley,Bentayga,2025-12,4.9304,google_trends,2026-08-29T19:23:31Z
Bentley,Bentayga,2026-01,4.9304,google_trends,2026-08-29T19:23:31Z
Bentley,Bentayga,2026-02,4.9304,google_trends,2026-08-29T19:23:31Z
Bentley,Bentayga,2026-03,5.1769,google_trends,2026-08-29T19:23:31Z
Bentley,Bentayga,2026-04,6.163,google_trends,2026-08-29T19:23:31Z
Bentley,Bentayga,2026-05,5.67,google_trends,2026-08-29T19:23:31Z
Bentley,Bentayga,2026-06,4.9304,google_trends,2026-08-29T19:23:31Z
Bentley,Bentayga,2026-07,4.9304,google_trends,2026-08-29T19:23:31Z
Bentley,Continental,2025-08,12.4088,google_trends,2026-08-29T21:54:49Z
Bentley,Continental,2025-09,10.3406,google_trends,2026-08-29T21:54:49Z
Bentley,Continental,2025-10,9.4282,google_trends,2026-08-29T21:54:49Z
Bentley,Continental,2025-11,10.219,google_trends,2026-08-29T21:54:49Z
Bentley,Continental,2025-12,10.3406,google_trends,2026-08-29T21:54:49Z
Bentley,Continental,2026-01,10.3406,google_trends,2026-08-29T21:54:49Z
Bentley,Continental,2026-02,11.5572,google_trends,2026-08-29T21:54:49Z
Bentley,Continental,2026-03,12.6521,google_trends,2026-08-29T21:54:49Z
Bentley,Continental,2026-04,14.5985,google_trends,2026-08-29T21:54:49Z
Bentley,Continental,2026-05,14.3552,google_trends,2026-08-29T21:54:49Z
Bentley,Continental,2026-06,11.5572,google_trends,2026-08-29T21:54:49Z
Bentley,Continental,2026-07,10.9489,google_trends,2026-08-29T21:54:49Z
Bentley,Continental Flying Spur,2025-08,0.0,google_trends,2026-08-29T19:23:31Z
Bentley,Continental Flying Spur,2025-09,0.0,google_trends,2026-08-29T19:23:31Z
Bentley,Continental Flying Spur,2025-10,0.0,google_trends,2026-08-29T19:23:31Z
Bentley,Continental Flying Spur,2025-11,0.0,google_trends,2026-08-29T19:23:31Z
Bentley,Continental Flying Spur,2025-12,0.0,google_trends,2026-08-29T19:23:31Z
Bentley,Continental Flying Spur,2026-01,0.0,google_trends,2026-08-29T19:23:31Z
Bentley,Continental Flying Spur,2026-02,0.9245,google_trends,2026-08-29T19:23:31Z
Bentley,Continental Flying Spur,2026-03,0.0,google_trends,2026-08-29T19:23:31Z
Bentley,Continental Flying Spur,2026-04,0.0,google_trends,2026-08-29T19:23:31Z
Bentley,Continental Flying Spur,2026-05,0.493,google_trends,2026-08-29T19:23:31Z
Bentley,Continental Flying Spur,2026-06,0.3082,google_trends,2026-08-29T19:23:31Z
Bentley,Continental Flying Spur,2026-07,0.0,google_trends,2026-08-29T19:23:31Z
Bentley,Continental GT,2025-08,8.6238,google_trends,2026-08-29T19:23:31Z
Bentley,Continental GT,2025-09,7.3918,google_trends,2026-08-29T19:23:31Z
Bentley,Continental GT,2025-10,7.0838,google_trends,2026-08-29T19:23:31Z
Bentley,Continental GT,2025-11,7.1454,google_trends,2026-08-29T19:23:31Z
Bentley,Continental GT,2025-12,7.0838,google_trends,2026-08-29T19:23:31Z
Bentley,Continental GT,2026-01,7.0838,google_trends,2026-08-29T19:23:31Z
Bentley,Continental GT,2026-02,8.3158,google_trends,2026-08-29T19:23:31Z
Bentley,Continental GT,2026-03,8.3774,google_trends,2026-08-29T19:23:31Z
Bentley,Continental GT,2026-04,10.1637,google_trends,2026-08-29T19:23:31Z
Bentley,Continental GT,2026-05,9.6094,google_trends,2026-08-29T19:23:31Z
Bentley,Continental GT,2026-06,7.3918,google_trends,2026-08-29T19:23:31Z
Bentley,Continental GT,2026-07,7.3918,google_trends,2026-08-29T19:23:31Z
Bentley,Continental GTC,2025-08,0.9856,google_trends,2026-08-29T19:23:31Z
Bentley,Continental GTC,2025-09,0.308,google_trends,2026-08-29T19:23:31Z
Bentley,Continental GTC,2025-10,0.0,google_trends,2026-08-29T19:23:31Z
Bentley,Continental GTC,2025-11,0.0,google_trends,2026-08-29T19:23:31Z
Bentley,Continental GTC,2025-12,0.0,google_trends,2026-08-29T19:23:31Z
Bentley,Continental GTC,2026-01,0.308,google_trends,2026-08-29T19:23:31Z
Bentley,Continental GTC,2026-02,0.924,google_trends,2026-08-29T19:23:31Z
Bentley,Continental GTC,2026-03,0.9856,google_trends,2026-08-29T19:23:31Z
Bentley,Continental GTC,2026-04,1.232,google_trends,2026-08-29T19:23:31Z
Bentley,Continental GTC,2026-05,1.232,google_trends,2026-08-29T19:23:31Z
Bentley,Continental GTC,2026-06,1.232,google_trends,2026-08-29T19:23:31Z
Bentley,Continental GTC,2026-07,1.232,google_trends,2026-08-29T19:23:31Z
Bentley,Mulsanne,2025-08,1.2326,google_trends,2026-08-29T19:23:31Z
Bentley,Mulsanne,2025-09,1.2326,google_trends,2026-08-29T19:23:31Z
Bentley,Mulsanne,2025-10,1.2326,google_trends,2026-08-29T19:23:31Z
Bentley,Mulsanne,2025-11,1.2326,google_trends,2026-08-29T19:23:31Z
Bentley,Mulsanne,2025-12,1.2326,google_trends,2026-08-29T19:23:31Z
Bentley,Mulsanne,2026-01,1.2326,google_trends,2026-08-29T19:23:31Z
Bentley,Mulsanne,2026-02,1.2326,google_trends,2026-08-29T19:23:31Z
Bentley,Mulsanne,2026-03,1.2326,google_trends,2026-08-29T19:23:31Z
Bentley,Mulsanne,2026-04,1.5408,google_trends,2026-08-29T19:23:31Z
Bentley,Mulsanne,2026-05,1.7256,google_trends,2026-08-29T19:23:31Z
Bentley,Mulsanne,2026-06,1.2326,google_trends,2026-08-29T19:23:31Z
Bentley,Mulsanne,2026-07,1.2326,google_trends,2026-08-29T19:23:31Z
Bsa,BSA Gold Star,2025-08,0.4866,google_trends,2026-08-29T21:54:49Z
Bsa,BSA Gold Star,2025-09,0.0,google_trends,2026-08-29T21:54:49Z
Bsa,BSA Gold Star,2025-10,0.0,google_trends,2026-08-29T21:54:49Z
Bsa,BSA Gold Star,2025-11,0.0,google_trends,2026-08-29T21:54:49Z
Bsa,BSA Gold Star,2025-12,0.0,google_trends,2026-08-29T21:54:49Z
Bsa,BSA Gold Star,2026-01,0.0,google_trends,2026-08-29T21:54:49Z
Bsa,BSA Gold Star,2026-02,0.0,google_trends,2026-08-29T21:54:49Z
Bsa,BSA Gold Star,2026-03,0.0,google_trends,2026-08-29T21:54:49Z
Bsa,BSA Gold Star,2026-04,0.3041,google_trends,2026-08-29T21:54:49Z
Bsa,BSA Gold Star,2026-05,0.0,google_trends,2026-08-29T21:54:49Z
Bsa,BSA Gold Star,2026-06,0.0,google_trends,2026-08-29T21:54:49Z
Bsa,BSA Gold Star,2026-07,0.0,google_trends,2026-08-29T21:54:49Z
Bugatti,Chiron,2025-08,15.0852,google_trends,2026-08-29T21:54:49Z
Bugatti,Chiron,2025-09,12.7737,google_trends,2026-08-29T21:54:49Z
Bugatti,Chiron,2025-10,13.382,google_trends,2026-08-29T21:54:49Z
Bugatti,Chiron,2025-11,12.8954,google_trends,2026-08-29T21:54:49Z
Bugatti,Chiron,2025-12,13.0779,google_trends,2026-08-29T21:54:49Z
Bugatti,Chiron,2026-01,14.2944,google_trends,2026-08-29T21:54:49Z
Bugatti,Chiron,2026-02,12.4696,google_trends,2026-08-29T21:54:49Z
Bugatti,Chiron,2026-03,12.4088,google_trends,2026-08-29T21:54:49Z
Bugatti,Chiron,2026-04,13.9903,google_trends,2026-08-29T21:54:49Z
Bugatti,Chiron,2026-05,13.382,google_trends,2026-08-29T21:54:49Z
Bugatti,Chiron,2026-06,11.8613,google_trends,2026-08-29T21:54:49Z
Bugatti,Chiron,2026-07,11.253,google_trends,2026-08-29T21:54:49Z
Buick,BUICK ESTATE WAGON,2025-08,0.0,google_trends,2026-08-29T21:54:49Z
Buick,BUICK ESTATE WAGON,2025-09,0.0,google_trends,2026-08-29T21:54:49Z
Buick,BUICK ESTATE WAGON,2025-10,0.0,google_trends,2026-08-29T21:54:49Z
Buick,BUICK ESTATE WAGON,2025-11,0.0,google_trends,2026-08-29T21:54:49Z
Buick,BUICK ESTATE WAGON,2025-12,0.0,google_trends,2026-08-29T21:54:49Z
Buick,BUICK ESTATE WAGON,2026-01,0.0,google_trends,2026-08-29T21:54:49Z
Buick,BUICK ESTATE WAGON,2026-02,0.6083,google_trends,2026-08-29T21:54:49Z
Buick,BUICK ESTATE WAGON,2026-03,0.0,google_trends,2026-08-29T21:54:49Z
Buick,BUICK ESTATE WAGON,2026-04,0.0,google_trends,2026-08-29T21:54:49Z
Buick,BUICK ESTATE WAGON,2026-05,0.0,google_trends,2026-08-29T21:54:49Z
Buick,BUICK ESTATE WAGON,2026-06,0.0,google_trends,2026-08-29T21:54:49Z
Buick,BUICK ESTATE WAGON,2026-07,0.0,google_trends,2026-08-29T21:54:49Z
Buick,BUICK LACROSSE,2025-08,7.2993,google_trends,2026-08-29T21:54:49Z
Buick,BUICK LACROSSE,2025-09,6.691,google_trends,2026-08-29T21:54:49Z
Buick,BUICK LACROSSE,2025-10,6.0827,google_trends,2026-08-29T21:54:49Z
Buick,BUICK LACROSSE,2025-11,6.326,google_trends,2026-08-29T21:54:49Z
Buick,BUICK LACROSSE,2025-12,6.0827,google_trends,2026-08-29T21:54:49Z
Buick,BUICK LACROSSE,2026-01,6.0827,google_trends,2026-08-29T21:54:49Z
Buick,BUICK LACROSSE,2026-02,10.3406,google_trends,2026-08-29T21:54:49Z
Buick,BUICK LACROSSE,2026-03,8.5158,google_trends,2026-08-29T21:54:49Z
Buick,BUICK LACROSSE,2026-04,8.2117,google_trends,2026-08-29T21:54:49Z
Buick,BUICK LACROSSE,2026-05,8.7591,google_trends,2026-08-29T21:54:49Z
Buick,BUICK LACROSSE,2026-06,8.2117,google_trends,2026-08-29T21:54:49Z
Buick,BUICK LACROSSE,2026-07,7.6034,google_trends,2026-08-29T21:54:49Z
Buick,BUICK LUCERNE,2025-08,2.6764,google_trends,2026-08-29T21:54:49Z
Buick,BUICK LUCERNE,2025-09,2.4331,google_trends,2026-08-29T21:54:49Z
Buick,BUICK LUCERNE,2025-10,2.4331,google_trends,2026-08-29T21:54:49Z
Buick,BUICK LUCERNE,2025-11,2.4331,google_trends,2026-08-29T21:54:49Z
Buick,BUICK LUCERNE,2025-12,2.4331,google_trends,2026-08-29T21:54:49Z
Buick,BUICK LUCERNE,2026-01,2.4331,google_trends,2026-08-29T21:54:49Z
Buick,BUICK LUCERNE,2026-02,3.6496,google_trends,2026-08-29T21:54:49Z
Buick,BUICK LUCERNE,2026-03,2.9197,google_trends,2026-08-29T21:54:49Z
Buick,BUICK LUCERNE,2026-04,3.6496,google_trends,2026-08-29T21:54:49Z
Buick,BUICK LUCERNE,2026-05,3.4063,google_trends,2026-08-29T21:54:49Z
Buick,BUICK LUCERNE,2026-06,3.3455,google_trends,2026-08-29T21:54:49Z
Buick,BUICK LUCERNE,2026-07,2.4331,google_trends,2026-08-29T21:54:49Z
Buick,Buick Century,2025-08,2.4652,google_trends,2026-08-29T19:23:31Z
Buick,Buick Century,2025-09,2.4652,google_trends,2026-08-29T19:23:31Z
Buick,Buick Century,2025-10,2.4652,google_trends,2026-08-29T19:23:31Z
Buick,Buick Century,2025-11,2.7117,google_trends,2026-08-29T19:23:31Z
Buick,Buick Century,2025-12,2.4652,google_trends,2026-08-29T19:23:31Z
Buick,Buick Century,2026-01,2.4652,google_trends,2026-08-29T19:23:31Z
Buick,Buick Century,2026-02,5.5467,google_trends,2026-08-29T19:23:31Z
Buick,Buick Century,2026-03,2.7117,google_trends,2026-08-29T19:23:31Z
Buick,Buick Century,2026-04,3.3897,google_trends,2026-08-29T19:23:31Z
Buick,Buick Century,2026-05,3.2048,google_trends,2026-08-29T19:23:31Z
Buick,Buick Century,2026-06,2.7734,google_trends,2026-08-29T19:23:31Z
Buick,Buick Century,2026-07,2.4652,google_trends,2026-08-29T19:23:31Z
Buick,Buick Electra,2025-08,1.2326,google_trends,2026-08-29T19:23:31Z
Buick,Buick Electra,2025-09,1.2326,google_trends,2026-08-29T19:23:31Z
Buick,Buick Electra,2025-10,1.2326,google_trends,2026-08-29T19:23:31Z
Buick,Buick Electra,2025-11,1.2326,google_trends,2026-08-29T19:23:31Z
Buick,Buick Electra,2025-12,1.2326,google_trends,2026-08-29T19:23:31Z
Buick,Buick Electra,2026-01,1.2326,google_trends,2026-08-29T19:23:31Z
Buick,Buick Electra,2026-02,2.4652,google_trends,2026-08-29T19:23:31Z
Buick,Buick Electra,2026-03,1.2326,google_trends,2026-08-29T19:23:31Z
Buick,Buick Electra,2026-04,1.2326,google_trends,2026-08-29T19:23:31Z
Buick,Buick Electra,2026-05,1.2326,google_trends,2026-08-29T19:23:31Z
Buick,Buick Electra,2026-06,1.2326,google_trends,2026-08-29T19:23:31Z
Buick,Buick Electra,2026-07,1.2326,google_trends,2026-08-29T19:23:31Z
Buick,Buick Estate Wagon,2025-08,0.0,google_trends,2026-08-29T21:54:49Z
Buick,Buick Estate Wagon,2025-09,0.0,google_trends,2026-08-29T21:54:49Z
Buick,Buick Estate Wagon,2025-10,0.0,google_trends,2026-08-29T21:54:49Z
Buick,Buick Estate Wagon,2025-11,0.0,google_trends,2026-08-29T21:54:49Z
Buick,Buick Estate Wagon,2025-12,0.0,google_trends,2026-08-29T21:54:49Z
Buick,Buick Estate Wagon,2026-01,0.0,google_trends,2026-08-29T21:54:49Z
Buick,Buick Estate Wagon,2026-02,0.6083,google_trends,2026-08-29T21:54:49Z
Buick,Buick Estate Wagon,2026-03,0.0,google_trends,2026-08-29T21:54:49Z
Buick,Buick Estate Wagon,2026-04,0.0,google_trends,2026-08-29T21:54:49Z
Buick,Buick Estate Wagon,2026-05,0.0,google_trends,2026-08-29T21:54:49Z
Buick,Buick Estate Wagon,2026-06,0.0,google_trends,2026-08-29T21:54:49Z
Buick,Buick Estate Wagon,2026-07,0.0,google_trends,2026-08-29T21:54:49Z
Buick,Buick GNX,2025-08,1.2329,google_trends,2026-08-29T19:23:31Z
Buick,Buick GNX,2025-09,0.9247,google_trends,2026-08-29T19:23:31Z
Buick,Buick GNX,2025-10,0.3082,google_trends,2026-08-29T19:23:31Z
Buick,Buick GNX,2025-11,1.2329,google_trends,2026-08-29T19:23:31Z
Buick,Buick GNX,2025-12,1.2329,google_trends,2026-08-29T19:23:31Z
Buick,Buick GNX,2026-01,0.9247,google_trends,2026-08-29T19:23:31Z
Buick,Buick GNX,2026-02,1.2329,google_trends,2026-08-29T19:23:31Z
Buick,Buick GNX,2026-03,0.2466,google_trends,2026-08-29T19:23:31Z
Buick,Buick GNX,2026-04,0.9247,google_trends,2026-08-29T19:23:31Z
Buick,Buick GNX,2026-05,0.9863,google_trends,2026-08-29T19:23:31Z
Buick,Buick GNX,2026-06,1.2329,google_trends,2026-08-29T19:23:31Z
Buick,Buick GNX,2026-07,1.5411,google_trends,2026-08-29T19:23:31Z
Buick,Buick Grand National,2025-08,1.2326,google_trends,2026-08-29T19:23:31Z
Buick,Buick Grand National,2025-09,1.2326,google_trends,2026-08-29T19:23:31Z
Buick,Buick Grand National,2025-10,1.2326,google_trends,2026-08-29T19:23:31Z
Buick,Buick Grand National,2025-11,1.2326,google_trends,2026-08-29T19:23:31Z
Buick,Buick Grand National,2025-12,1.2326,google_trends,2026-08-29T19:23:31Z
Buick,Buick Grand National,2026-01,1.2326,google_trends,2026-08-29T19:23:31Z
Buick,Buick Grand National,2026-02,1.5408,google_trends,2026-08-29T19:23:31Z
Buick,Buick Grand National,2026-03,1.2326,google_trends,2026-08-29T19:23:31Z
Buick,Buick Grand National,2026-04,1.2326,google_trends,2026-08-29T19:23:31Z
Buick,Buick Grand National,2026-05,1.4791,google_trends,2026-08-29T19:23:31Z
Buick,Buick Grand National,2026-06,1.2326,google_trends,2026-08-29T19:23:31Z
Buick,Buick Grand National,2026-07,1.2326,google_trends,2026-08-29T19:23:31Z
Buick,Buick LeSabre,2025-08,4.9304,google_trends,2026-08-29T19:23:31Z
Buick,Buick LeSabre,2025-09,4.6223,google_trends,2026-08-29T19:23:31Z
Buick,Buick LeSabre,2025-10,4.9304,google_trends,2026-08-29T19:23:31Z
Buick,Buick LeSabre,2025-11,4.4374,google_trends,2026-08-29T19:23:31Z
Buick,Buick LeSabre,2025-12,4.9304,google_trends,2026-08-29T19:23:31Z
Buick,Buick LeSabre,2026-01,4.3141,google_trends,2026-08-29T19:23:31Z
Buick,Buick LeSabre,2026-02,6.163,google_trends,2026-08-29T19:23:31Z
Buick,Buick LeSabre,2026-03,5.4235,google_trends,2026-08-29T19:23:31Z
Buick,Buick LeSabre,2026-04,6.163,google_trends,2026-08-29T19:23:31Z
Buick,Buick LeSabre,2026-05,6.4095,google_trends,2026-08-29T19:23:31Z
Buick,Buick LeSabre,2026-06,5.5467,google_trends,2026-08-29T19:23:31Z
Buick,Buick LeSabre,2026-07,5.8549,google_trends,2026-08-29T19:23:31Z
Buick,Buick Park Avenue,2025-08,1.2329,google_trends,2026-08-29T19:23:31Z
Buick,Buick Park Avenue,2025-09,1.2329,google_trends,2026-08-29T19:23:31Z
Buick,Buick Park Avenue,2025-10,1.2329,google_trends,2026-08-29T19:23:31Z
Buick,Buick Park Avenue,2025-11,1.2329,google_trends,2026-08-29T19:23:31Z
Buick,Buick Park Avenue,2025-12,1.2329,google_trends,2026-08-29T19:23:31Z
Buick,Buick Park Avenue,2026-01,1.2329,google_trends,2026-08-29T19:23:31Z
Buick,Buick Park Avenue,2026-02,2.4658,google_trends,2026-08-29T19:23:31Z
Buick,Buick Park Avenue,2026-03,1.2329,google_trends,2026-08-29T19:23:31Z
Buick,Buick Park Avenue,2026-04,1.2329,google_trends,2026-08-29T19:23:31Z
Buick,Buick Park Avenue,2026-05,1.2329,google_trends,2026-08-29T19:23:31Z
Buick,Buick Park Avenue,2026-06,1.2329,google_trends,2026-08-29T19:23:31Z
Buick,Buick Park Avenue,2026-07,1.2329,google_trends,2026-08-29T19:23:31Z
Buick,Buick Reatta,2025-08,0.0,google_trends,2026-08-29T19:23:31Z
Buick,Buick Reatta,2025-09,0.0,google_trends,2026-08-29T19:23:31Z
Buick,Buick Reatta,2025-10,0.0,google_trends,2026-08-29T19:23:31Z
Buick,Buick Reatta,2025-11,0.0,google_trends,2026-08-29T19:23:31Z
Buick,Buick Reatta,2025-12,0.0,google_trends,2026-08-29T19:23:31Z
Buick,Buick Reatta,2026-01,0.0,google_trends,2026-08-29T19:23:31Z
Buick,Buick Reatta,2026-02,0.6165,google_trends,2026-08-29T19:23:31Z
Buick,Buick Reatta,2026-03,0.0,google_trends,2026-08-29T19:23:31Z
Buick,Buick Reatta,2026-04,0.0,google_trends,2026-08-29T19:23:31Z
Buick,Buick Reatta,2026-05,0.2466,google_trends,2026-08-29T19:23:31Z
Buick,Buick Reatta,2026-06,0.0,google_trends,2026-08-29T19:23:31Z
Buick,Buick Reatta,2026-07,0.0,google_trends,2026-08-29T19:23:31Z
Buick,Buick Regal,2025-08,7.3975,google_trends,2026-08-29T19:23:31Z
Buick,Buick Regal,2025-09,6.4728,google_trends,2026-08-29T19:23:31Z
Buick,Buick Regal,2025-10,6.4728,google_trends,2026-08-29T19:23:31Z
Buick,Buick Regal,2025-11,6.1646,google_trends,2026-08-29T19:23:31Z
Buick,Buick Regal,2025-12,6.1646,google_trends,2026-08-29T19:23:31Z
Buick,Buick Regal,2026-01,6.7811,google_trends,2026-08-29T19:23:31Z
Buick,Buick Regal,2026-02,11.7127,google_trends,2026-08-29T19:23:31Z
Buick,Buick Regal,2026-03,8.1373,google_trends,2026-08-29T19:23:31Z
Buick,Buick Regal,2026-04,8.9387,google_trends,2026-08-29T19:23:31Z
Buick,Buick Regal,2026-05,8.877,google_trends,2026-08-29T19:23:31Z
Buick,Buick Regal,2026-06,7.3975,google_trends,2026-08-29T19:23:31Z
Buick,Buick Regal,2026-07,7.7057,google_trends,2026-08-29T19:23:31Z
Buick,Buick Riviera,2025-08,2.4652,google_trends,2026-08-29T19:23:31Z
Buick,Buick Riviera,2025-09,2.4652,google_trends,2026-08-29T19:23:31Z
Buick,Buick Riviera,2025-10,2.4652,google_trends,2026-08-29T19:23:31Z
Buick,Buick Riviera,2025-11,2.4652,google_trends,2026-08-29T19:23:31Z
Buick,Buick Riviera,2025-12,2.1571,google_trends,2026-08-29T19:23:31Z
Buick,Buick Riviera,2026-01,2.4652,google_trends,2026-08-29T19:23:31Z
Buick,Buick Riviera,2026-02,3.6978,google_trends,2026-08-29T19:23:31Z
Buick,Buick Riviera,2026-03,2.4652,google_trends,2026-08-29T19:23:31Z
Buick,Buick Riviera,2026-04,2.4652,google_trends,2026-08-29T19:23:31Z
Buick,Buick Riviera,2026-05,2.4652,google_trends,2026-08-29T19:23:31Z
Buick,Buick Riviera,2026-06,2.4652,google_trends,2026-08-29T19:23:31Z
Buick,Buick Riviera,2026-07,2.4652,google_trends,2026-08-29T19:23:31Z
Buick,Buick Roadmaster,2025-08,1.2326,google_trends,2026-08-29T19:23:31Z
Buick,Buick Roadmaster,2025-09,1.2326,google_trends,2026-08-29T19:23:31Z
Buick,Buick Roadmaster,2025-10,1.2326,google_trends,2026-08-29T19:23:31Z
Buick,Buick Roadmaster,2025-11,1.2326,google_trends,2026-08-29T19:23:31Z
Buick,Buick Roadmaster,2025-12,1.2326,google_trends,2026-08-29T19:23:31Z
Buick,Buick Roadmaster,2026-01,1.2326,google_trends,2026-08-29T19:23:31Z
Buick,Buick Roadmaster,2026-02,1.8489,google_trends,2026-08-29T19:23:31Z
Buick,Buick Roadmaster,2026-03,1.2326,google_trends,2026-08-29T19:23:31Z
Buick,Buick Roadmaster,2026-04,1.2326,google_trends,2026-08-29T19:23:31Z
Buick,Buick Roadmaster,2026-05,1.2326,google_trends,2026-08-29T19:23:31Z
Buick,Buick Roadmaster,2026-06,1.2326,google_trends,2026-08-29T19:23:31Z
Buick,Buick Roadmaster,2026-07,1.2326,google_trends,2026-08-29T19:23:31Z
Buick,Buick Skylark,2025-08,1.4791,google_trends,2026-08-29T19:23:31Z
Buick,Buick Skylark,2025-09,1.2326,google_trends,2026-08-29T19:23:31Z
Buick,Buick Skylark,2025-10,1.2326,google_trends,2026-08-29T19:23:31Z
Buick,Buick Skylark,2025-11,1.2326,google_trends,2026-08-29T19:23:31Z
Buick,Buick Skylark,2025-12,1.2326,google_trends,2026-08-29T19:23:31Z
Buick,Buick Skylark,2026-01,1.2326,google_trends,2026-08-29T19:23:31Z
Buick,Buick Skylark,2026-02,2.4652,google_trends,2026-08-29T19:23:31Z
Buick,Buick Skylark,2026-03,1.4791,google_trends,2026-08-29T19:23:31Z
Buick,Buick Skylark,2026-04,1.8489,google_trends,2026-08-29T19:23:31Z
Buick,Buick Skylark,2026-05,1.7256,google_trends,2026-08-29T19:23:31Z
Buick,Buick Skylark,2026-06,1.5408,google_trends,2026-08-29T19:23:31Z
Buick,Buick Skylark,2026-07,1.2326,google_trends,2026-08-29T19:23:31Z
Buick,Buick Special,2025-08,1.2326,google_trends,2026-08-29T19:23:31Z
Buick,Buick Special,2025-09,0.9245,google_trends,2026-08-29T19:23:31Z
Buick,Buick Special,2025-10,0.3082,google_trends,2026-08-29T19:23:31Z
Buick,Buick Special,2025-11,0.493,google_trends,2026-08-29T19:23:31Z
Buick,Buick Special,2025-12,0.6163,google_trends,2026-08-29T19:23:31Z
Buick,Buick Special,2026-01,0.3082,google_trends,2026-08-29T19:23:31Z
Buick,Buick Special,2026-02,1.5408,google_trends,2026-08-29T19:23:31Z
Buick,Buick Special,2026-03,0.9861,google_trends,2026-08-29T19:23:31Z
Buick,Buick Special,2026-04,1.2326,google_trends,2026-08-29T19:23:31Z
Buick,Buick Special,2026-05,1.2326,google_trends,2026-08-29T19:23:31Z
Buick,Buick Special,2026-06,1.2326,google_trends,2026-08-29T19:23:31Z
Buick,Buick Special,2026-07,0.9245,google_trends,2026-08-29T19:23:31Z
Buick,Buick Super,2025-08,0.9861,google_trends,2026-08-29T19:23:31Z
Buick,Buick Super,2025-09,0.0,google_trends,2026-08-29T19:23:31Z
Buick,Buick Super,2025-10,0.0,google_trends,2026-08-29T19:23:31Z
Buick,Buick Super,2025-11,0.2465,google_trends,2026-08-29T19:23:31Z
Buick,Buick Super,2025-12,0.0,google_trends,2026-08-29T19:23:31Z
Buick,Buick Super,2026-01,0.6163,google_trends,2026-08-29T19:23:31Z
Buick,Buick Super,2026-02,1.8489,google_trends,2026-08-29T19:23:31Z
Buick,Buick Super,2026-03,1.2326,google_trends,2026-08-29T19:23:31Z
Buick,Buick Super,2026-04,1.2326,google_trends,2026-08-29T19:23:31Z
Buick,Buick Super,2026-05,1.2326,google_trends,2026-08-29T19:23:31Z
Buick,Buick Super,2026-06,1.2326,google_trends,2026-08-29T19:23:31Z
Buick,Buick Super,2026-07,1.2326,google_trends,2026-08-29T19:23:31Z
Cadillac,CADILLAC CT6,2025-08,1.9465,google_trends,2026-08-29T21:54:49Z
Cadillac,CADILLAC CT6,2025-09,1.2165,google_trends,2026-08-29T21:54:49Z
Cadillac,CADILLAC CT6,2025-10,1.2165,google_trends,2026-08-29T21:54:49Z
Cadillac,CADILLAC CT6,2025-11,1.2165,google_trends,2026-08-29T21:54:49Z
Cadillac,CADILLAC CT6,2025-12,1.2165,google_trends,2026-08-29T21:54:49Z
Cadillac,CADILLAC CT6,2026-01,1.2165,google_trends,2026-08-29T21:54:49Z
Cadillac,CADILLAC CT6,2026-02,2.129,google_trends,2026-08-29T21:54:49Z
Cadillac,CADILLAC CT6,2026-03,2.4331,google_trends,2026-08-29T21:54:49Z
Cadillac,CADILLAC CT6,2026-04,2.4331,google_trends,2026-08-29T21:54:49Z
Cadillac,CADILLAC CT6,2026-05,2.4331,google_trends,2026-08-29T21:54:49Z
Cadillac,CADILLAC CT6,2026-06,2.4331,google_trends,2026-08-29T21:54:49Z
Cadillac,CADILLAC CT6,2026-07,4.562,google_trends,2026-08-29T21:54:49Z
Cadillac,CADILLAC ELR,2025-08,0.0,google_trends,2026-08-29T21:54:49Z
Cadillac,CADILLAC ELR,2025-09,0.0,google_trends,2026-08-29T21:54:49Z
Cadillac,CADILLAC ELR,2025-10,0.0,google_trends,2026-08-29T21:54:49Z
Cadillac,CADILLAC ELR,2025-11,0.2433,google_trends,2026-08-29T21:54:49Z
Cadillac,CADILLAC ELR,2025-12,0.0,google_trends,2026-08-29T21:54:49Z
Cadillac,CADILLAC ELR,2026-01,0.0,google_trends,2026-08-29T21:54:49Z
Cadillac,CADILLAC ELR,2026-02,0.6083,google_trends,2026-08-29T21:54:49Z
Cadillac,CADILLAC ELR,2026-03,0.0,google_trends,2026-08-29T21:54:49Z
Cadillac,CADILLAC ELR,2026-04,0.0,google_trends,2026-08-29T21:54:49Z
Cadillac,CADILLAC ELR,2026-05,0.2433,google_trends,2026-08-29T21:54:49Z
Cadillac,CADILLAC ELR,2026-06,0.0,google_trends,2026-08-29T21:54:49Z
Cadillac,CADILLAC ELR,2026-07,0.0,google_trends,2026-08-29T21:54:49Z
Cadillac,CADILLAC SRX,2025-08,6.1646,google_trends,2026-08-29T19:23:31Z
Cadillac,CADILLAC SRX,2025-09,5.8564,google_trends,2026-08-29T19:23:31Z
Cadillac,CADILLAC SRX,2025-10,5.5481,google_trends,2026-08-29T19:23:31Z
Cadillac,CADILLAC SRX,2025-11,5.1783,google_trends,2026-08-29T19:23:31Z
Cadillac,CADILLAC SRX,2025-12,5.2399,google_trends,2026-08-29T19:23:31Z
Cadillac,CADILLAC SRX,2026-01,4.9317,google_trends,2026-08-29T19:23:31Z
Cadillac,CADILLAC SRX,2026-02,8.9387,google_trends,2026-08-29T19:23:31Z
Cadillac,CADILLAC SRX,2026-03,7.1509,google_trends,2026-08-29T19:23:31Z
Cadillac,CADILLAC SRX,2026-04,7.0893,google_trends,2026-08-29T19:23:31Z
Cadillac,CADILLAC SRX,2026-05,6.9043,google_trends,2026-08-29T19:23:31Z
Cadillac,CADILLAC SRX,2026-06,6.4728,google_trends,2026-08-29T19:23:31Z
Cadillac,CADILLAC SRX,2026-07,6.1646,google_trends,2026-08-29T19:23:31Z
Cadillac,CADILLAC XTS,2025-08,2.7124,google_trends,2026-08-29T19:23:31Z
Cadillac,CADILLAC XTS,2025-09,2.7741,google_trends,2026-08-29T19:23:31Z
Cadillac,CADILLAC XTS,2025-10,2.4658,google_trends,2026-08-29T19:23:31Z
Cadillac,CADILLAC XTS,2025-11,2.4658,google_trends,2026-08-29T19:23:31Z
Cadillac,CADILLAC XTS,2025-12,2.4658,google_trends,2026-08-29T19:23:31Z
Cadillac,CADILLAC XTS,2026-01,2.4658,google_trends,2026-08-29T19:23:31Z
Cadillac,CADILLAC XTS,2026-02,4.3152,google_trends,2026-08-29T19:23:31Z
Cadillac,CADILLAC XTS,2026-03,3.9453,google_trends,2026-08-29T19:23:31Z
Cadillac,CADILLAC XTS,2026-04,4.6234,google_trends,2026-08-29T19:23:31Z
Cadillac,CADILLAC XTS,2026-05,4.9317,google_trends,2026-08-29T19:23:31Z
Cadillac,CADILLAC XTS,2026-06,4.007,google_trends,2026-08-29T19:23:31Z
Cadillac,CADILLAC XTS,2026-07,3.6988,google_trends,2026-08-29T19:23:31Z
Cadillac,Cadillac ATS & ATS-V,2025-08,4.9317,google_trends,2026-08-29T19:23:31Z
Cadillac,Cadillac ATS & ATS-V,2025-09,4.9317,google_trends,2026-08-29T19:23:31Z
Cadillac,Cadillac ATS & ATS-V,2025-10,4.9317,google_trends,2026-08-29T19:23:31Z
Cadillac,Cadillac ATS & ATS-V,2025-11,4.6851,google_trends,2026-08-29T19:23:31Z
Cadillac,Cadillac ATS & ATS-V,2025-12,3.6988,google_trends,2026-08-29T19:23:31Z
Cadillac,Cadillac ATS & ATS-V,2026-01,4.6234,google_trends,2026-08-29T19:23:31Z
Cadillac,Cadillac ATS & ATS-V,2026-02,6.7811,google_trends,2026-08-29T19:23:31Z
Cadillac,Cadillac ATS & ATS-V,2026-03,6.1646,google_trends,2026-08-29T19:23:31Z
Cadillac,Cadillac ATS & ATS-V,2026-04,6.7811,google_trends,2026-08-29T19:23:31Z
Cadillac,Cadillac ATS & ATS-V,2026-05,5.918,google_trends,2026-08-29T19:23:31Z
Cadillac,Cadillac ATS & ATS-V,2026-06,4.9317,google_trends,2026-08-29T19:23:31Z
Cadillac,Cadillac ATS & ATS-V,2026-07,4.9317,google_trends,2026-08-29T19:23:31Z
Cadillac,Cadillac Brougham,2025-08,1.2326,google_trends,2026-08-29T19:23:31Z
Cadillac,Cadillac Brougham,2025-09,1.2326,google_trends,2026-08-29T19:23:31Z
Cadillac,Cadillac Brougham,2025-10,1.2326,google_trends,2026-08-29T19:23:31Z
Cadillac,Cadillac Brougham,2025-11,1.2326,google_trends,2026-08-29T19:23:31Z
Cadillac,Cadillac Brougham,2025-12,1.2326,google_trends,2026-08-29T19:23:31Z
Cadillac,Cadillac Brougham,2026-01,1.2326,google_trends,2026-08-29T19:23:31Z
Cadillac,Cadillac Brougham,2026-02,1.8489,google_trends,2026-08-29T19:23:31Z
Cadillac,Cadillac Brougham,2026-03,1.2326,google_trends,2026-08-29T19:23:31Z
Cadillac,Cadillac Brougham,2026-04,1.2326,google_trends,2026-08-29T19:23:31Z
Cadillac,Cadillac Brougham,2026-05,1.2326,google_trends,2026-08-29T19:23:31Z
Cadillac,Cadillac Brougham,2026-06,1.2326,google_trends,2026-08-29T19:23:31Z
Cadillac,Cadillac Brougham,2026-07,1.2326,google_trends,2026-08-29T19:23:31Z
Cadillac,Cadillac CT5 & CT5-V,2025-08,6.4095,google_trends,2026-08-29T19:23:31Z
Cadillac,Cadillac CT5 & CT5-V,2025-09,5.8549,google_trends,2026-08-29T19:23:31Z
Cadillac,Cadillac CT5 & CT5-V,2025-10,5.5467,google_trends,2026-08-29T19:23:31Z
Cadillac,Cadillac CT5 & CT5-V,2025-11,5.67,google_trends,2026-08-29T19:23:31Z
Cadillac,Cadillac CT5 & CT5-V,2025-12,6.163,google_trends,2026-08-29T19:23:31Z
Cadillac,Cadillac CT5 & CT5-V,2026-01,5.8549,google_trends,2026-08-29T19:23:31Z
Cadillac,Cadillac CT5 & CT5-V,2026-02,7.0875,google_trends,2026-08-29T19:23:31Z
Cadillac,Cadillac CT5 & CT5-V,2026-03,6.9026,google_trends,2026-08-29T19:23:31Z
Cadillac,Cadillac CT5 & CT5-V,2026-04,7.7038,google_trends,2026-08-29T19:23:31Z
Cadillac,Cadillac CT5 & CT5-V,2026-05,7.6421,google_trends,2026-08-29T19:23:31Z
Cadillac,Cadillac CT5 & CT5-V,2026-06,8.0119,google_trends,2026-08-29T19:23:31Z
Cadillac,Cadillac CT5 & CT5-V,2026-07,8.9364,google_trends,2026-08-29T19:23:31Z
Cadillac,Cadillac CT6 & CT6-V,2025-08,1.9465,google_trends,2026-08-29T21:54:49Z
Cadillac,Cadillac CT6 & CT6-V,2025-09,1.2165,google_trends,2026-08-29T21:54:49Z
Cadillac,Cadillac CT6 & CT6-V,2025-10,1.2165,google_trends,2026-08-29T21:54:49Z
Cadillac,Cadillac CT6 & CT6-V,2025-11,1.2165,google_trends,2026-08-29T21:54:49Z
Cadillac,Cadillac CT6 & CT6-V,2025-12,1.2165,google_trends,2026-08-29T21:54:49Z
Cadillac,Cadillac CT6 & CT6-V,2026-01,1.2165,google_trends,2026-08-29T21:54:49Z
Cadillac,Cadillac CT6 & CT6-V,2026-02,2.129,google_trends,2026-08-29T21:54:49Z
Cadillac,Cadillac CT6 & CT6-V,2026-03,2.4331,google_trends,2026-08-29T21:54:49Z
Cadillac,Cadillac CT6 & CT6-V,2026-04,2.4331,google_trends,2026-08-29T21:54:49Z
Cadillac,Cadillac CT6 & CT6-V,2026-05,2.4331,google_trends,2026-08-29T21:54:49Z
Cadillac,Cadillac CT6 & CT6-V,2026-06,2.4331,google_trends,2026-08-29T21:54:49Z
Cadillac,Cadillac CT6 & CT6-V,2026-07,4.562,google_trends,2026-08-29T21:54:49Z
Cadillac,Cadillac CTS & CTS-V,2025-08,12.8125,google_trends,2026-08-29T19:23:31Z
Cadillac,Cadillac CTS & CTS-V,2025-09,13.2437,google_trends,2026-08-29T19:23:31Z
Cadillac,Cadillac CTS & CTS-V,2025-10,11.7037,google_trends,2026-08-29T19:23:31Z
Cadillac,Cadillac CTS & CTS-V,2025-11,11.3341,google_trends,2026-08-29T19:23:31Z
Cadillac,Cadillac CTS & CTS-V,2025-12,11.0877,google_trends,2026-08-29T19:23:31Z
Cadillac,Cadillac CTS & CTS-V,2026-01,10.7797,google_trends,2026-08-29T19:23:31Z
Cadillac,Cadillac CTS & CTS-V,2026-02,15.7076,google_trends,2026-08-29T19:23:31Z
Cadillac,Cadillac CTS & CTS-V,2026-03,14.5372,google_trends,2026-08-29T19:23:31Z
Cadillac,Cadillac CTS & CTS-V,2026-04,15.0916,google_trends,2026-08-29T19:23:31Z
Cadillac,Cadillac CTS & CTS-V,2026-05,13.7981,google_trends,2026-08-29T19:23:31Z
Cadillac,Cadillac CTS & CTS-V,2026-06,12.6277,google_trends,2026-08-29T19:23:31Z
Cadillac,Cadillac CTS & CTS-V,2026-07,13.2437,google_trends,2026-08-29T19:23:31Z
Cadillac,Cadillac DTS,2025-08,2.4652,google_trends,2026-08-29T19:23:31Z
Cadillac,Cadillac DTS,2025-09,2.4652,google_trends,2026-08-29T19:23:31Z
Cadillac,Cadillac DTS,2025-10,2.4652,google_trends,2026-08-29T19:23:31Z
Cadillac,Cadillac DTS,2025-11,2.4652,google_trends,2026-08-29T19:23:31Z
Cadillac,Cadillac DTS,2025-12,2.1571,google_trends,2026-08-29T19:23:31Z
Cadillac,Cadillac DTS,2026-01,2.1571,google_trends,2026-08-29T19:23:31Z
Cadillac,Cadillac DTS,2026-02,3.3897,google_trends,2026-08-29T19:23:31Z
Cadillac,Cadillac DTS,2026-03,2.4652,google_trends,2026-08-29T19:23:31Z
Cadillac,Cadillac DTS,2026-04,2.4652,google_trends,2026-08-29T19:23:31Z
Cadillac,Cadillac DTS,2026-05,2.4652,google_trends,2026-08-29T19:23:31Z
Cadillac,Cadillac DTS,2026-06,2.4652,google_trends,2026-08-29T19:23:31Z
Cadillac,Cadillac DTS,2026-07,2.4652,google_trends,2026-08-29T19:23:31Z
Cadillac,Cadillac DeVille,2025-08,6.1598,google_trends,2026-08-29T19:23:31Z
Cadillac,Cadillac DeVille,2025-09,5.8519,google_trends,2026-08-29T19:23:31Z
Cadillac,Cadillac DeVille,2025-10,5.8519,google_trends,2026-08-29T19:23:31Z
Cadillac,Cadillac DeVille,2025-11,5.4207,google_trends,2026-08-29T19:23:31Z
Cadillac,Cadillac DeVille,2025-12,4.9279,google_trends,2026-08-29T19:23:31Z
Cadillac,Cadillac DeVille,2026-01,5.2359,google_trends,2026-08-29T19:23:31Z
Cadillac,Cadillac DeVille,2026-02,8.3158,google_trends,2026-08-29T19:23:31Z
Cadillac,Cadillac DeVille,2026-03,6.1598,google_trends,2026-08-29T19:23:31Z
Cadillac,Cadillac DeVille,2026-04,6.7758,google_trends,2026-08-29T19:23:31Z
Cadillac,Cadillac DeVille,2026-05,6.6526,google_trends,2026-08-29T19:23:31Z
Cadillac,Cadillac DeVille,2026-06,6.1598,google_trends,2026-08-29T19:23:31Z
Cadillac,Cadillac DeVille,2026-07,6.1598,google_trends,2026-08-29T19:23:31Z
Cadillac,Cadillac Eldorado,2025-08,3.6496,google_trends,2026-08-29T21:54:49Z
Cadillac,Cadillac Eldorado,2025-09,2.7372,google_trends,2026-08-29T21:54:49Z
Cadillac,Cadillac Eldorado,2025-10,2.7372,google_trends,2026-08-29T21:54:49Z
Cadillac,Cadillac Eldorado,2025-11,2.4331,google_trends,2026-08-29T21:54:49Z
Cadillac,Cadillac Eldorado,2025-12,2.4331,google_trends,2026-08-29T21:54:49Z
Cadillac,Cadillac Eldorado,2026-01,3.3455,google_trends,2026-08-29T21:54:49Z
Cadillac,Cadillac Eldorado,2026-02,5.4745,google_trends,2026-08-29T21:54:49Z
Cadillac,Cadillac Eldorado,2026-03,3.4063,google_trends,2026-08-29T21:54:49Z
Cadillac,Cadillac Eldorado,2026-04,3.9538,google_trends,2026-08-29T21:54:49Z
Cadillac,Cadillac Eldorado,2026-05,4.8662,google_trends,2026-08-29T21:54:49Z
Cadillac,Cadillac Eldorado,2026-06,3.6496,google_trends,2026-08-29T21:54:49Z
Cadillac,Cadillac Eldorado,2026-07,3.6496,google_trends,2026-08-29T21:54:49Z
Cadillac,Cadillac Escalade & EXT GMT800,2025-08,39.9363,google_trends,2026-08-29T19:23:31Z
Cadillac,Cadillac Escalade & EXT GMT800,2025-09,34.5129,google_trends,2026-08-29T19:23:31Z
Cadillac,Cadillac Escalade & EXT GMT800,2025-10,35.4373,google_trends,2026-08-29T19:23:31Z
Cadillac,Cadillac Escalade & EXT GMT800,2025-11,36.9781,google_trends,2026-08-29T19:23:31Z
Cadillac,Cadillac Escalade & EXT GMT800,2025-12,38.2107,google_trends,2026-08-29T19:23:31Z
Cadillac,Cadillac Escalade & EXT GMT800,2026-01,34.821,google_trends,2026-08-29T19:23:31Z
Cadillac,Cadillac Escalade & EXT GMT800,2026-02,45.2981,google_trends,2026-08-29T19:23:31Z
Cadillac,Cadillac Escalade & EXT GMT800,2026-03,41.662,google_trends,2026-08-29T19:23:31Z
Cadillac,Cadillac Escalade & EXT GMT800,2026-04,42.2166,google_trends,2026-08-29T19:23:31Z
Cadillac,Cadillac Escalade & EXT GMT800,2026-05,42.648,google_trends,2026-08-29T19:23:31Z
Cadillac,Cadillac Escalade & EXT GMT800,2026-06,38.827,google_trends,2026-08-29T19:23:31Z
Cadillac,Cadillac Escalade & EXT GMT800,2026-07,38.5188,google_trends,2026-08-29T19:23:31Z
Cadillac,Cadillac Escalade & EXT GMT900,2025-08,39.9363,google_trends,2026-08-29T19:23:31Z
Cadillac,Cadillac Escalade & EXT GMT900,2025-09,34.5129,google_trends,2026-08-29T19:23:31Z
Cadillac,Cadillac Escalade & EXT GMT900,2025-10,35.4373,google_trends,2026-08-29T19:23:31Z
Cadillac,Cadillac Escalade & EXT GMT900,2025-11,36.9781,google_trends,2026-08-29T19:23:31Z
Cadillac,Cadillac Escalade & EXT GMT900,2025-12,38.2107,google_trends,2026-08-29T19:23:31Z
Cadillac,Cadillac Escalade & EXT GMT900,2026-01,34.821,google_trends,2026-08-29T19:23:31Z
Cadillac,Cadillac Escalade & EXT GMT900,2026-02,45.2981,google_trends,2026-08-29T19:23:31Z
Cadillac,Cadillac Escalade & EXT GMT900,2026-03,41.662,google_trends,2026-08-29T19:23:31Z
Cadillac,Cadillac Escalade & EXT GMT900,2026-04,42.2166,google_trends,2026-08-29T19:23:31Z
Cadillac,Cadillac Escalade & EXT GMT900,2026-05,42.648,google_trends,2026-08-29T19:23:31Z
Cadillac,Cadillac Escalade & EXT GMT900,2026-06,38.827,google_trends,2026-08-29T19:23:31Z
Cadillac,Cadillac Escalade & EXT GMT900,2026-07,38.5188,google_trends,2026-08-29T19:23:31Z
Cadillac,Cadillac Fleetwood 1985-1996,2025-08,2.2187,google_trends,2026-08-29T19:23:31Z
Cadillac,Cadillac Fleetwood 1985-1996,2025-09,1.5408,google_trends,2026-08-29T19:23:31Z
Cadillac,Cadillac Fleetwood 1985-1996,2025-10,1.2326,google_trends,2026-08-29T19:23:31Z
Cadillac,Cadillac Fleetwood 1985-1996,2025-11,1.2326,google_trends,2026-08-29T19:23:31Z
Cadillac,Cadillac Fleetwood 1985-1996,2025-12,1.2326,google_trends,2026-08-29T19:23:31Z
Cadillac,Cadillac Fleetwood 1985-1996,2026-01,1.2326,google_trends,2026-08-29T19:23:31Z
Cadillac,Cadillac Fleetwood 1985-1996,2026-02,3.6978,google_trends,2026-08-29T19:23:31Z
Cadillac,Cadillac Fleetwood 1985-1996,2026-03,2.4652,google_trends,2026-08-29T19:23:31Z
Cadillac,Cadillac Fleetwood 1985-1996,2026-04,2.4652,google_trends,2026-08-29T19:23:31Z
Cadillac,Cadillac Fleetwood 1985-1996,2026-05,2.4652,google_trends,2026-08-29T19:23:31Z
Cadillac,Cadillac Fleetwood 1985-1996,2026-06,2.4652,google_trends,2026-08-29T19:23:31Z
Cadillac,Cadillac Fleetwood 1985-1996,2026-07,2.4652,google_trends,2026-08-29T19:23:31Z
Cadillac,Cadillac SRX,2025-08,6.5693,google_trends,2026-08-29T21:54:49Z
Cadillac,Cadillac SRX,2025-09,5.7786,google_trends,2026-08-29T21:54:49Z
Cadillac,Cadillac SRX,2025-10,5.4745,google_trends,2026-08-29T21:54:49Z
Cadillac,Cadillac SRX,2025-11,5.1095,google_trends,2026-08-29T21:54:49Z
Cadillac,Cadillac SRX,2025-12,5.1703,google_trends,2026-08-29T21:54:49Z
Cadillac,Cadillac SRX,2026-01,4.8662,google_trends,2026-08-29T21:54:49Z
Cadillac,Cadillac SRX,2026-02,8.82,google_trends,2026-08-29T21:54:49Z
Cadillac,Cadillac SRX,2026-03,7.056,google_trends,2026-08-29T21:54:49Z
Cadillac,Cadillac SRX,2026-04,6.9951,google_trends,2026-08-29T21:54:49Z
Cadillac,Cadillac SRX,2026-05,6.8127,google_trends,2026-08-29T21:54:49Z
Cadillac,Cadillac SRX,2026-06,6.3869,google_trends,2026-08-29T21:54:49Z
Cadillac,Cadillac SRX,2026-07,6.0827,google_trends,2026-08-29T21:54:49Z
Cadillac,Cadillac STS & STS-V,2025-08,2.2193,google_trends,2026-08-29T19:23:31Z
Cadillac,Cadillac STS & STS-V,2025-09,1.8494,google_trends,2026-08-29T19:23:31Z
Cadillac,Cadillac STS & STS-V,2025-10,1.5411,google_trends,2026-08-29T19:23:31Z
Cadillac,Cadillac STS & STS-V,2025-11,1.2329,google_trends,2026-08-29T19:23:31Z
Cadillac,Cadillac STS & STS-V,2025-12,1.2329,google_trends,2026-08-29T19:23:31Z
Cadillac,Cadillac STS & STS-V,2026-01,1.2329,google_trends,2026-08-29T19:23:31Z
Cadillac,Cadillac STS & STS-V,2026-02,2.7741,google_trends,2026-08-29T19:23:31Z
Cadillac,Cadillac STS & STS-V,2026-03,2.4658,google_trends,2026-08-29T19:23:31Z
Cadillac,Cadillac STS & STS-V,2026-04,2.4658,google_trends,2026-08-29T19:23:31Z
Cadillac,Cadillac STS & STS-V,2026-05,2.4658,google_trends,2026-08-29T19:23:31Z
Cadillac,Cadillac STS & STS-V,2026-06,2.4658,google_trends,2026-08-29T19:23:31Z
Cadillac,Cadillac STS & STS-V,2026-07,1.8494,google_trends,2026-08-29T19:23:31Z
Cadillac,Cadillac Series 62,2025-08,0.0,google_trends,2026-08-29T19:23:31Z
Cadillac,Cadillac Series 62,2025-09,0.0,google_trends,2026-08-29T19:23:31Z
Cadillac,Cadillac Series 62,2025-10,0.0,google_trends,2026-08-29T19:23:31Z
Cadillac,Cadillac Series 62,2025-11,0.0,google_trends,2026-08-29T19:23:31Z
Cadillac,Cadillac Series 62,2025-12,0.0,google_trends,2026-08-29T19:23:31Z
Cadillac,Cadillac Series 62,2026-01,0.0,google_trends,2026-08-29T19:23:31Z
Cadillac,Cadillac Series 62,2026-02,0.6163,google_trends,2026-08-29T19:23:31Z
Cadillac,Cadillac Series 62,2026-03,0.0,google_trends,2026-08-29T19:23:31Z
Cadillac,Cadillac Series 62,2026-04,1.2326,google_trends,2026-08-29T19:23:31Z
Cadillac,Cadillac Series 62,2026-05,0.9861,google_trends,2026-08-29T19:23:31Z
Cadillac,Cadillac Series 62,2026-06,0.0,google_trends,2026-08-29T19:23:31Z
Cadillac,Cadillac Series 62,2026-07,0.0,google_trends,2026-08-29T19:23:31Z
Cadillac,Cadillac Seville,2025-08,0.0,google_trends,2026-08-29T19:23:31Z
Cadillac,Cadillac Seville,2025-09,0.0,google_trends,2026-08-29T19:23:31Z
Cadillac,Cadillac Seville,2025-10,0.0,google_trends,2026-08-29T19:23:31Z
Cadillac,Cadillac Seville,2025-11,0.0,google_trends,2026-08-29T19:23:31Z
Cadillac,Cadillac Seville,2025-12,0.0,google_trends,2026-08-29T19:23:31Z
Cadillac,Cadillac Seville,2026-01,0.0,google_trends,2026-08-29T19:23:31Z
Cadillac,Cadillac Seville,2026-02,0.0,google_trends,2026-08-29T19:23:31Z
Cadillac,Cadillac Seville,2026-03,5.6404,google_trends,2026-08-29T19:23:31Z
Cadillac,Cadillac Seville,2026-04,28.2021,google_trends,2026-08-29T19:23:31Z
Cadillac,Cadillac Seville,2026-05,11.2808,google_trends,2026-08-29T19:23:31Z
Cadillac,Cadillac Seville,2026-06,0.0,google_trends,2026-08-29T19:23:31Z
Cadillac,Cadillac Seville,2026-07,0.0,google_trends,2026-08-29T19:23:31Z
Cadillac,Cadillac V16,2025-08,0.0,google_trends,2026-08-29T21:54:49Z
Cadillac,Cadillac V16,2025-09,0.0,google_trends,2026-08-29T21:54:49Z
Cadillac,Cadillac V16,2025-10,0.0,google_trends,2026-08-29T21:54:49Z
Cadillac,Cadillac V16,2025-11,0.0,google_trends,2026-08-29T21:54:49Z
Cadillac,Cadillac V16,2025-12,0.0,google_trends,2026-08-29T21:54:49Z
Cadillac,Cadillac V16,2026-01,0.0,google_trends,2026-08-29T21:54:49Z
Cadillac,Cadillac V16,2026-02,0.0,google_trends,2026-08-29T21:54:49Z
Cadillac,Cadillac V16,2026-03,0.2433,google_trends,2026-08-29T21:54:49Z
Cadillac,Cadillac V16,2026-04,1.2165,google_trends,2026-08-29T21:54:49Z
Cadillac,Cadillac V16,2026-05,0.4866,google_trends,2026-08-29T21:54:49Z
Cadillac,Cadillac V16,2026-06,0.0,google_trends,2026-08-29T21:54:49Z
Cadillac,Cadillac V16,2026-07,0.0,google_trends,2026-08-29T21:54:49Z
Cadillac,Cadillac V8,2025-08,1.2165,google_trends,2026-08-29T21:54:49Z
Cadillac,Cadillac V8,2025-09,1.2165,google_trends,2026-08-29T21:54:49Z
Cadillac,Cadillac V8,2025-10,1.2165,google_trends,2026-08-29T21:54:49Z
Cadillac,Cadillac V8,2025-11,1.2165,google_trends,2026-08-29T21:54:49Z
Cadillac,Cadillac V8,2025-12,1.2165,google_trends,2026-08-29T21:54:49Z
Cadillac,Cadillac V8,2026-01,1.2165,google_trends,2026-08-29T21:54:49Z
Cadillac,Cadillac V8,2026-02,3.9538,google_trends,2026-08-29T21:54:49Z
Cadillac,Cadillac V8,2026-03,1.7032,google_trends,2026-08-29T21:54:49Z
Cadillac,Cadillac V8,2026-04,2.4331,google_trends,2026-08-29T21:54:49Z
Cadillac,Cadillac V8,2026-05,1.9465,google_trends,2026-08-29T21:54:49Z
Cadillac,Cadillac V8,2026-06,1.8248,google_trends,2026-08-29T21:54:49Z
Cadillac,Cadillac V8,2026-07,1.5207,google_trends,2026-08-29T21:54:49Z
Cadillac,Cadillac XLR,2025-08,1.232,google_trends,2026-08-29T19:23:31Z
Cadillac,Cadillac XLR,2025-09,1.232,google_trends,2026-08-29T19:23:31Z
Cadillac,Cadillac XLR,2025-10,1.232,google_trends,2026-08-29T19:23:31Z
Cadillac,Cadillac XLR,2025-11,1.232,google_trends,2026-08-29T19:23:31Z
Cadillac,Cadillac XLR,2025-12,1.232,google_trends,2026-08-29T19:23:31Z
Cadillac,Cadillac XLR,2026-01,1.232,google_trends,2026-08-29T19:23:31Z
Cadillac,Cadillac XLR,2026-02,1.54,google_trends,2026-08-29T19:23:31Z
Cadillac,Cadillac XLR,2026-03,1.232,google_trends,2026-08-29T19:23:31Z
Cadillac,Cadillac XLR,2026-04,1.232,google_trends,2026-08-29T19:23:31Z
Cadillac,Cadillac XLR,2026-05,1.232,google_trends,2026-08-29T19:23:31Z
Cadillac,Cadillac XLR,2026-06,1.232,google_trends,2026-08-29T19:23:31Z
Cadillac,Cadillac XLR,2026-07,1.232,google_trends,2026-08-29T19:23:31Z
Caterham,Caterham Seven,2025-08,0.0,google_trends,2026-08-29T19:23:31Z
Caterham,Caterham Seven,2025-09,0.0,google_trends,2026-08-29T19:23:31Z
Caterham,Caterham Seven,2025-10,0.3082,google_trends,2026-08-29T19:23:31Z
Caterham,Caterham Seven,2025-11,0.0,google_trends,2026-08-29T19:23:31Z
Caterham,Caterham Seven,2025-12,0.0,google_trends,2026-08-29T19:23:31Z
Caterham,Caterham Seven,2026-01,0.9247,google_trends,2026-08-29T19:23:31Z
Caterham,Caterham Seven,2026-02,0.3082,google_trends,2026-08-29T19:23:31Z
Caterham,Caterham Seven,2026-03,0.0,google_trends,2026-08-29T19:23:31Z
Caterham,Caterham Seven,2026-04,0.0,google_trends,2026-08-29T19:23:31Z
Caterham,Caterham Seven,2026-05,0.0,google_trends,2026-08-29T19:23:31Z
Caterham,Caterham Seven,2026-06,0.0,google_trends,2026-08-29T19:23:31Z
Caterham,Caterham Seven,2026-07,0.0,google_trends,2026-08-29T19:23:31Z
Checker,Checker Marathon,2025-08,0.0,google_trends,2026-08-29T21:54:49Z
Checker,Checker Marathon,2025-09,0.0,google_trends,2026-08-29T21:54:49Z
Checker,Checker Marathon,2025-10,0.0,google_trends,2026-08-29T21:54:49Z
Checker,Checker Marathon,2025-11,0.0,google_trends,2026-08-29T21:54:49Z
Checker,Checker Marathon,2025-12,0.0,google_trends,2026-08-29T21:54:49Z
Checker,Checker Marathon,2026-01,0.0,google_trends,2026-08-29T21:54:49Z
Checker,Checker Marathon,2026-02,0.0,google_trends,2026-08-29T21:54:49Z
Checker,Checker Marathon,2026-03,0.0,google_trends,2026-08-29T21:54:49Z
Checker,Checker Marathon,2026-04,0.3041,google_trends,2026-08-29T21:54:49Z
Checker,Checker Marathon,2026-05,0.0,google_trends,2026-08-29T21:54:49Z
Checker,Checker Marathon,2026-06,0.0,google_trends,2026-08-29T21:54:49Z
Checker,Checker Marathon,2026-07,0.0,google_trends,2026-08-29T21:54:49Z
Chevrolet,Astro,2025-08,1.2326,google_trends,2026-08-29T19:23:31Z
Chevrolet,Astro,2025-09,1.2326,google_trends,2026-08-29T19:23:31Z
Chevrolet,Astro,2025-10,1.2326,google_trends,2026-08-29T19:23:31Z
Chevrolet,Astro,2025-11,1.2326,google_trends,2026-08-29T19:23:31Z
Chevrolet,Astro,2025-12,1.2326,google_trends,2026-08-29T19:23:31Z
Chevrolet,Astro,2026-01,1.2326,google_trends,2026-08-29T19:23:31Z
Chevrolet,Astro,2026-02,1.8489,google_trends,2026-08-29T19:23:31Z
Chevrolet,Astro,2026-03,1.2326,google_trends,2026-08-29T19:23:31Z
Chevrolet,Astro,2026-04,1.2326,google_trends,2026-08-29T19:23:31Z
Chevrolet,Astro,2026-05,1.2326,google_trends,2026-08-29T19:23:31Z
Chevrolet,Astro,2026-06,1.2326,google_trends,2026-08-29T19:23:31Z
Chevrolet,Astro,2026-07,1.2326,google_trends,2026-08-29T19:23:31Z
Chevrolet,BERETTA,2025-08,0.0,google_trends,2026-08-29T21:54:49Z
Chevrolet,BERETTA,2025-09,0.0,google_trends,2026-08-29T21:54:49Z
Chevrolet,BERETTA,2025-10,0.0,google_trends,2026-08-29T21:54:49Z
Chevrolet,BERETTA,2025-11,0.0,google_trends,2026-08-29T21:54:49Z
Chevrolet,BERETTA,2025-12,0.0,google_trends,2026-08-29T21:54:49Z
Chevrolet,BERETTA,2026-01,0.0,google_trends,2026-08-29T21:54:49Z
Chevrolet,BERETTA,2026-02,0.6083,google_trends,2026-08-29T21:54:49Z
Chevrolet,BERETTA,2026-03,0.0,google_trends,2026-08-29T21:54:49Z
Chevrolet,BERETTA,2026-04,0.0,google_trends,2026-08-29T21:54:49Z
Chevrolet,BERETTA,2026-05,0.0,google_trends,2026-08-29T21:54:49Z
Chevrolet,BERETTA,2026-06,0.0,google_trends,2026-08-29T21:54:49Z
Chevrolet,BERETTA,2026-07,0.0,google_trends,2026-08-29T21:54:49Z
Chevrolet,Bel Air,2025-08,1.2326,google_trends,2026-08-29T19:23:31Z
Chevrolet,Bel Air,2025-09,1.2326,google_trends,2026-08-29T19:23:31Z
Chevrolet,Bel Air,2025-10,1.2326,google_trends,2026-08-29T19:23:31Z
Chevrolet,Bel Air,2025-11,1.2326,google_trends,2026-08-29T19:23:31Z
Chevrolet,Bel Air,2025-12,1.2326,google_trends,2026-08-29T19:23:31Z
Chevrolet,Bel Air,2026-01,1.2326,google_trends,2026-08-29T19:23:31Z
Chevrolet,Bel Air,2026-02,2.4652,google_trends,2026-08-29T19:23:31Z
Chevrolet,Bel Air,2026-03,2.4652,google_trends,2026-08-29T19:23:31Z
Chevrolet,Bel Air,2026-04,5.5467,google_trends,2026-08-29T19:23:31Z
Chevrolet,Bel Air,2026-05,4.1908,google_trends,2026-08-29T19:23:31Z
Chevrolet,Bel Air,2026-06,1.5408,google_trends,2026-08-29T19:23:31Z
Chevrolet,Bel Air,2026-07,1.2326,google_trends,2026-08-29T19:23:31Z
Chevrolet,Biscayne,2025-08,0.0,google_trends,2026-08-29T19:23:31Z
Chevrolet,Biscayne,2025-09,0.0,google_trends,2026-08-29T19:23:31Z
Chevrolet,Biscayne,2025-10,0.0,google_trends,2026-08-29T19:23:31Z
Chevrolet,Biscayne,2025-11,0.0,google_trends,2026-08-29T19:23:31Z
Chevrolet,Biscayne,2025-12,0.0,google_trends,2026-08-29T19:23:31Z
Chevrolet,Biscayne,2026-01,0.0,google_trends,2026-08-29T19:23:31Z
Chevrolet,Biscayne,2026-02,0.3082,google_trends,2026-08-29T19:23:31Z
Chevrolet,Biscayne,2026-03,0.0,google_trends,2026-08-29T19:23:31Z
Chevrolet,Biscayne,2026-04,0.0,google_trends,2026-08-29T19:23:31Z
Chevrolet,Biscayne,2026-05,0.0,google_trends,2026-08-29T19:23:31Z
Chevrolet,Biscayne,2026-06,0.3082,google_trends,2026-08-29T19:23:31Z
Chevrolet,Biscayne,2026-07,0.0,google_trends,2026-08-29T19:23:31Z
Chevrolet,Blazer 1995-2004,2025-08,8.1373,google_trends,2026-08-29T19:23:31Z
Chevrolet,Blazer 1995-2004,2025-09,6.7811,google_trends,2026-08-29T19:23:31Z
Chevrolet,Blazer 1995-2004,2025-10,6.1646,google_trends,2026-08-29T19:23:31Z
Chevrolet,Blazer 1995-2004,2025-11,6.4112,google_trends,2026-08-29T19:23:31Z
Chevrolet,Blazer 1995-2004,2025-12,6.1646,google_trends,2026-08-29T19:23:31Z
Chevrolet,Blazer 1995-2004,2026-01,6.7811,google_trends,2026-08-29T19:23:31Z
Chevrolet,Blazer 1995-2004,2026-02,13.2539,google_trends,2026-08-29T19:23:31Z
Chevrolet,Blazer 1995-2004,2026-03,8.877,google_trends,2026-08-29T19:23:31Z
Chevrolet,Blazer 1995-2004,2026-04,12.6374,google_trends,2026-08-29T19:23:31Z
Chevrolet,Blazer 1995-2004,2026-05,10.8497,google_trends,2026-08-29T19:23:31Z
Chevrolet,Blazer 1995-2004,2026-06,8.6304,google_trends,2026-08-29T19:23:31Z
Chevrolet,Blazer 1995-2004,2026-07,8.6304,google_trends,2026-08-29T19:23:31Z
Chevrolet,C/K,2025-08,0.0,google_trends,2026-08-29T21:54:49Z
Chevrolet,C/K,2025-09,0.0,google_trends,2026-08-29T21:54:49Z
Chevrolet,C/K,2025-10,0.0,google_trends,2026-08-29T21:54:49Z
Chevrolet,C/K,2025-11,0.0,google_trends,2026-08-29T21:54:49Z
Chevrolet,C/K,2025-12,0.0,google_trends,2026-08-29T21:54:49Z
Chevrolet,C/K,2026-01,0.0,google_trends,2026-08-29T21:54:49Z
Chevrolet,C/K,2026-02,0.6083,google_trends,2026-08-29T21:54:49Z
Chevrolet,C/K,2026-03,0.0,google_trends,2026-08-29T21:54:49Z
Chevrolet,C/K,2026-04,0.0,google_trends,2026-08-29T21:54:49Z
Chevrolet,C/K,2026-05,0.0,google_trends,2026-08-29T21:54:49Z
Chevrolet,C/K,2026-06,0.0,google_trends,2026-08-29T21:54:49Z
Chevrolet,C/K,2026-07,0.0,google_trends,2026-08-29T21:54:49Z
Chevrolet,C8 CORVETTE,2025-08,1.2165,google_trends,2026-08-29T21:54:49Z
Chevrolet,C8 CORVETTE,2025-09,1.2165,google_trends,2026-08-29T21:54:49Z
Chevrolet,C8 CORVETTE,2025-10,1.2165,google_trends,2026-08-29T21:54:49Z
Chevrolet,C8 CORVETTE,2025-11,1.2165,google_trends,2026-08-29T21:54:49Z
Chevrolet,C8 CORVETTE,2025-12,1.2165,google_trends,2026-08-29T21:54:49Z
Chevrolet,C8 CORVETTE,2026-01,1.2165,google_trends,2026-08-29T21:54:49Z
Chevrolet,C8 CORVETTE,2026-02,1.2165,google_trends,2026-08-29T21:54:49Z
Chevrolet,C8 CORVETTE,2026-03,1.2165,google_trends,2026-08-29T21:54:49Z
Chevrolet,C8 CORVETTE,2026-04,2.129,google_trends,2026-08-29T21:54:49Z
Chevrolet,C8 CORVETTE,2026-05,2.1898,google_trends,2026-08-29T21:54:49Z
Chevrolet,C8 CORVETTE,2026-06,1.2165,google_trends,2026-08-29T21:54:49Z
Chevrolet,C8 CORVETTE,2026-07,1.2165,google_trends,2026-08-29T21:54:49Z
Chevrolet,CHEVETTE,2025-08,0.0,google_trends,2026-08-29T19:23:31Z
Chevrolet,CHEVETTE,2025-09,0.0,google_trends,2026-08-29T19:23:31Z
Chevrolet,CHEVETTE,2025-10,0.0,google_trends,2026-08-29T19:23:31Z
Chevrolet,CHEVETTE,2025-11,0.0,google_trends,2026-08-29T19:23:31Z
Chevrolet,CHEVETTE,2025-12,0.0,google_trends,2026-08-29T19:23:31Z
Chevrolet,CHEVETTE,2026-01,0.0,google_trends,2026-08-29T19:23:31Z
Chevrolet,CHEVETTE,2026-02,0.9247,google_trends,2026-08-29T19:23:31Z
Chevrolet,CHEVETTE,2026-03,0.0,google_trends,2026-08-29T19:23:31Z
Chevrolet,CHEVETTE,2026-04,0.0,google_trends,2026-08-29T19:23:31Z
Chevrolet,CHEVETTE,2026-05,0.0,google_trends,2026-08-29T19:23:31Z
Chevrolet,CHEVETTE,2026-06,0.0,google_trends,2026-08-29T19:23:31Z
Chevrolet,CHEVETTE,2026-07,0.0,google_trends,2026-08-29T19:23:31Z
Chevrolet,CITATION,2025-08,0.2433,google_trends,2026-08-29T21:54:49Z
Chevrolet,CITATION,2025-09,0.9124,google_trends,2026-08-29T21:54:49Z
Chevrolet,CITATION,2025-10,0.0,google_trends,2026-08-29T21:54:49Z
Chevrolet,CITATION,2025-11,0.7299,google_trends,2026-08-29T21:54:49Z
Chevrolet,CITATION,2025-12,0.3041,google_trends,2026-08-29T21:54:49Z
Chevrolet,CITATION,2026-01,0.0,google_trends,2026-08-29T21:54:49Z
Chevrolet,CITATION,2026-02,1.2165,google_trends,2026-08-29T21:54:49Z
Chevrolet,CITATION,2026-03,0.4866,google_trends,2026-08-29T21:54:49Z
Chevrolet,CITATION,2026-04,0.6083,google_trends,2026-08-29T21:54:49Z
Chevrolet,CITATION,2026-05,0.4866,google_trends,2026-08-29T21:54:49Z
Chevrolet,CITATION,2026-06,0.6083,google_trends,2026-08-29T21:54:49Z
Chevrolet,CITATION,2026-07,0.0,google_trends,2026-08-29T21:54:49Z
Chevrolet,CORVETTE,2025-08,14.3552,google_trends,2026-08-29T21:54:49Z
Chevrolet,CORVETTE,2025-09,11.8613,google_trends,2026-08-29T21:54:49Z
Chevrolet,CORVETTE,2025-10,11.253,google_trends,2026-08-29T21:54:49Z
Chevrolet,CORVETTE,2025-11,11.1922,google_trends,2026-08-29T21:54:49Z
Chevrolet,CORVETTE,2025-12,10.9489,google_trends,2026-08-29T21:54:49Z
Chevrolet,CORVETTE,2026-01,11.253,google_trends,2026-08-29T21:54:49Z
Chevrolet,CORVETTE,2026-02,17.944,google_trends,2026-08-29T21:54:49Z
Chevrolet,CORVETTE,2026-03,14.8418,google_trends,2026-08-29T21:54:49Z
Chevrolet,CORVETTE,2026-04,22.8102,google_trends,2026-08-29T21:54:49Z
Chevrolet,CORVETTE,2026-05,20.438,google_trends,2026-08-29T21:54:49Z
Chevrolet,CORVETTE,2026-06,16.4234,google_trends,2026-08-29T21:54:49Z
Chevrolet,CORVETTE,2026-07,15.5109,google_trends,2026-08-29T21:54:49Z
Chevrolet,CORVETTE CONVERTIBLE,2025-08,0.0,google_trends,2026-08-29T21:54:49Z
Chevrolet,CORVETTE CONVERTIBLE,2025-09,0.0,google_trends,2026-08-29T21:54:49Z
Chevrolet,CORVETTE CONVERTIBLE,2025-10,0.0,google_trends,2026-08-29T21:54:49Z
Chevrolet,CORVETTE CONVERTIBLE,2025-11,0.0,google_trends,2026-08-29T21:54:49Z
Chevrolet,CORVETTE CONVERTIBLE,2025-12,0.0,google_trends,2026-08-29T21:54:49Z
Chevrolet,CORVETTE CONVERTIBLE,2026-01,0.0,google_trends,2026-08-29T21:54:49Z
Chevrolet,CORVETTE CONVERTIBLE,2026-02,0.9124,google_trends,2026-08-29T21:54:49Z
Chevrolet,CORVETTE CONVERTIBLE,2026-03,0.4866,google_trends,2026-08-29T21:54:49Z
Chevrolet,CORVETTE CONVERTIBLE,2026-04,1.2165,google_trends,2026-08-29T21:54:49Z
Chevrolet,CORVETTE CONVERTIBLE,2026-05,1.2165,google_trends,2026-08-29T21:54:49Z
Chevrolet,CORVETTE CONVERTIBLE,2026-06,0.6083,google_trends,2026-08-29T21:54:49Z
Chevrolet,CORVETTE CONVERTIBLE,2026-07,0.0,google_trends,2026-08-29T21:54:49Z
Chevrolet,CORVETTE COUPE,2025-08,0.0,google_trends,2026-08-29T21:54:49Z
Chevrolet,CORVETTE COUPE,2025-09,0.0,google_trends,2026-08-29T21:54:49Z
Chevrolet,CORVETTE COUPE,2025-10,0.0,google_trends,2026-08-29T21:54:49Z
Chevrolet,CORVETTE COUPE,2025-11,0.0,google_trends,2026-08-29T21:54:49Z
Chevrolet,CORVETTE COUPE,2025-12,0.0,google_trends,2026-08-29T21:54:49Z
Chevrolet,CORVETTE COUPE,2026-01,0.0,google_trends,2026-08-29T21:54:49Z
Chevrolet,CORVETTE COUPE,2026-02,0.6083,google_trends,2026-08-29T21:54:49Z
Chevrolet,CORVETTE COUPE,2026-03,0.2433,google_trends,2026-08-29T21:54:49Z
Chevrolet,CORVETTE COUPE,2026-04,0.3041,google_trends,2026-08-29T21:54:49Z
Chevrolet,CORVETTE COUPE,2026-05,0.7299,google_trends,2026-08-29T21:54:49Z
Chevrolet,CORVETTE COUPE,2026-06,1.2165,google_trends,2026-08-29T21:54:49Z
Chevrolet,CORVETTE COUPE,2026-07,0.3041,google_trends,2026-08-29T21:54:49Z
Chevrolet,CORVETTE STINGRAY,2025-08,1.2326,google_trends,2026-08-29T19:23:31Z
Chevrolet,CORVETTE STINGRAY,2025-09,1.2326,google_trends,2026-08-29T19:23:31Z
Chevrolet,CORVETTE STINGRAY,2025-10,1.2326,google_trends,2026-08-29T19:23:31Z
Chevrolet,CORVETTE STINGRAY,2025-11,1.2326,google_trends,2026-08-29T19:23:31Z
Chevrolet,CORVETTE STINGRAY,2025-12,1.2326,google_trends,2026-08-29T19:23:31Z
Chevrolet,CORVETTE STINGRAY,2026-01,1.2326,google_trends,2026-08-29T19:23:31Z
Chevrolet,CORVETTE STINGRAY,2026-02,1.2326,google_trends,2026-08-29T19:23:31Z
Chevrolet,CORVETTE STINGRAY,2026-03,1.7256,google_trends,2026-08-29T19:23:31Z
Chevrolet,CORVETTE STINGRAY,2026-04,3.0815,google_trends,2026-08-29T19:23:31Z
Chevrolet,CORVETTE STINGRAY,2026-05,2.9582,google_trends,2026-08-29T19:23:31Z
Chevrolet,CORVETTE STINGRAY,2026-06,2.4652,google_trends,2026-08-29T19:23:31Z
Chevrolet,CORVETTE STINGRAY,2026-07,2.1571,google_trends,2026-08-29T19:23:31Z
Chevrolet,CORVETTE Z06,2025-08,1.2165,google_trends,2026-08-29T21:54:49Z
Chevrolet,CORVETTE Z06,2025-09,1.2165,google_trends,2026-08-29T21:54:49Z
Chevrolet,CORVETTE Z06,2025-10,1.2165,google_trends,2026-08-29T21:54:49Z
Chevrolet,CORVETTE Z06,2025-11,1.2165,google_trends,2026-08-29T21:54:49Z
Chevrolet,CORVETTE Z06,2025-12,1.2165,google_trends,2026-08-29T21:54:49Z
Chevrolet,CORVETTE Z06,2026-01,1.2165,google_trends,2026-08-29T21:54:49Z
Chevrolet,CORVETTE Z06,2026-02,1.2165,google_trends,2026-08-29T21:54:49Z
Chevrolet,CORVETTE Z06,2026-03,1.2165,google_trends,2026-08-29T21:54:49Z
Chevrolet,CORVETTE Z06,2026-04,1.8248,google_trends,2026-08-29T21:54:49Z
Chevrolet,CORVETTE Z06,2026-05,1.2165,google_trends,2026-08-29T21:54:49Z
Chevrolet,CORVETTE Z06,2026-06,1.2165,google_trends,2026-08-29T21:54:49Z
Chevrolet,CORVETTE Z06,2026-07,1.2165,google_trends,2026-08-29T21:54:49Z
Chevrolet,CORVETTE ZR1,2025-08,1.2326,google_trends,2026-08-29T19:23:31Z
Chevrolet,CORVETTE ZR1,2025-09,0.6163,google_trends,2026-08-29T19:23:31Z
Chevrolet,CORVETTE ZR1,2025-10,0.9245,google_trends,2026-08-29T19:23:31Z
Chevrolet,CORVETTE ZR1,2025-11,0.7396,google_trends,2026-08-29T19:23:31Z
Chevrolet,CORVETTE ZR1,2025-12,0.9245,google_trends,2026-08-29T19:23:31Z
Chevrolet,CORVETTE ZR1,2026-01,1.2326,google_trends,2026-08-29T19:23:31Z
Chevrolet,CORVETTE ZR1,2026-02,1.2326,google_trends,2026-08-29T19:23:31Z
Chevrolet,CORVETTE ZR1,2026-03,0.9861,google_trends,2026-08-29T19:23:31Z
Chevrolet,CORVETTE ZR1,2026-04,1.5408,google_trends,2026-08-29T19:23:31Z
Chevrolet,CORVETTE ZR1,2026-05,1.7256,google_trends,2026-08-29T19:23:31Z
Chevrolet,CORVETTE ZR1,2026-06,1.2326,google_trends,2026-08-29T19:23:31Z
Chevrolet,CORVETTE ZR1,2026-07,0.9245,google_trends,2026-08-29T19:23:31Z
Chevrolet,CORVETTE ZR1X,2025-08,0.0,google_trends,2026-08-29T19:23:31Z
Chevrolet,CORVETTE ZR1X,2025-09,0.0,google_trends,2026-08-29T19:23:31Z
Chevrolet,CORVETTE ZR1X,2025-10,0.0,google_trends,2026-08-29T19:23:31Z
Chevrolet,CORVETTE ZR1X,2025-11,0.0,google_trends,2026-08-29T19:23:31Z
Chevrolet,CORVETTE ZR1X,2025-12,0.0,google_trends,2026-08-29T19:23:31Z
Chevrolet,CORVETTE ZR1X,2026-01,0.0,google_trends,2026-08-29T19:23:31Z
Chevrolet,CORVETTE ZR1X,2026-02,0.0,google_trends,2026-08-29T19:23:31Z
Chevrolet,CORVETTE ZR1X,2026-03,0.2466,google_trends,2026-08-29T19:23:31Z
Chevrolet,CORVETTE ZR1X,2026-04,0.0,google_trends,2026-08-29T19:23:31Z
Chevrolet,CORVETTE ZR1X,2026-05,0.4932,google_trends,2026-08-29T19:23:31Z
Chevrolet,CORVETTE ZR1X,2026-06,0.0,google_trends,2026-08-29T19:23:31Z
Chevrolet,CORVETTE ZR1X,2026-07,0.0,google_trends,2026-08-29T19:23:31Z
Chevrolet,Caprice,2025-08,1.9722,google_trends,2026-08-29T19:23:31Z
Chevrolet,Caprice,2025-09,1.5408,google_trends,2026-08-29T19:23:31Z
Chevrolet,Caprice,2025-10,1.2326,google_trends,2026-08-29T19:23:31Z
Chevrolet,Caprice,2025-11,1.2326,google_trends,2026-08-29T19:23:31Z
Chevrolet,Caprice,2025-12,1.2326,google_trends,2026-08-29T19:23:31Z
Chevrolet,Caprice,2026-01,1.2326,google_trends,2026-08-29T19:23:31Z
Chevrolet,Caprice,2026-02,4.006,google_trends,2026-08-29T19:23:31Z
Chevrolet,Caprice,2026-03,1.4791,google_trends,2026-08-29T19:23:31Z
Chevrolet,Caprice,2026-04,1.8489,google_trends,2026-08-29T19:23:31Z
Chevrolet,Caprice,2026-05,2.4652,google_trends,2026-08-29T19:23:31Z
Chevrolet,Caprice,2026-06,2.4652,google_trends,2026-08-29T19:23:31Z
Chevrolet,Caprice,2026-07,2.4652,google_trends,2026-08-29T19:23:31Z
Chevrolet,Cavalier,2025-08,1.2326,google_trends,2026-08-29T19:23:31Z
Chevrolet,Cavalier,2025-09,1.2326,google_trends,2026-08-29T19:23:31Z
Chevrolet,Cavalier,2025-10,1.2326,google_trends,2026-08-29T19:23:31Z
Chevrolet,Cavalier,2025-11,1.2326,google_trends,2026-08-29T19:23:31Z
Chevrolet,Cavalier,2025-12,1.2326,google_trends,2026-08-29T19:23:31Z
Chevrolet,Cavalier,2026-01,1.2326,google_trends,2026-08-29T19:23:31Z
Chevrolet,Cavalier,2026-02,3.0815,google_trends,2026-08-29T19:23:31Z
Chevrolet,Cavalier,2026-03,1.2326,google_trends,2026-08-29T19:23:31Z
Chevrolet,Cavalier,2026-04,1.2326,google_trends,2026-08-29T19:23:31Z
Chevrolet,Cavalier,2026-05,1.2326,google_trends,2026-08-29T19:23:31Z
Chevrolet,Cavalier,2026-06,1.2326,google_trends,2026-08-29T19:23:31Z
Chevrolet,Cavalier,2026-07,1.5408,google_trends,2026-08-29T19:23:31Z
Chevrolet,Chevelle,2025-08,1.2165,google_trends,2026-08-29T21:54:49Z
Chevrolet,Chevelle,2025-09,1.2165,google_trends,2026-08-29T21:54:49Z
Chevrolet,Chevelle,2025-10,1.2165,google_trends,2026-08-29T21:54:49Z
Chevrolet,Chevelle,2025-11,1.2165,google_trends,2026-08-29T21:54:49Z
Chevrolet,Chevelle,2025-12,1.2165,google_trends,2026-08-29T21:54:49Z
Chevrolet,Chevelle,2026-01,1.2165,google_trends,2026-08-29T21:54:49Z
Chevrolet,Chevelle,2026-02,2.4331,google_trends,2026-08-29T21:54:49Z
Chevrolet,Chevelle,2026-03,1.2165,google_trends,2026-08-29T21:54:49Z
Chevrolet,Chevelle,2026-04,1.2165,google_trends,2026-08-29T21:54:49Z
Chevrolet,Chevelle,2026-05,1.9465,google_trends,2026-08-29T21:54:49Z
Chevrolet,Chevelle,2026-06,1.5207,google_trends,2026-08-29T21:54:49Z
Chevrolet,Chevelle,2026-07,1.8248,google_trends,2026-08-29T21:54:49Z
Chevrolet,Corvair,2025-08,0.0,google_trends,2026-08-29T19:23:31Z
Chevrolet,Corvair,2025-09,0.0,google_trends,2026-08-29T19:23:31Z
Chevrolet,Corvair,2025-10,0.0,google_trends,2026-08-29T19:23:31Z
Chevrolet,Corvair,2025-11,0.0,google_trends,2026-08-29T19:23:31Z
Chevrolet,Corvair,2025-12,0.0,google_trends,2026-08-29T19:23:31Z
Chevrolet,Corvair,2026-01,0.0,google_trends,2026-08-29T19:23:31Z
Chevrolet,Corvair,2026-02,0.616,google_trends,2026-08-29T19:23:31Z
Chevrolet,Corvair,2026-03,0.0,google_trends,2026-08-29T19:23:31Z
Chevrolet,Corvair,2026-04,0.308,google_trends,2026-08-29T19:23:31Z
Chevrolet,Corvair,2026-05,0.0,google_trends,2026-08-29T19:23:31Z
Chevrolet,Corvair,2026-06,0.0,google_trends,2026-08-29T19:23:31Z
Chevrolet,Corvair,2026-07,0.0,google_trends,2026-08-29T19:23:31Z
Chevrolet,Corvette C3,2025-08,0.0,google_trends,2026-08-29T19:23:31Z
Chevrolet,Corvette C3,2025-09,0.0,google_trends,2026-08-29T19:23:31Z
Chevrolet,Corvette C3,2025-10,0.0,google_trends,2026-08-29T19:23:31Z
Chevrolet,Corvette C3,2025-11,0.0,google_trends,2026-08-29T19:23:31Z
Chevrolet,Corvette C3,2025-12,0.0,google_trends,2026-08-29T19:23:31Z
Chevrolet,Corvette C3,2026-01,0.0,google_trends,2026-08-29T19:23:31Z
Chevrolet,Corvette C3,2026-02,0.616,google_trends,2026-08-29T19:23:31Z
Chevrolet,Corvette C3,2026-03,0.0,google_trends,2026-08-29T19:23:31Z
Chevrolet,Corvette C3,2026-04,0.0,google_trends,2026-08-29T19:23:31Z
Chevrolet,Corvette C3,2026-05,0.0,google_trends,2026-08-29T19:23:31Z
Chevrolet,Corvette C3,2026-06,0.0,google_trends,2026-08-29T19:23:31Z
Chevrolet,Corvette C3,2026-07,0.0,google_trends,2026-08-29T19:23:31Z
Chevrolet,Corvette C5,2025-08,0.0,google_trends,2026-08-29T19:23:31Z
Chevrolet,Corvette C5,2025-09,0.0,google_trends,2026-08-29T19:23:31Z
Chevrolet,Corvette C5,2025-10,0.0,google_trends,2026-08-29T19:23:31Z
Chevrolet,Corvette C5,2025-11,0.0,google_trends,2026-08-29T19:23:31Z
Chevrolet,Corvette C5,2025-12,0.0,google_trends,2026-08-29T19:23:31Z
Chevrolet,Corvette C5,2026-01,0.0,google_trends,2026-08-29T19:23:31Z
Chevrolet,Corvette C5,2026-02,0.6163,google_trends,2026-08-29T19:23:31Z
Chevrolet,Corvette C5,2026-03,0.0,google_trends,2026-08-29T19:23:31Z
Chevrolet,Corvette C5,2026-04,0.6163,google_trends,2026-08-29T19:23:31Z
Chevrolet,Corvette C5,2026-05,0.2465,google_trends,2026-08-29T19:23:31Z
Chevrolet,Corvette C5,2026-06,0.0,google_trends,2026-08-29T19:23:31Z
Chevrolet,Corvette C5,2026-07,0.0,google_trends,2026-08-29T19:23:31Z
Chevrolet,Corvette C6,2025-08,1.2326,google_trends,2026-08-29T19:23:31Z
Chevrolet,Corvette C6,2025-09,1.2326,google_trends,2026-08-29T19:23:31Z
Chevrolet,Corvette C6,2025-10,0.6163,google_trends,2026-08-29T19:23:31Z
Chevrolet,Corvette C6,2025-11,0.493,google_trends,2026-08-29T19:23:31Z
Chevrolet,Corvette C6,2025-12,0.6163,google_trends,2026-08-29T19:23:31Z
Chevrolet,Corvette C6,2026-01,0.9245,google_trends,2026-08-29T19:23:31Z
Chevrolet,Corvette C6,2026-02,1.2326,google_trends,2026-08-29T19:23:31Z
Chevrolet,Corvette C6,2026-03,1.2326,google_trends,2026-08-29T19:23:31Z
Chevrolet,Corvette C6,2026-04,1.2326,google_trends,2026-08-29T19:23:31Z
Chevrolet,Corvette C6,2026-05,1.2326,google_trends,2026-08-29T19:23:31Z
Chevrolet,Corvette C6,2026-06,1.2326,google_trends,2026-08-29T19:23:31Z
Chevrolet,Corvette C6,2026-07,1.2326,google_trends,2026-08-29T19:23:31Z
Chevrolet,Corvette C7,2025-08,0.9861,google_trends,2026-08-29T19:23:31Z
Chevrolet,Corvette C7,2025-09,0.6163,google_trends,2026-08-29T19:23:31Z
Chevrolet,Corvette C7,2025-10,0.0,google_trends,2026-08-29T19:23:31Z
Chevrolet,Corvette C7,2025-11,0.2465,google_trends,2026-08-29T19:23:31Z
Chevrolet,Corvette C7,2025-12,0.0,google_trends,2026-08-29T19:23:31Z
Chevrolet,Corvette C7,2026-01,0.0,google_trends,2026-08-29T19:23:31Z
Chevrolet,Corvette C7,2026-02,1.2326,google_trends,2026-08-29T19:23:31Z
Chevrolet,Corvette C7,2026-03,0.7396,google_trends,2026-08-29T19:23:31Z
Chevrolet,Corvette C7,2026-04,1.2326,google_trends,2026-08-29T19:23:31Z
Chevrolet,Corvette C7,2026-05,1.2326,google_trends,2026-08-29T19:23:31Z
Chevrolet,Corvette C7,2026-06,1.2326,google_trends,2026-08-29T19:23:31Z
Chevrolet,Corvette C7,2026-07,0.3082,google_trends,2026-08-29T19:23:31Z
Chevrolet,Corvette C8,2025-08,1.2326,google_trends,2026-08-29T19:23:31Z
Chevrolet,Corvette C8,2025-09,1.2326,google_trends,2026-08-29T19:23:31Z
Chevrolet,Corvette C8,2025-10,1.2326,google_trends,2026-08-29T19:23:31Z
Chevrolet,Corvette C8,2025-11,1.2326,google_trends,2026-08-29T19:23:31Z
Chevrolet,Corvette C8,2025-12,1.2326,google_trends,2026-08-29T19:23:31Z
Chevrolet,Corvette C8,2026-01,1.2326,google_trends,2026-08-29T19:23:31Z
Chevrolet,Corvette C8,2026-02,1.2326,google_trends,2026-08-29T19:23:31Z
Chevrolet,Corvette C8,2026-03,1.2326,google_trends,2026-08-29T19:23:31Z
Chevrolet,Corvette C8,2026-04,2.1571,google_trends,2026-08-29T19:23:31Z
Chevrolet,Corvette C8,2026-05,2.2187,google_trends,2026-08-29T19:23:31Z
Chevrolet,Corvette C8,2026-06,1.2326,google_trends,2026-08-29T19:23:31Z
Chevrolet,Corvette C8,2026-07,1.2326,google_trends,2026-08-29T19:23:31Z
Chevrolet,El Camino,2025-08,1.232,google_trends,2026-08-29T19:23:31Z
Chevrolet,El Camino,2025-09,0.924,google_trends,2026-08-29T19:23:31Z
Chevrolet,El Camino,2025-10,0.308,google_trends,2026-08-29T19:23:31Z
Chevrolet,El Camino,2025-11,0.9856,google_trends,2026-08-29T19:23:31Z
Chevrolet,El Camino,2025-12,0.616,google_trends,2026-08-29T19:23:31Z
Chevrolet,El Camino,2026-01,0.616,google_trends,2026-08-29T19:23:31Z
Chevrolet,El Camino,2026-02,1.54,google_trends,2026-08-29T19:23:31Z
Chevrolet,El Camino,2026-03,1.232,google_trends,2026-08-29T19:23:31Z
Chevrolet,El Camino,2026-04,1.232,google_trends,2026-08-29T19:23:31Z
Chevrolet,El Camino,2026-05,1.232,google_trends,2026-08-29T19:23:31Z
Chevrolet,El Camino,2026-06,1.232,google_trends,2026-08-29T19:23:31Z
Chevrolet,El Camino,2026-07,1.232,google_trends,2026-08-29T19:23:31Z
Chevrolet,Express,2025-08,5.9165,google_trends,2026-08-29T19:23:31Z
Chevrolet,Express,2025-09,5.8549,google_trends,2026-08-29T19:23:31Z
Chevrolet,Express,2025-10,4.9304,google_trends,2026-08-29T19:23:31Z
Chevrolet,Express,2025-11,5.9165,google_trends,2026-08-29T19:23:31Z
Chevrolet,Express,2025-12,5.2386,google_trends,2026-08-29T19:23:31Z
Chevrolet,Express,2026-01,6.7793,google_trends,2026-08-29T19:23:31Z
Chevrolet,Express,2026-02,14.7912,google_trends,2026-08-29T19:23:31Z
Chevrolet,Express,2026-03,7.8887,google_trends,2026-08-29T19:23:31Z
Chevrolet,Express,2026-04,11.0934,google_trends,2026-08-29T19:23:31Z
Chevrolet,Express,2026-05,10.3539,google_trends,2026-08-29T19:23:31Z
Chevrolet,Express,2026-06,8.9364,google_trends,2026-08-29T19:23:31Z
Chevrolet,Express,2026-07,6.7793,google_trends,2026-08-29T19:23:31Z
Chevrolet,HHR,2025-08,1.2329,google_trends,2026-08-29T19:23:31Z
Chevrolet,HHR,2025-09,1.2329,google_trends,2026-08-29T19:23:31Z
Chevrolet,HHR,2025-10,1.2329,google_trends,2026-08-29T19:23:31Z
Chevrolet,HHR,2025-11,1.2329,google_trends,2026-08-29T19:23:31Z
Chevrolet,HHR,2025-12,1.2329,google_trends,2026-08-29T19:23:31Z
Chevrolet,HHR,2026-01,1.2329,google_trends,2026-08-29T19:23:31Z
Chevrolet,HHR,2026-02,1.8494,google_trends,2026-08-29T19:23:31Z
Chevrolet,HHR,2026-03,1.2329,google_trends,2026-08-29T19:23:31Z
Chevrolet,HHR,2026-04,1.2329,google_trends,2026-08-29T19:23:31Z
Chevrolet,HHR,2026-05,1.2329,google_trends,2026-08-29T19:23:31Z
Chevrolet,HHR,2026-06,1.2329,google_trends,2026-08-29T19:23:31Z
Chevrolet,HHR,2026-07,1.2329,google_trends,2026-08-29T19:23:31Z
Chevrolet,Impala,2025-08,8.3774,google_trends,2026-08-29T19:23:31Z
Chevrolet,Impala,2025-09,7.3918,google_trends,2026-08-29T19:23:31Z
Chevrolet,Impala,2025-10,7.3918,google_trends,2026-08-29T19:23:31Z
Chevrolet,Impala,2025-11,6.6526,google_trends,2026-08-29T19:23:31Z
Chevrolet,Impala,2025-12,7.3918,google_trends,2026-08-29T19:23:31Z
Chevrolet,Impala,2026-01,6.7758,google_trends,2026-08-29T19:23:31Z
Chevrolet,Impala,2026-02,13.2437,google_trends,2026-08-29T19:23:31Z
Chevrolet,Impala,2026-03,9.6094,google_trends,2026-08-29T19:23:31Z
Chevrolet,Impala,2026-04,13.5517,google_trends,2026-08-29T19:23:31Z
Chevrolet,Impala,2026-05,11.8269,google_trends,2026-08-29T19:23:31Z
Chevrolet,Impala,2026-06,9.8558,google_trends,2026-08-29T19:23:31Z
Chevrolet,Impala,2026-07,10.4717,google_trends,2026-08-29T19:23:31Z
Chevrolet,Impala SS,2025-08,0.0,google_trends,2026-08-29T19:23:31Z
Chevrolet,Impala SS,2025-09,0.0,google_trends,2026-08-29T19:23:31Z
Chevrolet,Impala SS,2025-10,0.0,google_trends,2026-08-29T19:23:31Z
Chevrolet,Impala SS,2025-11,0.0,google_trends,2026-08-29T19:23:31Z
Chevrolet,Impala SS,2025-12,0.0,google_trends,2026-08-29T19:23:31Z
Chevrolet,Impala SS,2026-01,0.0,google_trends,2026-08-29T19:23:31Z
Chevrolet,Impala SS,2026-02,0.9245,google_trends,2026-08-29T19:23:31Z
Chevrolet,Impala SS,2026-03,0.7396,google_trends,2026-08-29T19:23:31Z
Chevrolet,Impala SS,2026-04,1.2326,google_trends,2026-08-29T19:23:31Z
Chevrolet,Impala SS,2026-05,1.4791,google_trends,2026-08-29T19:23:31Z
Chevrolet,Impala SS,2026-06,0.6163,google_trends,2026-08-29T19:23:31Z
Chevrolet,Impala SS,2026-07,0.3082,google_trends,2026-08-29T19:23:31Z
Chevrolet,Independence & Confederate,2025-08,0.0,google_trends,2026-08-29T19:23:31Z
Chevrolet,Independence & Confederate,2025-09,0.0,google_trends,2026-08-29T19:23:31Z
Chevrolet,Independence & Confederate,2025-10,0.0,google_trends,2026-08-29T19:23:31Z
Chevrolet,Independence & Confederate,2025-11,0.0,google_trends,2026-08-29T19:23:31Z
Chevrolet,Independence & Confederate,2025-12,0.0,google_trends,2026-08-29T19:23:31Z
Chevrolet,Independence & Confederate,2026-01,0.0,google_trends,2026-08-29T19:23:31Z
Chevrolet,Independence & Confederate,2026-02,0.9247,google_trends,2026-08-29T19:23:31Z
Chevrolet,Independence & Confederate,2026-03,0.0,google_trends,2026-08-29T19:23:31Z
Chevrolet,Independence & Confederate,2026-04,0.0,google_trends,2026-08-29T19:23:31Z
Chevrolet,Independence & Confederate,2026-05,0.2466,google_trends,2026-08-29T19:23:31Z
Chevrolet,Independence & Confederate,2026-06,0.3082,google_trends,2026-08-29T19:23:31Z
Chevrolet,Independence & Confederate,2026-07,0.0,google_trends,2026-08-29T19:23:31Z
Chevrolet,K5 Blazer 1969-1972,2025-08,0.0,google_trends,2026-08-29T19:23:31Z
Chevrolet,K5 Blazer 1969-1972,2025-09,0.0,google_trends,2026-08-29T19:23:31Z
Chevrolet,K5 Blazer 1969-1972,2025-10,0.0,google_trends,2026-08-29T19:23:31Z
Chevrolet,K5 Blazer 1969-1972,2025-11,0.0,google_trends,2026-08-29T19:23:31Z
Chevrolet,K5 Blazer 1969-1972,2025-12,0.0,google_trends,2026-08-29T19:23:31Z
Chevrolet,K5 Blazer 1969-1972,2026-01,0.0,google_trends,2026-08-29T19:23:31Z
Chevrolet,K5 Blazer 1969-1972,2026-02,1.2326,google_trends,2026-08-29T19:23:31Z
Chevrolet,K5 Blazer 1969-1972,2026-03,0.493,google_trends,2026-08-29T19:23:31Z
Chevrolet,K5 Blazer 1969-1972,2026-04,1.2326,google_trends,2026-08-29T19:23:31Z
Chevrolet,K5 Blazer 1969-1972,2026-05,0.493,google_trends,2026-08-29T19:23:31Z
Chevrolet,K5 Blazer 1969-1972,2026-06,0.0,google_trends,2026-08-29T19:23:31Z
Chevrolet,K5 Blazer 1969-1972,2026-07,0.0,google_trends,2026-08-29T19:23:31Z
Chevrolet,K5 Blazer 1973-1991,2025-08,0.0,google_trends,2026-08-29T19:23:31Z
Chevrolet,K5 Blazer 1973-1991,2025-09,0.0,google_trends,2026-08-29T19:23:31Z
Chevrolet,K5 Blazer 1973-1991,2025-10,0.0,google_trends,2026-08-29T19:23:31Z
Chevrolet,K5 Blazer 1973-1991,2025-11,0.0,google_trends,2026-08-29T19:23:31Z
Chevrolet,K5 Blazer 1973-1991,2025-12,0.0,google_trends,2026-08-29T19:23:31Z
Chevrolet,K5 Blazer 1973-1991,2026-01,0.0,google_trends,2026-08-29T19:23:31Z
Chevrolet,K5 Blazer 1973-1991,2026-02,1.232,google_trends,2026-08-29T19:23:31Z
Chevrolet,K5 Blazer 1973-1991,2026-03,0.4928,google_trends,2026-08-29T19:23:31Z
Chevrolet,K5 Blazer 1973-1991,2026-04,1.232,google_trends,2026-08-29T19:23:31Z
Chevrolet,K5 Blazer 1973-1991,2026-05,0.4928,google_trends,2026-08-29T19:23:31Z
Chevrolet,K5 Blazer 1973-1991,2026-06,0.0,google_trends,2026-08-29T19:23:31Z
Chevrolet,K5 Blazer 1973-1991,2026-07,0.0,google_trends,2026-08-29T19:23:31Z
Chevrolet,Kodiak,2025-08,0.0,google_trends,2026-08-29T19:23:31Z
Chevrolet,Kodiak,2025-09,0.0,google_trends,2026-08-29T19:23:31Z
Chevrolet,Kodiak,2025-10,0.0,google_trends,2026-08-29T19:23:31Z
Chevrolet,Kodiak,2025-11,0.0,google_trends,2026-08-29T19:23:31Z
Chevrolet,Kodiak,2025-12,0.0,google_trends,2026-08-29T19:23:31Z
Chevrolet,Kodiak,2026-01,0.0,google_trends,2026-08-29T19:23:31Z
Chevrolet,Kodiak,2026-02,0.9247,google_trends,2026-08-29T19:23:31Z
Chevrolet,Kodiak,2026-03,0.0,google_trends,2026-08-29T19:23:31Z
Chevrolet,Kodiak,2026-04,0.0,google_trends,2026-08-29T19:23:31Z
Chevrolet,Kodiak,2026-05,0.0,google_trends,2026-08-29T19:23:31Z
Chevrolet,Kodiak,2026-06,0.0,google_trends,2026-08-29T19:23:31Z
Chevrolet,Kodiak,2026-07,0.0,google_trends,2026-08-29T19:23:31Z
Chevrolet,LUMINA,2025-08,0.2433,google_trends,2026-08-29T21:54:49Z
Chevrolet,LUMINA,2025-09,0.3041,google_trends,2026-08-29T21:54:49Z
Chevrolet,LUMINA,2025-10,0.0,google_trends,2026-08-29T21:54:49Z
Chevrolet,LUMINA,2025-11,0.0,google_trends,2026-08-29T21:54:49Z
Chevrolet,LUMINA,2025-12,0.0,google_trends,2026-08-29T21:54:49Z
Chevrolet,LUMINA,2026-01,0.0,google_trends,2026-08-29T21:54:49Z
Chevrolet,LUMINA,2026-02,1.2165,google_trends,2026-08-29T21:54:49Z
Chevrolet,LUMINA,2026-03,0.2433,google_trends,2026-08-29T21:54:49Z
Chevrolet,LUMINA,2026-04,0.6083,google_trends,2026-08-29T21:54:49Z
Chevrolet,LUMINA,2026-05,0.2433,google_trends,2026-08-29T21:54:49Z
Chevrolet,LUMINA,2026-06,0.0,google_trends,2026-08-29T21:54:49Z
Chevrolet,LUMINA,2026-07,0.9124,google_trends,2026-08-29T21:54:49Z
Chevrolet,LUV,2025-08,1.9727,google_trends,2026-08-29T19:23:31Z
Chevrolet,LUV,2025-09,1.5411,google_trends,2026-08-29T19:23:31Z
Chevrolet,LUV,2025-10,1.2329,google_trends,2026-08-29T19:23:31Z
Chevrolet,LUV,2025-11,1.9727,google_trends,2026-08-29T19:23:31Z
Chevrolet,LUV,2025-12,1.8494,google_trends,2026-08-29T19:23:31Z
Chevrolet,LUV,2026-01,2.1576,google_trends,2026-08-29T19:23:31Z
Chevrolet,LUV,2026-02,2.7741,google_trends,2026-08-29T19:23:31Z
Chevrolet,LUV,2026-03,2.2193,google_trends,2026-08-29T19:23:31Z
Chevrolet,LUV,2026-04,2.4658,google_trends,2026-08-29T19:23:31Z
Chevrolet,LUV,2026-05,2.4658,google_trends,2026-08-29T19:23:31Z
Chevrolet,LUV,2026-06,1.5411,google_trends,2026-08-29T19:23:31Z
Chevrolet,LUV,2026-07,2.4658,google_trends,2026-08-29T19:23:31Z
Chevrolet,MALIBU,2025-08,10.7056,google_trends,2026-08-29T21:54:49Z
Chevrolet,MALIBU,2025-09,9.1241,google_trends,2026-08-29T21:54:49Z
Chevrolet,MALIBU,2025-10,8.2117,google_trends,2026-08-29T21:54:49Z
Chevrolet,MALIBU,2025-11,8.2725,google_trends,2026-08-29T21:54:49Z
Chevrolet,MALIBU,2025-12,7.9075,google_trends,2026-08-29T21:54:49Z
Chevrolet,MALIBU,2026-01,8.2117,google_trends,2026-08-29T21:54:49Z
Chevrolet,MALIBU,2026-02,14.5985,google_trends,2026-08-29T21:54:49Z
Chevrolet,MALIBU,2026-03,10.7056,google_trends,2026-08-29T21:54:49Z
Chevrolet,MALIBU,2026-04,13.6861,google_trends,2026-08-29T21:54:49Z
Chevrolet,MALIBU,2026-05,12.4088,google_trends,2026-08-29T21:54:49Z
Chevrolet,MALIBU,2026-06,10.6448,google_trends,2026-08-29T21:54:49Z
Chevrolet,MALIBU,2026-07,9.4282,google_trends,2026-08-29T21:54:49Z
Chevrolet,Monte Carlo,2025-08,1.2326,google_trends,2026-08-29T19:23:31Z
Chevrolet,Monte Carlo,2025-09,1.2326,google_trends,2026-08-29T19:23:31Z
Chevrolet,Monte Carlo,2025-10,1.2326,google_trends,2026-08-29T19:23:31Z
Chevrolet,Monte Carlo,2025-11,1.2326,google_trends,2026-08-29T19:23:31Z
Chevrolet,Monte Carlo,2025-12,1.2326,google_trends,2026-08-29T19:23:31Z
Chevrolet,Monte Carlo,2026-01,2.1571,google_trends,2026-08-29T19:23:31Z
Chevrolet,Monte Carlo,2026-02,3.0815,google_trends,2026-08-29T19:23:31Z
Chevrolet,Monte Carlo,2026-03,3.6978,google_trends,2026-08-29T19:23:31Z
Chevrolet,Monte Carlo,2026-04,2.4652,google_trends,2026-08-29T19:23:31Z
Chevrolet,Monte Carlo,2026-05,2.2187,google_trends,2026-08-29T19:23:31Z
Chevrolet,Monte Carlo,2026-06,2.4652,google_trends,2026-08-29T19:23:31Z
Chevrolet,Monte Carlo,2026-07,2.1571,google_trends,2026-08-29T19:23:31Z
Chevrolet,Nomad,2025-08,0.0,google_trends,2026-08-29T21:54:49Z
Chevrolet,Nomad,2025-09,0.0,google_trends,2026-08-29T21:54:49Z
Chevrolet,Nomad,2025-10,0.0,google_trends,2026-08-29T21:54:49Z
Chevrolet,Nomad,2025-11,0.0,google_trends,2026-08-29T21:54:49Z
Chevrolet,Nomad,2025-12,0.0,google_trends,2026-08-29T21:54:49Z
Chevrolet,Nomad,2026-01,0.0,google_trends,2026-08-29T21:54:49Z
Chevrolet,Nomad,2026-02,0.3041,google_trends,2026-08-29T21:54:49Z
Chevrolet,Nomad,2026-03,0.0,google_trends,2026-08-29T21:54:49Z
Chevrolet,Nomad,2026-04,0.9124,google_trends,2026-08-29T21:54:49Z
Chevrolet,Nomad,2026-05,0.4866,google_trends,2026-08-29T21:54:49Z
Chevrolet,Nomad,2026-06,0.0,google_trends,2026-08-29T21:54:49Z
Chevrolet,Nomad,2026-07,0.0,google_trends,2026-08-29T21:54:49Z
Chevrolet,Nova,2025-08,2.4639,google_trends,2026-08-29T19:23:31Z
Chevrolet,Nova,2025-09,1.848,google_trends,2026-08-29T19:23:31Z
Chevrolet,Nova,2025-10,1.848,google_trends,2026-08-29T19:23:31Z
Chevrolet,Nova,2025-11,1.9712,google_trends,2026-08-29T19:23:31Z
Chevrolet,Nova,2025-12,1.848,google_trends,2026-08-29T19:23:31Z
Chevrolet,Nova,2026-01,1.54,google_trends,2026-08-29T19:23:31Z
Chevrolet,Nova,2026-02,3.6959,google_trends,2026-08-29T19:23:31Z
Chevrolet,Nova,2026-03,1.9712,google_trends,2026-08-29T19:23:31Z
Chevrolet,Nova,2026-04,4.0039,google_trends,2026-08-29T19:23:31Z
Chevrolet,Nova,2026-05,3.2031,google_trends,2026-08-29T19:23:31Z
Chevrolet,Nova,2026-06,2.4639,google_trends,2026-08-29T19:23:31Z
Chevrolet,Nova,2026-07,1.848,google_trends,2026-08-29T19:23:31Z
Chevrolet,Pickup,2025-08,3.6978,google_trends,2026-08-29T19:23:31Z
Chevrolet,Pickup,2025-09,3.6978,google_trends,2026-08-29T19:23:31Z
Chevrolet,Pickup,2025-10,3.6978,google_trends,2026-08-29T19:23:31Z
Chevrolet,Pickup,2025-11,3.9443,google_trends,2026-08-29T19:23:31Z
Chevrolet,Pickup,2025-12,4.3141,google_trends,2026-08-29T19:23:31Z
Chevrolet,Pickup,2026-01,4.3141,google_trends,2026-08-29T19:23:31Z
Chevrolet,Pickup,2026-02,11.4016,google_trends,2026-08-29T19:23:31Z
Chevrolet,Pickup,2026-03,6.4095,google_trends,2026-08-29T19:23:31Z
Chevrolet,Pickup,2026-04,7.3956,google_trends,2026-08-29T19:23:31Z
Chevrolet,Pickup,2026-05,6.9026,google_trends,2026-08-29T19:23:31Z
Chevrolet,Pickup,2026-06,6.4712,google_trends,2026-08-29T19:23:31Z
Chevrolet,Pickup,2026-07,5.8549,google_trends,2026-08-29T19:23:31Z
Chevrolet,S-10,2025-08,0.0,google_trends,2026-08-29T19:23:31Z
Chevrolet,S-10,2025-09,0.0,google_trends,2026-08-29T19:23:31Z
Chevrolet,S-10,2025-10,0.0,google_trends,2026-08-29T19:23:31Z
Chevrolet,S-10,2025-11,0.0,google_trends,2026-08-29T19:23:31Z
Chevrolet,S-10,2025-12,0.0,google_trends,2026-08-29T19:23:31Z
Chevrolet,S-10,2026-01,0.0,google_trends,2026-08-29T19:23:31Z
Chevrolet,S-10,2026-02,0.9245,google_trends,2026-08-29T19:23:31Z
Chevrolet,S-10,2026-03,0.0,google_trends,2026-08-29T19:23:31Z
Chevrolet,S-10,2026-04,0.6163,google_trends,2026-08-29T19:23:31Z
Chevrolet,S-10,2026-05,0.9861,google_trends,2026-08-29T19:23:31Z
Chevrolet,S-10,2026-06,0.6163,google_trends,2026-08-29T19:23:31Z
Chevrolet,S-10,2026-07,0.6163,google_trends,2026-08-29T19:23:31Z
Chevrolet,SSR,2025-08,0.0,google_trends,2026-08-29T19:23:31Z
Chevrolet,SSR,2025-09,0.0,google_trends,2026-08-29T19:23:31Z
Chevrolet,SSR,2025-10,0.0,google_trends,2026-08-29T19:23:31Z
Chevrolet,SSR,2025-11,0.0,google_trends,2026-08-29T19:23:31Z
Chevrolet,SSR,2025-12,0.0,google_trends,2026-08-29T19:23:31Z
Chevrolet,SSR,2026-01,0.0,google_trends,2026-08-29T19:23:31Z
Chevrolet,SSR,2026-02,0.924,google_trends,2026-08-29T19:23:31Z
Chevrolet,SSR,2026-03,0.0,google_trends,2026-08-29T19:23:31Z
Chevrolet,SSR,2026-04,0.0,google_trends,2026-08-29T19:23:31Z
Chevrolet,SSR,2026-05,0.0,google_trends,2026-08-29T19:23:31Z
Chevrolet,SSR,2026-06,0.0,google_trends,2026-08-29T19:23:31Z
Chevrolet,SSR,2026-07,0.0,google_trends,2026-08-29T19:23:31Z
Chevrolet,Suburban,2025-08,11.0934,google_trends,2026-08-29T19:23:31Z
Chevrolet,Suburban,2025-09,10.169,google_trends,2026-08-29T19:23:31Z
Chevrolet,Suburban,2025-10,10.169,google_trends,2026-08-29T19:23:31Z
Chevrolet,Suburban,2025-11,10.3539,google_trends,2026-08-29T19:23:31Z
Chevrolet,Suburban,2025-12,9.8608,google_trends,2026-08-29T19:23:31Z
Chevrolet,Suburban,2026-01,10.7853,google_trends,2026-08-29T19:23:31Z
Chevrolet,Suburban,2026-02,26.501,google_trends,2026-08-29T19:23:31Z
Chevrolet,Suburban,2026-03,12.8191,google_trends,2026-08-29T19:23:31Z
Chevrolet,Suburban,2026-04,12.9423,google_trends,2026-08-29T19:23:31Z
Chevrolet,Suburban,2026-05,13.3121,google_trends,2026-08-29T19:23:31Z
Chevrolet,Suburban,2026-06,12.326,google_trends,2026-08-29T19:23:31Z
Chevrolet,Suburban,2026-07,11.7097,google_trends,2026-08-29T19:23:31Z
Chevrolet,TAHOE,2025-08,14.5985,google_trends,2026-08-29T21:54:49Z
Chevrolet,TAHOE,2025-09,13.9903,google_trends,2026-08-29T21:54:49Z
Chevrolet,TAHOE,2025-10,13.382,google_trends,2026-08-29T21:54:49Z
Chevrolet,TAHOE,2025-11,13.382,google_trends,2026-08-29T21:54:49Z
Chevrolet,TAHOE,2025-12,14.2944,google_trends,2026-08-29T21:54:49Z
Chevrolet,TAHOE,2026-01,14.9027,google_trends,2026-08-29T21:54:49Z
Chevrolet,TAHOE,2026-02,22.2019,google_trends,2026-08-29T21:54:49Z
Chevrolet,TAHOE,2026-03,16.545,google_trends,2026-08-29T21:54:49Z
Chevrolet,TAHOE,2026-04,20.9854,google_trends,2026-08-29T21:54:49Z
Chevrolet,TAHOE,2026-05,20.6813,google_trends,2026-08-29T21:54:49Z
Chevrolet,TAHOE,2026-06,17.0316,google_trends,2026-08-29T21:54:49Z
Chevrolet,TAHOE,2026-07,15.2068,google_trends,2026-08-29T21:54:49Z
Chevrolet,Trailblazer,2025-08,5.4235,google_trends,2026-08-29T19:23:31Z
Chevrolet,Trailblazer,2025-09,4.9304,google_trends,2026-08-29T19:23:31Z
Chevrolet,Trailblazer,2025-10,4.9304,google_trends,2026-08-29T19:23:31Z
Chevrolet,Trailblazer,2025-11,5.4235,google_trends,2026-08-29T19:23:31Z
Chevrolet,Trailblazer,2025-12,4.9304,google_trends,2026-08-29T19:23:31Z
Chevrolet,Trailblazer,2026-01,4.9304,google_trends,2026-08-29T19:23:31Z
Chevrolet,Trailblazer,2026-02,8.0119,google_trends,2026-08-29T19:23:31Z
Chevrolet,Trailblazer,2026-03,5.4235,google_trends,2026-08-29T19:23:31Z
Chevrolet,Trailblazer,2026-04,6.163,google_trends,2026-08-29T19:23:31Z
Chevrolet,Trailblazer,2026-05,6.4095,google_trends,2026-08-29T19:23:31Z
Chevrolet,Trailblazer,2026-06,6.163,google_trends,2026-08-29T19:23:31Z
Chevrolet,Trailblazer,2026-07,6.7793,google_trends,2026-08-29T19:23:31Z
Chevrolet,Vega,2025-08,0.0,google_trends,2026-08-29T21:54:49Z
Chevrolet,Vega,2025-09,0.0,google_trends,2026-08-29T21:54:49Z
Chevrolet,Vega,2025-10,0.0,google_trends,2026-08-29T21:54:49Z
Chevrolet,Vega,2025-11,0.0,google_trends,2026-08-29T21:54:49Z
Chevrolet,Vega,2025-12,0.0,google_trends,2026-08-29T21:54:49Z
Chevrolet,Vega,2026-01,0.0,google_trends,2026-08-29T21:54:49Z
Chevrolet,Vega,2026-02,0.6083,google_trends,2026-08-29T21:54:49Z
Chevrolet,Vega,2026-03,0.0,google_trends,2026-08-29T21:54:49Z
Chevrolet,Vega,2026-04,0.0,google_trends,2026-08-29T21:54:49Z
Chevrolet,Vega,2026-05,0.0,google_trends,2026-08-29T21:54:49Z
Chevrolet,Vega,2026-06,0.0,google_trends,2026-08-29T21:54:49Z
Chevrolet,Vega,2026-07,0.0,google_trends,2026-08-29T21:54:49Z
Chrysler,CHRYSLER,2025-08,162.9318,google_trends,2026-08-29T21:54:49Z
Chrysler,CHRYSLER,2025-09,147.7921,google_trends,2026-08-29T21:54:49Z
Chrysler,CHRYSLER,2025-10,144.1874,google_trends,2026-08-29T21:54:49Z
Chrysler,CHRYSLER,2025-11,144.1874,google_trends,2026-08-29T21:54:49Z
Chrysler,CHRYSLER,2025-12,147.7921,google_trends,2026-08-29T21:54:49Z
Chrysler,CHRYSLER,2026-01,145.9898,google_trends,2026-08-29T21:54:49Z
Chrysler,CHRYSLER,2026-02,221.6882,google_trends,2026-08-29T21:54:49Z
Chrysler,CHRYSLER,2026-03,186.0018,google_trends,2026-08-29T21:54:49Z
Chrysler,CHRYSLER,2026-04,189.246,google_trends,2026-08-29T21:54:49Z
Chrysler,CHRYSLER,2026-05,188.8856,google_trends,2026-08-29T21:54:49Z
Chrysler,CHRYSLER,2026-06,174.8273,google_trends,2026-08-29T21:54:49Z
Chrysler,CHRYSLER,2026-07,174.8273,google_trends,2026-08-29T21:54:49Z
Chrysler,CHRYSLER 200,2025-08,11.1922,google_trends,2026-08-29T21:54:49Z
Chrysler,CHRYSLER 200,2025-09,10.0365,google_trends,2026-08-29T21:54:49Z
Chrysler,CHRYSLER 200,2025-10,9.4282,google_trends,2026-08-29T21:54:49Z
Chrysler,CHRYSLER 200,2025-11,9.7324,google_trends,2026-08-29T21:54:49Z
Chrysler,CHRYSLER 200,2025-12,9.1241,google_trends,2026-08-29T21:54:49Z
Chrysler,CHRYSLER 200,2026-01,9.7324,google_trends,2026-08-29T21:54:49Z
Chrysler,CHRYSLER 200,2026-02,13.0779,google_trends,2026-08-29T21:54:49Z
Chrysler,CHRYSLER 200,2026-03,12.1655,google_trends,2026-08-29T21:54:49Z
Chrysler,CHRYSLER 200,2026-04,12.1655,google_trends,2026-08-29T21:54:49Z
Chrysler,CHRYSLER 200,2026-05,11.6788,google_trends,2026-08-29T21:54:49Z
Chrysler,CHRYSLER 200,2026-06,10.6448,google_trends,2026-08-29T21:54:49Z
Chrysler,CHRYSLER 200,2026-07,10.0365,google_trends,2026-08-29T21:54:49Z
Chrysler,CHRYSLER 300,2025-08,21.8978,google_trends,2026-08-29T21:54:49Z
Chrysler,CHRYSLER 300,2025-09,20.6813,google_trends,2026-08-29T21:54:49Z
Chrysler,CHRYSLER 300,2025-10,20.073,google_trends,2026-08-29T21:54:49Z
Chrysler,CHRYSLER 300,2025-11,19.9513,google_trends,2026-08-29T21:54:49Z
Chrysler,CHRYSLER 300,2025-12,19.7689,google_trends,2026-08-29T21:54:49Z
Chrysler,CHRYSLER 300,2026-01,20.6813,google_trends,2026-08-29T21:54:49Z
Chrysler,CHRYSLER 300,2026-02,29.1971,google_trends,2026-08-29T21:54:49Z
Chrysler,CHRYSLER 300,2026-03,26.764,google_trends,2026-08-29T21:54:49Z
Chrysler,CHRYSLER 300,2026-04,29.5012,google_trends,2026-08-29T21:54:49Z
Chrysler,CHRYSLER 300,2026-05,27.2506,google_trends,2026-08-29T21:54:49Z
Chrysler,CHRYSLER 300,2026-06,24.3309,google_trends,2026-08-29T21:54:49Z
Chrysler,CHRYSLER 300,2026-07,22.8102,google_trends,2026-08-29T21:54:49Z
Chrysler,CHRYSLER ASPEN,2025-08,1.2165,google_trends,2026-08-29T21:54:49Z
Chrysler,CHRYSLER ASPEN,2025-09,0.9124,google_trends,2026-08-29T21:54:49Z
Chrysler,CHRYSLER ASPEN,2025-10,0.0,google_trends,2026-08-29T21:54:49Z
Chrysler,CHRYSLER ASPEN,2025-11,0.9732,google_trends,2026-08-29T21:54:49Z
Chrysler,CHRYSLER ASPEN,2025-12,0.9124,google_trends,2026-08-29T21:54:49Z
Chrysler,CHRYSLER ASPEN,2026-01,0.6083,google_trends,2026-08-29T21:54:49Z
Chrysler,CHRYSLER ASPEN,2026-02,1.8248,google_trends,2026-08-29T21:54:49Z
Chrysler,CHRYSLER ASPEN,2026-03,1.2165,google_trends,2026-08-29T21:54:49Z
Chrysler,CHRYSLER ASPEN,2026-04,1.2165,google_trends,2026-08-29T21:54:49Z
Chrysler,CHRYSLER ASPEN,2026-05,1.2165,google_trends,2026-08-29T21:54:49Z
Chrysler,CHRYSLER ASPEN,2026-06,0.9124,google_trends,2026-08-29T21:54:49Z
Chrysler,CHRYSLER ASPEN,2026-07,1.2165,google_trends,2026-08-29T21:54:49Z
Chrysler,CHRYSLER LHS,2025-08,0.0,google_trends,2026-08-29T21:54:49Z
Chrysler,CHRYSLER LHS,2025-09,0.0,google_trends,2026-08-29T21:54:49Z
Chrysler,CHRYSLER LHS,2025-10,0.0,google_trends,2026-08-29T21:54:49Z
Chrysler,CHRYSLER LHS,2025-11,0.0,google_trends,2026-08-29T21:54:49Z
Chrysler,CHRYSLER LHS,2025-12,0.0,google_trends,2026-08-29T21:54:49Z
Chrysler,CHRYSLER LHS,2026-01,0.0,google_trends,2026-08-29T21:54:49Z
Chrysler,CHRYSLER LHS,2026-02,0.6083,google_trends,2026-08-29T21:54:49Z
Chrysler,CHRYSLER LHS,2026-03,0.0,google_trends,2026-08-29T21:54:49Z
Chrysler,CHRYSLER LHS,2026-04,0.0,google_trends,2026-08-29T21:54:49Z
Chrysler,CHRYSLER LHS,2026-05,0.0,google_trends,2026-08-29T21:54:49Z
Chrysler,CHRYSLER LHS,2026-06,0.0,google_trends,2026-08-29T21:54:49Z
Chrysler,CHRYSLER LHS,2026-07,0.0,google_trends,2026-08-29T21:54:49Z
Chrysler,CHRYSLER SEBRING,2025-08,3.6988,google_trends,2026-08-29T19:23:31Z
Chrysler,CHRYSLER SEBRING,2025-09,2.4658,google_trends,2026-08-29T19:23:31Z
Chrysler,CHRYSLER SEBRING,2025-10,2.4658,google_trends,2026-08-29T19:23:31Z
Chrysler,CHRYSLER SEBRING,2025-11,2.4658,google_trends,2026-08-29T19:23:31Z
Chrysler,CHRYSLER SEBRING,2025-12,2.4658,google_trends,2026-08-29T19:23:31Z
Chrysler,CHRYSLER SEBRING,2026-01,2.4658,google_trends,2026-08-29T19:23:31Z
Chrysler,CHRYSLER SEBRING,2026-02,6.7811,google_trends,2026-08-29T19:23:31Z
Chrysler,CHRYSLER SEBRING,2026-03,3.2056,google_trends,2026-08-29T19:23:31Z
Chrysler,CHRYSLER SEBRING,2026-04,3.6988,google_trends,2026-08-29T19:23:31Z
Chrysler,CHRYSLER SEBRING,2026-05,3.6988,google_trends,2026-08-29T19:23:31Z
Chrysler,CHRYSLER SEBRING,2026-06,2.7741,google_trends,2026-08-29T19:23:31Z
Chrysler,CHRYSLER SEBRING,2026-07,3.3905,google_trends,2026-08-29T19:23:31Z
Chrysler,Chrysler 300,2025-08,21.9403,google_trends,2026-08-29T19:23:31Z
Chrysler,Chrysler 300,2025-09,20.9542,google_trends,2026-08-29T19:23:31Z
Chrysler,Chrysler 300,2025-10,20.9542,google_trends,2026-08-29T19:23:31Z
Chrysler,Chrysler 300,2025-11,20.4612,google_trends,2026-08-29T19:23:31Z
Chrysler,Chrysler 300,2025-12,19.4135,google_trends,2026-08-29T19:23:31Z
Chrysler,Chrysler 300,2026-01,20.3379,google_trends,2026-08-29T19:23:31Z
Chrysler,Chrysler 300,2026-02,30.5069,google_trends,2026-08-29T19:23:31Z
Chrysler,Chrysler 300,2026-03,26.8707,google_trends,2026-08-29T19:23:31Z
Chrysler,Chrysler 300,2026-04,28.9662,google_trends,2026-08-29T19:23:31Z
Chrysler,Chrysler 300,2026-05,26.8707,google_trends,2026-08-29T19:23:31Z
Chrysler,Chrysler 300,2026-06,25.2683,google_trends,2026-08-29T19:23:31Z
Chrysler,Chrysler 300,2026-07,23.1113,google_trends,2026-08-29T19:23:31Z
Chrysler,Chrysler Cordoba,2025-08,0.0,google_trends,2026-08-29T19:23:31Z
Chrysler,Chrysler Cordoba,2025-09,0.0,google_trends,2026-08-29T19:23:31Z
Chrysler,Chrysler Cordoba,2025-10,0.0,google_trends,2026-08-29T19:23:31Z
Chrysler,Chrysler Cordoba,2025-11,0.0,google_trends,2026-08-29T19:23:31Z
Chrysler,Chrysler Cordoba,2025-12,0.0,google_trends,2026-08-29T19:23:31Z
Chrysler,Chrysler Cordoba,2026-01,0.0,google_trends,2026-08-29T19:23:31Z
Chrysler,Chrysler Cordoba,2026-02,0.3082,google_trends,2026-08-29T19:23:31Z
Chrysler,Chrysler Cordoba,2026-03,0.0,google_trends,2026-08-29T19:23:31Z
Chrysler,Chrysler Cordoba,2026-04,0.0,google_trends,2026-08-29T19:23:31Z
Chrysler,Chrysler Cordoba,2026-05,0.0,google_trends,2026-08-29T19:23:31Z
Chrysler,Chrysler Cordoba,2026-06,0.0,google_trends,2026-08-29T19:23:31Z
Chrysler,Chrysler Cordoba,2026-07,0.0,google_trends,2026-08-29T19:23:31Z
Chrysler,Chrysler Crossfire,2025-08,2.4652,google_trends,2026-08-29T19:23:31Z
Chrysler,Chrysler Crossfire,2025-09,1.2326,google_trends,2026-08-29T19:23:31Z
Chrysler,Chrysler Crossfire,2025-10,1.5408,google_trends,2026-08-29T19:23:31Z
Chrysler,Chrysler Crossfire,2025-11,1.4791,google_trends,2026-08-29T19:23:31Z
Chrysler,Chrysler Crossfire,2025-12,1.2326,google_trends,2026-08-29T19:23:31Z
Chrysler,Chrysler Crossfire,2026-01,1.2326,google_trends,2026-08-29T19:23:31Z
Chrysler,Chrysler Crossfire,2026-02,2.1571,google_trends,2026-08-29T19:23:31Z
Chrysler,Chrysler Crossfire,2026-03,2.4652,google_trends,2026-08-29T19:23:31Z
Chrysler,Chrysler Crossfire,2026-04,2.4652,google_trends,2026-08-29T19:23:31Z
Chrysler,Chrysler Crossfire,2026-05,2.4652,google_trends,2026-08-29T19:23:31Z
Chrysler,Chrysler Crossfire,2026-06,2.4652,google_trends,2026-08-29T19:23:31Z
Chrysler,Chrysler Crossfire,2026-07,2.4652,google_trends,2026-08-29T19:23:31Z
Chrysler,Chrysler Fifth Avenue,2025-08,0.0,google_trends,2026-08-29T21:54:49Z
Chrysler,Chrysler Fifth Avenue,2025-09,0.0,google_trends,2026-08-29T21:54:49Z
Chrysler,Chrysler Fifth Avenue,2025-10,0.0,google_trends,2026-08-29T21:54:49Z
Chrysler,Chrysler Fifth Avenue,2025-11,0.0,google_trends,2026-08-29T21:54:49Z
Chrysler,Chrysler Fifth Avenue,2025-12,0.0,google_trends,2026-08-29T21:54:49Z
Chrysler,Chrysler Fifth Avenue,2026-01,0.0,google_trends,2026-08-29T21:54:49Z
Chrysler,Chrysler Fifth Avenue,2026-02,0.3041,google_trends,2026-08-29T21:54:49Z
Chrysler,Chrysler Fifth Avenue,2026-03,0.0,google_trends,2026-08-29T21:54:49Z
Chrysler,Chrysler Fifth Avenue,2026-04,0.0,google_trends,2026-08-29T21:54:49Z
Chrysler,Chrysler Fifth Avenue,2026-05,0.0,google_trends,2026-08-29T21:54:49Z
Chrysler,Chrysler Fifth Avenue,2026-06,0.0,google_trends,2026-08-29T21:54:49Z
Chrysler,Chrysler Fifth Avenue,2026-07,0.0,google_trends,2026-08-29T21:54:49Z
Chrysler,Chrysler Imperial,2025-08,1.2326,google_trends,2026-08-29T19:23:31Z
Chrysler,Chrysler Imperial,2025-09,1.2326,google_trends,2026-08-29T19:23:31Z
Chrysler,Chrysler Imperial,2025-10,0.9245,google_trends,2026-08-29T19:23:31Z
Chrysler,Chrysler Imperial,2025-11,0.9861,google_trends,2026-08-29T19:23:31Z
Chrysler,Chrysler Imperial,2025-12,0.3082,google_trends,2026-08-29T19:23:31Z
Chrysler,Chrysler Imperial,2026-01,0.6163,google_trends,2026-08-29T19:23:31Z
Chrysler,Chrysler Imperial,2026-02,1.8489,google_trends,2026-08-29T19:23:31Z
Chrysler,Chrysler Imperial,2026-03,1.2326,google_trends,2026-08-29T19:23:31Z
Chrysler,Chrysler Imperial,2026-04,1.2326,google_trends,2026-08-29T19:23:31Z
Chrysler,Chrysler Imperial,2026-05,1.2326,google_trends,2026-08-29T19:23:31Z
Chrysler,Chrysler Imperial,2026-06,1.2326,google_trends,2026-08-29T19:23:31Z
Chrysler,Chrysler Imperial,2026-07,1.5408,google_trends,2026-08-29T19:23:31Z
Chrysler,Chrysler LeBaron,2025-08,1.2329,google_trends,2026-08-29T19:23:31Z
Chrysler,Chrysler LeBaron,2025-09,0.9247,google_trends,2026-08-29T19:23:31Z
Chrysler,Chrysler LeBaron,2025-10,0.3082,google_trends,2026-08-29T19:23:31Z
Chrysler,Chrysler LeBaron,2025-11,0.7398,google_trends,2026-08-29T19:23:31Z
Chrysler,Chrysler LeBaron,2025-12,0.0,google_trends,2026-08-29T19:23:31Z
Chrysler,Chrysler LeBaron,2026-01,0.3082,google_trends,2026-08-29T19:23:31Z
Chrysler,Chrysler LeBaron,2026-02,1.5411,google_trends,2026-08-29T19:23:31Z
Chrysler,Chrysler LeBaron,2026-03,1.2329,google_trends,2026-08-29T19:23:31Z
Chrysler,Chrysler LeBaron,2026-04,1.2329,google_trends,2026-08-29T19:23:31Z
Chrysler,Chrysler LeBaron,2026-05,0.7398,google_trends,2026-08-29T19:23:31Z
Chrysler,Chrysler LeBaron,2026-06,1.2329,google_trends,2026-08-29T19:23:31Z
Chrysler,Chrysler LeBaron,2026-07,1.2329,google_trends,2026-08-29T19:23:31Z
Chrysler,Chrysler New Yorker,2025-08,1.2329,google_trends,2026-08-29T19:23:31Z
Chrysler,Chrysler New Yorker,2025-09,1.2329,google_trends,2026-08-29T19:23:31Z
Chrysler,Chrysler New Yorker,2025-10,1.2329,google_trends,2026-08-29T19:23:31Z
Chrysler,Chrysler New Yorker,2025-11,1.2329,google_trends,2026-08-29T19:23:31Z
Chrysler,Chrysler New Yorker,2025-12,1.2329,google_trends,2026-08-29T19:23:31Z
Chrysler,Chrysler New Yorker,2026-01,1.2329,google_trends,2026-08-29T19:23:31Z
Chrysler,Chrysler New Yorker,2026-02,1.2329,google_trends,2026-08-29T19:23:31Z
Chrysler,Chrysler New Yorker,2026-03,1.2329,google_trends,2026-08-29T19:23:31Z
Chrysler,Chrysler New Yorker,2026-04,1.2329,google_trends,2026-08-29T19:23:31Z
Chrysler,Chrysler New Yorker,2026-05,1.2329,google_trends,2026-08-29T19:23:31Z
Chrysler,Chrysler New Yorker,2026-06,1.2329,google_trends,2026-08-29T19:23:31Z
Chrysler,Chrysler New Yorker,2026-07,1.2329,google_trends,2026-08-29T19:23:31Z
Chrysler,Chrysler Newport,2025-08,0.0,google_trends,2026-08-29T21:54:49Z
Chrysler,Chrysler Newport,2025-09,0.0,google_trends,2026-08-29T21:54:49Z
Chrysler,Chrysler Newport,2025-10,0.0,google_trends,2026-08-29T21:54:49Z
Chrysler,Chrysler Newport,2025-11,0.0,google_trends,2026-08-29T21:54:49Z
Chrysler,Chrysler Newport,2025-12,0.0,google_trends,2026-08-29T21:54:49Z
Chrysler,Chrysler Newport,2026-01,0.0,google_trends,2026-08-29T21:54:49Z
Chrysler,Chrysler Newport,2026-02,0.9124,google_trends,2026-08-29T21:54:49Z
Chrysler,Chrysler Newport,2026-03,0.0,google_trends,2026-08-29T21:54:49Z
Chrysler,Chrysler Newport,2026-04,0.0,google_trends,2026-08-29T21:54:49Z
Chrysler,Chrysler Newport,2026-05,0.0,google_trends,2026-08-29T21:54:49Z
Chrysler,Chrysler Newport,2026-06,0.0,google_trends,2026-08-29T21:54:49Z
Chrysler,Chrysler Newport,2026-07,0.0,google_trends,2026-08-29T21:54:49Z
Chrysler,Chrysler PT Cruiser,2025-08,1.2326,google_trends,2026-08-29T19:23:31Z
Chrysler,Chrysler PT Cruiser,2025-09,1.2326,google_trends,2026-08-29T19:23:31Z
Chrysler,Chrysler PT Cruiser,2025-10,1.2326,google_trends,2026-08-29T19:23:31Z
Chrysler,Chrysler PT Cruiser,2025-11,1.2326,google_trends,2026-08-29T19:23:31Z
Chrysler,Chrysler PT Cruiser,2025-12,1.2326,google_trends,2026-08-29T19:23:31Z
Chrysler,Chrysler PT Cruiser,2026-01,1.2326,google_trends,2026-08-29T19:23:31Z
Chrysler,Chrysler PT Cruiser,2026-02,3.3897,google_trends,2026-08-29T19:23:31Z
Chrysler,Chrysler PT Cruiser,2026-03,1.7256,google_trends,2026-08-29T19:23:31Z
Chrysler,Chrysler PT Cruiser,2026-04,2.4652,google_trends,2026-08-29T19:23:31Z
Chrysler,Chrysler PT Cruiser,2026-05,2.2187,google_trends,2026-08-29T19:23:31Z
Chrysler,Chrysler PT Cruiser,2026-06,1.2326,google_trends,2026-08-29T19:23:31Z
Chrysler,Chrysler PT Cruiser,2026-07,1.5408,google_trends,2026-08-29T19:23:31Z
Chrysler,Chrysler Pacifica Minivan,2025-08,0.0,google_trends,2026-08-29T19:23:31Z
Chrysler,Chrysler Pacifica Minivan,2025-09,0.0,google_trends,2026-08-29T19:23:31Z
Chrysler,Chrysler Pacifica Minivan,2025-10,0.0,google_trends,2026-08-29T19:23:31Z
Chrysler,Chrysler Pacifica Minivan,2025-11,0.2466,google_trends,2026-08-29T19:23:31Z
Chrysler,Chrysler Pacifica Minivan,2025-12,0.0,google_trends,2026-08-29T19:23:31Z
Chrysler,Chrysler Pacifica Minivan,2026-01,0.0,google_trends,2026-08-29T19:23:31Z
Chrysler,Chrysler Pacifica Minivan,2026-02,0.3082,google_trends,2026-08-29T19:23:31Z
Chrysler,Chrysler Pacifica Minivan,2026-03,0.9863,google_trends,2026-08-29T19:23:31Z
Chrysler,Chrysler Pacifica Minivan,2026-04,0.0,google_trends,2026-08-29T19:23:31Z
Chrysler,Chrysler Pacifica Minivan,2026-05,1.2329,google_trends,2026-08-29T19:23:31Z
Chrysler,Chrysler Pacifica Minivan,2026-06,1.2329,google_trends,2026-08-29T19:23:31Z
Chrysler,Chrysler Pacifica Minivan,2026-07,1.2329,google_trends,2026-08-29T19:23:31Z
Chrysler,Chrysler Sebring,2025-08,3.6496,google_trends,2026-08-29T21:54:49Z
Chrysler,Chrysler Sebring,2025-09,2.7372,google_trends,2026-08-29T21:54:49Z
Chrysler,Chrysler Sebring,2025-10,2.4331,google_trends,2026-08-29T21:54:49Z
Chrysler,Chrysler Sebring,2025-11,2.4331,google_trends,2026-08-29T21:54:49Z
Chrysler,Chrysler Sebring,2025-12,2.4331,google_trends,2026-08-29T21:54:49Z
Chrysler,Chrysler Sebring,2026-01,2.4331,google_trends,2026-08-29T21:54:49Z
Chrysler,Chrysler Sebring,2026-02,6.691,google_trends,2026-08-29T21:54:49Z
Chrysler,Chrysler Sebring,2026-03,3.6496,google_trends,2026-08-29T21:54:49Z
Chrysler,Chrysler Sebring,2026-04,3.6496,google_trends,2026-08-29T21:54:49Z
Chrysler,Chrysler Sebring,2026-05,3.6496,google_trends,2026-08-29T21:54:49Z
Chrysler,Chrysler Sebring,2026-06,3.0414,google_trends,2026-08-29T21:54:49Z
Chrysler,Chrysler Sebring,2026-07,3.3455,google_trends,2026-08-29T21:54:49Z
Chrysler,Chrysler Town & Country,2025-08,9.8608,google_trends,2026-08-29T19:23:31Z
Chrysler,Chrysler Town & Country,2025-09,8.3201,google_trends,2026-08-29T19:23:31Z
Chrysler,Chrysler Town & Country,2025-10,8.3201,google_trends,2026-08-29T19:23:31Z
Chrysler,Chrysler Town & Country,2025-11,8.3817,google_trends,2026-08-29T19:23:31Z
Chrysler,Chrysler Town & Country,2025-12,7.3956,google_trends,2026-08-29T19:23:31Z
Chrysler,Chrysler Town & Country,2026-01,8.0119,google_trends,2026-08-29T19:23:31Z
Chrysler,Chrysler Town & Country,2026-02,12.6342,google_trends,2026-08-29T19:23:31Z
Chrysler,Chrysler Town & Country,2026-03,10.3539,google_trends,2026-08-29T19:23:31Z
Chrysler,Chrysler Town & Country,2026-04,10.4771,google_trends,2026-08-29T19:23:31Z
Chrysler,Chrysler Town & Country,2026-05,11.0934,google_trends,2026-08-29T19:23:31Z
Chrysler,Chrysler Town & Country,2026-06,10.169,google_trends,2026-08-29T19:23:31Z
Chrysler,Chrysler Town & Country,2026-07,9.8608,google_trends,2026-08-29T19:23:31Z
Chrysler,Chrysler Town & Country Minivan,2025-08,9.8634,google_trends,2026-08-29T19:23:31Z
Chrysler,Chrysler Town & Country Minivan,2025-09,8.3222,google_trends,2026-08-29T19:23:31Z
Chrysler,Chrysler Town & Country Minivan,2025-10,8.3222,google_trends,2026-08-29T19:23:31Z
Chrysler,Chrysler Town & Country Minivan,2025-11,8.3838,google_trends,2026-08-29T19:23:31Z
Chrysler,Chrysler Town & Country Minivan,2025-12,7.3975,google_trends,2026-08-29T19:23:31Z
Chrysler,Chrysler Town & Country Minivan,2026-01,8.014,google_trends,2026-08-29T19:23:31Z
Chrysler,Chrysler Town & Country Minivan,2026-02,12.3292,google_trends,2026-08-29T19:23:31Z
Chrysler,Chrysler Town & Country Minivan,2026-03,10.3565,google_trends,2026-08-29T19:23:31Z
Chrysler,Chrysler Town & Country Minivan,2026-04,10.4798,google_trends,2026-08-29T19:23:31Z
Chrysler,Chrysler Town & Country Minivan,2026-05,11.0963,google_trends,2026-08-29T19:23:31Z
Chrysler,Chrysler Town & Country Minivan,2026-06,10.1716,google_trends,2026-08-29T19:23:31Z
Chrysler,Chrysler Town & Country Minivan,2026-07,9.8634,google_trends,2026-08-29T19:23:31Z
Chrysler,Chrysler Voyager,2025-08,4.8662,google_trends,2026-08-29T21:54:49Z
Chrysler,Chrysler Voyager,2025-09,3.6496,google_trends,2026-08-29T21:54:49Z
Chrysler,Chrysler Voyager,2025-10,3.9538,google_trends,2026-08-29T21:54:49Z
Chrysler,Chrysler Voyager,2025-11,3.6496,google_trends,2026-08-29T21:54:49Z
Chrysler,Chrysler Voyager,2025-12,3.6496,google_trends,2026-08-29T21:54:49Z
Chrysler,Chrysler Voyager,2026-01,3.6496,google_trends,2026-08-29T21:54:49Z
Chrysler,Chrysler Voyager,2026-02,6.0827,google_trends,2026-08-29T21:54:49Z
Chrysler,Chrysler Voyager,2026-03,4.6229,google_trends,2026-08-29T21:54:49Z
Chrysler,Chrysler Voyager,2026-04,4.562,google_trends,2026-08-29T21:54:49Z
Chrysler,Chrysler Voyager,2026-05,4.3796,google_trends,2026-08-29T21:54:49Z
Chrysler,Chrysler Voyager,2026-06,3.9538,google_trends,2026-08-29T21:54:49Z
Chrysler,Chrysler Voyager,2026-07,4.562,google_trends,2026-08-29T21:54:49Z
Chrysler,Chrysler Windsor,2025-08,0.0,google_trends,2026-08-29T19:23:31Z
Chrysler,Chrysler Windsor,2025-09,0.0,google_trends,2026-08-29T19:23:31Z
Chrysler,Chrysler Windsor,2025-10,0.0,google_trends,2026-08-29T19:23:31Z
Chrysler,Chrysler Windsor,2025-11,0.0,google_trends,2026-08-29T19:23:31Z
Chrysler,Chrysler Windsor,2025-12,0.0,google_trends,2026-08-29T19:23:31Z
Chrysler,Chrysler Windsor,2026-01,0.0,google_trends,2026-08-29T19:23:31Z
Chrysler,Chrysler Windsor,2026-02,0.3082,google_trends,2026-08-29T19:23:31Z
Chrysler,Chrysler Windsor,2026-03,0.0,google_trends,2026-08-29T19:23:31Z
Chrysler,Chrysler Windsor,2026-04,0.0,google_trends,2026-08-29T19:23:31Z
Chrysler,Chrysler Windsor,2026-05,0.0,google_trends,2026-08-29T19:23:31Z
Chrysler,Chrysler Windsor,2026-06,0.3082,google_trends,2026-08-29T19:23:31Z
Chrysler,Chrysler Windsor,2026-07,0.0,google_trends,2026-08-29T19:23:31Z
Cord,Cord Replica,2025-08,0.0,google_trends,2026-08-29T21:54:49Z
Cord,Cord Replica,2025-09,0.0,google_trends,2026-08-29T21:54:49Z
Cord,Cord Replica,2025-10,0.0,google_trends,2026-08-29T21:54:49Z
Cord,Cord Replica,2025-11,0.0,google_trends,2026-08-29T21:54:49Z
Cord,Cord Replica,2025-12,0.0,google_trends,2026-08-29T21:54:49Z
Cord,Cord Replica,2026-01,0.0,google_trends,2026-08-29T21:54:49Z
Cord,Cord Replica,2026-02,0.0,google_trends,2026-08-29T21:54:49Z
Cord,Cord Replica,2026-03,0.2433,google_trends,2026-08-29T21:54:49Z
Cord,Cord Replica,2026-04,0.9124,google_trends,2026-08-29T21:54:49Z
Cord,Cord Replica,2026-05,0.4866,google_trends,2026-08-29T21:54:49Z
Cord,Cord Replica,2026-06,0.0,google_trends,2026-08-29T21:54:49Z
Cord,Cord Replica,2026-07,0.0,google_trends,2026-08-29T21:54:49Z
Daihatsu,DAIHATSU MIRA,2025-08,1.4599,google_trends,2026-08-29T21:54:49Z
Daihatsu,DAIHATSU MIRA,2025-09,1.2165,google_trends,2026-08-29T21:54:49Z
Daihatsu,DAIHATSU MIRA,2025-10,1.2165,google_trends,2026-08-29T21:54:49Z
Daihatsu,DAIHATSU MIRA,2025-11,1.9465,google_trends,2026-08-29T21:54:49Z
Daihatsu,DAIHATSU MIRA,2025-12,2.129,google_trends,2026-08-29T21:54:49Z
Daihatsu,DAIHATSU MIRA,2026-01,2.129,google_trends,2026-08-29T21:54:49Z
Daihatsu,DAIHATSU MIRA,2026-02,2.129,google_trends,2026-08-29T21:54:49Z
Daihatsu,DAIHATSU MIRA,2026-03,1.4599,google_trends,2026-08-29T21:54:49Z
Daihatsu,DAIHATSU MIRA,2026-04,1.2165,google_trends,2026-08-29T21:54:49Z
Daihatsu,DAIHATSU MIRA,2026-05,1.2165,google_trends,2026-08-29T21:54:49Z
Daihatsu,DAIHATSU MIRA,2026-06,1.2165,google_trends,2026-08-29T21:54:49Z
Daihatsu,DAIHATSU MIRA,2026-07,1.2165,google_trends,2026-08-29T21:54:49Z
Daihatsu,DAIHATSU TAFT,2025-08,0.4866,google_trends,2026-08-29T21:54:49Z
Daihatsu,DAIHATSU TAFT,2025-09,0.3041,google_trends,2026-08-29T21:54:49Z
Daihatsu,DAIHATSU TAFT,2025-10,0.3041,google_trends,2026-08-29T21:54:49Z
Daihatsu,DAIHATSU TAFT,2025-11,0.7299,google_trends,2026-08-29T21:54:49Z
Daihatsu,DAIHATSU TAFT,2025-12,0.9124,google_trends,2026-08-29T21:54:49Z
Daihatsu,DAIHATSU TAFT,2026-01,0.9124,google_trends,2026-08-29T21:54:49Z
Daihatsu,DAIHATSU TAFT,2026-02,1.2165,google_trends,2026-08-29T21:54:49Z
Daihatsu,DAIHATSU TAFT,2026-03,0.7299,google_trends,2026-08-29T21:54:49Z
Daihatsu,DAIHATSU TAFT,2026-04,1.2165,google_trends,2026-08-29T21:54:49Z
Daihatsu,DAIHATSU TAFT,2026-05,0.9732,google_trends,2026-08-29T21:54:49Z
Daihatsu,DAIHATSU TAFT,2026-06,0.3041,google_trends,2026-08-29T21:54:49Z
Daihatsu,DAIHATSU TAFT,2026-07,0.3041,google_trends,2026-08-29T21:54:49Z
Daihatsu,Daihatsu Hijet,2025-08,1.2326,google_trends,2026-08-29T19:23:31Z
Daihatsu,Daihatsu Hijet,2025-09,1.2326,google_trends,2026-08-29T19:23:31Z
Daihatsu,Daihatsu Hijet,2025-10,1.2326,google_trends,2026-08-29T19:23:31Z
Daihatsu,Daihatsu Hijet,2025-11,1.2326,google_trends,2026-08-29T19:23:31Z
Daihatsu,Daihatsu Hijet,2025-12,1.2326,google_trends,2026-08-29T19:23:31Z
Daihatsu,Daihatsu Hijet,2026-01,1.2326,google_trends,2026-08-29T19:23:31Z
Daihatsu,Daihatsu Hijet,2026-02,1.2326,google_trends,2026-08-29T19:23:31Z
Daihatsu,Daihatsu Hijet,2026-03,1.2326,google_trends,2026-08-29T19:23:31Z
Daihatsu,Daihatsu Hijet,2026-04,1.5408,google_trends,2026-08-29T19:23:31Z
Daihatsu,Daihatsu Hijet,2026-05,1.2326,google_trends,2026-08-29T19:23:31Z
Daihatsu,Daihatsu Hijet,2026-06,1.2326,google_trends,2026-08-29T19:23:31Z
Daihatsu,Daihatsu Hijet,2026-07,1.2326,google_trends,2026-08-29T19:23:31Z
DeLorean,DeLorean DMC-12,2025-08,0.0,google_trends,2026-08-29T19:23:31Z
DeLorean,DeLorean DMC-12,2025-09,0.0,google_trends,2026-08-29T19:23:31Z
DeLorean,DeLorean DMC-12,2025-10,0.6163,google_trends,2026-08-29T19:23:31Z
DeLorean,DeLorean DMC-12,2025-11,0.9861,google_trends,2026-08-29T19:23:31Z
DeLorean,DeLorean DMC-12,2025-12,1.2326,google_trends,2026-08-29T19:23:31Z
DeLorean,DeLorean DMC-12,2026-01,0.3082,google_trends,2026-08-29T19:23:31Z
DeLorean,DeLorean DMC-12,2026-02,0.0,google_trends,2026-08-29T19:23:31Z
DeLorean,DeLorean DMC-12,2026-03,0.493,google_trends,2026-08-29T19:23:31Z
DeLorean,DeLorean DMC-12,2026-04,0.3082,google_trends,2026-08-29T19:23:31Z
DeLorean,DeLorean DMC-12,2026-05,0.2465,google_trends,2026-08-29T19:23:31Z
DeLorean,DeLorean DMC-12,2026-06,0.6163,google_trends,2026-08-29T19:23:31Z
DeLorean,DeLorean DMC-12,2026-07,0.0,google_trends,2026-08-29T19:23:31Z
Devin,DEVIN,2025-08,53.3494,google_trends,2026-08-29T21:54:49Z
Devin,DEVIN,2025-09,50.4656,google_trends,2026-08-29T21:54:49Z
Devin,DEVIN,2025-10,57.675,google_trends,2026-08-29T21:54:49Z
Devin,DEVIN,2025-11,82.1868,google_trends,2026-08-29T21:54:49Z
Devin,DEVIN,2025-12,66.6867,google_trends,2026-08-29T21:54:49Z
Devin,DEVIN,2026-01,66.6867,google_trends,2026-08-29T21:54:49Z
Devin,DEVIN,2026-02,72.0937,google_trends,2026-08-29T21:54:49Z
Devin,DEVIN,2026-03,73.5356,google_trends,2026-08-29T21:54:49Z
Devin,DEVIN,2026-04,77.5008,google_trends,2026-08-29T21:54:49Z
Devin,DEVIN,2026-05,77.8612,google_trends,2026-08-29T21:54:49Z
Devin,DEVIN,2026-06,64.8843,google_trends,2026-08-29T21:54:49Z
Devin,DEVIN,2026-07,57.675,google_trends,2026-08-29T21:54:49Z
Dodge,ASPEN,2025-08,0.0,google_trends,2026-08-29T21:54:49Z
Dodge,ASPEN,2025-09,0.0,google_trends,2026-08-29T21:54:49Z
Dodge,ASPEN,2025-10,0.0,google_trends,2026-08-29T21:54:49Z
Dodge,ASPEN,2025-11,0.0,google_trends,2026-08-29T21:54:49Z
Dodge,ASPEN,2025-12,0.0,google_trends,2026-08-29T21:54:49Z
Dodge,ASPEN,2026-01,0.0,google_trends,2026-08-29T21:54:49Z
Dodge,ASPEN,2026-02,0.9124,google_trends,2026-08-29T21:54:49Z
Dodge,ASPEN,2026-03,0.0,google_trends,2026-08-29T21:54:49Z
Dodge,ASPEN,2026-04,0.3041,google_trends,2026-08-29T21:54:49Z
Dodge,ASPEN,2026-05,0.0,google_trends,2026-08-29T21:54:49Z
Dodge,ASPEN,2026-06,0.0,google_trends,2026-08-29T21:54:49Z
Dodge,ASPEN,2026-07,0.0,google_trends,2026-08-29T21:54:49Z
Dodge,COUPE,2025-08,1.2165,google_trends,2026-08-29T21:54:49Z
Dodge,COUPE,2025-09,1.2165,google_trends,2026-08-29T21:54:49Z
Dodge,COUPE,2025-10,1.2165,google_trends,2026-08-29T21:54:49Z
Dodge,COUPE,2025-11,1.2165,google_trends,2026-08-29T21:54:49Z
Dodge,COUPE,2025-12,1.2165,google_trends,2026-08-29T21:54:49Z
Dodge,COUPE,2026-01,1.2165,google_trends,2026-08-29T21:54:49Z
Dodge,COUPE,2026-02,1.2165,google_trends,2026-08-29T21:54:49Z
Dodge,COUPE,2026-03,1.2165,google_trends,2026-08-29T21:54:49Z
Dodge,COUPE,2026-04,1.2165,google_trends,2026-08-29T21:54:49Z
Dodge,COUPE,2026-05,1.4599,google_trends,2026-08-29T21:54:49Z
Dodge,COUPE,2026-06,1.5207,google_trends,2026-08-29T21:54:49Z
Dodge,COUPE,2026-07,1.2165,google_trends,2026-08-29T21:54:49Z
Dodge,Caravan & Grand Caravan,2025-08,22.6277,google_trends,2026-08-29T21:54:49Z
Dodge,Caravan & Grand Caravan,2025-09,19.1606,google_trends,2026-08-29T21:54:49Z
Dodge,Caravan & Grand Caravan,2025-10,19.1606,google_trends,2026-08-29T21:54:49Z
Dodge,Caravan & Grand Caravan,2025-11,19.2214,google_trends,2026-08-29T21:54:49Z
Dodge,Caravan & Grand Caravan,2025-12,18.2482,google_trends,2026-08-29T21:54:49Z
Dodge,Caravan & Grand Caravan,2026-01,17.3358,google_trends,2026-08-29T21:54:49Z
Dodge,Caravan & Grand Caravan,2026-02,27.9805,google_trends,2026-08-29T21:54:49Z
Dodge,Caravan & Grand Caravan,2026-03,23.601,google_trends,2026-08-29T21:54:49Z
Dodge,Caravan & Grand Caravan,2026-04,24.0268,google_trends,2026-08-29T21:54:49Z
Dodge,Caravan & Grand Caravan,2026-05,23.8443,google_trends,2026-08-29T21:54:49Z
Dodge,Caravan & Grand Caravan,2026-06,22.8102,google_trends,2026-08-29T21:54:49Z
Dodge,Caravan & Grand Caravan,2026-07,22.5061,google_trends,2026-08-29T21:54:49Z
Dodge,Challenger,2025-08,49.3041,google_trends,2026-08-29T19:23:31Z
Dodge,Challenger,2025-09,44.99,google_trends,2026-08-29T19:23:31Z
Dodge,Challenger,2025-10,40.984,google_trends,2026-08-29T19:23:31Z
Dodge,Challenger,2025-11,41.9085,google_trends,2026-08-29T19:23:31Z
Dodge,Challenger,2025-12,40.984,google_trends,2026-08-29T19:23:31Z
Dodge,Challenger,2026-01,41.9085,google_trends,2026-08-29T19:23:31Z
Dodge,Challenger,2026-02,48.9959,google_trends,2026-08-29T19:23:31Z
Dodge,Challenger,2026-03,52.5089,google_trends,2026-08-29T19:23:31Z
Dodge,Challenger,2026-04,64.4035,google_trends,2026-08-29T19:23:31Z
Dodge,Challenger,2026-05,56.2067,google_trends,2026-08-29T19:23:31Z
Dodge,Challenger,2026-06,47.7633,google_trends,2026-08-29T19:23:31Z
Dodge,Challenger,2026-07,44.0655,google_trends,2026-08-29T19:23:31Z
Dodge,Challenger SRT Demon & Super Stock,2025-08,0.0,google_trends,2026-08-29T19:23:31Z
Dodge,Challenger SRT Demon & Super Stock,2025-09,0.0,google_trends,2026-08-29T19:23:31Z
Dodge,Challenger SRT Demon & Super Stock,2025-10,0.0,google_trends,2026-08-29T19:23:31Z
Dodge,Challenger SRT Demon & Super Stock,2025-11,0.0,google_trends,2026-08-29T19:23:31Z
Dodge,Challenger SRT Demon & Super Stock,2025-12,0.0,google_trends,2026-08-29T19:23:31Z
Dodge,Challenger SRT Demon & Super Stock,2026-01,0.0,google_trends,2026-08-29T19:23:31Z
Dodge,Challenger SRT Demon & Super Stock,2026-02,0.0,google_trends,2026-08-29T19:23:31Z
Dodge,Challenger SRT Demon & Super Stock,2026-03,0.0,google_trends,2026-08-29T19:23:31Z
Dodge,Challenger SRT Demon & Super Stock,2026-04,3.1562,google_trends,2026-08-29T19:23:31Z
Dodge,Challenger SRT Demon & Super Stock,2026-05,0.8417,google_trends,2026-08-29T19:23:31Z
Dodge,Challenger SRT Demon & Super Stock,2026-06,0.0,google_trends,2026-08-29T19:23:31Z
Dodge,Challenger SRT Demon & Super Stock,2026-07,0.0,google_trends,2026-08-29T19:23:31Z
Dodge,Challenger SRT Hellcat,2025-08,1.4784,google_trends,2026-08-29T19:23:31Z
Dodge,Challenger SRT Hellcat,2025-09,1.232,google_trends,2026-08-29T19:23:31Z
Dodge,Challenger SRT Hellcat,2025-10,1.232,google_trends,2026-08-29T19:23:31Z
Dodge,Challenger SRT Hellcat,2025-11,1.232,google_trends,2026-08-29T19:23:31Z
Dodge,Challenger SRT Hellcat,2025-12,1.54,google_trends,2026-08-29T19:23:31Z
Dodge,Challenger SRT Hellcat,2026-01,1.232,google_trends,2026-08-29T19:23:31Z
Dodge,Challenger SRT Hellcat,2026-02,1.54,google_trends,2026-08-29T19:23:31Z
Dodge,Challenger SRT Hellcat,2026-03,1.9712,google_trends,2026-08-29T19:23:31Z
Dodge,Challenger SRT Hellcat,2026-04,3.6959,google_trends,2026-08-29T19:23:31Z
Dodge,Challenger SRT Hellcat,2026-05,2.9567,google_trends,2026-08-29T19:23:31Z
Dodge,Challenger SRT Hellcat,2026-06,1.54,google_trends,2026-08-29T19:23:31Z
Dodge,Challenger SRT Hellcat,2026-07,1.232,google_trends,2026-08-29T19:23:31Z
Dodge,Challenger SRT8 & 392,2025-08,0.9861,google_trends,2026-08-29T19:23:31Z
Dodge,Challenger SRT8 & 392,2025-09,0.0,google_trends,2026-08-29T19:23:31Z
Dodge,Challenger SRT8 & 392,2025-10,0.0,google_trends,2026-08-29T19:23:31Z
Dodge,Challenger SRT8 & 392,2025-11,0.493,google_trends,2026-08-29T19:23:31Z
Dodge,Challenger SRT8 & 392,2025-12,0.0,google_trends,2026-08-29T19:23:31Z
Dodge,Challenger SRT8 & 392,2026-01,0.3082,google_trends,2026-08-29T19:23:31Z
Dodge,Challenger SRT8 & 392,2026-02,0.9245,google_trends,2026-08-29T19:23:31Z
Dodge,Challenger SRT8 & 392,2026-03,1.2326,google_trends,2026-08-29T19:23:31Z
Dodge,Challenger SRT8 & 392,2026-04,1.2326,google_trends,2026-08-29T19:23:31Z
Dodge,Challenger SRT8 & 392,2026-05,1.2326,google_trends,2026-08-29T19:23:31Z
Dodge,Challenger SRT8 & 392,2026-06,0.6163,google_trends,2026-08-29T19:23:31Z
Dodge,Challenger SRT8 & 392,2026-07,0.3082,google_trends,2026-08-29T19:23:31Z
Dodge,Charger,2025-08,73.4254,google_trends,2026-08-29T19:23:31Z
Dodge,Charger,2025-09,65.9104,google_trends,2026-08-29T19:23:31Z
Dodge,Charger,2025-10,62.5225,google_trends,2026-08-29T19:23:31Z
Dodge,Charger,2025-11,61.3521,google_trends,2026-08-29T19:23:31Z
Dodge,Charger,2025-12,61.2905,google_trends,2026-08-29T19:23:31Z
Dodge,Charger,2026-01,62.8305,google_trends,2026-08-29T19:23:31Z
Dodge,Charger,2026-02,76.3821,google_trends,2026-08-29T19:23:31Z
Dodge,Charger,2026-03,75.8893,google_trends,2026-08-29T19:23:31Z
Dodge,Charger,2026-04,88.7018,google_trends,2026-08-29T19:23:31Z
Dodge,Charger,2026-05,81.5564,google_trends,2026-08-29T19:23:31Z
Dodge,Charger,2026-06,75.4581,google_trends,2026-08-29T19:23:31Z
Dodge,Charger,2026-07,72.3782,google_trends,2026-08-29T19:23:31Z
Dodge,Coronet,2025-08,1.2326,google_trends,2026-08-29T19:23:31Z
Dodge,Coronet,2025-09,1.2326,google_trends,2026-08-29T19:23:31Z
Dodge,Coronet,2025-10,1.2326,google_trends,2026-08-29T19:23:31Z
Dodge,Coronet,2025-11,1.2326,google_trends,2026-08-29T19:23:31Z
Dodge,Coronet,2025-12,1.2326,google_trends,2026-08-29T19:23:31Z
Dodge,Coronet,2026-01,1.2326,google_trends,2026-08-29T19:23:31Z
Dodge,Coronet,2026-02,2.1571,google_trends,2026-08-29T19:23:31Z
Dodge,Coronet,2026-03,1.2326,google_trends,2026-08-29T19:23:31Z
Dodge,Coronet,2026-04,1.2326,google_trends,2026-08-29T19:23:31Z
Dodge,Coronet,2026-05,1.2326,google_trends,2026-08-29T19:23:31Z
Dodge,Coronet,2026-06,1.2326,google_trends,2026-08-29T19:23:31Z
Dodge,Coronet,2026-07,1.2326,google_trends,2026-08-29T19:23:31Z
Dodge,Dakota,2025-08,12.5725,google_trends,2026-08-29T19:23:31Z
Dodge,Dakota,2025-09,11.7097,google_trends,2026-08-29T19:23:31Z
Dodge,Dakota,2025-10,11.4016,google_trends,2026-08-29T19:23:31Z
Dodge,Dakota,2025-11,11.5865,google_trends,2026-08-29T19:23:31Z
Dodge,Dakota,2025-12,11.4016,google_trends,2026-08-29T19:23:31Z
Dodge,Dakota,2026-01,11.0934,google_trends,2026-08-29T19:23:31Z
Dodge,Dakota,2026-02,17.2564,google_trends,2026-08-29T19:23:31Z
Dodge,Dakota,2026-03,13.5586,google_trends,2026-08-29T19:23:31Z
Dodge,Dakota,2026-04,14.7912,google_trends,2026-08-29T19:23:31Z
Dodge,Dakota,2026-05,13.5586,google_trends,2026-08-29T19:23:31Z
Dodge,Dakota,2026-06,13.2505,google_trends,2026-08-29T19:23:31Z
Dodge,Dakota,2026-07,12.6342,google_trends,2026-08-29T19:23:31Z
Dodge,Dart,2025-08,11.0934,google_trends,2026-08-29T19:23:31Z
Dodge,Dart,2025-09,10.169,google_trends,2026-08-29T19:23:31Z
Dodge,Dart,2025-10,9.8608,google_trends,2026-08-29T19:23:31Z
Dodge,Dart,2025-11,9.6143,google_trends,2026-08-29T19:23:31Z
Dodge,Dart,2025-12,9.5527,google_trends,2026-08-29T19:23:31Z
Dodge,Dart,2026-01,9.5527,google_trends,2026-08-29T19:23:31Z
Dodge,Dart,2026-02,12.9423,google_trends,2026-08-29T19:23:31Z
Dodge,Dart,2026-03,12.0795,google_trends,2026-08-29T19:23:31Z
Dodge,Dart,2026-04,12.326,google_trends,2026-08-29T19:23:31Z
Dodge,Dart,2026-05,12.326,google_trends,2026-08-29T19:23:31Z
Dodge,Dart,2026-06,11.4016,google_trends,2026-08-29T19:23:31Z
Dodge,Dart,2026-07,10.7853,google_trends,2026-08-29T19:23:31Z
Dodge,Daytona & Chrysler Laser,2025-08,3.6988,google_trends,2026-08-29T19:23:31Z
Dodge,Daytona & Chrysler Laser,2025-09,3.6988,google_trends,2026-08-29T19:23:31Z
Dodge,Daytona & Chrysler Laser,2025-10,3.0823,google_trends,2026-08-29T19:23:31Z
Dodge,Daytona & Chrysler Laser,2025-11,2.7124,google_trends,2026-08-29T19:23:31Z
Dodge,Daytona & Chrysler Laser,2025-12,2.7741,google_trends,2026-08-29T19:23:31Z
Dodge,Daytona & Chrysler Laser,2026-01,2.4658,google_trends,2026-08-29T19:23:31Z
Dodge,Daytona & Chrysler Laser,2026-02,4.007,google_trends,2026-08-29T19:23:31Z
Dodge,Daytona & Chrysler Laser,2026-03,3.6988,google_trends,2026-08-29T19:23:31Z
Dodge,Daytona & Chrysler Laser,2026-04,3.6988,google_trends,2026-08-29T19:23:31Z
Dodge,Daytona & Chrysler Laser,2026-05,4.1919,google_trends,2026-08-29T19:23:31Z
Dodge,Daytona & Chrysler Laser,2026-06,4.007,google_trends,2026-08-29T19:23:31Z
Dodge,Daytona & Chrysler Laser,2026-07,3.6988,google_trends,2026-08-29T19:23:31Z
Dodge,Demon,2025-08,7.056,google_trends,2026-08-29T21:54:49Z
Dodge,Demon,2025-09,6.0827,google_trends,2026-08-29T21:54:49Z
Dodge,Demon,2025-10,6.0827,google_trends,2026-08-29T21:54:49Z
Dodge,Demon,2025-11,6.326,google_trends,2026-08-29T21:54:49Z
Dodge,Demon,2025-12,6.0827,google_trends,2026-08-29T21:54:49Z
Dodge,Demon,2026-01,6.0827,google_trends,2026-08-29T21:54:49Z
Dodge,Demon,2026-02,6.0827,google_trends,2026-08-29T21:54:49Z
Dodge,Demon,2026-03,6.5693,google_trends,2026-08-29T21:54:49Z
Dodge,Demon,2026-04,7.6034,google_trends,2026-08-29T21:54:49Z
Dodge,Demon,2026-05,7.056,google_trends,2026-08-29T21:54:49Z
Dodge,Demon,2026-06,5.1703,google_trends,2026-08-29T21:54:49Z
Dodge,Demon,2026-07,5.1703,google_trends,2026-08-29T21:54:49Z
Dodge,Durango,2025-08,35.992,google_trends,2026-08-29T19:23:31Z
Dodge,Durango,2025-09,32.9721,google_trends,2026-08-29T19:23:31Z
Dodge,Durango,2025-10,32.3558,google_trends,2026-08-29T19:23:31Z
Dodge,Durango,2025-11,32.2942,google_trends,2026-08-29T19:23:31Z
Dodge,Durango,2025-12,33.2803,google_trends,2026-08-29T19:23:31Z
Dodge,Durango,2026-01,33.8966,google_trends,2026-08-29T19:23:31Z
Dodge,Durango,2026-02,44.6818,google_trends,2026-08-29T19:23:31Z
Dodge,Durango,2026-03,41.1689,google_trends,2026-08-29T19:23:31Z
Dodge,Durango,2026-04,42.5248,google_trends,2026-08-29T19:23:31Z
Dodge,Durango,2026-05,40.1828,google_trends,2026-08-29T19:23:31Z
Dodge,Durango,2026-06,39.1351,google_trends,2026-08-29T19:23:31Z
Dodge,Durango,2026-07,38.5188,google_trends,2026-08-29T19:23:31Z
Dodge,Magnum,2025-08,3.6978,google_trends,2026-08-29T19:23:31Z
Dodge,Magnum,2025-09,3.6978,google_trends,2026-08-29T19:23:31Z
Dodge,Magnum,2025-10,3.6978,google_trends,2026-08-29T19:23:31Z
Dodge,Magnum,2025-11,3.6978,google_trends,2026-08-29T19:23:31Z
Dodge,Magnum,2025-12,3.6978,google_trends,2026-08-29T19:23:31Z
Dodge,Magnum,2026-01,3.6978,google_trends,2026-08-29T19:23:31Z
Dodge,Magnum,2026-02,6.163,google_trends,2026-08-29T19:23:31Z
Dodge,Magnum,2026-03,4.4374,google_trends,2026-08-29T19:23:31Z
Dodge,Magnum,2026-04,4.9304,google_trends,2026-08-29T19:23:31Z
Dodge,Magnum,2026-05,4.9304,google_trends,2026-08-29T19:23:31Z
Dodge,Magnum,2026-06,4.006,google_trends,2026-08-29T19:23:31Z
Dodge,Magnum,2026-07,3.6978,google_trends,2026-08-29T19:23:31Z
Dodge,NITRO,2025-08,3.8929,google_trends,2026-08-29T21:54:49Z
Dodge,NITRO,2025-09,3.6496,google_trends,2026-08-29T21:54:49Z
Dodge,NITRO,2025-10,3.6496,google_trends,2026-08-29T21:54:49Z
Dodge,NITRO,2025-11,3.6496,google_trends,2026-08-29T21:54:49Z
Dodge,NITRO,2025-12,3.6496,google_trends,2026-08-29T21:54:49Z
Dodge,NITRO,2026-01,3.6496,google_trends,2026-08-29T21:54:49Z
Dodge,NITRO,2026-02,5.4745,google_trends,2026-08-29T21:54:49Z
Dodge,NITRO,2026-03,4.1363,google_trends,2026-08-29T21:54:49Z
Dodge,NITRO,2026-04,4.562,google_trends,2026-08-29T21:54:49Z
Dodge,NITRO,2026-05,4.3796,google_trends,2026-08-29T21:54:49Z
Dodge,NITRO,2026-06,3.6496,google_trends,2026-08-29T21:54:49Z
Dodge,NITRO,2026-07,3.6496,google_trends,2026-08-29T21:54:49Z
Dodge,Omni & Plymouth Horizon,2025-08,0.0,google_trends,2026-08-29T19:23:31Z
Dodge,Omni & Plymouth Horizon,2025-09,0.0,google_trends,2026-08-29T19:23:31Z
Dodge,Omni & Plymouth Horizon,2025-10,0.0,google_trends,2026-08-29T19:23:31Z
Dodge,Omni & Plymouth Horizon,2025-11,0.0,google_trends,2026-08-29T19:23:31Z
Dodge,Omni & Plymouth Horizon,2025-12,0.0,google_trends,2026-08-29T19:23:31Z
Dodge,Omni & Plymouth Horizon,2026-01,0.0,google_trends,2026-08-29T19:23:31Z
Dodge,Omni & Plymouth Horizon,2026-02,0.6165,google_trends,2026-08-29T19:23:31Z
Dodge,Omni & Plymouth Horizon,2026-03,0.0,google_trends,2026-08-29T19:23:31Z
Dodge,Omni & Plymouth Horizon,2026-04,0.3082,google_trends,2026-08-29T19:23:31Z
Dodge,Omni & Plymouth Horizon,2026-05,0.0,google_trends,2026-08-29T19:23:31Z
Dodge,Omni & Plymouth Horizon,2026-06,0.0,google_trends,2026-08-29T19:23:31Z
Dodge,Omni & Plymouth Horizon,2026-07,0.0,google_trends,2026-08-29T19:23:31Z
Dodge,Polara,2025-08,0.2466,google_trends,2026-08-29T19:23:31Z
Dodge,Polara,2025-09,0.0,google_trends,2026-08-29T19:23:31Z
Dodge,Polara,2025-10,0.3082,google_trends,2026-08-29T19:23:31Z
Dodge,Polara,2025-11,0.0,google_trends,2026-08-29T19:23:31Z
Dodge,Polara,2025-12,0.0,google_trends,2026-08-29T19:23:31Z
Dodge,Polara,2026-01,0.3082,google_trends,2026-08-29T19:23:31Z
Dodge,Polara,2026-02,0.9247,google_trends,2026-08-29T19:23:31Z
Dodge,Polara,2026-03,0.2466,google_trends,2026-08-29T19:23:31Z
Dodge,Polara,2026-04,0.6165,google_trends,2026-08-29T19:23:31Z
Dodge,Polara,2026-05,0.2466,google_trends,2026-08-29T19:23:31Z
Dodge,Polara,2026-06,0.0,google_trends,2026-08-29T19:23:31Z
Dodge,Polara,2026-07,0.3082,google_trends,2026-08-29T19:23:31Z
Dodge,Power Wagon,2025-08,1.2326,google_trends,2026-08-29T19:23:31Z
Dodge,Power Wagon,2025-09,1.2326,google_trends,2026-08-29T19:23:31Z
Dodge,Power Wagon,2025-10,1.5408,google_trends,2026-08-29T19:23:31Z
Dodge,Power Wagon,2025-11,1.7256,google_trends,2026-08-29T19:23:31Z
Dodge,Power Wagon,2025-12,1.2326,google_trends,2026-08-29T19:23:31Z
Dodge,Power Wagon,2026-01,1.2326,google_trends,2026-08-29T19:23:31Z
Dodge,Power Wagon,2026-02,1.2326,google_trends,2026-08-29T19:23:31Z
Dodge,Power Wagon,2026-03,1.2326,google_trends,2026-08-29T19:23:31Z
Dodge,Power Wagon,2026-04,1.2326,google_trends,2026-08-29T19:23:31Z
Dodge,Power Wagon,2026-05,1.2326,google_trends,2026-08-29T19:23:31Z
Dodge,Power Wagon,2026-06,1.2326,google_trends,2026-08-29T19:23:31Z
Dodge,Power Wagon,2026-07,1.2326,google_trends,2026-08-29T19:23:31Z
Dodge,Ram,2025-08,129.2099,google_trends,2026-08-29T19:23:31Z
Dodge,Ram,2025-09,117.6061,google_trends,2026-08-29T19:23:31Z
Dodge,Ram,2025-10,117.0834,google_trends,2026-08-29T19:23:31Z
Dodge,Ram,2025-11,117.5015,google_trends,2026-08-29T19:23:31Z
Dodge,Ram,2025-12,118.1288,google_trends,2026-08-29T19:23:31Z
Dodge,Ram,2026-01,120.2195,google_trends,2026-08-29T19:23:31Z
Dodge,Ram,2026-02,173.5343,google_trends,2026-08-29T19:23:31Z
Dodge,Ram,2026-03,146.7724,google_trends,2026-08-29T19:23:31Z
Dodge,Ram,2026-04,155.7627,google_trends,2026-08-29T19:23:31Z
Dodge,Ram,2026-05,147.6087,google_trends,2026-08-29T19:23:31Z
Dodge,Ram,2026-06,137.4684,google_trends,2026-08-29T19:23:31Z
Dodge,Ram,2026-07,129.628,google_trends,2026-08-29T19:23:31Z
Dodge,Ram 1500,2025-08,37.7176,google_trends,2026-08-29T19:23:31Z
Dodge,Ram 1500,2025-09,34.821,google_trends,2026-08-29T19:23:31Z
Dodge,Ram 1500,2025-10,34.821,google_trends,2026-08-29T19:23:31Z
Dodge,Ram 1500,2025-11,35.4989,google_trends,2026-08-29T19:23:31Z
Dodge,Ram 1500,2025-12,34.821,google_trends,2026-08-29T19:23:31Z
Dodge,Ram 1500,2026-01,35.4373,google_trends,2026-08-29T19:23:31Z
Dodge,Ram 1500,2026-02,53.0019,google_trends,2026-08-29T19:23:31Z
Dodge,Ram 1500,2026-03,44.6202,google_trends,2026-08-29T19:23:31Z
Dodge,Ram 1500,2026-04,50.8448,google_trends,2026-08-29T19:23:31Z
Dodge,Ram 1500,2026-05,45.1132,google_trends,2026-08-29T19:23:31Z
Dodge,Ram 1500,2026-06,41.6003,google_trends,2026-08-29T19:23:31Z
Dodge,Ram 1500,2026-07,38.827,google_trends,2026-08-29T19:23:31Z
Dodge,Ram 1500 (2019+),2025-08,1.2165,google_trends,2026-08-29T21:54:49Z
Dodge,Ram 1500 (2019+),2025-09,1.2165,google_trends,2026-08-29T21:54:49Z
Dodge,Ram 1500 (2019+),2025-10,1.2165,google_trends,2026-08-29T21:54:49Z
Dodge,Ram 1500 (2019+),2025-11,1.2165,google_trends,2026-08-29T21:54:49Z
Dodge,Ram 1500 (2019+),2025-12,1.2165,google_trends,2026-08-29T21:54:49Z
Dodge,Ram 1500 (2019+),2026-01,1.2165,google_trends,2026-08-29T21:54:49Z
Dodge,Ram 1500 (2019+),2026-02,2.129,google_trends,2026-08-29T21:54:49Z
Dodge,Ram 1500 (2019+),2026-03,1.4599,google_trends,2026-08-29T21:54:49Z
Dodge,Ram 1500 (2019+),2026-04,2.129,google_trends,2026-08-29T21:54:49Z
Dodge,Ram 1500 (2019+),2026-05,1.7032,google_trends,2026-08-29T21:54:49Z
Dodge,Ram 1500 (2019+),2026-06,1.2165,google_trends,2026-08-29T21:54:49Z
Dodge,Ram 1500 (2019+),2026-07,1.2165,google_trends,2026-08-29T21:54:49Z
Dodge,Ram HD,2025-08,0.0,google_trends,2026-08-29T21:54:49Z
Dodge,Ram HD,2025-09,0.0,google_trends,2026-08-29T21:54:49Z
Dodge,Ram HD,2025-10,0.0,google_trends,2026-08-29T21:54:49Z
Dodge,Ram HD,2025-11,0.0,google_trends,2026-08-29T21:54:49Z
Dodge,Ram HD,2025-12,0.0,google_trends,2026-08-29T21:54:49Z
Dodge,Ram HD,2026-01,0.0,google_trends,2026-08-29T21:54:49Z
Dodge,Ram HD,2026-02,0.3041,google_trends,2026-08-29T21:54:49Z
Dodge,Ram HD,2026-03,0.2433,google_trends,2026-08-29T21:54:49Z
Dodge,Ram HD,2026-04,1.2165,google_trends,2026-08-29T21:54:49Z
Dodge,Ram HD,2026-05,1.2165,google_trends,2026-08-29T21:54:49Z
Dodge,Ram HD,2026-06,0.9124,google_trends,2026-08-29T21:54:49Z
Dodge,Ram HD,2026-07,0.0,google_trends,2026-08-29T21:54:49Z
Dodge,Ram TRX,2025-08,1.2326,google_trends,2026-08-29T19:23:31Z
Dodge,Ram TRX,2025-09,1.2326,google_trends,2026-08-29T19:23:31Z
Dodge,Ram TRX,2025-10,1.2326,google_trends,2026-08-29T19:23:31Z
Dodge,Ram TRX,2025-11,1.2326,google_trends,2026-08-29T19:23:31Z
Dodge,Ram TRX,2025-12,2.1571,google_trends,2026-08-29T19:23:31Z
Dodge,Ram TRX,2026-01,2.4652,google_trends,2026-08-29T19:23:31Z
Dodge,Ram TRX,2026-02,1.8489,google_trends,2026-08-29T19:23:31Z
Dodge,Ram TRX,2026-03,1.2326,google_trends,2026-08-29T19:23:31Z
Dodge,Ram TRX,2026-04,1.2326,google_trends,2026-08-29T19:23:31Z
Dodge,Ram TRX,2026-05,1.4791,google_trends,2026-08-29T19:23:31Z
Dodge,Ram TRX,2026-06,1.2326,google_trends,2026-08-29T19:23:31Z
Dodge,Ram TRX,2026-07,1.2326,google_trends,2026-08-29T19:23:31Z
Dodge,Ram Van,2025-08,1.7256,google_trends,2026-08-29T19:23:31Z
Dodge,Ram Van,2025-09,1.2326,google_trends,2026-08-29T19:23:31Z
Dodge,Ram Van,2025-10,2.1571,google_trends,2026-08-29T19:23:31Z
Dodge,Ram Van,2025-11,1.4791,google_trends,2026-08-29T19:23:31Z
Dodge,Ram Van,2025-12,1.2326,google_trends,2026-08-29T19:23:31Z
Dodge,Ram Van,2026-01,1.5408,google_trends,2026-08-29T19:23:31Z
Dodge,Ram Van,2026-02,3.3897,google_trends,2026-08-29T19:23:31Z
Dodge,Ram Van,2026-03,2.4652,google_trends,2026-08-29T19:23:31Z
Dodge,Ram Van,2026-04,2.4652,google_trends,2026-08-29T19:23:31Z
Dodge,Ram Van,2026-05,2.4652,google_trends,2026-08-29T19:23:31Z
Dodge,Ram Van,2026-06,2.4652,google_trends,2026-08-29T19:23:31Z
Dodge,Ram Van,2026-07,2.4652,google_trends,2026-08-29T19:23:31Z
Dodge,Royal,2025-08,1.2165,google_trends,2026-08-29T21:54:49Z
Dodge,Royal,2025-09,1.2165,google_trends,2026-08-29T21:54:49Z
Dodge,Royal,2025-10,1.2165,google_trends,2026-08-29T21:54:49Z
Dodge,Royal,2025-11,1.2165,google_trends,2026-08-29T21:54:49Z
Dodge,Royal,2025-12,1.2165,google_trends,2026-08-29T21:54:49Z
Dodge,Royal,2026-01,1.2165,google_trends,2026-08-29T21:54:49Z
Dodge,Royal,2026-02,3.0414,google_trends,2026-08-29T21:54:49Z
Dodge,Royal,2026-03,1.4599,google_trends,2026-08-29T21:54:49Z
Dodge,Royal,2026-04,2.129,google_trends,2026-08-29T21:54:49Z
Dodge,Royal,2026-05,2.4331,google_trends,2026-08-29T21:54:49Z
Dodge,Royal,2026-06,1.5207,google_trends,2026-08-29T21:54:49Z
Dodge,Royal,2026-07,1.2165,google_trends,2026-08-29T21:54:49Z
Dodge,STRATUS,2025-08,1.2165,google_trends,2026-08-29T21:54:49Z
Dodge,STRATUS,2025-09,1.2165,google_trends,2026-08-29T21:54:49Z
Dodge,STRATUS,2025-10,1.2165,google_trends,2026-08-29T21:54:49Z
Dodge,STRATUS,2025-11,1.2165,google_trends,2026-08-29T21:54:49Z
Dodge,STRATUS,2025-12,1.2165,google_trends,2026-08-29T21:54:49Z
Dodge,STRATUS,2026-01,1.2165,google_trends,2026-08-29T21:54:49Z
Dodge,STRATUS,2026-02,3.0414,google_trends,2026-08-29T21:54:49Z
Dodge,STRATUS,2026-03,1.2165,google_trends,2026-08-29T21:54:49Z
Dodge,STRATUS,2026-04,1.2165,google_trends,2026-08-29T21:54:49Z
Dodge,STRATUS,2026-05,1.2165,google_trends,2026-08-29T21:54:49Z
Dodge,STRATUS,2026-06,1.2165,google_trends,2026-08-29T21:54:49Z
Dodge,STRATUS,2026-07,1.2165,google_trends,2026-08-29T21:54:49Z
Dodge,Super Bee,2025-08,0.7398,google_trends,2026-08-29T19:23:31Z
Dodge,Super Bee,2025-09,0.3082,google_trends,2026-08-29T19:23:31Z
Dodge,Super Bee,2025-10,0.3082,google_trends,2026-08-29T19:23:31Z
Dodge,Super Bee,2025-11,0.0,google_trends,2026-08-29T19:23:31Z
Dodge,Super Bee,2025-12,0.0,google_trends,2026-08-29T19:23:31Z
Dodge,Super Bee,2026-01,0.0,google_trends,2026-08-29T19:23:31Z
Dodge,Super Bee,2026-02,0.6165,google_trends,2026-08-29T19:23:31Z
Dodge,Super Bee,2026-03,0.4932,google_trends,2026-08-29T19:23:31Z
Dodge,Super Bee,2026-04,1.2329,google_trends,2026-08-29T19:23:31Z
Dodge,Super Bee,2026-05,1.2329,google_trends,2026-08-29T19:23:31Z
Dodge,Super Bee,2026-06,0.9247,google_trends,2026-08-29T19:23:31Z
Dodge,Super Bee,2026-07,0.6165,google_trends,2026-08-29T19:23:31Z
Dodge,Tradesman & Sportsman Vans,2025-08,0.4932,google_trends,2026-08-29T19:23:31Z
Dodge,Tradesman & Sportsman Vans,2025-09,0.6165,google_trends,2026-08-29T19:23:31Z
Dodge,Tradesman & Sportsman Vans,2025-10,0.6165,google_trends,2026-08-29T19:23:31Z
Dodge,Tradesman & Sportsman Vans,2025-11,0.9863,google_trends,2026-08-29T19:23:31Z
Dodge,Tradesman & Sportsman Vans,2025-12,0.6165,google_trends,2026-08-29T19:23:31Z
Dodge,Tradesman & Sportsman Vans,2026-01,1.2329,google_trends,2026-08-29T19:23:31Z
Dodge,Tradesman & Sportsman Vans,2026-02,0.9247,google_trends,2026-08-29T19:23:31Z
Dodge,Tradesman & Sportsman Vans,2026-03,1.2329,google_trends,2026-08-29T19:23:31Z
Dodge,Tradesman & Sportsman Vans,2026-04,0.9247,google_trends,2026-08-29T19:23:31Z
Dodge,Tradesman & Sportsman Vans,2026-05,0.9863,google_trends,2026-08-29T19:23:31Z
Dodge,Tradesman & Sportsman Vans,2026-06,0.9247,google_trends,2026-08-29T19:23:31Z
Dodge,Tradesman & Sportsman Vans,2026-07,0.9247,google_trends,2026-08-29T19:23:31Z
Dodge,Viper,2025-08,10.3539,google_trends,2026-08-29T19:23:31Z
Dodge,Viper,2025-09,8.9364,google_trends,2026-08-29T19:23:31Z
Dodge,Viper,2025-10,8.9364,google_trends,2026-08-29T19:23:31Z
Dodge,Viper,2025-11,8.8747,google_trends,2026-08-29T19:23:31Z
Dodge,Viper,2025-12,9.5527,google_trends,2026-08-29T19:23:31Z
Dodge,Viper,2026-01,9.2445,google_trends,2026-08-29T19:23:31Z
Dodge,Viper,2026-02,9.8608,google_trends,2026-08-29T19:23:31Z
Dodge,Viper,2026-03,10.1073,google_trends,2026-08-29T19:23:31Z
Dodge,Viper,2026-04,11.0934,google_trends,2026-08-29T19:23:31Z
Dodge,Viper,2026-05,13.3121,google_trends,2026-08-29T19:23:31Z
Dodge,Viper,2026-06,10.7853,google_trends,2026-08-29T19:23:31Z
Dodge,Viper,2026-07,10.169,google_trends,2026-08-29T19:23:31Z
Ducati,DUCATI,2025-08,119.7229,google_trends,2026-08-29T21:54:49Z
Ducati,DUCATI,2025-09,116.3972,google_trends,2026-08-29T21:54:49Z
Ducati,DUCATI,2025-10,102.5404,google_trends,2026-08-29T21:54:49Z
Ducati,DUCATI,2025-11,97.552,google_trends,2026-08-29T21:54:49Z
Ducati,DUCATI,2025-12,88.6836,google_trends,2026-08-29T21:54:49Z
Ducati,DUCATI,2026-01,88.6836,google_trends,2026-08-29T21:54:49Z
Ducati,DUCATI,2026-02,99.7691,google_trends,2026-08-29T21:54:49Z
Ducati,DUCATI,2026-03,117.5058,google_trends,2026-08-29T21:54:49Z
Ducati,DUCATI,2026-04,124.7113,google_trends,2026-08-29T21:54:49Z
Ducati,DUCATI,2026-05,128.5912,google_trends,2026-08-29T21:54:49Z
Ducati,DUCATI,2026-06,116.3972,google_trends,2026-08-29T21:54:49Z
Ducati,DUCATI,2026-07,110.8545,google_trends,2026-08-29T21:54:49Z
Ducati,DUCATI 250,2025-08,0.9732,google_trends,2026-08-29T21:54:49Z
Ducati,DUCATI 250,2025-09,0.9124,google_trends,2026-08-29T21:54:49Z
Ducati,DUCATI 250,2025-10,0.9124,google_trends,2026-08-29T21:54:49Z
Ducati,DUCATI 250,2025-11,0.7299,google_trends,2026-08-29T21:54:49Z
Ducati,DUCATI 250,2025-12,0.3041,google_trends,2026-08-29T21:54:49Z
Ducati,DUCATI 250,2026-01,0.3041,google_trends,2026-08-29T21:54:49Z
Ducati,DUCATI 250,2026-02,0.9124,google_trends,2026-08-29T21:54:49Z
Ducati,DUCATI 250,2026-03,0.9732,google_trends,2026-08-29T21:54:49Z
Ducati,DUCATI 250,2026-04,0.9124,google_trends,2026-08-29T21:54:49Z
Ducati,DUCATI 250,2026-05,0.9732,google_trends,2026-08-29T21:54:49Z
Ducati,DUCATI 250,2026-06,1.2165,google_trends,2026-08-29T21:54:49Z
Ducati,DUCATI 250,2026-07,0.6083,google_trends,2026-08-29T21:54:49Z
Ducati,DUCATI 848,2025-08,1.2165,google_trends,2026-08-29T21:54:49Z
Ducati,DUCATI 848,2025-09,1.2165,google_trends,2026-08-29T21:54:49Z
Ducati,DUCATI 848,2025-10,1.2165,google_trends,2026-08-29T21:54:49Z
Ducati,DUCATI 848,2025-11,1.2165,google_trends,2026-08-29T21:54:49Z
Ducati,DUCATI 848,2025-12,1.2165,google_trends,2026-08-29T21:54:49Z
Ducati,DUCATI 848,2026-01,1.2165,google_trends,2026-08-29T21:54:49Z
Ducati,DUCATI 848,2026-02,1.2165,google_trends,2026-08-29T21:54:49Z
Ducati,DUCATI 848,2026-03,1.2165,google_trends,2026-08-29T21:54:49Z
Ducati,DUCATI 848,2026-04,1.2165,google_trends,2026-08-29T21:54:49Z
Ducati,DUCATI 848,2026-05,1.2165,google_trends,2026-08-29T21:54:49Z
Ducati,DUCATI 848,2026-06,1.2165,google_trends,2026-08-29T21:54:49Z
Ducati,DUCATI 848,2026-07,1.2165,google_trends,2026-08-29T21:54:49Z
Ducati,DUCATI DESERTX,2025-08,0.9732,google_trends,2026-08-29T21:54:49Z
Ducati,DUCATI DESERTX,2025-09,0.9124,google_trends,2026-08-29T21:54:49Z
Ducati,DUCATI DESERTX,2025-10,0.6083,google_trends,2026-08-29T21:54:49Z
Ducati,DUCATI DESERTX,2025-11,0.2433,google_trends,2026-08-29T21:54:49Z
Ducati,DUCATI DESERTX,2025-12,0.0,google_trends,2026-08-29T21:54:49Z
Ducati,DUCATI DESERTX,2026-01,0.6083,google_trends,2026-08-29T21:54:49Z
Ducati,DUCATI DESERTX,2026-02,0.9124,google_trends,2026-08-29T21:54:49Z
Ducati,DUCATI DESERTX,2026-03,1.2165,google_trends,2026-08-29T21:54:49Z
Ducati,DUCATI DESERTX,2026-04,1.2165,google_trends,2026-08-29T21:54:49Z
Ducati,DUCATI DESERTX,2026-05,1.2165,google_trends,2026-08-29T21:54:49Z
Ducati,DUCATI DESERTX,2026-06,1.2165,google_trends,2026-08-29T21:54:49Z
Ducati,DUCATI DESERTX,2026-07,1.2165,google_trends,2026-08-29T21:54:49Z
Ducati,DUCATI ROAD,2025-08,1.2165,google_trends,2026-08-29T21:54:49Z
Ducati,DUCATI ROAD,2025-09,1.2165,google_trends,2026-08-29T21:54:49Z
Ducati,DUCATI ROAD,2025-10,1.2165,google_trends,2026-08-29T21:54:49Z
Ducati,DUCATI ROAD,2025-11,0.9732,google_trends,2026-08-29T21:54:49Z
Ducati,DUCATI ROAD,2025-12,1.2165,google_trends,2026-08-29T21:54:49Z
Ducati,DUCATI ROAD,2026-01,1.2165,google_trends,2026-08-29T21:54:49Z
Ducati,DUCATI ROAD,2026-02,1.2165,google_trends,2026-08-29T21:54:49Z
Ducati,DUCATI ROAD,2026-03,1.2165,google_trends,2026-08-29T21:54:49Z
Ducati,DUCATI ROAD,2026-04,1.2165,google_trends,2026-08-29T21:54:49Z
Ducati,DUCATI ROAD,2026-05,1.2165,google_trends,2026-08-29T21:54:49Z
Ducati,DUCATI ROAD,2026-06,1.2165,google_trends,2026-08-29T21:54:49Z
Ducati,DUCATI ROAD,2026-07,1.2165,google_trends,2026-08-29T21:54:49Z
Ducati,DUCATI SCRAMBLER,2025-08,7.056,google_trends,2026-08-29T21:54:49Z
Ducati,DUCATI SCRAMBLER,2025-09,5.7786,google_trends,2026-08-29T21:54:49Z
Ducati,DUCATI SCRAMBLER,2025-10,4.8662,google_trends,2026-08-29T21:54:49Z
Ducati,DUCATI SCRAMBLER,2025-11,4.3796,google_trends,2026-08-29T21:54:49Z
Ducati,DUCATI SCRAMBLER,2025-12,3.9538,google_trends,2026-08-29T21:54:49Z
Ducati,DUCATI SCRAMBLER,2026-01,4.2579,google_trends,2026-08-29T21:54:49Z
Ducati,DUCATI SCRAMBLER,2026-02,5.4745,google_trends,2026-08-29T21:54:49Z
Ducati,DUCATI SCRAMBLER,2026-03,6.326,google_trends,2026-08-29T21:54:49Z
Ducati,DUCATI SCRAMBLER,2026-04,7.2993,google_trends,2026-08-29T21:54:49Z
Ducati,DUCATI SCRAMBLER,2026-05,7.056,google_trends,2026-08-29T21:54:49Z
Ducati,DUCATI SCRAMBLER,2026-06,6.3869,google_trends,2026-08-29T21:54:49Z
Ducati,DUCATI SCRAMBLER,2026-07,5.7786,google_trends,2026-08-29T21:54:49Z
Ducati,Ducati 1098,2025-08,1.2326,google_trends,2026-08-29T19:23:31Z
Ducati,Ducati 1098,2025-09,1.2326,google_trends,2026-08-29T19:23:31Z
Ducati,Ducati 1098,2025-10,0.6163,google_trends,2026-08-29T19:23:31Z
Ducati,Ducati 1098,2025-11,0.2465,google_trends,2026-08-29T19:23:31Z
Ducati,Ducati 1098,2025-12,0.0,google_trends,2026-08-29T19:23:31Z
Ducati,Ducati 1098,2026-01,0.3082,google_trends,2026-08-29T19:23:31Z
Ducati,Ducati 1098,2026-02,0.9245,google_trends,2026-08-29T19:23:31Z
Ducati,Ducati 1098,2026-03,1.2326,google_trends,2026-08-29T19:23:31Z
Ducati,Ducati 1098,2026-04,1.2326,google_trends,2026-08-29T19:23:31Z
Ducati,Ducati 1098,2026-05,1.2326,google_trends,2026-08-29T19:23:31Z
Ducati,Ducati 1098,2026-06,1.2326,google_trends,2026-08-29T19:23:31Z
Ducati,Ducati 1098,2026-07,0.9245,google_trends,2026-08-29T19:23:31Z
Ducati,Ducati 1198,2025-08,0.0,google_trends,2026-08-29T21:54:49Z
Ducati,Ducati 1198,2025-09,0.0,google_trends,2026-08-29T21:54:49Z
Ducati,Ducati 1198,2025-10,0.0,google_trends,2026-08-29T21:54:49Z
Ducati,Ducati 1198,2025-11,0.0,google_trends,2026-08-29T21:54:49Z
Ducati,Ducati 1198,2025-12,0.0,google_trends,2026-08-29T21:54:49Z
Ducati,Ducati 1198,2026-01,0.0,google_trends,2026-08-29T21:54:49Z
Ducati,Ducati 1198,2026-02,0.3041,google_trends,2026-08-29T21:54:49Z
Ducati,Ducati 1198,2026-03,0.0,google_trends,2026-08-29T21:54:49Z
Ducati,Ducati 1198,2026-04,0.0,google_trends,2026-08-29T21:54:49Z
Ducati,Ducati 1198,2026-05,0.0,google_trends,2026-08-29T21:54:49Z
Ducati,Ducati 1198,2026-06,0.0,google_trends,2026-08-29T21:54:49Z
Ducati,Ducati 1198,2026-07,0.0,google_trends,2026-08-29T21:54:49Z
Ducati,Ducati 450,2025-08,1.2329,google_trends,2026-08-29T19:23:31Z
Ducati,Ducati 450,2025-09,1.2329,google_trends,2026-08-29T19:23:31Z
Ducati,Ducati 450,2025-10,1.2329,google_trends,2026-08-29T19:23:31Z
Ducati,Ducati 450,2025-11,1.4795,google_trends,2026-08-29T19:23:31Z
Ducati,Ducati 450,2025-12,1.2329,google_trends,2026-08-29T19:23:31Z
Ducati,Ducati 450,2026-01,1.2329,google_trends,2026-08-29T19:23:31Z
Ducati,Ducati 450,2026-02,1.2329,google_trends,2026-08-29T19:23:31Z
Ducati,Ducati 450,2026-03,1.2329,google_trends,2026-08-29T19:23:31Z
Ducati,Ducati 450,2026-04,1.2329,google_trends,2026-08-29T19:23:31Z
Ducati,Ducati 450,2026-05,1.2329,google_trends,2026-08-29T19:23:31Z
Ducati,Ducati 450,2026-06,1.2329,google_trends,2026-08-29T19:23:31Z
Ducati,Ducati 450,2026-07,1.2329,google_trends,2026-08-29T19:23:31Z
Ducati,Ducati 748,2025-08,0.0,google_trends,2026-08-29T19:23:31Z
Ducati,Ducati 748,2025-09,0.0,google_trends,2026-08-29T19:23:31Z
Ducati,Ducati 748,2025-10,0.0,google_trends,2026-08-29T19:23:31Z
Ducati,Ducati 748,2025-11,0.0,google_trends,2026-08-29T19:23:31Z
Ducati,Ducati 748,2025-12,0.0,google_trends,2026-08-29T19:23:31Z
Ducati,Ducati 748,2026-01,0.0,google_trends,2026-08-29T19:23:31Z
Ducati,Ducati 748,2026-02,0.3082,google_trends,2026-08-29T19:23:31Z
Ducati,Ducati 748,2026-03,0.0,google_trends,2026-08-29T19:23:31Z
Ducati,Ducati 748,2026-04,0.6163,google_trends,2026-08-29T19:23:31Z
Ducati,Ducati 748,2026-05,0.0,google_trends,2026-08-29T19:23:31Z
Ducati,Ducati 748,2026-06,0.3082,google_trends,2026-08-29T19:23:31Z
Ducati,Ducati 748,2026-07,0.0,google_trends,2026-08-29T19:23:31Z
Ducati,Ducati 750 & 900 Super Sport,2025-08,1.2329,google_trends,2026-08-29T19:23:31Z
Ducati,Ducati 750 & 900 Super Sport,2025-09,1.2329,google_trends,2026-08-29T19:23:31Z
Ducati,Ducati 750 & 900 Super Sport,2025-10,1.2329,google_trends,2026-08-29T19:23:31Z
Ducati,Ducati 750 & 900 Super Sport,2025-11,0.7398,google_trends,2026-08-29T19:23:31Z
Ducati,Ducati 750 & 900 Super Sport,2025-12,0.9247,google_trends,2026-08-29T19:23:31Z
Ducati,Ducati 750 & 900 Super Sport,2026-01,0.6165,google_trends,2026-08-29T19:23:31Z
Ducati,Ducati 750 & 900 Super Sport,2026-02,1.2329,google_trends,2026-08-29T19:23:31Z
Ducati,Ducati 750 & 900 Super Sport,2026-03,1.2329,google_trends,2026-08-29T19:23:31Z
Ducati,Ducati 750 & 900 Super Sport,2026-04,1.2329,google_trends,2026-08-29T19:23:31Z
Ducati,Ducati 750 & 900 Super Sport,2026-05,1.2329,google_trends,2026-08-29T19:23:31Z
Ducati,Ducati 750 & 900 Super Sport,2026-06,1.2329,google_trends,2026-08-29T19:23:31Z
Ducati,Ducati 750 & 900 Super Sport,2026-07,1.2329,google_trends,2026-08-29T19:23:31Z
Ducati,Ducati 916,2025-08,0.9861,google_trends,2026-08-29T19:23:31Z
Ducati,Ducati 916,2025-09,0.9245,google_trends,2026-08-29T19:23:31Z
Ducati,Ducati 916,2025-10,0.9245,google_trends,2026-08-29T19:23:31Z
Ducati,Ducati 916,2025-11,0.493,google_trends,2026-08-29T19:23:31Z
Ducati,Ducati 916,2025-12,0.3082,google_trends,2026-08-29T19:23:31Z
Ducati,Ducati 916,2026-01,0.3082,google_trends,2026-08-29T19:23:31Z
Ducati,Ducati 916,2026-02,1.2326,google_trends,2026-08-29T19:23:31Z
Ducati,Ducati 916,2026-03,0.7396,google_trends,2026-08-29T19:23:31Z
Ducati,Ducati 916,2026-04,1.2326,google_trends,2026-08-29T19:23:31Z
Ducati,Ducati 916,2026-05,1.2326,google_trends,2026-08-29T19:23:31Z
Ducati,Ducati 916,2026-06,0.9245,google_trends,2026-08-29T19:23:31Z
Ducati,Ducati 916,2026-07,0.9245,google_trends,2026-08-29T19:23:31Z
Ducati,Ducati 996,2025-08,0.7398,google_trends,2026-08-29T19:23:31Z
Ducati,Ducati 996,2025-09,0.3082,google_trends,2026-08-29T19:23:31Z
Ducati,Ducati 996,2025-10,0.0,google_trends,2026-08-29T19:23:31Z
Ducati,Ducati 996,2025-11,0.0,google_trends,2026-08-29T19:23:31Z
Ducati,Ducati 996,2025-12,0.0,google_trends,2026-08-29T19:23:31Z
Ducati,Ducati 996,2026-01,0.0,google_trends,2026-08-29T19:23:31Z
Ducati,Ducati 996,2026-02,0.6165,google_trends,2026-08-29T19:23:31Z
Ducati,Ducati 996,2026-03,0.2466,google_trends,2026-08-29T19:23:31Z
Ducati,Ducati 996,2026-04,0.9247,google_trends,2026-08-29T19:23:31Z
Ducati,Ducati 996,2026-05,0.4932,google_trends,2026-08-29T19:23:31Z
Ducati,Ducati 996,2026-06,0.3082,google_trends,2026-08-29T19:23:31Z
Ducati,Ducati 996,2026-07,0.3082,google_trends,2026-08-29T19:23:31Z
Ducati,Ducati 999,2025-08,0.493,google_trends,2026-08-29T19:23:31Z
Ducati,Ducati 999,2025-09,0.9245,google_trends,2026-08-29T19:23:31Z
Ducati,Ducati 999,2025-10,0.0,google_trends,2026-08-29T19:23:31Z
Ducati,Ducati 999,2025-11,0.2465,google_trends,2026-08-29T19:23:31Z
Ducati,Ducati 999,2025-12,0.0,google_trends,2026-08-29T19:23:31Z
Ducati,Ducati 999,2026-01,0.0,google_trends,2026-08-29T19:23:31Z
Ducati,Ducati 999,2026-02,0.9245,google_trends,2026-08-29T19:23:31Z
Ducati,Ducati 999,2026-03,0.7396,google_trends,2026-08-29T19:23:31Z
Ducati,Ducati 999,2026-04,0.6163,google_trends,2026-08-29T19:23:31Z
Ducati,Ducati 999,2026-05,0.7396,google_trends,2026-08-29T19:23:31Z
Ducati,Ducati 999,2026-06,0.3082,google_trends,2026-08-29T19:23:31Z
Ducati,Ducati 999,2026-07,0.6163,google_trends,2026-08-29T19:23:31Z
Ducati,Ducati Desmosedici,2025-08,0.0,google_trends,2026-08-29T21:54:49Z
Ducati,Ducati Desmosedici,2025-09,0.0,google_trends,2026-08-29T21:54:49Z
Ducati,Ducati Desmosedici,2025-10,0.0,google_trends,2026-08-29T21:54:49Z
Ducati,Ducati Desmosedici,2025-11,0.0,google_trends,2026-08-29T21:54:49Z
Ducati,Ducati Desmosedici,2025-12,0.0,google_trends,2026-08-29T21:54:49Z
Ducati,Ducati Desmosedici,2026-01,0.0,google_trends,2026-08-29T21:54:49Z
Ducati,Ducati Desmosedici,2026-02,0.0,google_trends,2026-08-29T21:54:49Z
Ducati,Ducati Desmosedici,2026-03,0.0,google_trends,2026-08-29T21:54:49Z
Ducati,Ducati Desmosedici,2026-04,0.0,google_trends,2026-08-29T21:54:49Z
Ducati,Ducati Desmosedici,2026-05,0.0,google_trends,2026-08-29T21:54:49Z
Ducati,Ducati Desmosedici,2026-06,0.0,google_trends,2026-08-29T21:54:49Z
Ducati,Ducati Desmosedici,2026-07,0.3041,google_trends,2026-08-29T21:54:49Z
Ducati,Ducati Diavel,2025-08,4.1908,google_trends,2026-08-29T19:23:31Z
Ducati,Ducati Diavel,2025-09,3.6978,google_trends,2026-08-29T19:23:31Z
Ducati,Ducati Diavel,2025-10,3.3897,google_trends,2026-08-29T19:23:31Z
Ducati,Ducati Diavel,2025-11,2.4652,google_trends,2026-08-29T19:23:31Z
Ducati,Ducati Diavel,2025-12,2.4652,google_trends,2026-08-29T19:23:31Z
Ducati,Ducati Diavel,2026-01,2.4652,google_trends,2026-08-29T19:23:31Z
Ducati,Ducati Diavel,2026-02,3.0815,google_trends,2026-08-29T19:23:31Z
Ducati,Ducati Diavel,2026-03,3.6978,google_trends,2026-08-29T19:23:31Z
Ducati,Ducati Diavel,2026-04,4.3141,google_trends,2026-08-29T19:23:31Z
Ducati,Ducati Diavel,2026-05,3.6978,google_trends,2026-08-29T19:23:31Z
Ducati,Ducati Diavel,2026-06,3.6978,google_trends,2026-08-29T19:23:31Z
Ducati,Ducati Diavel,2026-07,3.6978,google_trends,2026-08-29T19:23:31Z
Ducati,Ducati Hypermotard,2025-08,2.9582,google_trends,2026-08-29T19:23:31Z
Ducati,Ducati Hypermotard,2025-09,2.4652,google_trends,2026-08-29T19:23:31Z
Ducati,Ducati Hypermotard,2025-10,2.4652,google_trends,2026-08-29T19:23:31Z
Ducati,Ducati Hypermotard,2025-11,2.9582,google_trends,2026-08-29T19:23:31Z
Ducati,Ducati Hypermotard,2025-12,2.4652,google_trends,2026-08-29T19:23:31Z
Ducati,Ducati Hypermotard,2026-01,2.4652,google_trends,2026-08-29T19:23:31Z
Ducati,Ducati Hypermotard,2026-02,2.7734,google_trends,2026-08-29T19:23:31Z
Ducati,Ducati Hypermotard,2026-03,3.4513,google_trends,2026-08-29T19:23:31Z
Ducati,Ducati Hypermotard,2026-04,3.6978,google_trends,2026-08-29T19:23:31Z
Ducati,Ducati Hypermotard,2026-05,3.6978,google_trends,2026-08-29T19:23:31Z
Ducati,Ducati Hypermotard,2026-06,2.7734,google_trends,2026-08-29T19:23:31Z
Ducati,Ducati Hypermotard,2026-07,2.4652,google_trends,2026-08-29T19:23:31Z
Ducati,Ducati Monster,2025-08,10.8413,google_trends,2026-08-29T19:23:31Z
Ducati,Ducati Monster,2025-09,8.9318,google_trends,2026-08-29T19:23:31Z
Ducati,Ducati Monster,2025-10,9.2398,google_trends,2026-08-29T19:23:31Z
Ducati,Ducati Monster,2025-11,7.3918,google_trends,2026-08-29T19:23:31Z
Ducati,Ducati Monster,2025-12,6.1598,google_trends,2026-08-29T19:23:31Z
Ducati,Ducati Monster,2026-01,7.0838,google_trends,2026-08-29T19:23:31Z
Ducati,Ducati Monster,2026-02,8.9318,google_trends,2026-08-29T19:23:31Z
Ducati,Ducati Monster,2026-03,10.8413,google_trends,2026-08-29T19:23:31Z
Ducati,Ducati Monster,2026-04,11.7037,google_trends,2026-08-29T19:23:31Z
Ducati,Ducati Monster,2026-05,11.5805,google_trends,2026-08-29T19:23:31Z
Ducati,Ducati Monster,2026-06,10.1637,google_trends,2026-08-29T19:23:31Z
Ducati,Ducati Monster,2026-07,9.8558,google_trends,2026-08-29T19:23:31Z
Ducati,Ducati Multistrada,2025-08,7.3956,google_trends,2026-08-29T19:23:31Z
Ducati,Ducati Multistrada,2025-09,7.3956,google_trends,2026-08-29T19:23:31Z
Ducati,Ducati Multistrada,2025-10,5.8549,google_trends,2026-08-29T19:23:31Z
Ducati,Ducati Multistrada,2025-11,5.1769,google_trends,2026-08-29T19:23:31Z
Ducati,Ducati Multistrada,2025-12,4.9304,google_trends,2026-08-29T19:23:31Z
Ducati,Ducati Multistrada,2026-01,4.9304,google_trends,2026-08-29T19:23:31Z
Ducati,Ducati Multistrada,2026-02,5.8549,google_trends,2026-08-29T19:23:31Z
Ducati,Ducati Multistrada,2026-03,7.1491,google_trends,2026-08-29T19:23:31Z
Ducati,Ducati Multistrada,2026-04,7.7038,google_trends,2026-08-29T19:23:31Z
Ducati,Ducati Multistrada,2026-05,7.6421,google_trends,2026-08-29T19:23:31Z
Ducati,Ducati Multistrada,2026-06,7.0875,google_trends,2026-08-29T19:23:31Z
Ducati,Ducati Multistrada,2026-07,6.163,google_trends,2026-08-29T19:23:31Z
Ducati,Ducati Panigale,2025-08,13.0656,google_trends,2026-08-29T19:23:31Z
Ducati,Ducati Panigale,2025-09,13.5586,google_trends,2026-08-29T19:23:31Z
Ducati,Ducati Panigale,2025-10,11.7097,google_trends,2026-08-29T19:23:31Z
Ducati,Ducati Panigale,2025-11,10.8469,google_trends,2026-08-29T19:23:31Z
Ducati,Ducati Panigale,2025-12,10.4771,google_trends,2026-08-29T19:23:31Z
Ducati,Ducati Panigale,2026-01,10.4771,google_trends,2026-08-29T19:23:31Z
Ducati,Ducati Panigale,2026-02,12.326,google_trends,2026-08-29T19:23:31Z
Ducati,Ducati Panigale,2026-03,13.3121,google_trends,2026-08-29T19:23:31Z
Ducati,Ducati Panigale,2026-04,13.2505,google_trends,2026-08-29T19:23:31Z
Ducati,Ducati Panigale,2026-05,14.0517,google_trends,2026-08-29T19:23:31Z
Ducati,Ducati Panigale,2026-06,12.326,google_trends,2026-08-29T19:23:31Z
Ducati,Ducati Panigale,2026-07,11.4016,google_trends,2026-08-29T19:23:31Z
Ducati,Ducati ST,2025-08,0.0,google_trends,2026-08-29T21:54:49Z
Ducati,Ducati ST,2025-09,0.0,google_trends,2026-08-29T21:54:49Z
Ducati,Ducati ST,2025-10,0.0,google_trends,2026-08-29T21:54:49Z
Ducati,Ducati ST,2025-11,0.0,google_trends,2026-08-29T21:54:49Z
Ducati,Ducati ST,2025-12,0.0,google_trends,2026-08-29T21:54:49Z
Ducati,Ducati ST,2026-01,0.0,google_trends,2026-08-29T21:54:49Z
Ducati,Ducati ST,2026-02,0.0,google_trends,2026-08-29T21:54:49Z
Ducati,Ducati ST,2026-03,0.0,google_trends,2026-08-29T21:54:49Z
Ducati,Ducati ST,2026-04,0.3041,google_trends,2026-08-29T21:54:49Z
Ducati,Ducati ST,2026-05,0.9732,google_trends,2026-08-29T21:54:49Z
Ducati,Ducati ST,2026-06,0.6083,google_trends,2026-08-29T21:54:49Z
Ducati,Ducati ST,2026-07,0.0,google_trends,2026-08-29T21:54:49Z
Ducati,Ducati Scrambler,2025-08,8.7655,google_trends,2026-08-29T19:23:31Z
Ducati,Ducati Scrambler,2025-09,8.7655,google_trends,2026-08-29T19:23:31Z
Ducati,Ducati Scrambler,2025-10,8.7655,google_trends,2026-08-29T19:23:31Z
Ducati,Ducati Scrambler,2025-11,5.2593,google_trends,2026-08-29T19:23:31Z
Ducati,Ducati Scrambler,2025-12,0.0,google_trends,2026-08-29T19:23:31Z
Ducati,Ducati Scrambler,2026-01,2.1914,google_trends,2026-08-29T19:23:31Z
Ducati,Ducati Scrambler,2026-02,8.7655,google_trends,2026-08-29T19:23:31Z
Ducati,Ducati Scrambler,2026-03,8.7655,google_trends,2026-08-29T19:23:31Z
Ducati,Ducati Scrambler,2026-04,8.7655,google_trends,2026-08-29T19:23:31Z
Ducati,Ducati Scrambler,2026-05,8.7655,google_trends,2026-08-29T19:23:31Z
Ducati,Ducati Scrambler,2026-06,8.7655,google_trends,2026-08-29T19:23:31Z
Ducati,Ducati Scrambler,2026-07,8.7655,google_trends,2026-08-29T19:23:31Z
Ducati,Ducati Streetfighter,2025-08,4.9304,google_trends,2026-08-29T19:23:31Z
Ducati,Ducati Streetfighter,2025-09,3.6978,google_trends,2026-08-29T19:23:31Z
Ducati,Ducati Streetfighter,2025-10,3.6978,google_trends,2026-08-29T19:23:31Z
Ducati,Ducati Streetfighter,2025-11,3.2048,google_trends,2026-08-29T19:23:31Z
Ducati,Ducati Streetfighter,2025-12,3.3897,google_trends,2026-08-29T19:23:31Z
Ducati,Ducati Streetfighter,2026-01,3.3897,google_trends,2026-08-29T19:23:31Z
Ducati,Ducati Streetfighter,2026-02,4.006,google_trends,2026-08-29T19:23:31Z
Ducati,Ducati Streetfighter,2026-03,4.9304,google_trends,2026-08-29T19:23:31Z
Ducati,Ducati Streetfighter,2026-04,5.2386,google_trends,2026-08-29T19:23:31Z
Ducati,Ducati Streetfighter,2026-05,4.9304,google_trends,2026-08-29T19:23:31Z
Ducati,Ducati Streetfighter,2026-06,4.3141,google_trends,2026-08-29T19:23:31Z
Ducati,Ducati Streetfighter,2026-07,3.6978,google_trends,2026-08-29T19:23:31Z
Ducati,Ducati Superleggera,2025-08,1.2329,google_trends,2026-08-29T19:23:31Z
Ducati,Ducati Superleggera,2025-09,1.2329,google_trends,2026-08-29T19:23:31Z
Ducati,Ducati Superleggera,2025-10,1.2329,google_trends,2026-08-29T19:23:31Z
Ducati,Ducati Superleggera,2025-11,1.2329,google_trends,2026-08-29T19:23:31Z
Ducati,Ducati Superleggera,2025-12,1.2329,google_trends,2026-08-29T19:23:31Z
Ducati,Ducati Superleggera,2026-01,1.2329,google_trends,2026-08-29T19:23:31Z
Ducati,Ducati Superleggera,2026-02,1.2329,google_trends,2026-08-29T19:23:31Z
Ducati,Ducati Superleggera,2026-03,2.4658,google_trends,2026-08-29T19:23:31Z
Ducati,Ducati Superleggera,2026-04,1.5411,google_trends,2026-08-29T19:23:31Z
Ducati,Ducati Superleggera,2026-05,1.2329,google_trends,2026-08-29T19:23:31Z
Ducati,Ducati Superleggera,2026-06,1.2329,google_trends,2026-08-29T19:23:31Z
Ducati,Ducati Superleggera,2026-07,1.2329,google_trends,2026-08-29T19:23:31Z
Ferrari,12Cilindri,2025-08,1.2165,google_trends,2026-08-29T21:54:49Z
Ferrari,12Cilindri,2025-09,1.2165,google_trends,2026-08-29T21:54:49Z
Ferrari,12Cilindri,2025-10,1.2165,google_trends,2026-08-29T21:54:49Z
Ferrari,12Cilindri,2025-11,1.2165,google_trends,2026-08-29T21:54:49Z
Ferrari,12Cilindri,2025-12,1.2165,google_trends,2026-08-29T21:54:49Z
Ferrari,12Cilindri,2026-01,1.2165,google_trends,2026-08-29T21:54:49Z
Ferrari,12Cilindri,2026-02,1.2165,google_trends,2026-08-29T21:54:49Z
Ferrari,12Cilindri,2026-03,1.2165,google_trends,2026-08-29T21:54:49Z
Ferrari,12Cilindri,2026-04,1.2165,google_trends,2026-08-29T21:54:49Z
Ferrari,12Cilindri,2026-05,1.4599,google_trends,2026-08-29T21:54:49Z
Ferrari,12Cilindri,2026-06,1.5207,google_trends,2026-08-29T21:54:49Z
Ferrari,12Cilindri,2026-07,1.5207,google_trends,2026-08-29T21:54:49Z
Ferrari,250 GT,2025-08,1.2165,google_trends,2026-08-29T21:54:49Z
Ferrari,250 GT,2025-09,1.2165,google_trends,2026-08-29T21:54:49Z
Ferrari,250 GT,2025-10,1.2165,google_trends,2026-08-29T21:54:49Z
Ferrari,250 GT,2025-11,0.9732,google_trends,2026-08-29T21:54:49Z
Ferrari,250 GT,2025-12,1.2165,google_trends,2026-08-29T21:54:49Z
Ferrari,250 GT,2026-01,1.2165,google_trends,2026-08-29T21:54:49Z
Ferrari,250 GT,2026-02,1.2165,google_trends,2026-08-29T21:54:49Z
Ferrari,250 GT,2026-03,1.4599,google_trends,2026-08-29T21:54:49Z
Ferrari,250 GT,2026-04,1.2165,google_trends,2026-08-29T21:54:49Z
Ferrari,250 GT,2026-05,1.2165,google_trends,2026-08-29T21:54:49Z
Ferrari,250 GT,2026-06,1.2165,google_trends,2026-08-29T21:54:49Z
Ferrari,250 GT,2026-07,1.2165,google_trends,2026-08-29T21:54:49Z
Ferrari,288 GTO,2025-08,0.9732,google_trends,2026-08-29T21:54:49Z
Ferrari,288 GTO,2025-09,0.0,google_trends,2026-08-29T21:54:49Z
Ferrari,288 GTO,2025-10,0.0,google_trends,2026-08-29T21:54:49Z
Ferrari,288 GTO,2025-11,0.2433,google_trends,2026-08-29T21:54:49Z
Ferrari,288 GTO,2025-12,0.3041,google_trends,2026-08-29T21:54:49Z
Ferrari,288 GTO,2026-01,0.6083,google_trends,2026-08-29T21:54:49Z
Ferrari,288 GTO,2026-02,0.3041,google_trends,2026-08-29T21:54:49Z
Ferrari,288 GTO,2026-03,0.4866,google_trends,2026-08-29T21:54:49Z
Ferrari,288 GTO,2026-04,0.3041,google_trends,2026-08-29T21:54:49Z
Ferrari,288 GTO,2026-05,0.4866,google_trends,2026-08-29T21:54:49Z
Ferrari,288 GTO,2026-06,0.3041,google_trends,2026-08-29T21:54:49Z
Ferrari,288 GTO,2026-07,0.9124,google_trends,2026-08-29T21:54:49Z
Ferrari,308,2025-08,2.4652,google_trends,2026-08-29T19:23:31Z
Ferrari,308,2025-09,2.1571,google_trends,2026-08-29T19:23:31Z
Ferrari,308,2025-10,2.4652,google_trends,2026-08-29T19:23:31Z
Ferrari,308,2025-11,1.9722,google_trends,2026-08-29T19:23:31Z
Ferrari,308,2025-12,2.1571,google_trends,2026-08-29T19:23:31Z
Ferrari,308,2026-01,1.5408,google_trends,2026-08-29T19:23:31Z
Ferrari,308,2026-02,2.4652,google_trends,2026-08-29T19:23:31Z
Ferrari,308,2026-03,2.4652,google_trends,2026-08-29T19:23:31Z
Ferrari,308,2026-04,2.7734,google_trends,2026-08-29T19:23:31Z
Ferrari,308,2026-05,2.4652,google_trends,2026-08-29T19:23:31Z
Ferrari,308,2026-06,2.4652,google_trends,2026-08-29T19:23:31Z
Ferrari,308,2026-07,2.4652,google_trends,2026-08-29T19:23:31Z
Ferrari,328,2025-08,1.2326,google_trends,2026-08-29T19:23:31Z
Ferrari,328,2025-09,0.9245,google_trends,2026-08-29T19:23:31Z
Ferrari,328,2025-10,0.6163,google_trends,2026-08-29T19:23:31Z
Ferrari,328,2025-11,0.9861,google_trends,2026-08-29T19:23:31Z
Ferrari,328,2025-12,0.3082,google_trends,2026-08-29T19:23:31Z
Ferrari,328,2026-01,0.3082,google_trends,2026-08-29T19:23:31Z
Ferrari,328,2026-02,0.9245,google_trends,2026-08-29T19:23:31Z
Ferrari,328,2026-03,1.2326,google_trends,2026-08-29T19:23:31Z
Ferrari,328,2026-04,1.2326,google_trends,2026-08-29T19:23:31Z
Ferrari,328,2026-05,1.2326,google_trends,2026-08-29T19:23:31Z
Ferrari,328,2026-06,1.2326,google_trends,2026-08-29T19:23:31Z
Ferrari,328,2026-07,1.2326,google_trends,2026-08-29T19:23:31Z
Ferrari,348,2025-08,1.4791,google_trends,2026-08-29T19:23:31Z
Ferrari,348,2025-09,1.2326,google_trends,2026-08-29T19:23:31Z
Ferrari,348,2025-10,1.2326,google_trends,2026-08-29T19:23:31Z
Ferrari,348,2025-11,1.2326,google_trends,2026-08-29T19:23:31Z
Ferrari,348,2025-12,1.2326,google_trends,2026-08-29T19:23:31Z
Ferrari,348,2026-01,1.2326,google_trends,2026-08-29T19:23:31Z
Ferrari,348,2026-02,1.5408,google_trends,2026-08-29T19:23:31Z
Ferrari,348,2026-03,1.2326,google_trends,2026-08-29T19:23:31Z
Ferrari,348,2026-04,1.5408,google_trends,2026-08-29T19:23:31Z
Ferrari,348,2026-05,1.4791,google_trends,2026-08-29T19:23:31Z
Ferrari,348,2026-06,1.2326,google_trends,2026-08-29T19:23:31Z
Ferrari,348,2026-07,1.2326,google_trends,2026-08-29T19:23:31Z
Ferrari,360,2025-08,3.6959,google_trends,2026-08-29T19:23:31Z
Ferrari,360,2025-09,2.7719,google_trends,2026-08-29T19:23:31Z
Ferrari,360,2025-10,3.0799,google_trends,2026-08-29T19:23:31Z
Ferrari,360,2025-11,2.4639,google_trends,2026-08-29T19:23:31Z
Ferrari,360,2025-12,2.7719,google_trends,2026-08-29T19:23:31Z
Ferrari,360,2026-01,2.4639,google_trends,2026-08-29T19:23:31Z
Ferrari,360,2026-02,3.0799,google_trends,2026-08-29T19:23:31Z
Ferrari,360,2026-03,3.4495,google_trends,2026-08-29T19:23:31Z
Ferrari,360,2026-04,3.6959,google_trends,2026-08-29T19:23:31Z
Ferrari,360,2026-05,4.1887,google_trends,2026-08-29T19:23:31Z
Ferrari,360,2026-06,3.6959,google_trends,2026-08-29T19:23:31Z
Ferrari,360,2026-07,3.0799,google_trends,2026-08-29T19:23:31Z
Ferrari,456,2025-08,0.7396,google_trends,2026-08-29T19:23:31Z
Ferrari,456,2025-09,0.6163,google_trends,2026-08-29T19:23:31Z
Ferrari,456,2025-10,1.2326,google_trends,2026-08-29T19:23:31Z
Ferrari,456,2025-11,0.2465,google_trends,2026-08-29T19:23:31Z
Ferrari,456,2025-12,0.3082,google_trends,2026-08-29T19:23:31Z
Ferrari,456,2026-01,0.0,google_trends,2026-08-29T19:23:31Z
Ferrari,456,2026-02,0.6163,google_trends,2026-08-29T19:23:31Z
Ferrari,456,2026-03,0.493,google_trends,2026-08-29T19:23:31Z
Ferrari,456,2026-04,0.9245,google_trends,2026-08-29T19:23:31Z
Ferrari,456,2026-05,0.9861,google_trends,2026-08-29T19:23:31Z
Ferrari,456,2026-06,0.9245,google_trends,2026-08-29T19:23:31Z
Ferrari,456,2026-07,0.6163,google_trends,2026-08-29T19:23:31Z
Ferrari,458,2025-08,7.3918,google_trends,2026-08-29T19:23:31Z
Ferrari,458,2025-09,6.4678,google_trends,2026-08-29T19:23:31Z
Ferrari,458,2025-10,6.4678,google_trends,2026-08-29T19:23:31Z
Ferrari,458,2025-11,6.1598,google_trends,2026-08-29T19:23:31Z
Ferrari,458,2025-12,6.4678,google_trends,2026-08-29T19:23:31Z
Ferrari,458,2026-01,5.8519,google_trends,2026-08-29T19:23:31Z
Ferrari,458,2026-02,6.1598,google_trends,2026-08-29T19:23:31Z
Ferrari,458,2026-03,6.6526,google_trends,2026-08-29T19:23:31Z
Ferrari,458,2026-04,7.3918,google_trends,2026-08-29T19:23:31Z
Ferrari,458,2026-05,7.6382,google_trends,2026-08-29T19:23:31Z
Ferrari,458,2026-06,7.0838,google_trends,2026-08-29T19:23:31Z
Ferrari,458,2026-07,6.1598,google_trends,2026-08-29T19:23:31Z
Ferrari,488,2025-08,7.6421,google_trends,2026-08-29T19:23:31Z
Ferrari,488,2025-09,6.7793,google_trends,2026-08-29T19:23:31Z
Ferrari,488,2025-10,6.4712,google_trends,2026-08-29T19:23:31Z
Ferrari,488,2025-11,6.163,google_trends,2026-08-29T19:23:31Z
Ferrari,488,2025-12,6.4712,google_trends,2026-08-29T19:23:31Z
Ferrari,488,2026-01,6.163,google_trends,2026-08-29T19:23:31Z
Ferrari,488,2026-02,6.4712,google_trends,2026-08-29T19:23:31Z
Ferrari,488,2026-03,6.9026,google_trends,2026-08-29T19:23:31Z
Ferrari,488,2026-04,7.7038,google_trends,2026-08-29T19:23:31Z
Ferrari,488,2026-05,9.1213,google_trends,2026-08-29T19:23:31Z
Ferrari,488,2026-06,8.3201,google_trends,2026-08-29T19:23:31Z
Ferrari,488,2026-07,6.4712,google_trends,2026-08-29T19:23:31Z
Ferrari,599 GTB & GTO,2025-08,0.0,google_trends,2026-08-29T19:23:31Z
Ferrari,599 GTB & GTO,2025-09,0.0,google_trends,2026-08-29T19:23:31Z
Ferrari,599 GTB & GTO,2025-10,0.0,google_trends,2026-08-29T19:23:31Z
Ferrari,599 GTB & GTO,2025-11,0.0,google_trends,2026-08-29T19:23:31Z
Ferrari,599 GTB & GTO,2025-12,0.0,google_trends,2026-08-29T19:23:31Z
Ferrari,599 GTB & GTO,2026-01,0.0,google_trends,2026-08-29T19:23:31Z
Ferrari,599 GTB & GTO,2026-02,0.0,google_trends,2026-08-29T19:23:31Z
Ferrari,599 GTB & GTO,2026-03,0.0,google_trends,2026-08-29T19:23:31Z
Ferrari,599 GTB & GTO,2026-04,0.0,google_trends,2026-08-29T19:23:31Z
Ferrari,599 GTB & GTO,2026-05,0.0,google_trends,2026-08-29T19:23:31Z
Ferrari,599 GTB & GTO,2026-06,0.0,google_trends,2026-08-29T19:23:31Z
Ferrari,599 GTB & GTO,2026-07,0.3082,google_trends,2026-08-29T19:23:31Z
Ferrari,612 Scaglietti,2025-08,0.0,google_trends,2026-08-29T19:23:31Z
Ferrari,612 Scaglietti,2025-09,0.3082,google_trends,2026-08-29T19:23:31Z
Ferrari,612 Scaglietti,2025-10,0.0,google_trends,2026-08-29T19:23:31Z
Ferrari,612 Scaglietti,2025-11,0.0,google_trends,2026-08-29T19:23:31Z
Ferrari,612 Scaglietti,2025-12,0.0,google_trends,2026-08-29T19:23:31Z
Ferrari,612 Scaglietti,2026-01,0.0,google_trends,2026-08-29T19:23:31Z
Ferrari,612 Scaglietti,2026-02,0.0,google_trends,2026-08-29T19:23:31Z
Ferrari,612 Scaglietti,2026-03,0.0,google_trends,2026-08-29T19:23:31Z
Ferrari,612 Scaglietti,2026-04,1.5408,google_trends,2026-08-29T19:23:31Z
Ferrari,612 Scaglietti,2026-05,0.0,google_trends,2026-08-29T19:23:31Z
Ferrari,612 Scaglietti,2026-06,0.0,google_trends,2026-08-29T19:23:31Z
Ferrari,612 Scaglietti,2026-07,0.0,google_trends,2026-08-29T19:23:31Z
Ferrari,812,2025-08,6.9026,google_trends,2026-08-29T19:23:31Z
Ferrari,812,2025-09,6.4712,google_trends,2026-08-29T19:23:31Z
Ferrari,812,2025-10,6.163,google_trends,2026-08-29T19:23:31Z
Ferrari,812,2025-11,5.9165,google_trends,2026-08-29T19:23:31Z
Ferrari,812,2025-12,6.163,google_trends,2026-08-29T19:23:31Z
Ferrari,812,2026-01,6.7793,google_trends,2026-08-29T19:23:31Z
Ferrari,812,2026-02,6.4712,google_trends,2026-08-29T19:23:31Z
Ferrari,812,2026-03,6.9026,google_trends,2026-08-29T19:23:31Z
Ferrari,812,2026-04,7.3956,google_trends,2026-08-29T19:23:31Z
Ferrari,812,2026-05,8.1352,google_trends,2026-08-29T19:23:31Z
Ferrari,812,2026-06,6.4712,google_trends,2026-08-29T19:23:31Z
Ferrari,812,2026-07,6.163,google_trends,2026-08-29T19:23:31Z
Ferrari,California,2025-08,5.67,google_trends,2026-08-29T19:23:31Z
Ferrari,California,2025-09,4.9304,google_trends,2026-08-29T19:23:31Z
Ferrari,California,2025-10,4.9304,google_trends,2026-08-29T19:23:31Z
Ferrari,California,2025-11,3.6978,google_trends,2026-08-29T19:23:31Z
Ferrari,California,2025-12,4.006,google_trends,2026-08-29T19:23:31Z
Ferrari,California,2026-01,4.3141,google_trends,2026-08-29T19:23:31Z
Ferrari,California,2026-02,4.6223,google_trends,2026-08-29T19:23:31Z
Ferrari,California,2026-03,5.67,google_trends,2026-08-29T19:23:31Z
Ferrari,California,2026-04,5.8549,google_trends,2026-08-29T19:23:31Z
Ferrari,California,2026-05,7.1491,google_trends,2026-08-29T19:23:31Z
Ferrari,California,2026-06,7.3956,google_trends,2026-08-29T19:23:31Z
Ferrari,California,2026-07,5.8549,google_trends,2026-08-29T19:23:31Z
Ferrari,Daytona,2025-08,3.6988,google_trends,2026-08-29T19:23:31Z
Ferrari,Daytona,2025-09,2.7741,google_trends,2026-08-29T19:23:31Z
Ferrari,Daytona,2025-10,3.0823,google_trends,2026-08-29T19:23:31Z
Ferrari,Daytona,2025-11,2.959,google_trends,2026-08-29T19:23:31Z
Ferrari,Daytona,2025-12,3.6988,google_trends,2026-08-29T19:23:31Z
Ferrari,Daytona,2026-01,3.3905,google_trends,2026-08-29T19:23:31Z
Ferrari,Daytona,2026-02,2.4658,google_trends,2026-08-29T19:23:31Z
Ferrari,Daytona,2026-03,2.7124,google_trends,2026-08-29T19:23:31Z
Ferrari,Daytona,2026-04,3.0823,google_trends,2026-08-29T19:23:31Z
Ferrari,Daytona,2026-05,3.2056,google_trends,2026-08-29T19:23:31Z
Ferrari,Daytona,2026-06,2.7741,google_trends,2026-08-29T19:23:31Z
Ferrari,Daytona,2026-07,2.4658,google_trends,2026-08-29T19:23:31Z
Ferrari,Dino,2025-08,2.4652,google_trends,2026-08-29T19:23:31Z
Ferrari,Dino,2025-09,1.5408,google_trends,2026-08-29T19:23:31Z
Ferrari,Dino,2025-10,1.5408,google_trends,2026-08-29T19:23:31Z
Ferrari,Dino,2025-11,1.4791,google_trends,2026-08-29T19:23:31Z
Ferrari,Dino,2025-12,1.5408,google_trends,2026-08-29T19:23:31Z
Ferrari,Dino,2026-01,1.5408,google_trends,2026-08-29T19:23:31Z
Ferrari,Dino,2026-02,1.5408,google_trends,2026-08-29T19:23:31Z
Ferrari,Dino,2026-03,1.7256,google_trends,2026-08-29T19:23:31Z
Ferrari,Dino,2026-04,2.1571,google_trends,2026-08-29T19:23:31Z
Ferrari,Dino,2026-05,2.7117,google_trends,2026-08-29T19:23:31Z
Ferrari,Dino,2026-06,2.1571,google_trends,2026-08-29T19:23:31Z
Ferrari,Dino,2026-07,2.4652,google_trends,2026-08-29T19:23:31Z
Ferrari,F355,2025-08,1.7621,google_trends,2026-08-29T19:23:31Z
Ferrari,F355,2025-09,1.7621,google_trends,2026-08-29T19:23:31Z
Ferrari,F355,2025-10,1.7621,google_trends,2026-08-29T19:23:31Z
Ferrari,F355,2025-11,1.7621,google_trends,2026-08-29T19:23:31Z
Ferrari,F355,2025-12,1.7621,google_trends,2026-08-29T19:23:31Z
Ferrari,F355,2026-01,1.7621,google_trends,2026-08-29T19:23:31Z
Ferrari,F355,2026-02,1.7621,google_trends,2026-08-29T19:23:31Z
Ferrari,F355,2026-03,1.7621,google_trends,2026-08-29T19:23:31Z
Ferrari,F355,2026-04,1.7621,google_trends,2026-08-29T19:23:31Z
Ferrari,F355,2026-05,1.7621,google_trends,2026-08-29T19:23:31Z
Ferrari,F355,2026-06,1.7621,google_trends,2026-08-29T19:23:31Z
Ferrari,F355,2026-07,1.7621,google_trends,2026-08-29T19:23:31Z
Ferrari,F430,2025-08,4.2083,google_trends,2026-08-29T19:23:31Z
Ferrari,F430,2025-09,4.2083,google_trends,2026-08-29T19:23:31Z
Ferrari,F430,2025-10,4.2083,google_trends,2026-08-29T19:23:31Z
Ferrari,F430,2025-11,4.2083,google_trends,2026-08-29T19:23:31Z
Ferrari,F430,2025-12,4.2083,google_trends,2026-08-29T19:23:31Z
Ferrari,F430,2026-01,4.2083,google_trends,2026-08-29T19:23:31Z
Ferrari,F430,2026-02,4.2083,google_trends,2026-08-29T19:23:31Z
Ferrari,F430,2026-03,4.2083,google_trends,2026-08-29T19:23:31Z
Ferrari,F430,2026-04,4.2083,google_trends,2026-08-29T19:23:31Z
Ferrari,F430,2026-05,4.2083,google_trends,2026-08-29T19:23:31Z
Ferrari,F430,2026-06,4.2083,google_trends,2026-08-29T19:23:31Z
Ferrari,F430,2026-07,4.2083,google_trends,2026-08-29T19:23:31Z
Ferrari,F8,2025-08,4.1908,google_trends,2026-08-29T19:23:31Z
Ferrari,F8,2025-09,3.6978,google_trends,2026-08-29T19:23:31Z
Ferrari,F8,2025-10,3.6978,google_trends,2026-08-29T19:23:31Z
Ferrari,F8,2025-11,3.4513,google_trends,2026-08-29T19:23:31Z
Ferrari,F8,2025-12,4.3141,google_trends,2026-08-29T19:23:31Z
Ferrari,F8,2026-01,3.3897,google_trends,2026-08-29T19:23:31Z
Ferrari,F8,2026-02,3.3897,google_trends,2026-08-29T19:23:31Z
Ferrari,F8,2026-03,3.9443,google_trends,2026-08-29T19:23:31Z
Ferrari,F8,2026-04,4.9304,google_trends,2026-08-29T19:23:31Z
Ferrari,F8,2026-05,6.163,google_trends,2026-08-29T19:23:31Z
Ferrari,F8,2026-06,5.2386,google_trends,2026-08-29T19:23:31Z
Ferrari,F8,2026-07,4.006,google_trends,2026-08-29T19:23:31Z
Ferrari,FF,2025-08,1.2326,google_trends,2026-08-29T19:23:31Z
Ferrari,FF,2025-09,1.5408,google_trends,2026-08-29T19:23:31Z
Ferrari,FF,2025-10,1.2326,google_trends,2026-08-29T19:23:31Z
Ferrari,FF,2025-11,1.2326,google_trends,2026-08-29T19:23:31Z
Ferrari,FF,2025-12,1.5408,google_trends,2026-08-29T19:23:31Z
Ferrari,FF,2026-01,1.2326,google_trends,2026-08-29T19:23:31Z
Ferrari,FF,2026-02,1.2326,google_trends,2026-08-29T19:23:31Z
Ferrari,FF,2026-03,1.2326,google_trends,2026-08-29T19:23:31Z
Ferrari,FF,2026-04,1.2326,google_trends,2026-08-29T19:23:31Z
Ferrari,FF,2026-05,1.7256,google_trends,2026-08-29T19:23:31Z
Ferrari,FF,2026-06,1.2326,google_trends,2026-08-29T19:23:31Z
Ferrari,FF,2026-07,1.2326,google_trends,2026-08-29T19:23:31Z
Ferrari,GTC4Lusso,2025-08,0.493,google_trends,2026-08-29T19:23:31Z
Ferrari,GTC4Lusso,2025-09,0.3082,google_trends,2026-08-29T19:23:31Z
Ferrari,GTC4Lusso,2025-10,0.0,google_trends,2026-08-29T19:23:31Z
Ferrari,GTC4Lusso,2025-11,0.0,google_trends,2026-08-29T19:23:31Z
Ferrari,GTC4Lusso,2025-12,0.0,google_trends,2026-08-29T19:23:31Z
Ferrari,GTC4Lusso,2026-01,0.0,google_trends,2026-08-29T19:23:31Z
Ferrari,GTC4Lusso,2026-02,0.0,google_trends,2026-08-29T19:23:31Z
Ferrari,GTC4Lusso,2026-03,0.2465,google_trends,2026-08-29T19:23:31Z
Ferrari,GTC4Lusso,2026-04,0.9245,google_trends,2026-08-29T19:23:31Z
Ferrari,GTC4Lusso,2026-05,0.9861,google_trends,2026-08-29T19:23:31Z
Ferrari,GTC4Lusso,2026-06,0.9245,google_trends,2026-08-29T19:23:31Z
Ferrari,GTC4Lusso,2026-07,0.6163,google_trends,2026-08-29T19:23:31Z
Ferrari,LaFerrari,2025-08,2.4331,google_trends,2026-08-29T21:54:49Z
Ferrari,LaFerrari,2025-09,2.4331,google_trends,2026-08-29T21:54:49Z
Ferrari,LaFerrari,2025-10,2.129,google_trends,2026-08-29T21:54:49Z
Ferrari,LaFerrari,2025-11,1.4599,google_trends,2026-08-29T21:54:49Z
Ferrari,LaFerrari,2025-12,2.129,google_trends,2026-08-29T21:54:49Z
Ferrari,LaFerrari,2026-01,1.5207,google_trends,2026-08-29T21:54:49Z
Ferrari,LaFerrari,2026-02,1.8248,google_trends,2026-08-29T21:54:49Z
Ferrari,LaFerrari,2026-03,2.1898,google_trends,2026-08-29T21:54:49Z
Ferrari,LaFerrari,2026-04,2.4331,google_trends,2026-08-29T21:54:49Z
Ferrari,LaFerrari,2026-05,2.9197,google_trends,2026-08-29T21:54:49Z
Ferrari,LaFerrari,2026-06,2.129,google_trends,2026-08-29T21:54:49Z
Ferrari,LaFerrari,2026-07,1.2165,google_trends,2026-08-29T21:54:49Z
Ferrari,Mondial,2025-08,1.2326,google_trends,2026-08-29T19:23:31Z
Ferrari,Mondial,2025-09,1.2326,google_trends,2026-08-29T19:23:31Z
Ferrari,Mondial,2025-10,1.2326,google_trends,2026-08-29T19:23:31Z
Ferrari,Mondial,2025-11,1.2326,google_trends,2026-08-29T19:23:31Z
Ferrari,Mondial,2025-12,1.2326,google_trends,2026-08-29T19:23:31Z
Ferrari,Mondial,2026-01,1.2326,google_trends,2026-08-29T19:23:31Z
Ferrari,Mondial,2026-02,1.2326,google_trends,2026-08-29T19:23:31Z
Ferrari,Mondial,2026-03,1.2326,google_trends,2026-08-29T19:23:31Z
Ferrari,Mondial,2026-04,1.2326,google_trends,2026-08-29T19:23:31Z
Ferrari,Mondial,2026-05,1.4791,google_trends,2026-08-29T19:23:31Z
Ferrari,Mondial,2026-06,1.2326,google_trends,2026-08-29T19:23:31Z
Ferrari,Mondial,2026-07,1.2326,google_trends,2026-08-29T19:23:31Z
Ferrari,Portofino,2025-08,2.4658,google_trends,2026-08-29T19:23:31Z
Ferrari,Portofino,2025-09,2.4658,google_trends,2026-08-29T19:23:31Z
Ferrari,Portofino,2025-10,1.5411,google_trends,2026-08-29T19:23:31Z
Ferrari,Portofino,2025-11,1.2329,google_trends,2026-08-29T19:23:31Z
Ferrari,Portofino,2025-12,1.8494,google_trends,2026-08-29T19:23:31Z
Ferrari,Portofino,2026-01,1.8494,google_trends,2026-08-29T19:23:31Z
Ferrari,Portofino,2026-02,2.4658,google_trends,2026-08-29T19:23:31Z
Ferrari,Portofino,2026-03,2.4658,google_trends,2026-08-29T19:23:31Z
Ferrari,Portofino,2026-04,2.4658,google_trends,2026-08-29T19:23:31Z
Ferrari,Portofino,2026-05,2.959,google_trends,2026-08-29T19:23:31Z
Ferrari,Portofino,2026-06,2.4658,google_trends,2026-08-29T19:23:31Z
Ferrari,Portofino,2026-07,2.4658,google_trends,2026-08-29T19:23:31Z
Ferrari,Roma,2025-08,5.4235,google_trends,2026-08-29T19:23:31Z
Ferrari,Roma,2025-09,5.2386,google_trends,2026-08-29T19:23:31Z
Ferrari,Roma,2025-10,4.9304,google_trends,2026-08-29T19:23:31Z
Ferrari,Roma,2025-11,4.9304,google_trends,2026-08-29T19:23:31Z
Ferrari,Roma,2025-12,5.2386,google_trends,2026-08-29T19:23:31Z
Ferrari,Roma,2026-01,4.9304,google_trends,2026-08-29T19:23:31Z
Ferrari,Roma,2026-02,4.9304,google_trends,2026-08-29T19:23:31Z
Ferrari,Roma,2026-03,5.4235,google_trends,2026-08-29T19:23:31Z
Ferrari,Roma,2026-04,5.5467,google_trends,2026-08-29T19:23:31Z
Ferrari,Roma,2026-05,7.3956,google_trends,2026-08-29T19:23:31Z
Ferrari,Roma,2026-06,6.4712,google_trends,2026-08-29T19:23:31Z
Ferrari,Roma,2026-07,5.2386,google_trends,2026-08-29T19:23:31Z
Ferrari,SF90,2025-08,7.8887,google_trends,2026-08-29T19:23:31Z
Ferrari,SF90,2025-09,8.0119,google_trends,2026-08-29T19:23:31Z
Ferrari,SF90,2025-10,7.0875,google_trends,2026-08-29T19:23:31Z
Ferrari,SF90,2025-11,6.163,google_trends,2026-08-29T19:23:31Z
Ferrari,SF90,2025-12,8.3201,google_trends,2026-08-29T19:23:31Z
Ferrari,SF90,2026-01,7.7038,google_trends,2026-08-29T19:23:31Z
Ferrari,SF90,2026-02,8.0119,google_trends,2026-08-29T19:23:31Z
Ferrari,SF90,2026-03,7.8887,google_trends,2026-08-29T19:23:31Z
Ferrari,SF90,2026-04,9.2445,google_trends,2026-08-29T19:23:31Z
Ferrari,SF90,2026-05,9.6143,google_trends,2026-08-29T19:23:31Z
Ferrari,SF90,2026-06,7.3956,google_trends,2026-08-29T19:23:31Z
Ferrari,SF90,2026-07,7.7038,google_trends,2026-08-29T19:23:31Z
Ferrari,Testarossa,2025-08,3.2048,google_trends,2026-08-29T19:23:31Z
Ferrari,Testarossa,2025-09,9.8608,google_trends,2026-08-29T19:23:31Z
Ferrari,Testarossa,2025-10,4.3141,google_trends,2026-08-29T19:23:31Z
Ferrari,Testarossa,2025-11,3.6978,google_trends,2026-08-29T19:23:31Z
Ferrari,Testarossa,2025-12,4.006,google_trends,2026-08-29T19:23:31Z
Ferrari,Testarossa,2026-01,3.6978,google_trends,2026-08-29T19:23:31Z
Ferrari,Testarossa,2026-02,4.3141,google_trends,2026-08-29T19:23:31Z
Ferrari,Testarossa,2026-03,3.9443,google_trends,2026-08-29T19:23:31Z
Ferrari,Testarossa,2026-04,5.2386,google_trends,2026-08-29T19:23:31Z
Ferrari,Testarossa,2026-05,5.4235,google_trends,2026-08-29T19:23:31Z
Ferrari,Testarossa,2026-06,4.9304,google_trends,2026-08-29T19:23:31Z
Ferrari,Testarossa,2026-07,4.9304,google_trends,2026-08-29T19:23:31Z
Fiat,FIAT,2025-08,647.4016,google_trends,2026-08-29T21:54:49Z
Fiat,FIAT,2025-09,621.8084,google_trends,2026-08-29T21:54:49Z
Fiat,FIAT,2025-10,616.4013,google_trends,2026-08-29T21:54:49Z
Fiat,FIAT,2025-11,594.0523,google_trends,2026-08-29T21:54:49Z
Fiat,FIAT,2025-12,546.1099,google_trends,2026-08-29T21:54:49Z
Fiat,FIAT,2026-01,625.413,google_trends,2026-08-29T21:54:49Z
Fiat,FIAT,2026-02,647.0412,google_trends,2026-08-29T21:54:49Z
Fiat,FIAT,2026-03,661.8204,google_trends,2026-08-29T21:54:49Z
Fiat,FIAT,2026-04,656.0529,google_trends,2026-08-29T21:54:49Z
Fiat,FIAT,2026-05,660.3785,google_trends,2026-08-29T21:54:49Z
Fiat,FIAT,2026-06,618.2037,google_trends,2026-08-29T21:54:49Z
Fiat,FIAT,2026-07,661.4599,google_trends,2026-08-29T21:54:49Z
Fiat,Fiat 1100,2025-08,1.2165,google_trends,2026-08-29T21:54:49Z
Fiat,Fiat 1100,2025-09,1.2165,google_trends,2026-08-29T21:54:49Z
Fiat,Fiat 1100,2025-10,1.2165,google_trends,2026-08-29T21:54:49Z
Fiat,Fiat 1100,2025-11,1.2165,google_trends,2026-08-29T21:54:49Z
Fiat,Fiat 1100,2025-12,0.9124,google_trends,2026-08-29T21:54:49Z
Fiat,Fiat 1100,2026-01,1.2165,google_trends,2026-08-29T21:54:49Z
Fiat,Fiat 1100,2026-02,1.2165,google_trends,2026-08-29T21:54:49Z
Fiat,Fiat 1100,2026-03,1.2165,google_trends,2026-08-29T21:54:49Z
Fiat,Fiat 1100,2026-04,1.2165,google_trends,2026-08-29T21:54:49Z
Fiat,Fiat 1100,2026-05,1.2165,google_trends,2026-08-29T21:54:49Z
Fiat,Fiat 1100,2026-06,1.2165,google_trends,2026-08-29T21:54:49Z
Fiat,Fiat 1100,2026-07,1.2165,google_trends,2026-08-29T21:54:49Z
Fiat,Fiat 124 Spider,2025-08,2.9635,google_trends,2026-08-29T19:23:31Z
Fiat,Fiat 124 Spider,2025-09,2.1168,google_trends,2026-08-29T19:23:31Z
Fiat,Fiat 124 Spider,2025-10,2.1168,google_trends,2026-08-29T19:23:31Z
Fiat,Fiat 124 Spider,2025-11,2.1168,google_trends,2026-08-29T19:23:31Z
Fiat,Fiat 124 Spider,2025-12,2.1168,google_trends,2026-08-29T19:23:31Z
Fiat,Fiat 124 Spider,2026-01,2.1168,google_trends,2026-08-29T19:23:31Z
Fiat,Fiat 124 Spider,2026-02,2.1168,google_trends,2026-08-29T19:23:31Z
Fiat,Fiat 124 Spider,2026-03,2.1168,google_trends,2026-08-29T19:23:31Z
Fiat,Fiat 124 Spider,2026-04,2.646,google_trends,2026-08-29T19:23:31Z
Fiat,Fiat 124 Spider,2026-05,2.9635,google_trends,2026-08-29T19:23:31Z
Fiat,Fiat 124 Spider,2026-06,2.646,google_trends,2026-08-29T19:23:31Z
Fiat,Fiat 124 Spider,2026-07,2.1168,google_trends,2026-08-29T19:23:31Z
Fiat,Fiat 126,2025-08,2.4331,google_trends,2026-08-29T21:54:49Z
Fiat,Fiat 126,2025-09,2.4331,google_trends,2026-08-29T21:54:49Z
Fiat,Fiat 126,2025-10,2.4331,google_trends,2026-08-29T21:54:49Z
Fiat,Fiat 126,2025-11,2.1898,google_trends,2026-08-29T21:54:49Z
Fiat,Fiat 126,2025-12,1.8248,google_trends,2026-08-29T21:54:49Z
Fiat,Fiat 126,2026-01,1.5207,google_trends,2026-08-29T21:54:49Z
Fiat,Fiat 126,2026-02,2.4331,google_trends,2026-08-29T21:54:49Z
Fiat,Fiat 126,2026-03,2.4331,google_trends,2026-08-29T21:54:49Z
Fiat,Fiat 126,2026-04,2.4331,google_trends,2026-08-29T21:54:49Z
Fiat,Fiat 126,2026-05,2.4331,google_trends,2026-08-29T21:54:49Z
Fiat,Fiat 126,2026-06,2.129,google_trends,2026-08-29T21:54:49Z
Fiat,Fiat 126,2026-07,2.4331,google_trends,2026-08-29T21:54:49Z
Fiat,Fiat 128,2025-08,1.9465,google_trends,2026-08-29T21:54:49Z
Fiat,Fiat 128,2025-09,1.2165,google_trends,2026-08-29T21:54:49Z
Fiat,Fiat 128,2025-10,1.2165,google_trends,2026-08-29T21:54:49Z
Fiat,Fiat 128,2025-11,1.2165,google_trends,2026-08-29T21:54:49Z
Fiat,Fiat 128,2025-12,1.2165,google_trends,2026-08-29T21:54:49Z
Fiat,Fiat 128,2026-01,1.2165,google_trends,2026-08-29T21:54:49Z
Fiat,Fiat 128,2026-02,1.2165,google_trends,2026-08-29T21:54:49Z
Fiat,Fiat 128,2026-03,1.9465,google_trends,2026-08-29T21:54:49Z
Fiat,Fiat 128,2026-04,1.5207,google_trends,2026-08-29T21:54:49Z
Fiat,Fiat 128,2026-05,1.2165,google_trends,2026-08-29T21:54:49Z
Fiat,Fiat 128,2026-06,1.5207,google_trends,2026-08-29T21:54:49Z
Fiat,Fiat 128,2026-07,1.2165,google_trends,2026-08-29T21:54:49Z
Fiat,Fiat 500,2025-08,85.5426,google_trends,2026-08-29T19:23:31Z
Fiat,Fiat 500,2025-09,79.811,google_trends,2026-08-29T19:23:31Z
Fiat,Fiat 500,2025-10,77.0376,google_trends,2026-08-29T19:23:31Z
Fiat,Fiat 500,2025-11,76.1748,google_trends,2026-08-29T19:23:31Z
Fiat,Fiat 500,2025-12,64.7116,google_trends,2026-08-29T19:23:31Z
Fiat,Fiat 500,2026-01,76.7295,google_trends,2026-08-29T19:23:31Z
Fiat,Fiat 500,2026-02,85.3577,google_trends,2026-08-29T19:23:31Z
Fiat,Fiat 500,2026-03,89.98,google_trends,2026-08-29T19:23:31Z
Fiat,Fiat 500,2026-04,90.2881,google_trends,2026-08-29T19:23:31Z
Fiat,Fiat 500,2026-05,87.0217,google_trends,2026-08-29T19:23:31Z
Fiat,Fiat 500,2026-06,81.9681,google_trends,2026-08-29T19:23:31Z
Fiat,Fiat 500,2026-07,83.2007,google_trends,2026-08-29T19:23:31Z
Fiat,Fiat 600 Multipla,2025-08,0.0,google_trends,2026-08-29T21:54:49Z
Fiat,Fiat 600 Multipla,2025-09,0.0,google_trends,2026-08-29T21:54:49Z
Fiat,Fiat 600 Multipla,2025-10,0.0,google_trends,2026-08-29T21:54:49Z
Fiat,Fiat 600 Multipla,2025-11,0.0,google_trends,2026-08-29T21:54:49Z
Fiat,Fiat 600 Multipla,2025-12,0.0,google_trends,2026-08-29T21:54:49Z
Fiat,Fiat 600 Multipla,2026-01,0.0,google_trends,2026-08-29T21:54:49Z
Fiat,Fiat 600 Multipla,2026-02,0.0,google_trends,2026-08-29T21:54:49Z
Fiat,Fiat 600 Multipla,2026-03,0.0,google_trends,2026-08-29T21:54:49Z
Fiat,Fiat 600 Multipla,2026-04,0.0,google_trends,2026-08-29T21:54:49Z
Fiat,Fiat 600 Multipla,2026-05,0.0,google_trends,2026-08-29T21:54:49Z
Fiat,Fiat 600 Multipla,2026-06,0.3041,google_trends,2026-08-29T21:54:49Z
Fiat,Fiat 600 Multipla,2026-07,0.0,google_trends,2026-08-29T21:54:49Z
Fiat,Fiat 850,2025-08,1.2329,google_trends,2026-08-29T19:23:31Z
Fiat,Fiat 850,2025-09,1.2329,google_trends,2026-08-29T19:23:31Z
Fiat,Fiat 850,2025-10,1.2329,google_trends,2026-08-29T19:23:31Z
Fiat,Fiat 850,2025-11,1.2329,google_trends,2026-08-29T19:23:31Z
Fiat,Fiat 850,2025-12,1.2329,google_trends,2026-08-29T19:23:31Z
Fiat,Fiat 850,2026-01,1.2329,google_trends,2026-08-29T19:23:31Z
Fiat,Fiat 850,2026-02,1.2329,google_trends,2026-08-29T19:23:31Z
Fiat,Fiat 850,2026-03,1.2329,google_trends,2026-08-29T19:23:31Z
Fiat,Fiat 850,2026-04,1.2329,google_trends,2026-08-29T19:23:31Z
Fiat,Fiat 850,2026-05,1.2329,google_trends,2026-08-29T19:23:31Z
Fiat,Fiat 850,2026-06,1.2329,google_trends,2026-08-29T19:23:31Z
Fiat,Fiat 850,2026-07,1.2329,google_trends,2026-08-29T19:23:31Z
Fiat,Fiat Dino,2025-08,0.493,google_trends,2026-08-29T19:23:31Z
Fiat,Fiat Dino,2025-09,0.0,google_trends,2026-08-29T19:23:31Z
Fiat,Fiat Dino,2025-10,0.0,google_trends,2026-08-29T19:23:31Z
Fiat,Fiat Dino,2025-11,0.0,google_trends,2026-08-29T19:23:31Z
Fiat,Fiat Dino,2025-12,0.0,google_trends,2026-08-29T19:23:31Z
Fiat,Fiat Dino,2026-01,0.0,google_trends,2026-08-29T19:23:31Z
Fiat,Fiat Dino,2026-02,0.0,google_trends,2026-08-29T19:23:31Z
Fiat,Fiat Dino,2026-03,0.0,google_trends,2026-08-29T19:23:31Z
Fiat,Fiat Dino,2026-04,0.0,google_trends,2026-08-29T19:23:31Z
Fiat,Fiat Dino,2026-05,0.0,google_trends,2026-08-29T19:23:31Z
Fiat,Fiat Dino,2026-06,0.3082,google_trends,2026-08-29T19:23:31Z
Fiat,Fiat Dino,2026-07,0.3082,google_trends,2026-08-29T19:23:31Z
Fiat,Fiat Nuova 500,2025-08,0.0,google_trends,2026-08-29T19:23:31Z
Fiat,Fiat Nuova 500,2025-09,0.3082,google_trends,2026-08-29T19:23:31Z
Fiat,Fiat Nuova 500,2025-10,0.0,google_trends,2026-08-29T19:23:31Z
Fiat,Fiat Nuova 500,2025-11,0.7396,google_trends,2026-08-29T19:23:31Z
Fiat,Fiat Nuova 500,2025-12,0.0,google_trends,2026-08-29T19:23:31Z
Fiat,Fiat Nuova 500,2026-01,0.6163,google_trends,2026-08-29T19:23:31Z
Fiat,Fiat Nuova 500,2026-02,0.0,google_trends,2026-08-29T19:23:31Z
Fiat,Fiat Nuova 500,2026-03,0.2465,google_trends,2026-08-29T19:23:31Z
Fiat,Fiat Nuova 500,2026-04,0.6163,google_trends,2026-08-29T19:23:31Z
Fiat,Fiat Nuova 500,2026-05,0.2465,google_trends,2026-08-29T19:23:31Z
Fiat,Fiat Nuova 500,2026-06,0.6163,google_trends,2026-08-29T19:23:31Z
Fiat,Fiat Nuova 500,2026-07,0.0,google_trends,2026-08-29T19:23:31Z
Fiat,Fiat Panda,2025-08,36.0097,google_trends,2026-08-29T21:54:49Z
Fiat,Fiat Panda,2025-09,39.5377,google_trends,2026-08-29T21:54:49Z
Fiat,Fiat Panda,2025-10,40.146,google_trends,2026-08-29T21:54:49Z
Fiat,Fiat Panda,2025-11,36.7397,google_trends,2026-08-29T21:54:49Z
Fiat,Fiat Panda,2025-12,32.5426,google_trends,2026-08-29T21:54:49Z
Fiat,Fiat Panda,2026-01,39.5377,google_trends,2026-08-29T21:54:49Z
Fiat,Fiat Panda,2026-02,40.146,google_trends,2026-08-29T21:54:49Z
Fiat,Fiat Panda,2026-03,41.3625,google_trends,2026-08-29T21:54:49Z
Fiat,Fiat Panda,2026-04,39.5377,google_trends,2026-08-29T21:54:49Z
Fiat,Fiat Panda,2026-05,38.9294,google_trends,2026-08-29T21:54:49Z
Fiat,Fiat Panda,2026-06,36.8005,google_trends,2026-08-29T21:54:49Z
Fiat,Fiat Panda,2026-07,37.7129,google_trends,2026-08-29T21:54:49Z
Fisker,Fisker Karma,2025-08,1.2326,google_trends,2026-08-29T19:23:31Z
Fisker,Fisker Karma,2025-09,1.2326,google_trends,2026-08-29T19:23:31Z
Fisker,Fisker Karma,2025-10,1.2326,google_trends,2026-08-29T19:23:31Z
Fisker,Fisker Karma,2025-11,1.2326,google_trends,2026-08-29T19:23:31Z
Fisker,Fisker Karma,2025-12,0.9245,google_trends,2026-08-29T19:23:31Z
Fisker,Fisker Karma,2026-01,1.2326,google_trends,2026-08-29T19:23:31Z
Fisker,Fisker Karma,2026-02,1.2326,google_trends,2026-08-29T19:23:31Z
Fisker,Fisker Karma,2026-03,1.2326,google_trends,2026-08-29T19:23:31Z
Fisker,Fisker Karma,2026-04,1.2326,google_trends,2026-08-29T19:23:31Z
Fisker,Fisker Karma,2026-05,1.2326,google_trends,2026-08-29T19:23:31Z
Fisker,Fisker Karma,2026-06,1.2326,google_trends,2026-08-29T19:23:31Z
Fisker,Fisker Karma,2026-07,1.2326,google_trends,2026-08-29T19:23:31Z
Fisker,Fisker Ocean,2025-08,2.9197,google_trends,2026-08-29T21:54:49Z
Fisker,Fisker Ocean,2025-09,2.7372,google_trends,2026-08-29T21:54:49Z
Fisker,Fisker Ocean,2025-10,2.4331,google_trends,2026-08-29T21:54:49Z
Fisker,Fisker Ocean,2025-11,2.4331,google_trends,2026-08-29T21:54:49Z
Fisker,Fisker Ocean,2025-12,2.4331,google_trends,2026-08-29T21:54:49Z
Fisker,Fisker Ocean,2026-01,2.4331,google_trends,2026-08-29T21:54:49Z
Fisker,Fisker Ocean,2026-02,2.4331,google_trends,2026-08-29T21:54:49Z
Fisker,Fisker Ocean,2026-03,2.4331,google_trends,2026-08-29T21:54:49Z
Fisker,Fisker Ocean,2026-04,2.7372,google_trends,2026-08-29T21:54:49Z
Fisker,Fisker Ocean,2026-05,3.163,google_trends,2026-08-29T21:54:49Z
Fisker,Fisker Ocean,2026-06,2.4331,google_trends,2026-08-29T21:54:49Z
Fisker,Fisker Ocean,2026-07,2.7372,google_trends,2026-08-29T21:54:49Z
Ford,18 & 40 V8,2025-08,10.3485,google_trends,2026-08-29T19:23:31Z
Ford,18 & 40 V8,2025-09,9.8558,google_trends,2026-08-29T19:23:31Z
Ford,18 & 40 V8,2025-10,9.2398,google_trends,2026-08-29T19:23:31Z
Ford,18 & 40 V8,2025-11,9.363,google_trends,2026-08-29T19:23:31Z
Ford,18 & 40 V8,2025-12,9.2398,google_trends,2026-08-29T19:23:31Z
Ford,18 & 40 V8,2026-01,8.3158,google_trends,2026-08-29T19:23:31Z
Ford,18 & 40 V8,2026-02,13.5517,google_trends,2026-08-29T19:23:31Z
Ford,18 & 40 V8,2026-03,13.3053,google_trends,2026-08-29T19:23:31Z
Ford,18 & 40 V8,2026-04,16.0156,google_trends,2026-08-29T19:23:31Z
Ford,18 & 40 V8,2026-05,15.7692,google_trends,2026-08-29T19:23:31Z
Ford,18 & 40 V8,2026-06,16.6316,google_trends,2026-08-29T19:23:31Z
Ford,18 & 40 V8,2026-07,12.0117,google_trends,2026-08-29T19:23:31Z
Ford,48 & 68 V8,2025-08,1.9722,google_trends,2026-08-29T19:23:31Z
Ford,48 & 68 V8,2025-09,2.1571,google_trends,2026-08-29T19:23:31Z
Ford,48 & 68 V8,2025-10,2.4652,google_trends,2026-08-29T19:23:31Z
Ford,48 & 68 V8,2025-11,2.4652,google_trends,2026-08-29T19:23:31Z
Ford,48 & 68 V8,2025-12,1.8489,google_trends,2026-08-29T19:23:31Z
Ford,48 & 68 V8,2026-01,1.5408,google_trends,2026-08-29T19:23:31Z
Ford,48 & 68 V8,2026-02,3.0815,google_trends,2026-08-29T19:23:31Z
Ford,48 & 68 V8,2026-03,3.4513,google_trends,2026-08-29T19:23:31Z
Ford,48 & 68 V8,2026-04,5.2386,google_trends,2026-08-29T19:23:31Z
Ford,48 & 68 V8,2026-05,5.4235,google_trends,2026-08-29T19:23:31Z
Ford,48 & 68 V8,2026-06,4.6223,google_trends,2026-08-29T19:23:31Z
Ford,48 & 68 V8,2026-07,2.4652,google_trends,2026-08-29T19:23:31Z
Ford,5 MUSTANG,2025-08,2.6764,google_trends,2026-08-29T21:54:49Z
Ford,5 MUSTANG,2025-09,2.4331,google_trends,2026-08-29T21:54:49Z
Ford,5 MUSTANG,2025-10,2.4331,google_trends,2026-08-29T21:54:49Z
Ford,5 MUSTANG,2025-11,2.1898,google_trends,2026-08-29T21:54:49Z
Ford,5 MUSTANG,2025-12,2.4331,google_trends,2026-08-29T21:54:49Z
Ford,5 MUSTANG,2026-01,2.4331,google_trends,2026-08-29T21:54:49Z
Ford,5 MUSTANG,2026-02,2.7372,google_trends,2026-08-29T21:54:49Z
Ford,5 MUSTANG,2026-03,3.4063,google_trends,2026-08-29T21:54:49Z
Ford,5 MUSTANG,2026-04,5.1703,google_trends,2026-08-29T21:54:49Z
Ford,5 MUSTANG,2026-05,4.6229,google_trends,2026-08-29T21:54:49Z
Ford,5 MUSTANG,2026-06,3.0414,google_trends,2026-08-29T21:54:49Z
Ford,5 MUSTANG,2026-07,1.8248,google_trends,2026-08-29T21:54:49Z
Ford,A,2025-08,8.0292,google_trends,2026-08-29T21:54:49Z
Ford,A,2025-09,7.2993,google_trends,2026-08-29T21:54:49Z
Ford,A,2025-10,6.9951,google_trends,2026-08-29T21:54:49Z
Ford,A,2025-11,9.0024,google_trends,2026-08-29T21:54:49Z
Ford,A,2025-12,10.0365,google_trends,2026-08-29T21:54:49Z
Ford,A,2026-01,10.0365,google_trends,2026-08-29T21:54:49Z
Ford,A,2026-02,13.0779,google_trends,2026-08-29T21:54:49Z
Ford,A,2026-03,11.1922,google_trends,2026-08-29T21:54:49Z
Ford,A,2026-04,11.5572,google_trends,2026-08-29T21:54:49Z
Ford,A,2026-05,12.6521,google_trends,2026-08-29T21:54:49Z
Ford,A,2026-06,11.5572,google_trends,2026-08-29T21:54:49Z
Ford,A,2026-07,9.4282,google_trends,2026-08-29T21:54:49Z
Ford,A Pickup & AA,2025-08,2.2187,google_trends,2026-08-29T19:23:31Z
Ford,A Pickup & AA,2025-09,2.4652,google_trends,2026-08-29T19:23:31Z
Ford,A Pickup & AA,2025-10,2.1571,google_trends,2026-08-29T19:23:31Z
Ford,A Pickup & AA,2025-11,2.4652,google_trends,2026-08-29T19:23:31Z
Ford,A Pickup & AA,2025-12,2.7734,google_trends,2026-08-29T19:23:31Z
Ford,A Pickup & AA,2026-01,2.7734,google_trends,2026-08-29T19:23:31Z
Ford,A Pickup & AA,2026-02,4.6223,google_trends,2026-08-29T19:23:31Z
Ford,A Pickup & AA,2026-03,3.6978,google_trends,2026-08-29T19:23:31Z
Ford,A Pickup & AA,2026-04,3.6978,google_trends,2026-08-29T19:23:31Z
Ford,A Pickup & AA,2026-05,3.6978,google_trends,2026-08-29T19:23:31Z
Ford,A Pickup & AA,2026-06,3.6978,google_trends,2026-08-29T19:23:31Z
Ford,A Pickup & AA,2026-07,3.3897,google_trends,2026-08-29T19:23:31Z
Ford,ANGLIA,2025-08,1.2165,google_trends,2026-08-29T21:54:49Z
Ford,ANGLIA,2025-09,1.2165,google_trends,2026-08-29T21:54:49Z
Ford,ANGLIA,2025-10,1.2165,google_trends,2026-08-29T21:54:49Z
Ford,ANGLIA,2025-11,1.2165,google_trends,2026-08-29T21:54:49Z
Ford,ANGLIA,2025-12,1.2165,google_trends,2026-08-29T21:54:49Z
Ford,ANGLIA,2026-01,1.2165,google_trends,2026-08-29T21:54:49Z
Ford,ANGLIA,2026-02,1.2165,google_trends,2026-08-29T21:54:49Z
Ford,ANGLIA,2026-03,1.2165,google_trends,2026-08-29T21:54:49Z
Ford,ANGLIA,2026-04,1.2165,google_trends,2026-08-29T21:54:49Z
Ford,ANGLIA,2026-05,1.2165,google_trends,2026-08-29T21:54:49Z
Ford,ANGLIA,2026-06,1.2165,google_trends,2026-08-29T21:54:49Z
Ford,ANGLIA,2026-07,1.2165,google_trends,2026-08-29T21:54:49Z
Ford,B,2025-08,10.1099,google_trends,2026-08-29T19:23:31Z
Ford,B,2025-09,9.8634,google_trends,2026-08-29T19:23:31Z
Ford,B,2025-10,9.2469,google_trends,2026-08-29T19:23:31Z
Ford,B,2025-11,10.1099,google_trends,2026-08-29T19:23:31Z
Ford,B,2025-12,8.9387,google_trends,2026-08-29T19:23:31Z
Ford,B,2026-01,10.4798,google_trends,2026-08-29T19:23:31Z
Ford,B,2026-02,15.7197,google_trends,2026-08-29T19:23:31Z
Ford,B,2026-03,13.0689,google_trends,2026-08-29T19:23:31Z
Ford,B,2026-04,13.5621,google_trends,2026-08-29T19:23:31Z
Ford,B,2026-05,15.0416,google_trends,2026-08-29T19:23:31Z
Ford,B,2026-06,14.1786,google_trends,2026-08-29T19:23:31Z
Ford,B,2026-07,10.4798,google_trends,2026-08-29T19:23:31Z
Ford,Bronco II,2025-08,0.0,google_trends,2026-08-29T19:23:31Z
Ford,Bronco II,2025-09,0.0,google_trends,2026-08-29T19:23:31Z
Ford,Bronco II,2025-10,0.0,google_trends,2026-08-29T19:23:31Z
Ford,Bronco II,2025-11,0.0,google_trends,2026-08-29T19:23:31Z
Ford,Bronco II,2025-12,0.0,google_trends,2026-08-29T19:23:31Z
Ford,Bronco II,2026-01,0.0,google_trends,2026-08-29T19:23:31Z
Ford,Bronco II,2026-02,1.2326,google_trends,2026-08-29T19:23:31Z
Ford,Bronco II,2026-03,0.2465,google_trends,2026-08-29T19:23:31Z
Ford,Bronco II,2026-04,0.9245,google_trends,2026-08-29T19:23:31Z
Ford,Bronco II,2026-05,0.493,google_trends,2026-08-29T19:23:31Z
Ford,Bronco II,2026-06,0.3082,google_trends,2026-08-29T19:23:31Z
Ford,Bronco II,2026-07,0.0,google_trends,2026-08-29T19:23:31Z
Ford,CUSTOM 300,2025-08,0.0,google_trends,2026-08-29T21:54:49Z
Ford,CUSTOM 300,2025-09,0.0,google_trends,2026-08-29T21:54:49Z
Ford,CUSTOM 300,2025-10,0.0,google_trends,2026-08-29T21:54:49Z
Ford,CUSTOM 300,2025-11,0.0,google_trends,2026-08-29T21:54:49Z
Ford,CUSTOM 300,2025-12,0.0,google_trends,2026-08-29T21:54:49Z
Ford,CUSTOM 300,2026-01,0.0,google_trends,2026-08-29T21:54:49Z
Ford,CUSTOM 300,2026-02,0.3041,google_trends,2026-08-29T21:54:49Z
Ford,CUSTOM 300,2026-03,0.0,google_trends,2026-08-29T21:54:49Z
Ford,CUSTOM 300,2026-04,0.0,google_trends,2026-08-29T21:54:49Z
Ford,CUSTOM 300,2026-05,0.0,google_trends,2026-08-29T21:54:49Z
Ford,CUSTOM 300,2026-06,0.0,google_trends,2026-08-29T21:54:49Z
Ford,CUSTOM 300,2026-07,0.0,google_trends,2026-08-29T21:54:49Z
Ford,Contour,2025-08,1.2165,google_trends,2026-08-29T21:54:49Z
Ford,Contour,2025-09,1.2165,google_trends,2026-08-29T21:54:49Z
Ford,Contour,2025-10,1.2165,google_trends,2026-08-29T21:54:49Z
Ford,Contour,2025-11,1.2165,google_trends,2026-08-29T21:54:49Z
Ford,Contour,2025-12,1.2165,google_trends,2026-08-29T21:54:49Z
Ford,Contour,2026-01,1.2165,google_trends,2026-08-29T21:54:49Z
Ford,Contour,2026-02,2.129,google_trends,2026-08-29T21:54:49Z
Ford,Contour,2026-03,1.4599,google_trends,2026-08-29T21:54:49Z
Ford,Contour,2026-04,2.129,google_trends,2026-08-29T21:54:49Z
Ford,Contour,2026-05,1.7032,google_trends,2026-08-29T21:54:49Z
Ford,Contour,2026-06,1.2165,google_trends,2026-08-29T21:54:49Z
Ford,Contour,2026-07,1.2165,google_trends,2026-08-29T21:54:49Z
Ford,Cortina,2025-08,2.4658,google_trends,2026-08-29T19:23:31Z
Ford,Cortina,2025-09,1.8494,google_trends,2026-08-29T19:23:31Z
Ford,Cortina,2025-10,1.5411,google_trends,2026-08-29T19:23:31Z
Ford,Cortina,2025-11,1.4795,google_trends,2026-08-29T19:23:31Z
Ford,Cortina,2025-12,1.8494,google_trends,2026-08-29T19:23:31Z
Ford,Cortina,2026-01,2.4658,google_trends,2026-08-29T19:23:31Z
Ford,Cortina,2026-02,3.6988,google_trends,2026-08-29T19:23:31Z
Ford,Cortina,2026-03,2.4658,google_trends,2026-08-29T19:23:31Z
Ford,Cortina,2026-04,2.1576,google_trends,2026-08-29T19:23:31Z
Ford,Cortina,2026-05,2.4658,google_trends,2026-08-29T19:23:31Z
Ford,Cortina,2026-06,2.4658,google_trends,2026-08-29T19:23:31Z
Ford,Cortina,2026-07,2.1576,google_trends,2026-08-29T19:23:31Z
Ford,Country Sedan,2025-08,0.0,google_trends,2026-08-29T19:23:31Z
Ford,Country Sedan,2025-09,0.0,google_trends,2026-08-29T19:23:31Z
Ford,Country Sedan,2025-10,0.0,google_trends,2026-08-29T19:23:31Z
Ford,Country Sedan,2025-11,0.0,google_trends,2026-08-29T19:23:31Z
Ford,Country Sedan,2025-12,0.0,google_trends,2026-08-29T19:23:31Z
Ford,Country Sedan,2026-01,0.0,google_trends,2026-08-29T19:23:31Z
Ford,Country Sedan,2026-02,0.6165,google_trends,2026-08-29T19:23:31Z
Ford,Country Sedan,2026-03,0.0,google_trends,2026-08-29T19:23:31Z
Ford,Country Sedan,2026-04,0.0,google_trends,2026-08-29T19:23:31Z
Ford,Country Sedan,2026-05,0.0,google_trends,2026-08-29T19:23:31Z
Ford,Country Sedan,2026-06,0.0,google_trends,2026-08-29T19:23:31Z
Ford,Country Sedan,2026-07,0.0,google_trends,2026-08-29T19:23:31Z
Ford,Country Squire,2025-08,0.0,google_trends,2026-08-29T19:23:31Z
Ford,Country Squire,2025-09,0.0,google_trends,2026-08-29T19:23:31Z
Ford,Country Squire,2025-10,0.0,google_trends,2026-08-29T19:23:31Z
Ford,Country Squire,2025-11,0.0,google_trends,2026-08-29T19:23:31Z
Ford,Country Squire,2025-12,0.0,google_trends,2026-08-29T19:23:31Z
Ford,Country Squire,2026-01,0.0,google_trends,2026-08-29T19:23:31Z
Ford,Country Squire,2026-02,0.9247,google_trends,2026-08-29T19:23:31Z
Ford,Country Squire,2026-03,0.0,google_trends,2026-08-29T19:23:31Z
Ford,Country Squire,2026-04,0.0,google_trends,2026-08-29T19:23:31Z
Ford,Country Squire,2026-05,0.0,google_trends,2026-08-29T19:23:31Z
Ford,Country Squire,2026-06,0.0,google_trends,2026-08-29T19:23:31Z
Ford,Country Squire,2026-07,0.0,google_trends,2026-08-29T19:23:31Z
Ford,Courier,2025-08,14.3552,google_trends,2026-08-29T21:54:49Z
Ford,Courier,2025-09,13.0779,google_trends,2026-08-29T21:54:49Z
Ford,Courier,2025-10,12.4696,google_trends,2026-08-29T21:54:49Z
Ford,Courier,2025-11,13.1387,google_trends,2026-08-29T21:54:49Z
Ford,Courier,2025-12,12.4696,google_trends,2026-08-29T21:54:49Z
Ford,Courier,2026-01,13.0779,google_trends,2026-08-29T21:54:49Z
Ford,Courier,2026-02,13.0779,google_trends,2026-08-29T21:54:49Z
Ford,Courier,2026-03,13.382,google_trends,2026-08-29T21:54:49Z
Ford,Courier,2026-04,13.382,google_trends,2026-08-29T21:54:49Z
Ford,Courier,2026-05,13.1387,google_trends,2026-08-29T21:54:49Z
Ford,Courier,2026-06,12.4696,google_trends,2026-08-29T21:54:49Z
Ford,Courier,2026-07,13.0779,google_trends,2026-08-29T21:54:49Z
Ford,Crown Victoria,2025-08,3.6978,google_trends,2026-08-29T19:23:31Z
Ford,Crown Victoria,2025-09,3.0815,google_trends,2026-08-29T19:23:31Z
Ford,Crown Victoria,2025-10,3.0815,google_trends,2026-08-29T19:23:31Z
Ford,Crown Victoria,2025-11,2.4652,google_trends,2026-08-29T19:23:31Z
Ford,Crown Victoria,2025-12,2.4652,google_trends,2026-08-29T19:23:31Z
Ford,Crown Victoria,2026-01,2.7734,google_trends,2026-08-29T19:23:31Z
Ford,Crown Victoria,2026-02,4.006,google_trends,2026-08-29T19:23:31Z
Ford,Crown Victoria,2026-03,3.6978,google_trends,2026-08-29T19:23:31Z
Ford,Crown Victoria,2026-04,4.006,google_trends,2026-08-29T19:23:31Z
Ford,Crown Victoria,2026-05,4.1908,google_trends,2026-08-29T19:23:31Z
Ford,Crown Victoria,2026-06,3.6978,google_trends,2026-08-29T19:23:31Z
Ford,Crown Victoria,2026-07,3.6978,google_trends,2026-08-29T19:23:31Z
Ford,ESCAPE,2025-08,76.1557,google_trends,2026-08-29T21:54:49Z
Ford,ESCAPE,2025-09,69.0389,google_trends,2026-08-29T21:54:49Z
Ford,ESCAPE,2025-10,71.7762,google_trends,2026-08-29T21:54:49Z
Ford,ESCAPE,2025-11,70.073,google_trends,2026-08-29T21:54:49Z
Ford,ESCAPE,2025-12,67.8224,google_trends,2026-08-29T21:54:49Z
Ford,ESCAPE,2026-01,69.0389,google_trends,2026-08-29T21:54:49Z
Ford,ESCAPE,2026-02,80.9002,google_trends,2026-08-29T21:54:49Z
Ford,ESCAPE,2026-03,81.0219,google_trends,2026-08-29T21:54:49Z
Ford,ESCAPE,2026-04,83.0292,google_trends,2026-08-29T21:54:49Z
Ford,ESCAPE,2026-05,83.455,google_trends,2026-08-29T21:54:49Z
Ford,ESCAPE,2026-06,79.6837,google_trends,2026-08-29T21:54:49Z
Ford,ESCAPE,2026-07,83.0292,google_trends,2026-08-29T21:54:49Z
Ford,ESCORT,2025-08,13.6253,google_trends,2026-08-29T21:54:49Z
Ford,ESCORT,2025-09,12.1655,google_trends,2026-08-29T21:54:49Z
Ford,ESCORT,2025-10,12.1655,google_trends,2026-08-29T21:54:49Z
Ford,ESCORT,2025-11,12.4088,google_trends,2026-08-29T21:54:49Z
Ford,ESCORT,2025-12,12.1655,google_trends,2026-08-29T21:54:49Z
Ford,ESCORT,2026-01,12.1655,google_trends,2026-08-29T21:54:49Z
Ford,ESCORT,2026-02,14.5985,google_trends,2026-08-29T21:54:49Z
Ford,ESCORT,2026-03,12.6521,google_trends,2026-08-29T21:54:49Z
Ford,ESCORT,2026-04,12.1655,google_trends,2026-08-29T21:54:49Z
Ford,ESCORT,2026-05,12.8954,google_trends,2026-08-29T21:54:49Z
Ford,ESCORT,2026-06,15.2068,google_trends,2026-08-29T21:54:49Z
Ford,ESCORT,2026-07,12.7737,google_trends,2026-08-29T21:54:49Z
Ford,Econoline Van,2025-08,1.232,google_trends,2026-08-29T19:23:31Z
Ford,Econoline Van,2025-09,1.232,google_trends,2026-08-29T19:23:31Z
Ford,Econoline Van,2025-10,1.232,google_trends,2026-08-29T19:23:31Z
Ford,Econoline Van,2025-11,1.232,google_trends,2026-08-29T19:23:31Z
Ford,Econoline Van,2025-12,1.232,google_trends,2026-08-29T19:23:31Z
Ford,Econoline Van,2026-01,1.232,google_trends,2026-08-29T19:23:31Z
Ford,Econoline Van,2026-02,2.4639,google_trends,2026-08-29T19:23:31Z
Ford,Econoline Van,2026-03,1.232,google_trends,2026-08-29T19:23:31Z
Ford,Econoline Van,2026-04,1.232,google_trends,2026-08-29T19:23:31Z
Ford,Econoline Van,2026-05,1.232,google_trends,2026-08-29T19:23:31Z
Ford,Econoline Van,2026-06,1.232,google_trends,2026-08-29T19:23:31Z
Ford,Econoline Van,2026-07,1.232,google_trends,2026-08-29T19:23:31Z
Ford,Excursion,2025-08,4.6229,google_trends,2026-08-29T21:54:49Z
Ford,Excursion,2025-09,3.6496,google_trends,2026-08-29T21:54:49Z
Ford,Excursion,2025-10,4.2579,google_trends,2026-08-29T21:54:49Z
Ford,Excursion,2025-11,3.6496,google_trends,2026-08-29T21:54:49Z
Ford,Excursion,2025-12,3.9538,google_trends,2026-08-29T21:54:49Z
Ford,Excursion,2026-01,3.6496,google_trends,2026-08-29T21:54:49Z
Ford,Excursion,2026-02,6.691,google_trends,2026-08-29T21:54:49Z
Ford,Excursion,2026-03,4.8662,google_trends,2026-08-29T21:54:49Z
Ford,Excursion,2026-04,4.8662,google_trends,2026-08-29T21:54:49Z
Ford,Excursion,2026-05,5.1095,google_trends,2026-08-29T21:54:49Z
Ford,Excursion,2026-06,4.8662,google_trends,2026-08-29T21:54:49Z
Ford,Excursion,2026-07,4.8662,google_trends,2026-08-29T21:54:49Z
Ford,Expedition,2025-08,39.9363,google_trends,2026-08-29T19:23:31Z
Ford,Expedition,2025-09,34.5129,google_trends,2026-08-29T19:23:31Z
Ford,Expedition,2025-10,33.8966,google_trends,2026-08-29T19:23:31Z
Ford,Expedition,2025-11,34.5129,google_trends,2026-08-29T19:23:31Z
Ford,Expedition,2025-12,36.3618,google_trends,2026-08-29T19:23:31Z
Ford,Expedition,2026-01,36.0536,google_trends,2026-08-29T19:23:31Z
Ford,Expedition,2026-02,48.6878,google_trends,2026-08-29T19:23:31Z
Ford,Expedition,2026-03,46.0993,google_trends,2026-08-29T19:23:31Z
Ford,Expedition,2026-04,48.3796,google_trends,2026-08-29T19:23:31Z
Ford,Expedition,2026-05,48.5645,google_trends,2026-08-29T19:23:31Z
Ford,Expedition,2026-06,45.2981,google_trends,2026-08-29T19:23:31Z
Ford,Expedition,2026-07,44.3737,google_trends,2026-08-29T19:23:31Z
Ford,Explorer,2025-08,95.7064,google_trends,2026-08-29T19:23:31Z
Ford,Explorer,2025-09,90.0646,google_trends,2026-08-29T19:23:31Z
Ford,Explorer,2025-10,89.7247,google_trends,2026-08-29T19:23:31Z
Ford,Explorer,2025-11,89.4528,google_trends,2026-08-29T19:23:31Z
Ford,Explorer,2025-12,88.7051,google_trends,2026-08-29T19:23:31Z
Ford,Explorer,2026-01,90.4044,google_trends,2026-08-29T19:23:31Z
Ford,Explorer,2026-02,115.8944,google_trends,2026-08-29T19:23:31Z
Ford,Explorer,2026-03,107.3978,google_trends,2026-08-29T19:23:31Z
Ford,Explorer,2026-04,111.1363,google_trends,2026-08-29T19:23:31Z
Ford,Explorer,2026-05,109.8448,google_trends,2026-08-29T19:23:31Z
Ford,Explorer,2026-06,103.9991,google_trends,2026-08-29T19:23:31Z
Ford,Explorer,2026-07,105.3586,google_trends,2026-08-29T19:23:31Z
Ford,F-150,2025-08,41.887,google_trends,2026-08-29T19:23:31Z
Ford,F-150,2025-09,35.1111,google_trends,2026-08-29T19:23:31Z
Ford,F-150,2025-10,35.7271,google_trends,2026-08-29T19:23:31Z
Ford,F-150,2025-11,39.423,google_trends,2026-08-29T19:23:31Z
Ford,F-150,2025-12,36.6511,google_trends,2026-08-29T19:23:31Z
Ford,F-150,2026-01,34.8031,google_trends,2026-08-29T19:23:31Z
Ford,F-150,2026-02,57.2866,google_trends,2026-08-29T19:23:31Z
Ford,F-150,2026-03,48.0468,google_trends,2026-08-29T19:23:31Z
Ford,F-150,2026-04,67.4503,google_trends,2026-08-29T19:23:31Z
Ford,F-150,2026-05,62.8305,google_trends,2026-08-29T19:23:31Z
Ford,F-150,2026-06,58.8265,google_trends,2026-08-29T19:23:31Z
Ford,F-150,2026-07,45.8909,google_trends,2026-08-29T19:23:31Z
Ford,F-150 (2021+),2025-08,2.2187,google_trends,2026-08-29T19:23:31Z
Ford,F-150 (2021+),2025-09,2.4652,google_trends,2026-08-29T19:23:31Z
Ford,F-150 (2021+),2025-10,2.4652,google_trends,2026-08-29T19:23:31Z
Ford,F-150 (2021+),2025-11,3.4513,google_trends,2026-08-29T19:23:31Z
Ford,F-150 (2021+),2025-12,1.8489,google_trends,2026-08-29T19:23:31Z
Ford,F-150 (2021+),2026-01,2.1571,google_trends,2026-08-29T19:23:31Z
Ford,F-150 (2021+),2026-02,2.4652,google_trends,2026-08-29T19:23:31Z
Ford,F-150 (2021+),2026-03,2.7117,google_trends,2026-08-29T19:23:31Z
Ford,F-150 (2021+),2026-04,3.0815,google_trends,2026-08-29T19:23:31Z
Ford,F-150 (2021+),2026-05,3.4513,google_trends,2026-08-29T19:23:31Z
Ford,F-150 (2021+),2026-06,2.7734,google_trends,2026-08-29T19:23:31Z
Ford,F-150 (2021+),2026-07,2.1571,google_trends,2026-08-29T19:23:31Z
Ford,F-150 Raptor,2025-08,3.7204,google_trends,2026-08-29T19:23:31Z
Ford,F-150 Raptor,2025-09,3.7204,google_trends,2026-08-29T19:23:31Z
Ford,F-150 Raptor,2025-10,3.7204,google_trends,2026-08-29T19:23:31Z
Ford,F-150 Raptor,2025-11,3.7204,google_trends,2026-08-29T19:23:31Z
Ford,F-150 Raptor,2025-12,3.7204,google_trends,2026-08-29T19:23:31Z
Ford,F-150 Raptor,2026-01,3.7204,google_trends,2026-08-29T19:23:31Z
Ford,F-150 Raptor,2026-02,3.7204,google_trends,2026-08-29T19:23:31Z
Ford,F-150 Raptor,2026-03,3.7204,google_trends,2026-08-29T19:23:31Z
Ford,F-150 Raptor,2026-04,3.7204,google_trends,2026-08-29T19:23:31Z
Ford,F-150 Raptor,2026-05,3.7204,google_trends,2026-08-29T19:23:31Z
Ford,F-150 Raptor,2026-06,3.7204,google_trends,2026-08-29T19:23:31Z
Ford,F-150 Raptor,2026-07,3.7204,google_trends,2026-08-29T19:23:31Z
Ford,F-Series 1948-1952,2025-08,0.0,google_trends,2026-08-29T19:23:31Z
Ford,F-Series 1948-1952,2025-09,0.0,google_trends,2026-08-29T19:23:31Z
Ford,F-Series 1948-1952,2025-10,0.3082,google_trends,2026-08-29T19:23:31Z
Ford,F-Series 1948-1952,2025-11,0.7396,google_trends,2026-08-29T19:23:31Z
Ford,F-Series 1948-1952,2025-12,0.0,google_trends,2026-08-29T19:23:31Z
Ford,F-Series 1948-1952,2026-01,0.9245,google_trends,2026-08-29T19:23:31Z
Ford,F-Series 1948-1952,2026-02,2.1571,google_trends,2026-08-29T19:23:31Z
Ford,F-Series 1948-1952,2026-03,1.4791,google_trends,2026-08-29T19:23:31Z
Ford,F-Series 1948-1952,2026-04,1.8489,google_trends,2026-08-29T19:23:31Z
Ford,F-Series 1948-1952,2026-05,1.7256,google_trends,2026-08-29T19:23:31Z
Ford,F-Series 1948-1952,2026-06,1.5408,google_trends,2026-08-29T19:23:31Z
Ford,F-Series 1948-1952,2026-07,1.2326,google_trends,2026-08-29T19:23:31Z
Ford,F-Series 1953-1956,2025-08,0.0,google_trends,2026-08-29T19:23:31Z
Ford,F-Series 1953-1956,2025-09,0.0,google_trends,2026-08-29T19:23:31Z
Ford,F-Series 1953-1956,2025-10,0.3082,google_trends,2026-08-29T19:23:31Z
Ford,F-Series 1953-1956,2025-11,0.7396,google_trends,2026-08-29T19:23:31Z
Ford,F-Series 1953-1956,2025-12,0.0,google_trends,2026-08-29T19:23:31Z
Ford,F-Series 1953-1956,2026-01,0.9245,google_trends,2026-08-29T19:23:31Z
Ford,F-Series 1953-1956,2026-02,2.1571,google_trends,2026-08-29T19:23:31Z
Ford,F-Series 1953-1956,2026-03,1.4791,google_trends,2026-08-29T19:23:31Z
Ford,F-Series 1953-1956,2026-04,1.8489,google_trends,2026-08-29T19:23:31Z
Ford,F-Series 1953-1956,2026-05,1.7256,google_trends,2026-08-29T19:23:31Z
Ford,F-Series 1953-1956,2026-06,1.5408,google_trends,2026-08-29T19:23:31Z
Ford,F-Series 1953-1956,2026-07,1.2326,google_trends,2026-08-29T19:23:31Z
Ford,F-Series 1957-1960,2025-08,0.0,google_trends,2026-08-29T19:23:31Z
Ford,F-Series 1957-1960,2025-09,0.0,google_trends,2026-08-29T19:23:31Z
Ford,F-Series 1957-1960,2025-10,0.3082,google_trends,2026-08-29T19:23:31Z
Ford,F-Series 1957-1960,2025-11,0.7396,google_trends,2026-08-29T19:23:31Z
Ford,F-Series 1957-1960,2025-12,0.0,google_trends,2026-08-29T19:23:31Z
Ford,F-Series 1957-1960,2026-01,0.9245,google_trends,2026-08-29T19:23:31Z
Ford,F-Series 1957-1960,2026-02,2.1571,google_trends,2026-08-29T19:23:31Z
Ford,F-Series 1957-1960,2026-03,1.4791,google_trends,2026-08-29T19:23:31Z
Ford,F-Series 1957-1960,2026-04,1.8489,google_trends,2026-08-29T19:23:31Z
Ford,F-Series 1957-1960,2026-05,1.7256,google_trends,2026-08-29T19:23:31Z
Ford,F-Series 1957-1960,2026-06,1.5408,google_trends,2026-08-29T19:23:31Z
Ford,F-Series 1957-1960,2026-07,1.2326,google_trends,2026-08-29T19:23:31Z
Ford,F-Series 1961-1966,2025-08,0.0,google_trends,2026-08-29T19:23:31Z
Ford,F-Series 1961-1966,2025-09,0.0,google_trends,2026-08-29T19:23:31Z
Ford,F-Series 1961-1966,2025-10,0.308,google_trends,2026-08-29T19:23:31Z
Ford,F-Series 1961-1966,2025-11,0.7392,google_trends,2026-08-29T19:23:31Z
Ford,F-Series 1961-1966,2025-12,0.0,google_trends,2026-08-29T19:23:31Z
Ford,F-Series 1961-1966,2026-01,0.924,google_trends,2026-08-29T19:23:31Z
Ford,F-Series 1961-1966,2026-02,2.1559,google_trends,2026-08-29T19:23:31Z
Ford,F-Series 1961-1966,2026-03,1.4784,google_trends,2026-08-29T19:23:31Z
Ford,F-Series 1961-1966,2026-04,1.848,google_trends,2026-08-29T19:23:31Z
Ford,F-Series 1961-1966,2026-05,1.7248,google_trends,2026-08-29T19:23:31Z
Ford,F-Series 1961-1966,2026-06,1.54,google_trends,2026-08-29T19:23:31Z
Ford,F-Series 1961-1966,2026-07,1.232,google_trends,2026-08-29T19:23:31Z
Ford,F-Series 1967-1972,2025-08,0.0,google_trends,2026-08-29T21:54:49Z
Ford,F-Series 1967-1972,2025-09,0.0,google_trends,2026-08-29T21:54:49Z
Ford,F-Series 1967-1972,2025-10,0.3041,google_trends,2026-08-29T21:54:49Z
Ford,F-Series 1967-1972,2025-11,0.7299,google_trends,2026-08-29T21:54:49Z
Ford,F-Series 1967-1972,2025-12,0.0,google_trends,2026-08-29T21:54:49Z
Ford,F-Series 1967-1972,2026-01,0.9124,google_trends,2026-08-29T21:54:49Z
Ford,F-Series 1967-1972,2026-02,2.129,google_trends,2026-08-29T21:54:49Z
Ford,F-Series 1967-1972,2026-03,1.4599,google_trends,2026-08-29T21:54:49Z
Ford,F-Series 1967-1972,2026-04,1.8248,google_trends,2026-08-29T21:54:49Z
Ford,F-Series 1967-1972,2026-05,1.7032,google_trends,2026-08-29T21:54:49Z
Ford,F-Series 1967-1972,2026-06,1.5207,google_trends,2026-08-29T21:54:49Z
Ford,F-Series 1967-1972,2026-07,1.2165,google_trends,2026-08-29T21:54:49Z
Ford,F-Series 1973-1979,2025-08,0.0,google_trends,2026-08-29T21:54:49Z
Ford,F-Series 1973-1979,2025-09,0.0,google_trends,2026-08-29T21:54:49Z
Ford,F-Series 1973-1979,2025-10,0.3041,google_trends,2026-08-29T21:54:49Z
Ford,F-Series 1973-1979,2025-11,0.7299,google_trends,2026-08-29T21:54:49Z
Ford,F-Series 1973-1979,2025-12,0.0,google_trends,2026-08-29T21:54:49Z
Ford,F-Series 1973-1979,2026-01,0.9124,google_trends,2026-08-29T21:54:49Z
Ford,F-Series 1973-1979,2026-02,2.129,google_trends,2026-08-29T21:54:49Z
Ford,F-Series 1973-1979,2026-03,1.4599,google_trends,2026-08-29T21:54:49Z
Ford,F-Series 1973-1979,2026-04,1.8248,google_trends,2026-08-29T21:54:49Z
Ford,F-Series 1973-1979,2026-05,1.7032,google_trends,2026-08-29T21:54:49Z
Ford,F-Series 1973-1979,2026-06,1.5207,google_trends,2026-08-29T21:54:49Z
Ford,F-Series 1973-1979,2026-07,1.2165,google_trends,2026-08-29T21:54:49Z
Ford,F-Series 1980-1986,2025-08,0.0,google_trends,2026-08-29T19:23:31Z
Ford,F-Series 1980-1986,2025-09,0.0,google_trends,2026-08-29T19:23:31Z
Ford,F-Series 1980-1986,2025-10,0.3082,google_trends,2026-08-29T19:23:31Z
Ford,F-Series 1980-1986,2025-11,0.7396,google_trends,2026-08-29T19:23:31Z
Ford,F-Series 1980-1986,2025-12,0.0,google_trends,2026-08-29T19:23:31Z
Ford,F-Series 1980-1986,2026-01,0.9245,google_trends,2026-08-29T19:23:31Z
Ford,F-Series 1980-1986,2026-02,2.1571,google_trends,2026-08-29T19:23:31Z
Ford,F-Series 1980-1986,2026-03,1.4791,google_trends,2026-08-29T19:23:31Z
Ford,F-Series 1980-1986,2026-04,1.8489,google_trends,2026-08-29T19:23:31Z
Ford,F-Series 1980-1986,2026-05,1.7256,google_trends,2026-08-29T19:23:31Z
Ford,F-Series 1980-1986,2026-06,1.5408,google_trends,2026-08-29T19:23:31Z
Ford,F-Series 1980-1986,2026-07,1.2326,google_trends,2026-08-29T19:23:31Z
Ford,F-Series 1987-1991,2025-08,0.0,google_trends,2026-08-29T19:23:31Z
Ford,F-Series 1987-1991,2025-09,0.0,google_trends,2026-08-29T19:23:31Z
Ford,F-Series 1987-1991,2025-10,0.0,google_trends,2026-08-29T19:23:31Z
Ford,F-Series 1987-1991,2025-11,0.0,google_trends,2026-08-29T19:23:31Z
Ford,F-Series 1987-1991,2025-12,0.0,google_trends,2026-08-29T19:23:31Z
Ford,F-Series 1987-1991,2026-01,0.5292,google_trends,2026-08-29T19:23:31Z
Ford,F-Series 1987-1991,2026-02,2.1168,google_trends,2026-08-29T19:23:31Z
Ford,F-Series 1987-1991,2026-03,2.1168,google_trends,2026-08-29T19:23:31Z
Ford,F-Series 1987-1991,2026-04,2.1168,google_trends,2026-08-29T19:23:31Z
Ford,F-Series 1987-1991,2026-05,2.1168,google_trends,2026-08-29T19:23:31Z
Ford,F-Series 1987-1991,2026-06,2.1168,google_trends,2026-08-29T19:23:31Z
Ford,F-Series 1987-1991,2026-07,0.5292,google_trends,2026-08-29T19:23:31Z
Ford,F-Series 1992-1997,2025-08,0.0,google_trends,2026-08-29T21:54:49Z
Ford,F-Series 1992-1997,2025-09,0.0,google_trends,2026-08-29T21:54:49Z
Ford,F-Series 1992-1997,2025-10,0.3536,google_trends,2026-08-29T21:54:49Z
Ford,F-Series 1992-1997,2025-11,0.8488,google_trends,2026-08-29T21:54:49Z
Ford,F-Series 1992-1997,2025-12,0.0,google_trends,2026-08-29T21:54:49Z
Ford,F-Series 1992-1997,2026-01,1.0609,google_trends,2026-08-29T21:54:49Z
Ford,F-Series 1992-1997,2026-02,2.1219,google_trends,2026-08-29T21:54:49Z
Ford,F-Series 1992-1997,2026-03,1.6975,google_trends,2026-08-29T21:54:49Z
Ford,F-Series 1992-1997,2026-04,2.1219,google_trends,2026-08-29T21:54:49Z
Ford,F-Series 1992-1997,2026-05,1.4146,google_trends,2026-08-29T21:54:49Z
Ford,F-Series 1992-1997,2026-06,1.4146,google_trends,2026-08-29T21:54:49Z
Ford,F-Series 1992-1997,2026-07,0.7073,google_trends,2026-08-29T21:54:49Z
Ford,FIRE TRUCK,2025-08,0.0,google_trends,2026-08-29T21:54:49Z
Ford,FIRE TRUCK,2025-09,0.0,google_trends,2026-08-29T21:54:49Z
Ford,FIRE TRUCK,2025-10,0.0,google_trends,2026-08-29T21:54:49Z
Ford,FIRE TRUCK,2025-11,0.0,google_trends,2026-08-29T21:54:49Z
Ford,FIRE TRUCK,2025-12,0.0,google_trends,2026-08-29T21:54:49Z
Ford,FIRE TRUCK,2026-01,0.0,google_trends,2026-08-29T21:54:49Z
Ford,FIRE TRUCK,2026-02,0.6083,google_trends,2026-08-29T21:54:49Z
Ford,FIRE TRUCK,2026-03,0.2433,google_trends,2026-08-29T21:54:49Z
Ford,FIRE TRUCK,2026-04,0.9124,google_trends,2026-08-29T21:54:49Z
Ford,FIRE TRUCK,2026-05,0.7299,google_trends,2026-08-29T21:54:49Z
Ford,FIRE TRUCK,2026-06,0.6083,google_trends,2026-08-29T21:54:49Z
Ford,FIRE TRUCK,2026-07,0.0,google_trends,2026-08-29T21:54:49Z
Ford,FLEX,2025-08,10.8497,google_trends,2026-08-29T19:23:31Z
Ford,FLEX,2025-09,10.1716,google_trends,2026-08-29T19:23:31Z
Ford,FLEX,2025-10,10.1716,google_trends,2026-08-29T19:23:31Z
Ford,FLEX,2025-11,9.6168,google_trends,2026-08-29T19:23:31Z
Ford,FLEX,2025-12,8.9387,google_trends,2026-08-29T19:23:31Z
Ford,FLEX,2026-01,9.5551,google_trends,2026-08-29T19:23:31Z
Ford,FLEX,2026-02,13.2539,google_trends,2026-08-29T19:23:31Z
Ford,FLEX,2026-03,13.0689,google_trends,2026-08-29T19:23:31Z
Ford,FLEX,2026-04,16.9526,google_trends,2026-08-29T19:23:31Z
Ford,FLEX,2026-05,14.795,google_trends,2026-08-29T19:23:31Z
Ford,FLEX,2026-06,13.2539,google_trends,2026-08-29T19:23:31Z
Ford,FLEX,2026-07,11.7127,google_trends,2026-08-29T19:23:31Z
Ford,FREESTAR,2025-08,1.2165,google_trends,2026-08-29T21:54:49Z
Ford,FREESTAR,2025-09,0.6083,google_trends,2026-08-29T21:54:49Z
Ford,FREESTAR,2025-10,0.3041,google_trends,2026-08-29T21:54:49Z
Ford,FREESTAR,2025-11,0.7299,google_trends,2026-08-29T21:54:49Z
Ford,FREESTAR,2025-12,0.0,google_trends,2026-08-29T21:54:49Z
Ford,FREESTAR,2026-01,0.3041,google_trends,2026-08-29T21:54:49Z
Ford,FREESTAR,2026-02,1.2165,google_trends,2026-08-29T21:54:49Z
Ford,FREESTAR,2026-03,1.2165,google_trends,2026-08-29T21:54:49Z
Ford,FREESTAR,2026-04,1.2165,google_trends,2026-08-29T21:54:49Z
Ford,FREESTAR,2026-05,1.2165,google_trends,2026-08-29T21:54:49Z
Ford,FREESTAR,2026-06,0.3041,google_trends,2026-08-29T21:54:49Z
Ford,FREESTAR,2026-07,0.3041,google_trends,2026-08-29T21:54:49Z
Ford,FUSION,2025-08,57.4209,google_trends,2026-08-29T21:54:49Z
Ford,FUSION,2025-09,51.7032,google_trends,2026-08-29T21:54:49Z
Ford,FUSION,2025-10,50.7908,google_trends,2026-08-29T21:54:49Z
Ford,FUSION,2025-11,51.8248,google_trends,2026-08-29T21:54:49Z
Ford,FUSION,2025-12,48.0535,google_trends,2026-08-29T21:54:49Z
Ford,FUSION,2026-01,49.2701,google_trends,2026-08-29T21:54:49Z
Ford,FUSION,2026-02,62.0438,google_trends,2026-08-29T21:54:49Z
Ford,FUSION,2026-03,61.8005,google_trends,2026-08-29T21:54:49Z
Ford,FUSION,2026-04,65.0852,google_trends,2026-08-29T21:54:49Z
Ford,FUSION,2026-05,65.6934,google_trends,2026-08-29T21:54:49Z
Ford,FUSION,2026-06,62.3479,google_trends,2026-08-29T21:54:49Z
Ford,FUSION,2026-07,62.0438,google_trends,2026-08-29T21:54:49Z
Ford,Fairlane,2025-08,2.4652,google_trends,2026-08-29T19:23:31Z
Ford,Fairlane,2025-09,2.4652,google_trends,2026-08-29T19:23:31Z
Ford,Fairlane,2025-10,2.4652,google_trends,2026-08-29T19:23:31Z
Ford,Fairlane,2025-11,2.4652,google_trends,2026-08-29T19:23:31Z
Ford,Fairlane,2025-12,2.4652,google_trends,2026-08-29T19:23:31Z
Ford,Fairlane,2026-01,2.4652,google_trends,2026-08-29T19:23:31Z
Ford,Fairlane,2026-02,4.006,google_trends,2026-08-29T19:23:31Z
Ford,Fairlane,2026-03,2.4652,google_trends,2026-08-29T19:23:31Z
Ford,Fairlane,2026-04,2.4652,google_trends,2026-08-29T19:23:31Z
Ford,Fairlane,2026-05,2.4652,google_trends,2026-08-29T19:23:31Z
Ford,Fairlane,2026-06,3.3897,google_trends,2026-08-29T19:23:31Z
Ford,Fairlane,2026-07,2.4652,google_trends,2026-08-29T19:23:31Z
Ford,Falcon,2025-08,8.8747,google_trends,2026-08-29T19:23:31Z
Ford,Falcon,2025-09,8.3201,google_trends,2026-08-29T19:23:31Z
Ford,Falcon,2025-10,8.3201,google_trends,2026-08-29T19:23:31Z
Ford,Falcon,2025-11,8.6282,google_trends,2026-08-29T19:23:31Z
Ford,Falcon,2025-12,8.6282,google_trends,2026-08-29T19:23:31Z
Ford,Falcon,2026-01,8.6282,google_trends,2026-08-29T19:23:31Z
Ford,Falcon,2026-02,9.8608,google_trends,2026-08-29T19:23:31Z
Ford,Falcon,2026-03,8.8747,google_trends,2026-08-29T19:23:31Z
Ford,Falcon,2026-04,9.8608,google_trends,2026-08-29T19:23:31Z
Ford,Falcon,2026-05,10.6004,google_trends,2026-08-29T19:23:31Z
Ford,Falcon,2026-06,9.5527,google_trends,2026-08-29T19:23:31Z
Ford,Falcon,2026-07,9.2445,google_trends,2026-08-29T19:23:31Z
Ford,Fiesta,2025-08,105.0447,google_trends,2026-08-29T19:23:31Z
Ford,Fiesta,2025-09,102.6405,google_trends,2026-08-29T19:23:31Z
Ford,Fiesta,2025-10,103.8734,google_trends,2026-08-29T19:23:31Z
Ford,Fiesta,2025-11,99.8664,google_trends,2026-08-29T19:23:31Z
Ford,Fiesta,2025-12,94.0101,google_trends,2026-08-29T19:23:31Z
Ford,Fiesta,2026-01,104.1817,google_trends,2026-08-29T19:23:31Z
Ford,Fiesta,2026-02,107.5722,google_trends,2026-08-29T19:23:31Z
Ford,Fiesta,2026-03,110.7161,google_trends,2026-08-29T19:23:31Z
Ford,Fiesta,2026-04,105.1063,google_trends,2026-08-29T19:23:31Z
Ford,Fiesta,2026-05,106.5242,google_trends,2026-08-29T19:23:31Z
Ford,Fiesta,2026-06,102.9487,google_trends,2026-08-29T19:23:31Z
Ford,Fiesta,2026-07,103.5652,google_trends,2026-08-29T19:23:31Z
Ford,Focus,2025-08,165.7356,google_trends,2026-08-29T19:23:31Z
Ford,Focus,2025-09,154.8274,google_trends,2026-08-29T19:23:31Z
Ford,Focus,2025-10,148.6695,google_trends,2026-08-29T19:23:31Z
Ford,Focus,2025-11,153.4198,google_trends,2026-08-29T19:23:31Z
Ford,Focus,2025-12,138.9927,google_trends,2026-08-29T19:23:31Z
Ford,Focus,2026-01,151.7484,google_trends,2026-08-29T19:23:31Z
Ford,Focus,2026-02,163.6244,google_trends,2026-08-29T19:23:31Z
Ford,Focus,2026-03,167.1432,google_trends,2026-08-29T19:23:31Z
Ford,Focus,2026-04,166.7033,google_trends,2026-08-29T19:23:31Z
Ford,Focus,2026-05,167.1432,google_trends,2026-08-29T19:23:31Z
Ford,Focus,2026-06,163.1845,google_trends,2026-08-29T19:23:31Z
Ford,Focus,2026-07,156.5868,google_trends,2026-08-29T19:23:31Z
Ford,Fusion,2025-08,57.4209,google_trends,2026-08-29T21:54:49Z
Ford,Fusion,2025-09,51.7032,google_trends,2026-08-29T21:54:49Z
Ford,Fusion,2025-10,50.7908,google_trends,2026-08-29T21:54:49Z
Ford,Fusion,2025-11,51.8248,google_trends,2026-08-29T21:54:49Z
Ford,Fusion,2025-12,48.0535,google_trends,2026-08-29T21:54:49Z
Ford,Fusion,2026-01,49.2701,google_trends,2026-08-29T21:54:49Z
Ford,Fusion,2026-02,62.0438,google_trends,2026-08-29T21:54:49Z
Ford,Fusion,2026-03,61.8005,google_trends,2026-08-29T21:54:49Z
Ford,Fusion,2026-04,65.0852,google_trends,2026-08-29T21:54:49Z
Ford,Fusion,2026-05,65.6934,google_trends,2026-08-29T21:54:49Z
Ford,Fusion,2026-06,62.3479,google_trends,2026-08-29T21:54:49Z
Ford,Fusion,2026-07,62.0438,google_trends,2026-08-29T21:54:49Z
Ford,GRANADA,2025-08,2.1898,google_trends,2026-08-29T21:54:49Z
Ford,GRANADA,2025-09,2.129,google_trends,2026-08-29T21:54:49Z
Ford,GRANADA,2025-10,1.8248,google_trends,2026-08-29T21:54:49Z
Ford,GRANADA,2025-11,1.9465,google_trends,2026-08-29T21:54:49Z
Ford,GRANADA,2025-12,1.2165,google_trends,2026-08-29T21:54:49Z
Ford,GRANADA,2026-01,1.5207,google_trends,2026-08-29T21:54:49Z
Ford,GRANADA,2026-02,2.4331,google_trends,2026-08-29T21:54:49Z
Ford,GRANADA,2026-03,2.1898,google_trends,2026-08-29T21:54:49Z
Ford,GRANADA,2026-04,2.129,google_trends,2026-08-29T21:54:49Z
Ford,GRANADA,2026-05,2.4331,google_trends,2026-08-29T21:54:49Z
Ford,GRANADA,2026-06,1.8248,google_trends,2026-08-29T21:54:49Z
Ford,GRANADA,2026-07,1.8248,google_trends,2026-08-29T21:54:49Z
Ford,Galaxie,2025-08,2.4652,google_trends,2026-08-29T19:23:31Z
Ford,Galaxie,2025-09,2.4652,google_trends,2026-08-29T19:23:31Z
Ford,Galaxie,2025-10,2.4652,google_trends,2026-08-29T19:23:31Z
Ford,Galaxie,2025-11,2.4652,google_trends,2026-08-29T19:23:31Z
Ford,Galaxie,2025-12,2.4652,google_trends,2026-08-29T19:23:31Z
Ford,Galaxie,2026-01,2.4652,google_trends,2026-08-29T19:23:31Z
Ford,Galaxie,2026-02,3.6978,google_trends,2026-08-29T19:23:31Z
Ford,Galaxie,2026-03,2.4652,google_trends,2026-08-29T19:23:31Z
Ford,Galaxie,2026-04,2.4652,google_trends,2026-08-29T19:23:31Z
Ford,Galaxie,2026-05,2.4652,google_trends,2026-08-29T19:23:31Z
Ford,Galaxie,2026-06,2.4652,google_trends,2026-08-29T19:23:31Z
Ford,Galaxie,2026-07,2.4652,google_trends,2026-08-29T19:23:31Z
Ford,Hot Rod,2025-08,0.9861,google_trends,2026-08-29T19:23:31Z
Ford,Hot Rod,2025-09,0.3082,google_trends,2026-08-29T19:23:31Z
Ford,Hot Rod,2025-10,0.6163,google_trends,2026-08-29T19:23:31Z
Ford,Hot Rod,2025-11,0.0,google_trends,2026-08-29T19:23:31Z
Ford,Hot Rod,2025-12,0.0,google_trends,2026-08-29T19:23:31Z
Ford,Hot Rod,2026-01,0.3082,google_trends,2026-08-29T19:23:31Z
Ford,Hot Rod,2026-02,1.2326,google_trends,2026-08-29T19:23:31Z
Ford,Hot Rod,2026-03,0.7396,google_trends,2026-08-29T19:23:31Z
Ford,Hot Rod,2026-04,1.2326,google_trends,2026-08-29T19:23:31Z
Ford,Hot Rod,2026-05,1.2326,google_trends,2026-08-29T19:23:31Z
Ford,Hot Rod,2026-06,1.2326,google_trends,2026-08-29T19:23:31Z
Ford,Hot Rod,2026-07,1.2326,google_trends,2026-08-29T19:23:31Z
Ford,LTD,2025-08,4.6839,google_trends,2026-08-29T19:23:31Z
Ford,LTD,2025-09,4.006,google_trends,2026-08-29T19:23:31Z
Ford,LTD,2025-10,3.6978,google_trends,2026-08-29T19:23:31Z
Ford,LTD,2025-11,4.4374,google_trends,2026-08-29T19:23:31Z
Ford,LTD,2025-12,4.006,google_trends,2026-08-29T19:23:31Z
Ford,LTD,2026-01,5.5467,google_trends,2026-08-29T19:23:31Z
Ford,LTD,2026-02,13.2505,google_trends,2026-08-29T19:23:31Z
Ford,LTD,2026-03,9.1213,google_trends,2026-08-29T19:23:31Z
Ford,LTD,2026-04,10.7853,google_trends,2026-08-29T19:23:31Z
Ford,LTD,2026-05,13.8051,google_trends,2026-08-29T19:23:31Z
Ford,LTD,2026-06,10.4771,google_trends,2026-08-29T19:23:31Z
Ford,LTD,2026-07,5.2386,google_trends,2026-08-29T19:23:31Z
Ford,MUSTANG,2025-08,104.6799,google_trends,2026-08-29T21:54:49Z
Ford,MUSTANG,2025-09,91.9486,google_trends,2026-08-29T21:54:49Z
Ford,MUSTANG,2025-10,90.534,google_trends,2026-08-29T21:54:49Z
Ford,MUSTANG,2025-11,85.1586,google_trends,2026-08-29T21:54:49Z
Ford,MUSTANG,2025-12,82.4001,google_trends,2026-08-29T21:54:49Z
Ford,MUSTANG,2026-01,87.3512,google_trends,2026-08-29T21:54:49Z
Ford,MUSTANG,2026-02,118.1186,google_trends,2026-08-29T21:54:49Z
Ford,MUSTANG,2026-03,110.3383,google_trends,2026-08-29T21:54:49Z
Ford,MUSTANG,2026-04,132.2645,google_trends,2026-08-29T21:54:49Z
Ford,MUSTANG,2026-05,122.7867,google_trends,2026-08-29T21:54:49Z
Ford,MUSTANG,2026-06,109.2774,google_trends,2026-08-29T21:54:49Z
Ford,MUSTANG,2026-07,99.0216,google_trends,2026-08-29T21:54:49Z
Ford,MUSTANG BOSS 302,2025-08,0.0,google_trends,2026-08-29T19:23:31Z
Ford,MUSTANG BOSS 302,2025-09,0.0,google_trends,2026-08-29T19:23:31Z
Ford,MUSTANG BOSS 302,2025-10,0.0,google_trends,2026-08-29T19:23:31Z
Ford,MUSTANG BOSS 302,2025-11,0.0,google_trends,2026-08-29T19:23:31Z
Ford,MUSTANG BOSS 302,2025-12,0.0,google_trends,2026-08-29T19:23:31Z
Ford,MUSTANG BOSS 302,2026-01,0.0,google_trends,2026-08-29T19:23:31Z
Ford,MUSTANG BOSS 302,2026-02,0.3082,google_trends,2026-08-29T19:23:31Z
Ford,MUSTANG BOSS 302,2026-03,0.0,google_trends,2026-08-29T19:23:31Z
Ford,MUSTANG BOSS 302,2026-04,0.0,google_trends,2026-08-29T19:23:31Z
Ford,MUSTANG BOSS 302,2026-05,0.2465,google_trends,2026-08-29T19:23:31Z
Ford,MUSTANG BOSS 302,2026-06,0.0,google_trends,2026-08-29T19:23:31Z
Ford,MUSTANG BOSS 302,2026-07,0.0,google_trends,2026-08-29T19:23:31Z
Ford,MUSTANG BULLITT,2025-08,0.2465,google_trends,2026-08-29T19:23:31Z
Ford,MUSTANG BULLITT,2025-09,0.0,google_trends,2026-08-29T19:23:31Z
Ford,MUSTANG BULLITT,2025-10,0.0,google_trends,2026-08-29T19:23:31Z
Ford,MUSTANG BULLITT,2025-11,0.0,google_trends,2026-08-29T19:23:31Z
Ford,MUSTANG BULLITT,2025-12,0.0,google_trends,2026-08-29T19:23:31Z
Ford,MUSTANG BULLITT,2026-01,0.0,google_trends,2026-08-29T19:23:31Z
Ford,MUSTANG BULLITT,2026-02,0.0,google_trends,2026-08-29T19:23:31Z
Ford,MUSTANG BULLITT,2026-03,0.0,google_trends,2026-08-29T19:23:31Z
Ford,MUSTANG BULLITT,2026-04,0.0,google_trends,2026-08-29T19:23:31Z
Ford,MUSTANG BULLITT,2026-05,0.0,google_trends,2026-08-29T19:23:31Z
Ford,MUSTANG BULLITT,2026-06,0.0,google_trends,2026-08-29T19:23:31Z
Ford,MUSTANG BULLITT,2026-07,0.0,google_trends,2026-08-29T19:23:31Z
Ford,MUSTANG CONVERTIBLE,2025-08,2.4652,google_trends,2026-08-29T19:23:31Z
Ford,MUSTANG CONVERTIBLE,2025-09,2.4652,google_trends,2026-08-29T19:23:31Z
Ford,MUSTANG CONVERTIBLE,2025-10,2.4652,google_trends,2026-08-29T19:23:31Z
Ford,MUSTANG CONVERTIBLE,2025-11,2.2187,google_trends,2026-08-29T19:23:31Z
Ford,MUSTANG CONVERTIBLE,2025-12,2.4652,google_trends,2026-08-29T19:23:31Z
Ford,MUSTANG CONVERTIBLE,2026-01,2.1571,google_trends,2026-08-29T19:23:31Z
Ford,MUSTANG CONVERTIBLE,2026-02,2.7734,google_trends,2026-08-29T19:23:31Z
Ford,MUSTANG CONVERTIBLE,2026-03,2.9582,google_trends,2026-08-29T19:23:31Z
Ford,MUSTANG CONVERTIBLE,2026-04,3.3897,google_trends,2026-08-29T19:23:31Z
Ford,MUSTANG CONVERTIBLE,2026-05,3.6978,google_trends,2026-08-29T19:23:31Z
Ford,MUSTANG CONVERTIBLE,2026-06,3.3897,google_trends,2026-08-29T19:23:31Z
Ford,MUSTANG CONVERTIBLE,2026-07,2.7734,google_trends,2026-08-29T19:23:31Z
Ford,MUSTANG FASTBACK,2025-08,1.2329,google_trends,2026-08-29T19:23:31Z
Ford,MUSTANG FASTBACK,2025-09,1.2329,google_trends,2026-08-29T19:23:31Z
Ford,MUSTANG FASTBACK,2025-10,1.2329,google_trends,2026-08-29T19:23:31Z
Ford,MUSTANG FASTBACK,2025-11,1.2329,google_trends,2026-08-29T19:23:31Z
Ford,MUSTANG FASTBACK,2025-12,1.2329,google_trends,2026-08-29T19:23:31Z
Ford,MUSTANG FASTBACK,2026-01,1.2329,google_trends,2026-08-29T19:23:31Z
Ford,MUSTANG FASTBACK,2026-02,1.2329,google_trends,2026-08-29T19:23:31Z
Ford,MUSTANG FASTBACK,2026-03,1.7261,google_trends,2026-08-29T19:23:31Z
Ford,MUSTANG FASTBACK,2026-04,1.8494,google_trends,2026-08-29T19:23:31Z
Ford,MUSTANG FASTBACK,2026-05,1.9727,google_trends,2026-08-29T19:23:31Z
Ford,MUSTANG FASTBACK,2026-06,1.2329,google_trends,2026-08-29T19:23:31Z
Ford,MUSTANG FASTBACK,2026-07,1.2329,google_trends,2026-08-29T19:23:31Z
Ford,MUSTANG GT,2025-08,16.0238,google_trends,2026-08-29T19:23:31Z
Ford,MUSTANG GT,2025-09,14.1749,google_trends,2026-08-29T19:23:31Z
Ford,MUSTANG GT,2025-10,13.8668,google_trends,2026-08-29T19:23:31Z
Ford,MUSTANG GT,2025-11,13.5586,google_trends,2026-08-29T19:23:31Z
Ford,MUSTANG GT,2025-12,13.8668,google_trends,2026-08-29T19:23:31Z
Ford,MUSTANG GT,2026-01,13.8668,google_trends,2026-08-29T19:23:31Z
Ford,MUSTANG GT,2026-02,16.0238,google_trends,2026-08-29T19:23:31Z
Ford,MUSTANG GT,2026-03,17.2564,google_trends,2026-08-29T19:23:31Z
Ford,MUSTANG GT,2026-04,21.2624,google_trends,2026-08-29T19:23:31Z
Ford,MUSTANG GT,2026-05,19.4751,google_trends,2026-08-29T19:23:31Z
Ford,MUSTANG GT,2026-06,16.9483,google_trends,2026-08-29T19:23:31Z
Ford,MUSTANG GT,2026-07,14.4831,google_trends,2026-08-29T19:23:31Z
Ford,MUSTANG GT CONVERTIBLE,2025-08,0.493,google_trends,2026-08-29T19:23:31Z
Ford,MUSTANG GT CONVERTIBLE,2025-09,0.3082,google_trends,2026-08-29T19:23:31Z
Ford,MUSTANG GT CONVERTIBLE,2025-10,0.0,google_trends,2026-08-29T19:23:31Z
Ford,MUSTANG GT CONVERTIBLE,2025-11,0.0,google_trends,2026-08-29T19:23:31Z
Ford,MUSTANG GT CONVERTIBLE,2025-12,0.0,google_trends,2026-08-29T19:23:31Z
Ford,MUSTANG GT CONVERTIBLE,2026-01,0.0,google_trends,2026-08-29T19:23:31Z
Ford,MUSTANG GT CONVERTIBLE,2026-02,0.3082,google_trends,2026-08-29T19:23:31Z
Ford,MUSTANG GT CONVERTIBLE,2026-03,0.493,google_trends,2026-08-29T19:23:31Z
Ford,MUSTANG GT CONVERTIBLE,2026-04,1.2326,google_trends,2026-08-29T19:23:31Z
Ford,MUSTANG GT CONVERTIBLE,2026-05,1.2326,google_trends,2026-08-29T19:23:31Z
Ford,MUSTANG GT CONVERTIBLE,2026-06,1.2326,google_trends,2026-08-29T19:23:31Z
Ford,MUSTANG GT CONVERTIBLE,2026-07,0.9245,google_trends,2026-08-29T19:23:31Z
Ford,MUSTANG II,2025-08,0.2466,google_trends,2026-08-29T19:23:31Z
Ford,MUSTANG II,2025-09,0.0,google_trends,2026-08-29T19:23:31Z
Ford,MUSTANG II,2025-10,0.0,google_trends,2026-08-29T19:23:31Z
Ford,MUSTANG II,2025-11,0.0,google_trends,2026-08-29T19:23:31Z
Ford,MUSTANG II,2025-12,0.0,google_trends,2026-08-29T19:23:31Z
Ford,MUSTANG II,2026-01,0.0,google_trends,2026-08-29T19:23:31Z
Ford,MUSTANG II,2026-02,0.9247,google_trends,2026-08-29T19:23:31Z
Ford,MUSTANG II,2026-03,0.7398,google_trends,2026-08-29T19:23:31Z
Ford,MUSTANG II,2026-04,1.5411,google_trends,2026-08-29T19:23:31Z
Ford,MUSTANG II,2026-05,1.2329,google_trends,2026-08-29T19:23:31Z
Ford,MUSTANG II,2026-06,0.9247,google_trends,2026-08-29T19:23:31Z
Ford,MUSTANG II,2026-07,0.0,google_trends,2026-08-29T19:23:31Z
Ford,MUSTANG MACH 1,2025-08,1.2326,google_trends,2026-08-29T19:23:31Z
Ford,MUSTANG MACH 1,2025-09,1.2326,google_trends,2026-08-29T19:23:31Z
Ford,MUSTANG MACH 1,2025-10,1.2326,google_trends,2026-08-29T19:23:31Z
Ford,MUSTANG MACH 1,2025-11,1.2326,google_trends,2026-08-29T19:23:31Z
Ford,MUSTANG MACH 1,2025-12,1.2326,google_trends,2026-08-29T19:23:31Z
Ford,MUSTANG MACH 1,2026-01,1.2326,google_trends,2026-08-29T19:23:31Z
Ford,MUSTANG MACH 1,2026-02,1.2326,google_trends,2026-08-29T19:23:31Z
Ford,MUSTANG MACH 1,2026-03,1.2326,google_trends,2026-08-29T19:23:31Z
Ford,MUSTANG MACH 1,2026-04,1.2326,google_trends,2026-08-29T19:23:31Z
Ford,MUSTANG MACH 1,2026-05,1.2326,google_trends,2026-08-29T19:23:31Z
Ford,MUSTANG MACH 1,2026-06,1.2326,google_trends,2026-08-29T19:23:31Z
Ford,MUSTANG MACH 1,2026-07,1.2326,google_trends,2026-08-29T19:23:31Z
Ford,MUSTANG MACH E,2025-08,4.3796,google_trends,2026-08-29T21:54:49Z
Ford,MUSTANG MACH E,2025-09,3.6496,google_trends,2026-08-29T21:54:49Z
Ford,MUSTANG MACH E,2025-10,3.6496,google_trends,2026-08-29T21:54:49Z
Ford,MUSTANG MACH E,2025-11,3.4063,google_trends,2026-08-29T21:54:49Z
Ford,MUSTANG MACH E,2025-12,3.6496,google_trends,2026-08-29T21:54:49Z
Ford,MUSTANG MACH E,2026-01,3.6496,google_trends,2026-08-29T21:54:49Z
Ford,MUSTANG MACH E,2026-02,3.6496,google_trends,2026-08-29T21:54:49Z
Ford,MUSTANG MACH E,2026-03,4.6229,google_trends,2026-08-29T21:54:49Z
Ford,MUSTANG MACH E,2026-04,4.562,google_trends,2026-08-29T21:54:49Z
Ford,MUSTANG MACH E,2026-05,4.1363,google_trends,2026-08-29T21:54:49Z
Ford,MUSTANG MACH E,2026-06,3.6496,google_trends,2026-08-29T21:54:49Z
Ford,MUSTANG MACH E,2026-07,3.6496,google_trends,2026-08-29T21:54:49Z
Ford,MUSTANG SHELBY,2025-08,4.6229,google_trends,2026-08-29T21:54:49Z
Ford,MUSTANG SHELBY,2025-09,3.6496,google_trends,2026-08-29T21:54:49Z
Ford,MUSTANG SHELBY,2025-10,3.6496,google_trends,2026-08-29T21:54:49Z
Ford,MUSTANG SHELBY,2025-11,3.6496,google_trends,2026-08-29T21:54:49Z
Ford,MUSTANG SHELBY,2025-12,3.9538,google_trends,2026-08-29T21:54:49Z
Ford,MUSTANG SHELBY,2026-01,3.6496,google_trends,2026-08-29T21:54:49Z
Ford,MUSTANG SHELBY,2026-02,3.6496,google_trends,2026-08-29T21:54:49Z
Ford,MUSTANG SHELBY,2026-03,4.3796,google_trends,2026-08-29T21:54:49Z
Ford,MUSTANG SHELBY,2026-04,4.8662,google_trends,2026-08-29T21:54:49Z
Ford,MUSTANG SHELBY,2026-05,5.1095,google_trends,2026-08-29T21:54:49Z
Ford,MUSTANG SHELBY,2026-06,3.9538,google_trends,2026-08-29T21:54:49Z
Ford,MUSTANG SHELBY,2026-07,3.6496,google_trends,2026-08-29T21:54:49Z
Ford,MUSTANG SHELBY GT,2025-08,1.2329,google_trends,2026-08-29T19:23:31Z
Ford,MUSTANG SHELBY GT,2025-09,0.9247,google_trends,2026-08-29T19:23:31Z
Ford,MUSTANG SHELBY GT,2025-10,0.9247,google_trends,2026-08-29T19:23:31Z
Ford,MUSTANG SHELBY GT,2025-11,0.4932,google_trends,2026-08-29T19:23:31Z
Ford,MUSTANG SHELBY GT,2025-12,0.9247,google_trends,2026-08-29T19:23:31Z
Ford,MUSTANG SHELBY GT,2026-01,0.9247,google_trends,2026-08-29T19:23:31Z
Ford,MUSTANG SHELBY GT,2026-02,1.2329,google_trends,2026-08-29T19:23:31Z
Ford,MUSTANG SHELBY GT,2026-03,0.9863,google_trends,2026-08-29T19:23:31Z
Ford,MUSTANG SHELBY GT,2026-04,1.2329,google_trends,2026-08-29T19:23:31Z
Ford,MUSTANG SHELBY GT,2026-05,1.2329,google_trends,2026-08-29T19:23:31Z
Ford,MUSTANG SHELBY GT,2026-06,0.6165,google_trends,2026-08-29T19:23:31Z
Ford,MUSTANG SHELBY GT,2026-07,0.9247,google_trends,2026-08-29T19:23:31Z
Ford,MUSTANG SHELBY GT500,2025-08,2.4652,google_trends,2026-08-29T19:23:31Z
Ford,MUSTANG SHELBY GT500,2025-09,2.4652,google_trends,2026-08-29T19:23:31Z
Ford,MUSTANG SHELBY GT500,2025-10,2.1571,google_trends,2026-08-29T19:23:31Z
Ford,MUSTANG SHELBY GT500,2025-11,2.4652,google_trends,2026-08-29T19:23:31Z
Ford,MUSTANG SHELBY GT500,2025-12,2.4652,google_trends,2026-08-29T19:23:31Z
Ford,MUSTANG SHELBY GT500,2026-01,2.4652,google_trends,2026-08-29T19:23:31Z
Ford,MUSTANG SHELBY GT500,2026-02,2.4652,google_trends,2026-08-29T19:23:31Z
Ford,MUSTANG SHELBY GT500,2026-03,2.7117,google_trends,2026-08-29T19:23:31Z
Ford,MUSTANG SHELBY GT500,2026-04,3.6978,google_trends,2026-08-29T19:23:31Z
Ford,MUSTANG SHELBY GT500,2026-05,2.9582,google_trends,2026-08-29T19:23:31Z
Ford,MUSTANG SHELBY GT500,2026-06,2.4652,google_trends,2026-08-29T19:23:31Z
Ford,MUSTANG SHELBY GT500,2026-07,2.1571,google_trends,2026-08-29T19:23:31Z
Ford,Maverick,2025-08,28.4672,google_trends,2026-08-29T21:54:49Z
Ford,Maverick,2025-09,24.635,google_trends,2026-08-29T21:54:49Z
Ford,Maverick,2025-10,24.635,google_trends,2026-08-29T21:54:49Z
Ford,Maverick,2025-11,23.3577,google_trends,2026-08-29T21:54:49Z
Ford,Maverick,2025-12,23.4185,google_trends,2026-08-29T21:54:49Z
Ford,Maverick,2026-01,23.1144,google_trends,2026-08-29T21:54:49Z
Ford,Maverick,2026-02,27.6764,google_trends,2026-08-29T21:54:49Z
Ford,Maverick,2026-03,29.1971,google_trends,2026-08-29T21:54:49Z
Ford,Maverick,2026-04,31.326,google_trends,2026-08-29T21:54:49Z
Ford,Maverick,2026-05,32.6034,google_trends,2026-08-29T21:54:49Z
Ford,Maverick,2026-06,31.0219,google_trends,2026-08-29T21:54:49Z
Ford,Maverick,2026-07,32.2384,google_trends,2026-08-29T21:54:49Z
Ford,Military,2025-08,3.6978,google_trends,2026-08-29T19:23:31Z
Ford,Military,2025-09,4.006,google_trends,2026-08-29T19:23:31Z
Ford,Military,2025-10,4.006,google_trends,2026-08-29T19:23:31Z
Ford,Military,2025-11,3.6978,google_trends,2026-08-29T19:23:31Z
Ford,Military,2025-12,3.6978,google_trends,2026-08-29T19:23:31Z
Ford,Military,2026-01,4.9304,google_trends,2026-08-29T19:23:31Z
Ford,Military,2026-02,8.9364,google_trends,2026-08-29T19:23:31Z
Ford,Military,2026-03,6.6561,google_trends,2026-08-29T19:23:31Z
Ford,Military,2026-04,6.4712,google_trends,2026-08-29T19:23:31Z
Ford,Military,2026-05,6.4095,google_trends,2026-08-29T19:23:31Z
Ford,Military,2026-06,5.2386,google_trends,2026-08-29T19:23:31Z
Ford,Military,2026-07,4.3141,google_trends,2026-08-29T19:23:31Z
Ford,Mustang 1967-1968,2025-08,104.993,google_trends,2026-08-29T19:23:31Z
Ford,Mustang 1967-1968,2025-09,92.3938,google_trends,2026-08-29T19:23:31Z
Ford,Mustang 1967-1968,2025-10,90.294,google_trends,2026-08-29T19:23:31Z
Ford,Mustang 1967-1968,2025-11,86.5142,google_trends,2026-08-29T19:23:31Z
Ford,Mustang 1967-1968,2025-12,83.9944,google_trends,2026-08-29T19:23:31Z
Ford,Mustang 1967-1968,2026-01,86.4442,google_trends,2026-08-29T19:23:31Z
Ford,Mustang 1967-1968,2026-02,114.4424,google_trends,2026-08-29T19:23:31Z
Ford,Mustang 1967-1968,2026-03,110.5926,google_trends,2026-08-29T19:23:31Z
Ford,Mustang 1967-1968,2026-04,134.391,google_trends,2026-08-29T19:23:31Z
Ford,Mustang 1967-1968,2026-05,123.7517,google_trends,2026-08-29T19:23:31Z
Ford,Mustang 1967-1968,2026-06,109.8927,google_trends,2026-08-29T19:23:31Z
Ford,Mustang 1967-1968,2026-07,101.1433,google_trends,2026-08-29T19:23:31Z
Ford,Mustang 1969-1973,2025-08,104.993,google_trends,2026-08-29T19:23:31Z
Ford,Mustang 1969-1973,2025-09,92.3938,google_trends,2026-08-29T19:23:31Z
Ford,Mustang 1969-1973,2025-10,90.294,google_trends,2026-08-29T19:23:31Z
Ford,Mustang 1969-1973,2025-11,86.5142,google_trends,2026-08-29T19:23:31Z
Ford,Mustang 1969-1973,2025-12,83.9944,google_trends,2026-08-29T19:23:31Z
Ford,Mustang 1969-1973,2026-01,86.4442,google_trends,2026-08-29T19:23:31Z
Ford,Mustang 1969-1973,2026-02,114.4424,google_trends,2026-08-29T19:23:31Z
Ford,Mustang 1969-1973,2026-03,110.5926,google_trends,2026-08-29T19:23:31Z
Ford,Mustang 1969-1973,2026-04,134.391,google_trends,2026-08-29T19:23:31Z
Ford,Mustang 1969-1973,2026-05,123.7517,google_trends,2026-08-29T19:23:31Z
Ford,Mustang 1969-1973,2026-06,109.8927,google_trends,2026-08-29T19:23:31Z
Ford,Mustang 1969-1973,2026-07,101.1433,google_trends,2026-08-29T19:23:31Z
Ford,Mustang II,2025-08,0.0,google_trends,2026-08-29T21:54:49Z
Ford,Mustang II,2025-09,0.0,google_trends,2026-08-29T21:54:49Z
Ford,Mustang II,2025-10,0.0,google_trends,2026-08-29T21:54:49Z
Ford,Mustang II,2025-11,0.0,google_trends,2026-08-29T21:54:49Z
Ford,Mustang II,2025-12,0.0,google_trends,2026-08-29T21:54:49Z
Ford,Mustang II,2026-01,0.0,google_trends,2026-08-29T21:54:49Z
Ford,Mustang II,2026-02,0.9124,google_trends,2026-08-29T21:54:49Z
Ford,Mustang II,2026-03,0.7299,google_trends,2026-08-29T21:54:49Z
Ford,Mustang II,2026-04,1.5207,google_trends,2026-08-29T21:54:49Z
Ford,Mustang II,2026-05,1.2165,google_trends,2026-08-29T21:54:49Z
Ford,Mustang II,2026-06,1.2165,google_trends,2026-08-29T21:54:49Z
Ford,Mustang II,2026-07,0.0,google_trends,2026-08-29T21:54:49Z
Ford,Mustang S550,2025-08,0.0,google_trends,2026-08-29T19:23:31Z
Ford,Mustang S550,2025-09,0.0,google_trends,2026-08-29T19:23:31Z
Ford,Mustang S550,2025-10,0.0,google_trends,2026-08-29T19:23:31Z
Ford,Mustang S550,2025-11,0.0,google_trends,2026-08-29T19:23:31Z
Ford,Mustang S550,2025-12,0.0,google_trends,2026-08-29T19:23:31Z
Ford,Mustang S550,2026-01,0.0,google_trends,2026-08-29T19:23:31Z
Ford,Mustang S550,2026-02,0.6163,google_trends,2026-08-29T19:23:31Z
Ford,Mustang S550,2026-03,0.2465,google_trends,2026-08-29T19:23:31Z
Ford,Mustang S550,2026-04,1.2326,google_trends,2026-08-29T19:23:31Z
Ford,Mustang S550,2026-05,0.493,google_trends,2026-08-29T19:23:31Z
Ford,Mustang S550,2026-06,0.0,google_trends,2026-08-29T19:23:31Z
Ford,Mustang S550,2026-07,0.0,google_trends,2026-08-29T19:23:31Z
Ford,Pickup 1935-1936,2025-08,13.8087,google_trends,2026-08-29T19:23:31Z
Ford,Pickup 1935-1936,2025-09,11.0963,google_trends,2026-08-29T19:23:31Z
Ford,Pickup 1935-1936,2025-10,12.021,google_trends,2026-08-29T19:23:31Z
Ford,Pickup 1935-1936,2025-11,12.3292,google_trends,2026-08-29T19:23:31Z
Ford,Pickup 1935-1936,2025-12,13.5621,google_trends,2026-08-29T19:23:31Z
Ford,Pickup 1935-1936,2026-01,13.5621,google_trends,2026-08-29T19:23:31Z
Ford,Pickup 1935-1936,2026-02,21.5761,google_trends,2026-08-29T19:23:31Z
Ford,Pickup 1935-1936,2026-03,18.2472,google_trends,2026-08-29T19:23:31Z
Ford,Pickup 1935-1936,2026-04,20.9596,google_trends,2026-08-29T19:23:31Z
Ford,Pickup 1935-1936,2026-05,19.4801,google_trends,2026-08-29T19:23:31Z
Ford,Pickup 1935-1936,2026-06,18.4938,google_trends,2026-08-29T19:23:31Z
Ford,Pickup 1935-1936,2026-07,17.5691,google_trends,2026-08-29T19:23:31Z
Ford,Pickup 1937-1939,2025-08,13.8051,google_trends,2026-08-29T19:23:31Z
Ford,Pickup 1937-1939,2025-09,11.0934,google_trends,2026-08-29T19:23:31Z
Ford,Pickup 1937-1939,2025-10,12.0179,google_trends,2026-08-29T19:23:31Z
Ford,Pickup 1937-1939,2025-11,12.326,google_trends,2026-08-29T19:23:31Z
Ford,Pickup 1937-1939,2025-12,13.5586,google_trends,2026-08-29T19:23:31Z
Ford,Pickup 1937-1939,2026-01,13.5586,google_trends,2026-08-29T19:23:31Z
Ford,Pickup 1937-1939,2026-02,21.5705,google_trends,2026-08-29T19:23:31Z
Ford,Pickup 1937-1939,2026-03,18.2425,google_trends,2026-08-29T19:23:31Z
Ford,Pickup 1937-1939,2026-04,20.9542,google_trends,2026-08-29T19:23:31Z
Ford,Pickup 1937-1939,2026-05,19.4751,google_trends,2026-08-29T19:23:31Z
Ford,Pickup 1937-1939,2026-06,18.489,google_trends,2026-08-29T19:23:31Z
Ford,Pickup 1937-1939,2026-07,17.5646,google_trends,2026-08-29T19:23:31Z
Ford,Pickup 1940-1947,2025-08,13.8686,google_trends,2026-08-29T21:54:49Z
Ford,Pickup 1940-1947,2025-09,10.9489,google_trends,2026-08-29T21:54:49Z
Ford,Pickup 1940-1947,2025-10,11.5572,google_trends,2026-08-29T21:54:49Z
Ford,Pickup 1940-1947,2025-11,11.9221,google_trends,2026-08-29T21:54:49Z
Ford,Pickup 1940-1947,2025-12,13.0779,google_trends,2026-08-29T21:54:49Z
Ford,Pickup 1940-1947,2026-01,13.382,google_trends,2026-08-29T21:54:49Z
Ford,Pickup 1940-1947,2026-02,20.9854,google_trends,2026-08-29T21:54:49Z
Ford,Pickup 1940-1947,2026-03,18.4915,google_trends,2026-08-29T21:54:49Z
Ford,Pickup 1940-1947,2026-04,21.2895,google_trends,2026-08-29T21:54:49Z
Ford,Pickup 1940-1947,2026-05,19.708,google_trends,2026-08-29T21:54:49Z
Ford,Pickup 1940-1947,2026-06,18.2482,google_trends,2026-08-29T21:54:49Z
Ford,Pickup 1940-1947,2026-07,17.6399,google_trends,2026-08-29T21:54:49Z
Ford,Pinto,2025-08,2.4331,google_trends,2026-08-29T21:54:49Z
Ford,Pinto,2025-09,2.4331,google_trends,2026-08-29T21:54:49Z
Ford,Pinto,2025-10,5.7786,google_trends,2026-08-29T21:54:49Z
Ford,Pinto,2025-11,2.4331,google_trends,2026-08-29T21:54:49Z
Ford,Pinto,2025-12,2.4331,google_trends,2026-08-29T21:54:49Z
Ford,Pinto,2026-01,2.4331,google_trends,2026-08-29T21:54:49Z
Ford,Pinto,2026-02,2.4331,google_trends,2026-08-29T21:54:49Z
Ford,Pinto,2026-03,2.4331,google_trends,2026-08-29T21:54:49Z
Ford,Pinto,2026-04,2.4331,google_trends,2026-08-29T21:54:49Z
Ford,Pinto,2026-05,2.4331,google_trends,2026-08-29T21:54:49Z
Ford,Pinto,2026-06,2.4331,google_trends,2026-08-29T21:54:49Z
Ford,Pinto,2026-07,2.4331,google_trends,2026-08-29T21:54:49Z
Ford,Probe,2025-08,1.7634,google_trends,2026-08-29T19:23:31Z
Ford,Probe,2025-09,1.7634,google_trends,2026-08-29T19:23:31Z
Ford,Probe,2025-10,1.7634,google_trends,2026-08-29T19:23:31Z
Ford,Probe,2025-11,1.7634,google_trends,2026-08-29T19:23:31Z
Ford,Probe,2025-12,2.2043,google_trends,2026-08-29T19:23:31Z
Ford,Probe,2026-01,1.7634,google_trends,2026-08-29T19:23:31Z
Ford,Probe,2026-02,3.5268,google_trends,2026-08-29T19:23:31Z
Ford,Probe,2026-03,2.4688,google_trends,2026-08-29T19:23:31Z
Ford,Probe,2026-04,2.2043,google_trends,2026-08-29T19:23:31Z
Ford,Probe,2026-05,2.8215,google_trends,2026-08-29T19:23:31Z
Ford,Probe,2026-06,2.2043,google_trends,2026-08-29T19:23:31Z
Ford,Probe,2026-07,2.2043,google_trends,2026-08-29T19:23:31Z
Ford,Ranchero,2025-08,1.4791,google_trends,2026-08-29T19:23:31Z
Ford,Ranchero,2025-09,1.2326,google_trends,2026-08-29T19:23:31Z
Ford,Ranchero,2025-10,1.2326,google_trends,2026-08-29T19:23:31Z
Ford,Ranchero,2025-11,1.2326,google_trends,2026-08-29T19:23:31Z
Ford,Ranchero,2025-12,1.2326,google_trends,2026-08-29T19:23:31Z
Ford,Ranchero,2026-01,1.2326,google_trends,2026-08-29T19:23:31Z
Ford,Ranchero,2026-02,1.8489,google_trends,2026-08-29T19:23:31Z
Ford,Ranchero,2026-03,1.2326,google_trends,2026-08-29T19:23:31Z
Ford,Ranchero,2026-04,1.2326,google_trends,2026-08-29T19:23:31Z
Ford,Ranchero,2026-05,1.2326,google_trends,2026-08-29T19:23:31Z
Ford,Ranchero,2026-06,1.2326,google_trends,2026-08-29T19:23:31Z
Ford,Ranchero,2026-07,1.5408,google_trends,2026-08-29T19:23:31Z
Ford,Ranger 1983-1992,2025-08,141.3735,google_trends,2026-08-29T19:23:31Z
Ford,Ranger 1983-1992,2025-09,130.8851,google_trends,2026-08-29T19:23:31Z
Ford,Ranger 1983-1992,2025-10,129.563,google_trends,2026-08-29T19:23:31Z
Ford,Ranger 1983-1992,2025-11,136.7903,google_trends,2026-08-29T19:23:31Z
Ford,Ranger 1983-1992,2025-12,130.8851,google_trends,2026-08-29T19:23:31Z
Ford,Ranger 1983-1992,2026-01,144.5465,google_trends,2026-08-29T19:23:31Z
Ford,Ranger 1983-1992,2026-02,155.5637,google_trends,2026-08-29T19:23:31Z
Ford,Ranger 1983-1992,2026-03,162.5266,google_trends,2026-08-29T19:23:31Z
Ford,Ranger 1983-1992,2026-04,158.6485,google_trends,2026-08-29T19:23:31Z
Ford,Ranger 1983-1992,2026-05,158.296,google_trends,2026-08-29T19:23:31Z
Ford,Ranger 1983-1992,2026-06,150.7161,google_trends,2026-08-29T19:23:31Z
Ford,Ranger 1983-1992,2026-07,152.4789,google_trends,2026-08-29T19:23:31Z
Ford,Ranger 1993-1997,2025-08,141.3735,google_trends,2026-08-29T19:23:31Z
Ford,Ranger 1993-1997,2025-09,130.8851,google_trends,2026-08-29T19:23:31Z
Ford,Ranger 1993-1997,2025-10,129.563,google_trends,2026-08-29T19:23:31Z
Ford,Ranger 1993-1997,2025-11,136.7903,google_trends,2026-08-29T19:23:31Z
Ford,Ranger 1993-1997,2025-12,130.8851,google_trends,2026-08-29T19:23:31Z
Ford,Ranger 1993-1997,2026-01,144.5465,google_trends,2026-08-29T19:23:31Z
Ford,Ranger 1993-1997,2026-02,155.5637,google_trends,2026-08-29T19:23:31Z
Ford,Ranger 1993-1997,2026-03,162.5266,google_trends,2026-08-29T19:23:31Z
Ford,Ranger 1993-1997,2026-04,158.6485,google_trends,2026-08-29T19:23:31Z
Ford,Ranger 1993-1997,2026-05,158.296,google_trends,2026-08-29T19:23:31Z
Ford,Ranger 1993-1997,2026-06,150.7161,google_trends,2026-08-29T19:23:31Z
Ford,Ranger 1993-1997,2026-07,152.4789,google_trends,2026-08-29T19:23:31Z
Ford,Ranger 1998-2011,2025-08,141.3216,google_trends,2026-08-29T19:23:31Z
Ford,Ranger 1998-2011,2025-09,130.837,google_trends,2026-08-29T19:23:31Z
Ford,Ranger 1998-2011,2025-10,129.5154,google_trends,2026-08-29T19:23:31Z
Ford,Ranger 1998-2011,2025-11,136.7401,google_trends,2026-08-29T19:23:31Z
Ford,Ranger 1998-2011,2025-12,130.837,google_trends,2026-08-29T19:23:31Z
Ford,Ranger 1998-2011,2026-01,144.4934,google_trends,2026-08-29T19:23:31Z
Ford,Ranger 1998-2011,2026-02,155.5066,google_trends,2026-08-29T19:23:31Z
Ford,Ranger 1998-2011,2026-03,162.467,google_trends,2026-08-29T19:23:31Z
Ford,Ranger 1998-2011,2026-04,159.0308,google_trends,2026-08-29T19:23:31Z
Ford,Ranger 1998-2011,2026-05,158.2379,google_trends,2026-08-29T19:23:31Z
Ford,Ranger 1998-2011,2026-06,150.6608,google_trends,2026-08-29T19:23:31Z
Ford,Ranger 1998-2011,2026-07,152.4229,google_trends,2026-08-29T19:23:31Z
Ford,Ranger 2019-2023,2025-08,141.4254,google_trends,2026-08-29T19:23:31Z
Ford,Ranger 2019-2023,2025-09,130.9331,google_trends,2026-08-29T19:23:31Z
Ford,Ranger 2019-2023,2025-10,129.6106,google_trends,2026-08-29T19:23:31Z
Ford,Ranger 2019-2023,2025-11,136.8406,google_trends,2026-08-29T19:23:31Z
Ford,Ranger 2019-2023,2025-12,130.9331,google_trends,2026-08-29T19:23:31Z
Ford,Ranger 2019-2023,2026-01,144.5996,google_trends,2026-08-29T19:23:31Z
Ford,Ranger 2019-2023,2026-02,155.18,google_trends,2026-08-29T19:23:31Z
Ford,Ranger 2019-2023,2026-03,162.5863,google_trends,2026-08-29T19:23:31Z
Ford,Ranger 2019-2023,2026-04,158.7068,google_trends,2026-08-29T19:23:31Z
Ford,Ranger 2019-2023,2026-05,158.3542,google_trends,2026-08-29T19:23:31Z
Ford,Ranger 2019-2023,2026-06,150.7715,google_trends,2026-08-29T19:23:31Z
Ford,Ranger 2019-2023,2026-07,152.5349,google_trends,2026-08-29T19:23:31Z
Ford,Roush,2025-08,1.2326,google_trends,2026-08-29T19:23:31Z
Ford,Roush,2025-09,1.2326,google_trends,2026-08-29T19:23:31Z
Ford,Roush,2025-10,1.2326,google_trends,2026-08-29T19:23:31Z
Ford,Roush,2025-11,1.2326,google_trends,2026-08-29T19:23:31Z
Ford,Roush,2025-12,1.2326,google_trends,2026-08-29T19:23:31Z
Ford,Roush,2026-01,1.2326,google_trends,2026-08-29T19:23:31Z
Ford,Roush,2026-02,1.2326,google_trends,2026-08-29T19:23:31Z
Ford,Roush,2026-03,1.2326,google_trends,2026-08-29T19:23:31Z
Ford,Roush,2026-04,1.2326,google_trends,2026-08-29T19:23:31Z
Ford,Roush,2026-05,1.2326,google_trends,2026-08-29T19:23:31Z
Ford,Roush,2026-06,1.2326,google_trends,2026-08-29T19:23:31Z
Ford,Roush,2026-07,1.2326,google_trends,2026-08-29T19:23:31Z
Ford,SCORPIO,2025-08,1.2165,google_trends,2026-08-29T21:54:49Z
Ford,SCORPIO,2025-09,1.2165,google_trends,2026-08-29T21:54:49Z
Ford,SCORPIO,2025-10,1.2165,google_trends,2026-08-29T21:54:49Z
Ford,SCORPIO,2025-11,1.2165,google_trends,2026-08-29T21:54:49Z
Ford,SCORPIO,2025-12,1.2165,google_trends,2026-08-29T21:54:49Z
Ford,SCORPIO,2026-01,1.2165,google_trends,2026-08-29T21:54:49Z
Ford,SCORPIO,2026-02,1.2165,google_trends,2026-08-29T21:54:49Z
Ford,SCORPIO,2026-03,1.2165,google_trends,2026-08-29T21:54:49Z
Ford,SCORPIO,2026-04,1.2165,google_trends,2026-08-29T21:54:49Z
Ford,SCORPIO,2026-05,1.2165,google_trends,2026-08-29T21:54:49Z
Ford,SCORPIO,2026-06,1.2165,google_trends,2026-08-29T21:54:49Z
Ford,SCORPIO,2026-07,1.2165,google_trends,2026-08-29T21:54:49Z
Ford,SHELBY GT350,2025-08,0.2433,google_trends,2026-08-29T21:54:49Z
Ford,SHELBY GT350,2025-09,0.0,google_trends,2026-08-29T21:54:49Z
Ford,SHELBY GT350,2025-10,0.0,google_trends,2026-08-29T21:54:49Z
Ford,SHELBY GT350,2025-11,0.0,google_trends,2026-08-29T21:54:49Z
Ford,SHELBY GT350,2025-12,0.3041,google_trends,2026-08-29T21:54:49Z
Ford,SHELBY GT350,2026-01,0.0,google_trends,2026-08-29T21:54:49Z
Ford,SHELBY GT350,2026-02,0.0,google_trends,2026-08-29T21:54:49Z
Ford,SHELBY GT350,2026-03,0.4866,google_trends,2026-08-29T21:54:49Z
Ford,SHELBY GT350,2026-04,1.2165,google_trends,2026-08-29T21:54:49Z
Ford,SHELBY GT350,2026-05,0.4866,google_trends,2026-08-29T21:54:49Z
Ford,SHELBY GT350,2026-06,0.3041,google_trends,2026-08-29T21:54:49Z
Ford,SHELBY GT350,2026-07,0.0,google_trends,2026-08-29T21:54:49Z
Ford,SHELBY MUSTANG GT500,2025-08,2.4658,google_trends,2026-08-29T19:23:31Z
Ford,SHELBY MUSTANG GT500,2025-09,2.4658,google_trends,2026-08-29T19:23:31Z
Ford,SHELBY MUSTANG GT500,2025-10,2.1576,google_trends,2026-08-29T19:23:31Z
Ford,SHELBY MUSTANG GT500,2025-11,2.4658,google_trends,2026-08-29T19:23:31Z
Ford,SHELBY MUSTANG GT500,2025-12,2.4658,google_trends,2026-08-29T19:23:31Z
Ford,SHELBY MUSTANG GT500,2026-01,2.4658,google_trends,2026-08-29T19:23:31Z
Ford,SHELBY MUSTANG GT500,2026-02,2.4658,google_trends,2026-08-29T19:23:31Z
Ford,SHELBY MUSTANG GT500,2026-03,2.7124,google_trends,2026-08-29T19:23:31Z
Ford,SHELBY MUSTANG GT500,2026-04,3.6988,google_trends,2026-08-29T19:23:31Z
Ford,SHELBY MUSTANG GT500,2026-05,2.959,google_trends,2026-08-29T19:23:31Z
Ford,SHELBY MUSTANG GT500,2026-06,2.4658,google_trends,2026-08-29T19:23:31Z
Ford,SHELBY MUSTANG GT500,2026-07,2.1576,google_trends,2026-08-29T19:23:31Z
Ford,SHELBY SUPER SNAKE,2025-08,0.2433,google_trends,2026-08-29T21:54:49Z
Ford,SHELBY SUPER SNAKE,2025-09,0.0,google_trends,2026-08-29T21:54:49Z
Ford,SHELBY SUPER SNAKE,2025-10,0.0,google_trends,2026-08-29T21:54:49Z
Ford,SHELBY SUPER SNAKE,2025-11,0.0,google_trends,2026-08-29T21:54:49Z
Ford,SHELBY SUPER SNAKE,2025-12,0.0,google_trends,2026-08-29T21:54:49Z
Ford,SHELBY SUPER SNAKE,2026-01,0.0,google_trends,2026-08-29T21:54:49Z
Ford,SHELBY SUPER SNAKE,2026-02,0.0,google_trends,2026-08-29T21:54:49Z
Ford,SHELBY SUPER SNAKE,2026-03,0.0,google_trends,2026-08-29T21:54:49Z
Ford,SHELBY SUPER SNAKE,2026-04,0.0,google_trends,2026-08-29T21:54:49Z
Ford,SHELBY SUPER SNAKE,2026-05,0.0,google_trends,2026-08-29T21:54:49Z
Ford,SHELBY SUPER SNAKE,2026-06,0.0,google_trends,2026-08-29T21:54:49Z
Ford,SHELBY SUPER SNAKE,2026-07,0.0,google_trends,2026-08-29T21:54:49Z
Ford,Super Duty 1999-2007,2025-08,14.9444,google_trends,2026-08-29T21:54:49Z
Ford,Super Duty 1999-2007,2025-09,14.6775,google_trends,2026-08-29T21:54:49Z
Ford,Super Duty 1999-2007,2025-10,14.6775,google_trends,2026-08-29T21:54:49Z
Ford,Super Duty 1999-2007,2025-11,15.656,google_trends,2026-08-29T21:54:49Z
Ford,Super Duty 1999-2007,2025-12,15.1223,google_trends,2026-08-29T21:54:49Z
Ford,Super Duty 1999-2007,2026-01,15.5671,google_trends,2026-08-29T21:54:49Z
Ford,Super Duty 1999-2007,2026-02,40.4744,google_trends,2026-08-29T21:54:49Z
Ford,Super Duty 1999-2007,2026-03,20.2817,google_trends,2026-08-29T21:54:49Z
Ford,Super Duty 1999-2007,2026-04,26.6864,google_trends,2026-08-29T21:54:49Z
Ford,Super Duty 1999-2007,2026-05,25.619,google_trends,2026-08-29T21:54:49Z
Ford,Super Duty 1999-2007,2026-06,22.2387,google_trends,2026-08-29T21:54:49Z
Ford,Super Duty 1999-2007,2026-07,17.791,google_trends,2026-08-29T21:54:49Z
Ford,Super Duty 2008-2010,2025-08,15.399,google_trends,2026-08-29T19:23:31Z
Ford,Super Duty 2008-2010,2025-09,14.699,google_trends,2026-08-29T19:23:31Z
Ford,Super Duty 2008-2010,2025-10,13.9991,google_trends,2026-08-29T19:23:31Z
Ford,Super Duty 2008-2010,2025-11,15.679,google_trends,2026-08-29T19:23:31Z
Ford,Super Duty 2008-2010,2025-12,15.049,google_trends,2026-08-29T19:23:31Z
Ford,Super Duty 2008-2010,2026-01,15.049,google_trends,2026-08-29T19:23:31Z
Ford,Super Duty 2008-2010,2026-02,40.9473,google_trends,2026-08-29T19:23:31Z
Ford,Super Duty 2008-2010,2026-03,20.1587,google_trends,2026-08-29T19:23:31Z
Ford,Super Duty 2008-2010,2026-04,26.5982,google_trends,2026-08-29T19:23:31Z
Ford,Super Duty 2008-2010,2026-05,26.5982,google_trends,2026-08-29T19:23:31Z
Ford,Super Duty 2008-2010,2026-06,22.3985,google_trends,2026-08-29T19:23:31Z
Ford,Super Duty 2008-2010,2026-07,18.5488,google_trends,2026-08-29T19:23:31Z
Ford,Super Duty 2011-2016,2025-08,15.2843,google_trends,2026-08-29T19:23:31Z
Ford,Super Duty 2011-2016,2025-09,14.1749,google_trends,2026-08-29T19:23:31Z
Ford,Super Duty 2011-2016,2025-10,13.8668,google_trends,2026-08-29T19:23:31Z
Ford,Super Duty 2011-2016,2025-11,15.2843,google_trends,2026-08-29T19:23:31Z
Ford,Super Duty 2011-2016,2025-12,14.7912,google_trends,2026-08-29T19:23:31Z
Ford,Super Duty 2011-2016,2026-01,15.0994,google_trends,2026-08-29T19:23:31Z
Ford,Super Duty 2011-2016,2026-02,40.984,google_trends,2026-08-29T19:23:31Z
Ford,Super Duty 2011-2016,2026-03,19.9682,google_trends,2026-08-29T19:23:31Z
Ford,Super Duty 2011-2016,2026-04,26.8091,google_trends,2026-08-29T19:23:31Z
Ford,Super Duty 2011-2016,2026-05,26.3777,google_trends,2026-08-29T19:23:31Z
Ford,Super Duty 2011-2016,2026-06,22.1868,google_trends,2026-08-29T19:23:31Z
Ford,Super Duty 2011-2016,2026-07,18.489,google_trends,2026-08-29T19:23:31Z
Ford,Super Duty 2017-2022,2025-08,15.2843,google_trends,2026-08-29T19:23:31Z
Ford,Super Duty 2017-2022,2025-09,14.1749,google_trends,2026-08-29T19:23:31Z
Ford,Super Duty 2017-2022,2025-10,13.8668,google_trends,2026-08-29T19:23:31Z
Ford,Super Duty 2017-2022,2025-11,15.2843,google_trends,2026-08-29T19:23:31Z
Ford,Super Duty 2017-2022,2025-12,14.7912,google_trends,2026-08-29T19:23:31Z
Ford,Super Duty 2017-2022,2026-01,15.0994,google_trends,2026-08-29T19:23:31Z
Ford,Super Duty 2017-2022,2026-02,40.984,google_trends,2026-08-29T19:23:31Z
Ford,Super Duty 2017-2022,2026-03,19.9682,google_trends,2026-08-29T19:23:31Z
Ford,Super Duty 2017-2022,2026-04,26.8091,google_trends,2026-08-29T19:23:31Z
Ford,Super Duty 2017-2022,2026-05,26.3777,google_trends,2026-08-29T19:23:31Z
Ford,Super Duty 2017-2022,2026-06,22.1868,google_trends,2026-08-29T19:23:31Z
Ford,Super Duty 2017-2022,2026-07,18.489,google_trends,2026-08-29T19:23:31Z
Ford,T,2025-08,12.326,google_trends,2026-08-29T19:23:31Z
Ford,T,2025-09,11.0934,google_trends,2026-08-29T19:23:31Z
Ford,T,2025-10,10.7853,google_trends,2026-08-29T19:23:31Z
Ford,T,2025-11,11.3399,google_trends,2026-08-29T19:23:31Z
Ford,T,2025-12,10.169,google_trends,2026-08-29T19:23:31Z
Ford,T,2026-01,10.7853,google_trends,2026-08-29T19:23:31Z
Ford,T,2026-02,25.2683,google_trends,2026-08-29T19:23:31Z
Ford,T,2026-03,15.5308,google_trends,2026-08-29T19:23:31Z
Ford,T,2026-04,17.2564,google_trends,2026-08-29T19:23:31Z
Ford,T,2026-05,17.2564,google_trends,2026-08-29T19:23:31Z
Ford,T,2026-06,16.0238,google_trends,2026-08-29T19:23:31Z
Ford,T,2026-07,13.5586,google_trends,2026-08-29T19:23:31Z
Ford,TEMPO,2025-08,2.4331,google_trends,2026-08-29T21:54:49Z
Ford,TEMPO,2025-09,2.4331,google_trends,2026-08-29T21:54:49Z
Ford,TEMPO,2025-10,2.129,google_trends,2026-08-29T21:54:49Z
Ford,TEMPO,2025-11,2.4331,google_trends,2026-08-29T21:54:49Z
Ford,TEMPO,2025-12,2.4331,google_trends,2026-08-29T21:54:49Z
Ford,TEMPO,2026-01,2.4331,google_trends,2026-08-29T21:54:49Z
Ford,TEMPO,2026-02,3.3455,google_trends,2026-08-29T21:54:49Z
Ford,TEMPO,2026-03,2.4331,google_trends,2026-08-29T21:54:49Z
Ford,TEMPO,2026-04,2.4331,google_trends,2026-08-29T21:54:49Z
Ford,TEMPO,2026-05,2.4331,google_trends,2026-08-29T21:54:49Z
Ford,TEMPO,2026-06,2.4331,google_trends,2026-08-29T21:54:49Z
Ford,TEMPO,2026-07,2.4331,google_trends,2026-08-29T21:54:49Z
Ford,Taurus SHO,2025-08,1.2326,google_trends,2026-08-29T19:23:31Z
Ford,Taurus SHO,2025-09,1.2326,google_trends,2026-08-29T19:23:31Z
Ford,Taurus SHO,2025-10,1.2326,google_trends,2026-08-29T19:23:31Z
Ford,Taurus SHO,2025-11,1.2326,google_trends,2026-08-29T19:23:31Z
Ford,Taurus SHO,2025-12,1.2326,google_trends,2026-08-29T19:23:31Z
Ford,Taurus SHO,2026-01,1.2326,google_trends,2026-08-29T19:23:31Z
Ford,Taurus SHO,2026-02,1.2326,google_trends,2026-08-29T19:23:31Z
Ford,Taurus SHO,2026-03,1.4791,google_trends,2026-08-29T19:23:31Z
Ford,Taurus SHO,2026-04,2.1571,google_trends,2026-08-29T19:23:31Z
Ford,Taurus SHO,2026-05,1.2326,google_trends,2026-08-29T19:23:31Z
Ford,Taurus SHO,2026-06,1.2326,google_trends,2026-08-29T19:23:31Z
Ford,Taurus SHO,2026-07,1.2326,google_trends,2026-08-29T19:23:31Z
Ford,Thunderbird,2025-08,4.2438,google_trends,2026-08-29T21:54:49Z
Ford,Thunderbird,2025-09,4.2438,google_trends,2026-08-29T21:54:49Z
Ford,Thunderbird,2025-10,4.2438,google_trends,2026-08-29T21:54:49Z
Ford,Thunderbird,2025-11,3.395,google_trends,2026-08-29T21:54:49Z
Ford,Thunderbird,2025-12,3.5365,google_trends,2026-08-29T21:54:49Z
Ford,Thunderbird,2026-01,3.5365,google_trends,2026-08-29T21:54:49Z
Ford,Thunderbird,2026-02,8.1339,google_trends,2026-08-29T21:54:49Z
Ford,Thunderbird,2026-03,4.2438,google_trends,2026-08-29T21:54:49Z
Ford,Thunderbird,2026-04,4.5974,google_trends,2026-08-29T21:54:49Z
Ford,Thunderbird,2026-05,4.5267,google_trends,2026-08-29T21:54:49Z
Ford,Thunderbird,2026-06,4.2438,google_trends,2026-08-29T21:54:49Z
Ford,Thunderbird,2026-07,4.2438,google_trends,2026-08-29T21:54:49Z
Ford,Torino,2025-08,2.4652,google_trends,2026-08-29T19:23:31Z
Ford,Torino,2025-09,2.4652,google_trends,2026-08-29T19:23:31Z
Ford,Torino,2025-10,2.4652,google_trends,2026-08-29T19:23:31Z
Ford,Torino,2025-11,2.4652,google_trends,2026-08-29T19:23:31Z
Ford,Torino,2025-12,2.4652,google_trends,2026-08-29T19:23:31Z
Ford,Torino,2026-01,2.4652,google_trends,2026-08-29T19:23:31Z
Ford,Torino,2026-02,3.6978,google_trends,2026-08-29T19:23:31Z
Ford,Torino,2026-03,2.4652,google_trends,2026-08-29T19:23:31Z
Ford,Torino,2026-04,2.4652,google_trends,2026-08-29T19:23:31Z
Ford,Torino,2026-05,2.4652,google_trends,2026-08-29T19:23:31Z
Ford,Torino,2026-06,2.4652,google_trends,2026-08-29T19:23:31Z
Ford,Torino,2026-07,2.4652,google_trends,2026-08-29T19:23:31Z
Ford,Tractor,2025-08,8.6282,google_trends,2026-08-29T19:23:31Z
Ford,Tractor,2025-09,7.7038,google_trends,2026-08-29T19:23:31Z
Ford,Tractor,2025-10,7.7038,google_trends,2026-08-29T19:23:31Z
Ford,Tractor,2025-11,6.6561,google_trends,2026-08-29T19:23:31Z
Ford,Tractor,2025-12,6.163,google_trends,2026-08-29T19:23:31Z
Ford,Tractor,2026-01,6.163,google_trends,2026-08-29T19:23:31Z
Ford,Tractor,2026-02,8.6282,google_trends,2026-08-29T19:23:31Z
Ford,Tractor,2026-03,8.6282,google_trends,2026-08-29T19:23:31Z
Ford,Tractor,2026-04,10.7853,google_trends,2026-08-29T19:23:31Z
Ford,Tractor,2026-05,10.6004,google_trends,2026-08-29T19:23:31Z
Ford,Tractor,2026-06,10.169,google_trends,2026-08-29T19:23:31Z
Ford,Tractor,2026-07,9.2445,google_trends,2026-08-29T19:23:31Z
Ford,Transit,2025-08,111.3177,google_trends,2026-08-29T19:23:31Z
Ford,Transit,2025-09,106.1238,google_trends,2026-08-29T19:23:31Z
Ford,Transit,2025-10,103.2382,google_trends,2026-08-29T19:23:31Z
Ford,Transit,2025-11,105.1619,google_trends,2026-08-29T19:23:31Z
Ford,Transit,2025-12,89.7724,google_trends,2026-08-29T19:23:31Z
Ford,Transit,2026-01,109.9711,google_trends,2026-08-29T19:23:31Z
Ford,Transit,2026-02,121.1927,google_trends,2026-08-29T19:23:31Z
Ford,Transit,2026-03,123.1164,google_trends,2026-08-29T19:23:31Z
Ford,Transit,2026-04,116.0628,google_trends,2026-08-29T19:23:31Z
Ford,Transit,2026-05,117.2171,google_trends,2026-08-29T19:23:31Z
Ford,Transit,2026-06,117.9865,google_trends,2026-08-29T19:23:31Z
Ford,Transit,2026-07,114.7804,google_trends,2026-08-29T19:23:31Z
Ford,WINDSTAR,2025-08,1.2165,google_trends,2026-08-29T21:54:49Z
Ford,WINDSTAR,2025-09,1.2165,google_trends,2026-08-29T21:54:49Z
Ford,WINDSTAR,2025-10,1.2165,google_trends,2026-08-29T21:54:49Z
Ford,WINDSTAR,2025-11,1.2165,google_trends,2026-08-29T21:54:49Z
Ford,WINDSTAR,2025-12,1.2165,google_trends,2026-08-29T21:54:49Z
Ford,WINDSTAR,2026-01,1.2165,google_trends,2026-08-29T21:54:49Z
Ford,WINDSTAR,2026-02,2.4331,google_trends,2026-08-29T21:54:49Z
Ford,WINDSTAR,2026-03,1.2165,google_trends,2026-08-29T21:54:49Z
Ford,WINDSTAR,2026-04,1.2165,google_trends,2026-08-29T21:54:49Z
Ford,WINDSTAR,2026-05,1.2165,google_trends,2026-08-29T21:54:49Z
Ford,WINDSTAR,2026-06,1.2165,google_trends,2026-08-29T21:54:49Z
Ford,WINDSTAR,2026-07,1.2165,google_trends,2026-08-29T21:54:49Z
Freightliner,FREIGHTLINER SPRINTER,2025-08,0.0,google_trends,2026-08-29T21:54:49Z
Freightliner,FREIGHTLINER SPRINTER,2025-09,0.0,google_trends,2026-08-29T21:54:49Z
Freightliner,FREIGHTLINER SPRINTER,2025-10,0.0,google_trends,2026-08-29T21:54:49Z
Freightliner,FREIGHTLINER SPRINTER,2025-11,0.0,google_trends,2026-08-29T21:54:49Z
Freightliner,FREIGHTLINER SPRINTER,2025-12,0.0,google_trends,2026-08-29T21:54:49Z
Freightliner,FREIGHTLINER SPRINTER,2026-01,0.0,google_trends,2026-08-29T21:54:49Z
Freightliner,FREIGHTLINER SPRINTER,2026-02,1.2165,google_trends,2026-08-29T21:54:49Z
Freightliner,FREIGHTLINER SPRINTER,2026-03,0.0,google_trends,2026-08-29T21:54:49Z
Freightliner,FREIGHTLINER SPRINTER,2026-04,0.3041,google_trends,2026-08-29T21:54:49Z
Freightliner,FREIGHTLINER SPRINTER,2026-05,0.0,google_trends,2026-08-29T21:54:49Z
Freightliner,FREIGHTLINER SPRINTER,2026-06,0.0,google_trends,2026-08-29T21:54:49Z
Freightliner,FREIGHTLINER SPRINTER,2026-07,0.0,google_trends,2026-08-29T21:54:49Z
Freightliner,Freightliner M2,2025-08,3.6496,google_trends,2026-08-29T21:54:49Z
Freightliner,Freightliner M2,2025-09,3.6496,google_trends,2026-08-29T21:54:49Z
Freightliner,Freightliner M2,2025-10,3.0414,google_trends,2026-08-29T21:54:49Z
Freightliner,Freightliner M2,2025-11,3.4063,google_trends,2026-08-29T21:54:49Z
Freightliner,Freightliner M2,2025-12,3.0414,google_trends,2026-08-29T21:54:49Z
Freightliner,Freightliner M2,2026-01,3.3455,google_trends,2026-08-29T21:54:49Z
Freightliner,Freightliner M2,2026-02,3.9538,google_trends,2026-08-29T21:54:49Z
Freightliner,Freightliner M2,2026-03,3.8929,google_trends,2026-08-29T21:54:49Z
Freightliner,Freightliner M2,2026-04,4.2579,google_trends,2026-08-29T21:54:49Z
Freightliner,Freightliner M2,2026-05,3.8929,google_trends,2026-08-29T21:54:49Z
Freightliner,Freightliner M2,2026-06,3.6496,google_trends,2026-08-29T21:54:49Z
Freightliner,Freightliner M2,2026-07,3.9538,google_trends,2026-08-29T21:54:49Z
GMC,GMC,2025-08,422.7194,google_trends,2026-08-29T21:54:49Z
GMC,GMC,2025-09,385.5422,google_trends,2026-08-29T21:54:49Z
GMC,GMC,2025-10,370.0516,google_trends,2026-08-29T21:54:49Z
GMC,GMC,2025-11,375.9036,google_trends,2026-08-29T21:54:49Z
GMC,GMC,2025-12,388.9845,google_trends,2026-08-29T21:54:49Z
GMC,GMC,2026-01,388.9845,google_trends,2026-08-29T21:54:49Z
GMC,GMC,2026-02,571.4286,google_trends,2026-08-29T21:54:49Z
GMC,GMC,2026-03,451.6351,google_trends,2026-08-29T21:54:49Z
GMC,GMC,2026-04,473.3219,google_trends,2026-08-29T21:54:49Z
GMC,GMC,2026-05,451.6351,google_trends,2026-08-29T21:54:49Z
GMC,GMC,2026-06,447.5043,google_trends,2026-08-29T21:54:49Z
GMC,GMC,2026-07,469.8795,google_trends,2026-08-29T21:54:49Z
GMC,GMC C/K 1960-1966,2025-08,0.0,google_trends,2026-08-29T21:54:49Z
GMC,GMC C/K 1960-1966,2025-09,0.0,google_trends,2026-08-29T21:54:49Z
GMC,GMC C/K 1960-1966,2025-10,0.0,google_trends,2026-08-29T21:54:49Z
GMC,GMC C/K 1960-1966,2025-11,0.0,google_trends,2026-08-29T21:54:49Z
GMC,GMC C/K 1960-1966,2025-12,0.0,google_trends,2026-08-29T21:54:49Z
GMC,GMC C/K 1960-1966,2026-01,0.0,google_trends,2026-08-29T21:54:49Z
GMC,GMC C/K 1960-1966,2026-02,0.9124,google_trends,2026-08-29T21:54:49Z
GMC,GMC C/K 1960-1966,2026-03,0.0,google_trends,2026-08-29T21:54:49Z
GMC,GMC C/K 1960-1966,2026-04,0.0,google_trends,2026-08-29T21:54:49Z
GMC,GMC C/K 1960-1966,2026-05,0.0,google_trends,2026-08-29T21:54:49Z
GMC,GMC C/K 1960-1966,2026-06,0.0,google_trends,2026-08-29T21:54:49Z
GMC,GMC C/K 1960-1966,2026-07,0.0,google_trends,2026-08-29T21:54:49Z
GMC,GMC C/K 1967-1972,2025-08,0.0,google_trends,2026-08-29T21:54:49Z
GMC,GMC C/K 1967-1972,2025-09,0.0,google_trends,2026-08-29T21:54:49Z
GMC,GMC C/K 1967-1972,2025-10,0.0,google_trends,2026-08-29T21:54:49Z
GMC,GMC C/K 1967-1972,2025-11,0.0,google_trends,2026-08-29T21:54:49Z
GMC,GMC C/K 1967-1972,2025-12,0.0,google_trends,2026-08-29T21:54:49Z
GMC,GMC C/K 1967-1972,2026-01,0.0,google_trends,2026-08-29T21:54:49Z
GMC,GMC C/K 1967-1972,2026-02,0.9124,google_trends,2026-08-29T21:54:49Z
GMC,GMC C/K 1967-1972,2026-03,0.0,google_trends,2026-08-29T21:54:49Z
GMC,GMC C/K 1967-1972,2026-04,0.0,google_trends,2026-08-29T21:54:49Z
GMC,GMC C/K 1967-1972,2026-05,0.0,google_trends,2026-08-29T21:54:49Z
GMC,GMC C/K 1967-1972,2026-06,0.0,google_trends,2026-08-29T21:54:49Z
GMC,GMC C/K 1967-1972,2026-07,0.0,google_trends,2026-08-29T21:54:49Z
GMC,GMC C/K 1973-1991,2025-08,0.0,google_trends,2026-08-29T21:54:49Z
GMC,GMC C/K 1973-1991,2025-09,0.0,google_trends,2026-08-29T21:54:49Z
GMC,GMC C/K 1973-1991,2025-10,0.0,google_trends,2026-08-29T21:54:49Z
GMC,GMC C/K 1973-1991,2025-11,0.0,google_trends,2026-08-29T21:54:49Z
GMC,GMC C/K 1973-1991,2025-12,0.0,google_trends,2026-08-29T21:54:49Z
GMC,GMC C/K 1973-1991,2026-01,0.0,google_trends,2026-08-29T21:54:49Z
GMC,GMC C/K 1973-1991,2026-02,0.9124,google_trends,2026-08-29T21:54:49Z
GMC,GMC C/K 1973-1991,2026-03,0.0,google_trends,2026-08-29T21:54:49Z
GMC,GMC C/K 1973-1991,2026-04,0.0,google_trends,2026-08-29T21:54:49Z
GMC,GMC C/K 1973-1991,2026-05,0.0,google_trends,2026-08-29T21:54:49Z
GMC,GMC C/K 1973-1991,2026-06,0.0,google_trends,2026-08-29T21:54:49Z
GMC,GMC C/K 1973-1991,2026-07,0.0,google_trends,2026-08-29T21:54:49Z
GMC,GMC Caballero,2025-08,0.0,google_trends,2026-08-29T19:23:31Z
GMC,GMC Caballero,2025-09,0.0,google_trends,2026-08-29T19:23:31Z
GMC,GMC Caballero,2025-10,0.0,google_trends,2026-08-29T19:23:31Z
GMC,GMC Caballero,2025-11,0.0,google_trends,2026-08-29T19:23:31Z
GMC,GMC Caballero,2025-12,0.0,google_trends,2026-08-29T19:23:31Z
GMC,GMC Caballero,2026-01,0.0,google_trends,2026-08-29T19:23:31Z
GMC,GMC Caballero,2026-02,0.9247,google_trends,2026-08-29T19:23:31Z
GMC,GMC Caballero,2026-03,0.0,google_trends,2026-08-29T19:23:31Z
GMC,GMC Caballero,2026-04,0.0,google_trends,2026-08-29T19:23:31Z
GMC,GMC Caballero,2026-05,0.0,google_trends,2026-08-29T19:23:31Z
GMC,GMC Caballero,2026-06,0.0,google_trends,2026-08-29T19:23:31Z
GMC,GMC Caballero,2026-07,0.0,google_trends,2026-08-29T19:23:31Z
GMC,GMC Canyon,2025-08,13.8051,google_trends,2026-08-29T19:23:31Z
GMC,GMC Canyon,2025-09,12.9423,google_trends,2026-08-29T19:23:31Z
GMC,GMC Canyon,2025-10,12.6342,google_trends,2026-08-29T19:23:31Z
GMC,GMC Canyon,2025-11,12.326,google_trends,2026-08-29T19:23:31Z
GMC,GMC Canyon,2025-12,12.0179,google_trends,2026-08-29T19:23:31Z
GMC,GMC Canyon,2026-01,12.9423,google_trends,2026-08-29T19:23:31Z
GMC,GMC Canyon,2026-02,16.332,google_trends,2026-08-29T19:23:31Z
GMC,GMC Canyon,2026-03,14.5447,google_trends,2026-08-29T19:23:31Z
GMC,GMC Canyon,2026-04,15.7157,google_trends,2026-08-29T19:23:31Z
GMC,GMC Canyon,2026-05,15.0377,google_trends,2026-08-29T19:23:31Z
GMC,GMC Canyon,2026-06,15.0994,google_trends,2026-08-29T19:23:31Z
GMC,GMC Canyon,2026-07,14.4831,google_trends,2026-08-29T19:23:31Z
GMC,GMC ENVOY,2025-08,3.6988,google_trends,2026-08-29T19:23:31Z
GMC,GMC ENVOY,2025-09,3.6988,google_trends,2026-08-29T19:23:31Z
GMC,GMC ENVOY,2025-10,3.3905,google_trends,2026-08-29T19:23:31Z
GMC,GMC ENVOY,2025-11,3.4522,google_trends,2026-08-29T19:23:31Z
GMC,GMC ENVOY,2025-12,2.7741,google_trends,2026-08-29T19:23:31Z
GMC,GMC ENVOY,2026-01,3.0823,google_trends,2026-08-29T19:23:31Z
GMC,GMC ENVOY,2026-02,6.4728,google_trends,2026-08-29T19:23:31Z
GMC,GMC ENVOY,2026-03,3.9453,google_trends,2026-08-29T19:23:31Z
GMC,GMC ENVOY,2026-04,4.6234,google_trends,2026-08-29T19:23:31Z
GMC,GMC ENVOY,2026-05,3.9453,google_trends,2026-08-29T19:23:31Z
GMC,GMC ENVOY,2026-06,3.6988,google_trends,2026-08-29T19:23:31Z
GMC,GMC ENVOY,2026-07,3.6988,google_trends,2026-08-29T19:23:31Z
GMC,GMC Hummer EV,2025-08,2.4658,google_trends,2026-08-29T19:23:31Z
GMC,GMC Hummer EV,2025-09,2.4658,google_trends,2026-08-29T19:23:31Z
GMC,GMC Hummer EV,2025-10,2.4658,google_trends,2026-08-29T19:23:31Z
GMC,GMC Hummer EV,2025-11,1.7261,google_trends,2026-08-29T19:23:31Z
GMC,GMC Hummer EV,2025-12,1.2329,google_trends,2026-08-29T19:23:31Z
GMC,GMC Hummer EV,2026-01,1.2329,google_trends,2026-08-29T19:23:31Z
GMC,GMC Hummer EV,2026-02,2.1576,google_trends,2026-08-29T19:23:31Z
GMC,GMC Hummer EV,2026-03,2.4658,google_trends,2026-08-29T19:23:31Z
GMC,GMC Hummer EV,2026-04,2.4658,google_trends,2026-08-29T19:23:31Z
GMC,GMC Hummer EV,2026-05,2.4658,google_trends,2026-08-29T19:23:31Z
GMC,GMC Hummer EV,2026-06,2.7741,google_trends,2026-08-29T19:23:31Z
GMC,GMC Hummer EV,2026-07,2.4658,google_trends,2026-08-29T19:23:31Z
GMC,GMC Jimmy,2025-08,1.7594,google_trends,2026-08-29T19:23:31Z
GMC,GMC Jimmy,2025-09,1.7594,google_trends,2026-08-29T19:23:31Z
GMC,GMC Jimmy,2025-10,1.7594,google_trends,2026-08-29T19:23:31Z
GMC,GMC Jimmy,2025-11,1.7594,google_trends,2026-08-29T19:23:31Z
GMC,GMC Jimmy,2025-12,1.7594,google_trends,2026-08-29T19:23:31Z
GMC,GMC Jimmy,2026-01,1.7594,google_trends,2026-08-29T19:23:31Z
GMC,GMC Jimmy,2026-02,4.3985,google_trends,2026-08-29T19:23:31Z
GMC,GMC Jimmy,2026-03,1.7594,google_trends,2026-08-29T19:23:31Z
GMC,GMC Jimmy,2026-04,4.3985,google_trends,2026-08-29T19:23:31Z
GMC,GMC Jimmy,2026-05,3.5188,google_trends,2026-08-29T19:23:31Z
GMC,GMC Jimmy,2026-06,2.1993,google_trends,2026-08-29T19:23:31Z
GMC,GMC Jimmy,2026-07,1.7594,google_trends,2026-08-29T19:23:31Z
GMC,GMC Sonoma,2025-08,2.4658,google_trends,2026-08-29T19:23:31Z
GMC,GMC Sonoma,2025-09,1.5411,google_trends,2026-08-29T19:23:31Z
GMC,GMC Sonoma,2025-10,2.1576,google_trends,2026-08-29T19:23:31Z
GMC,GMC Sonoma,2025-11,1.9727,google_trends,2026-08-29T19:23:31Z
GMC,GMC Sonoma,2025-12,1.8494,google_trends,2026-08-29T19:23:31Z
GMC,GMC Sonoma,2026-01,2.1576,google_trends,2026-08-29T19:23:31Z
GMC,GMC Sonoma,2026-02,4.3152,google_trends,2026-08-29T19:23:31Z
GMC,GMC Sonoma,2026-03,2.4658,google_trends,2026-08-29T19:23:31Z
GMC,GMC Sonoma,2026-04,2.4658,google_trends,2026-08-29T19:23:31Z
GMC,GMC Sonoma,2026-05,2.4658,google_trends,2026-08-29T19:23:31Z
GMC,GMC Sonoma,2026-06,2.4658,google_trends,2026-08-29T19:23:31Z
GMC,GMC Sonoma,2026-07,2.4658,google_trends,2026-08-29T19:23:31Z
GMC,GMC Suburban,2025-08,2.4679,google_trends,2026-08-29T19:23:31Z
GMC,GMC Suburban,2025-09,1.7628,google_trends,2026-08-29T19:23:31Z
GMC,GMC Suburban,2025-10,1.7628,google_trends,2026-08-29T19:23:31Z
GMC,GMC Suburban,2025-11,2.1153,google_trends,2026-08-29T19:23:31Z
GMC,GMC Suburban,2025-12,1.7628,google_trends,2026-08-29T19:23:31Z
GMC,GMC Suburban,2026-01,1.7628,google_trends,2026-08-29T19:23:31Z
GMC,GMC Suburban,2026-02,15.4242,google_trends,2026-08-29T19:23:31Z
GMC,GMC Suburban,2026-03,2.4679,google_trends,2026-08-29T19:23:31Z
GMC,GMC Suburban,2026-04,3.5255,google_trends,2026-08-29T19:23:31Z
GMC,GMC Suburban,2026-05,3.5255,google_trends,2026-08-29T19:23:31Z
GMC,GMC Suburban,2026-06,3.5255,google_trends,2026-08-29T19:23:31Z
GMC,GMC Suburban,2026-07,2.6441,google_trends,2026-08-29T19:23:31Z
GMC,GMC Syclone,2025-08,0.2465,google_trends,2026-08-29T19:23:31Z
GMC,GMC Syclone,2025-09,0.0,google_trends,2026-08-29T19:23:31Z
GMC,GMC Syclone,2025-10,0.0,google_trends,2026-08-29T19:23:31Z
GMC,GMC Syclone,2025-11,0.493,google_trends,2026-08-29T19:23:31Z
GMC,GMC Syclone,2025-12,0.6163,google_trends,2026-08-29T19:23:31Z
GMC,GMC Syclone,2026-01,0.3082,google_trends,2026-08-29T19:23:31Z
GMC,GMC Syclone,2026-02,0.9245,google_trends,2026-08-29T19:23:31Z
GMC,GMC Syclone,2026-03,0.493,google_trends,2026-08-29T19:23:31Z
GMC,GMC Syclone,2026-04,0.3082,google_trends,2026-08-29T19:23:31Z
GMC,GMC Syclone,2026-05,0.7396,google_trends,2026-08-29T19:23:31Z
GMC,GMC Syclone,2026-06,0.6163,google_trends,2026-08-29T19:23:31Z
GMC,GMC Syclone,2026-07,0.0,google_trends,2026-08-29T19:23:31Z
GMC,GMC Typhoon,2025-08,0.2465,google_trends,2026-08-29T19:23:31Z
GMC,GMC Typhoon,2025-09,0.3082,google_trends,2026-08-29T19:23:31Z
GMC,GMC Typhoon,2025-10,0.0,google_trends,2026-08-29T19:23:31Z
GMC,GMC Typhoon,2025-11,0.0,google_trends,2026-08-29T19:23:31Z
GMC,GMC Typhoon,2025-12,0.0,google_trends,2026-08-29T19:23:31Z
GMC,GMC Typhoon,2026-01,0.0,google_trends,2026-08-29T19:23:31Z
GMC,GMC Typhoon,2026-02,0.6163,google_trends,2026-08-29T19:23:31Z
GMC,GMC Typhoon,2026-03,0.0,google_trends,2026-08-29T19:23:31Z
GMC,GMC Typhoon,2026-04,0.0,google_trends,2026-08-29T19:23:31Z
GMC,GMC Typhoon,2026-05,0.2465,google_trends,2026-08-29T19:23:31Z
GMC,GMC Typhoon,2026-06,0.0,google_trends,2026-08-29T19:23:31Z
GMC,GMC Typhoon,2026-07,0.0,google_trends,2026-08-29T19:23:31Z
GMC,GMC Van,2025-08,4.1908,google_trends,2026-08-29T19:23:31Z
GMC,GMC Van,2025-09,3.6978,google_trends,2026-08-29T19:23:31Z
GMC,GMC Van,2025-10,3.6978,google_trends,2026-08-29T19:23:31Z
GMC,GMC Van,2025-11,3.6978,google_trends,2026-08-29T19:23:31Z
GMC,GMC Van,2025-12,3.3897,google_trends,2026-08-29T19:23:31Z
GMC,GMC Van,2026-01,4.3141,google_trends,2026-08-29T19:23:31Z
GMC,GMC Van,2026-02,7.7038,google_trends,2026-08-29T19:23:31Z
GMC,GMC Van,2026-03,4.4374,google_trends,2026-08-29T19:23:31Z
GMC,GMC Van,2026-04,4.9304,google_trends,2026-08-29T19:23:31Z
GMC,GMC Van,2026-05,4.9304,google_trends,2026-08-29T19:23:31Z
GMC,GMC Van,2026-06,4.3141,google_trends,2026-08-29T19:23:31Z
GMC,GMC Van,2026-07,4.3141,google_trends,2026-08-29T19:23:31Z
Gaz,GAZ,2025-08,169.3632,google_trends,2026-08-29T21:54:49Z
Gaz,GAZ,2025-09,175.5594,google_trends,2026-08-29T21:54:49Z
Gaz,GAZ,2025-10,182.4441,google_trends,2026-08-29T21:54:49Z
Gaz,GAZ,2025-11,190.0172,google_trends,2026-08-29T21:54:49Z
Gaz,GAZ,2025-12,173.8382,google_trends,2026-08-29T21:54:49Z
Gaz,GAZ,2026-01,192.7711,google_trends,2026-08-29T21:54:49Z
Gaz,GAZ,2026-02,175.5594,google_trends,2026-08-29T21:54:49Z
Gaz,GAZ,2026-03,199.6558,google_trends,2026-08-29T21:54:49Z
Gaz,GAZ,2026-04,189.3287,google_trends,2026-08-29T21:54:49Z
Gaz,GAZ,2026-05,176.2478,google_trends,2026-08-29T21:54:49Z
Gaz,GAZ,2026-06,172.117,google_trends,2026-08-29T21:54:49Z
Gaz,GAZ,2026-07,168.6747,google_trends,2026-08-29T21:54:49Z
Griffith,GRIFFITH 200,2025-08,0.0,google_trends,2026-08-29T21:54:49Z
Griffith,GRIFFITH 200,2025-09,0.0,google_trends,2026-08-29T21:54:49Z
Griffith,GRIFFITH 200,2025-10,0.0,google_trends,2026-08-29T21:54:49Z
Griffith,GRIFFITH 200,2025-11,0.0,google_trends,2026-08-29T21:54:49Z
Griffith,GRIFFITH 200,2025-12,0.0,google_trends,2026-08-29T21:54:49Z
Griffith,GRIFFITH 200,2026-01,0.3041,google_trends,2026-08-29T21:54:49Z
Griffith,GRIFFITH 200,2026-02,0.0,google_trends,2026-08-29T21:54:49Z
Griffith,GRIFFITH 200,2026-03,0.0,google_trends,2026-08-29T21:54:49Z
Griffith,GRIFFITH 200,2026-04,0.0,google_trends,2026-08-29T21:54:49Z
Griffith,GRIFFITH 200,2026-05,0.0,google_trends,2026-08-29T21:54:49Z
Griffith,GRIFFITH 200,2026-06,0.0,google_trends,2026-08-29T21:54:49Z
Griffith,GRIFFITH 200,2026-07,0.0,google_trends,2026-08-29T21:54:49Z
Harley-Davidson,HARLEY DAVIDSON,2025-08,3.6496,google_trends,2026-08-29T21:54:49Z
Harley-Davidson,HARLEY DAVIDSON,2025-09,3.0414,google_trends,2026-08-29T21:54:49Z
Harley-Davidson,HARLEY DAVIDSON,2025-10,2.4331,google_trends,2026-08-29T21:54:49Z
Harley-Davidson,HARLEY DAVIDSON,2025-11,2.4331,google_trends,2026-08-29T21:54:49Z
Harley-Davidson,HARLEY DAVIDSON,2025-12,2.4331,google_trends,2026-08-29T21:54:49Z
Harley-Davidson,HARLEY DAVIDSON,2026-01,2.4331,google_trends,2026-08-29T21:54:49Z
Harley-Davidson,HARLEY DAVIDSON,2026-02,2.4331,google_trends,2026-08-29T21:54:49Z
Harley-Davidson,HARLEY DAVIDSON,2026-03,2.9197,google_trends,2026-08-29T21:54:49Z
Harley-Davidson,HARLEY DAVIDSON,2026-04,3.0414,google_trends,2026-08-29T21:54:49Z
Harley-Davidson,HARLEY DAVIDSON,2026-05,2.9197,google_trends,2026-08-29T21:54:49Z
Harley-Davidson,HARLEY DAVIDSON,2026-06,2.4331,google_trends,2026-08-29T21:54:49Z
Harley-Davidson,HARLEY DAVIDSON,2026-07,2.4331,google_trends,2026-08-29T21:54:49Z
Harley-Davidson,Harley-Davidson CVO,2025-08,0.0,google_trends,2026-08-29T19:23:31Z
Harley-Davidson,Harley-Davidson CVO,2025-09,0.0,google_trends,2026-08-29T19:23:31Z
Harley-Davidson,Harley-Davidson CVO,2025-10,0.0,google_trends,2026-08-29T19:23:31Z
Harley-Davidson,Harley-Davidson CVO,2025-11,0.0,google_trends,2026-08-29T19:23:31Z
Harley-Davidson,Harley-Davidson CVO,2025-12,0.0,google_trends,2026-08-29T19:23:31Z
Harley-Davidson,Harley-Davidson CVO,2026-01,0.0,google_trends,2026-08-29T19:23:31Z
Harley-Davidson,Harley-Davidson CVO,2026-02,0.0,google_trends,2026-08-29T19:23:31Z
Harley-Davidson,Harley-Davidson CVO,2026-03,0.0,google_trends,2026-08-29T19:23:31Z
Harley-Davidson,Harley-Davidson CVO,2026-04,0.3082,google_trends,2026-08-29T19:23:31Z
Harley-Davidson,Harley-Davidson CVO,2026-05,0.9861,google_trends,2026-08-29T19:23:31Z
Harley-Davidson,Harley-Davidson CVO,2026-06,1.2326,google_trends,2026-08-29T19:23:31Z
Harley-Davidson,Harley-Davidson CVO,2026-07,0.6163,google_trends,2026-08-29T19:23:31Z
Harley-Davidson,Harley-Davidson Dyna,2025-08,0.0,google_trends,2026-08-29T19:23:31Z
Harley-Davidson,Harley-Davidson Dyna,2025-09,0.0,google_trends,2026-08-29T19:23:31Z
Harley-Davidson,Harley-Davidson Dyna,2025-10,0.0,google_trends,2026-08-29T19:23:31Z
Harley-Davidson,Harley-Davidson Dyna,2025-11,0.0,google_trends,2026-08-29T19:23:31Z
Harley-Davidson,Harley-Davidson Dyna,2025-12,0.0,google_trends,2026-08-29T19:23:31Z
Harley-Davidson,Harley-Davidson Dyna,2026-01,0.0,google_trends,2026-08-29T19:23:31Z
Harley-Davidson,Harley-Davidson Dyna,2026-02,0.3082,google_trends,2026-08-29T19:23:31Z
Harley-Davidson,Harley-Davidson Dyna,2026-03,0.2465,google_trends,2026-08-29T19:23:31Z
Harley-Davidson,Harley-Davidson Dyna,2026-04,1.2326,google_trends,2026-08-29T19:23:31Z
Harley-Davidson,Harley-Davidson Dyna,2026-05,1.2326,google_trends,2026-08-29T19:23:31Z
Harley-Davidson,Harley-Davidson Dyna,2026-06,1.2326,google_trends,2026-08-29T19:23:31Z
Harley-Davidson,Harley-Davidson Dyna,2026-07,0.6163,google_trends,2026-08-29T19:23:31Z
Harley-Davidson,Harley-Davidson Softail,2025-08,1.232,google_trends,2026-08-29T19:23:31Z
Harley-Davidson,Harley-Davidson Softail,2025-09,1.232,google_trends,2026-08-29T19:23:31Z
Harley-Davidson,Harley-Davidson Softail,2025-10,1.232,google_trends,2026-08-29T19:23:31Z
Harley-Davidson,Harley-Davidson Softail,2025-11,0.9856,google_trends,2026-08-29T19:23:31Z
Harley-Davidson,Harley-Davidson Softail,2025-12,1.232,google_trends,2026-08-29T19:23:31Z
Harley-Davidson,Harley-Davidson Softail,2026-01,1.232,google_trends,2026-08-29T19:23:31Z
Harley-Davidson,Harley-Davidson Softail,2026-02,1.232,google_trends,2026-08-29T19:23:31Z
Harley-Davidson,Harley-Davidson Softail,2026-03,1.232,google_trends,2026-08-29T19:23:31Z
Harley-Davidson,Harley-Davidson Softail,2026-04,1.848,google_trends,2026-08-29T19:23:31Z
Harley-Davidson,Harley-Davidson Softail,2026-05,1.7248,google_trends,2026-08-29T19:23:31Z
Harley-Davidson,Harley-Davidson Softail,2026-06,1.232,google_trends,2026-08-29T19:23:31Z
Harley-Davidson,Harley-Davidson Softail,2026-07,1.232,google_trends,2026-08-29T19:23:31Z
Harley-Davidson,Harley-Davidson Sportster,2025-08,1.2326,google_trends,2026-08-29T19:23:31Z
Harley-Davidson,Harley-Davidson Sportster,2025-09,1.2326,google_trends,2026-08-29T19:23:31Z
Harley-Davidson,Harley-Davidson Sportster,2025-10,1.2326,google_trends,2026-08-29T19:23:31Z
Harley-Davidson,Harley-Davidson Sportster,2025-11,1.2326,google_trends,2026-08-29T19:23:31Z
Harley-Davidson,Harley-Davidson Sportster,2025-12,1.2326,google_trends,2026-08-29T19:23:31Z
Harley-Davidson,Harley-Davidson Sportster,2026-01,1.2326,google_trends,2026-08-29T19:23:31Z
Harley-Davidson,Harley-Davidson Sportster,2026-02,1.2326,google_trends,2026-08-29T19:23:31Z
Harley-Davidson,Harley-Davidson Sportster,2026-03,1.4791,google_trends,2026-08-29T19:23:31Z
Harley-Davidson,Harley-Davidson Sportster,2026-04,2.4652,google_trends,2026-08-29T19:23:31Z
Harley-Davidson,Harley-Davidson Sportster,2026-05,2.7117,google_trends,2026-08-29T19:23:31Z
Harley-Davidson,Harley-Davidson Sportster,2026-06,2.1571,google_trends,2026-08-29T19:23:31Z
Harley-Davidson,Harley-Davidson Sportster,2026-07,1.2326,google_trends,2026-08-29T19:23:31Z
Harley-Davidson,Harley-Davidson Sprint,2025-08,0.0,google_trends,2026-08-29T19:23:31Z
Harley-Davidson,Harley-Davidson Sprint,2025-09,0.0,google_trends,2026-08-29T19:23:31Z
Harley-Davidson,Harley-Davidson Sprint,2025-10,0.0,google_trends,2026-08-29T19:23:31Z
Harley-Davidson,Harley-Davidson Sprint,2025-11,0.0,google_trends,2026-08-29T19:23:31Z
Harley-Davidson,Harley-Davidson Sprint,2025-12,0.0,google_trends,2026-08-29T19:23:31Z
Harley-Davidson,Harley-Davidson Sprint,2026-01,0.0,google_trends,2026-08-29T19:23:31Z
Harley-Davidson,Harley-Davidson Sprint,2026-02,0.0,google_trends,2026-08-29T19:23:31Z
Harley-Davidson,Harley-Davidson Sprint,2026-03,0.0,google_trends,2026-08-29T19:23:31Z
Harley-Davidson,Harley-Davidson Sprint,2026-04,0.0,google_trends,2026-08-29T19:23:31Z
Harley-Davidson,Harley-Davidson Sprint,2026-05,0.2466,google_trends,2026-08-29T19:23:31Z
Harley-Davidson,Harley-Davidson Sprint,2026-06,0.0,google_trends,2026-08-29T19:23:31Z
Harley-Davidson,Harley-Davidson Sprint,2026-07,0.0,google_trends,2026-08-29T19:23:31Z
Harley-Davidson,Harley-Davidson Touring,2025-08,0.0,google_trends,2026-08-29T19:23:31Z
Harley-Davidson,Harley-Davidson Touring,2025-09,0.0,google_trends,2026-08-29T19:23:31Z
Harley-Davidson,Harley-Davidson Touring,2025-10,0.0,google_trends,2026-08-29T19:23:31Z
Harley-Davidson,Harley-Davidson Touring,2025-11,0.0,google_trends,2026-08-29T19:23:31Z
Harley-Davidson,Harley-Davidson Touring,2025-12,0.0,google_trends,2026-08-29T19:23:31Z
Harley-Davidson,Harley-Davidson Touring,2026-01,0.0,google_trends,2026-08-29T19:23:31Z
Harley-Davidson,Harley-Davidson Touring,2026-02,0.0,google_trends,2026-08-29T19:23:31Z
Harley-Davidson,Harley-Davidson Touring,2026-03,0.4928,google_trends,2026-08-29T19:23:31Z
Harley-Davidson,Harley-Davidson Touring,2026-04,1.54,google_trends,2026-08-29T19:23:31Z
Harley-Davidson,Harley-Davidson Touring,2026-05,1.232,google_trends,2026-08-29T19:23:31Z
Harley-Davidson,Harley-Davidson Touring,2026-06,0.924,google_trends,2026-08-29T19:23:31Z
Harley-Davidson,Harley-Davidson Touring,2026-07,0.0,google_trends,2026-08-29T19:23:31Z
Honda,ATV,2025-08,4.9279,google_trends,2026-08-29T19:23:31Z
Honda,ATV,2025-09,4.0039,google_trends,2026-08-29T19:23:31Z
Honda,ATV,2025-10,3.6959,google_trends,2026-08-29T19:23:31Z
Honda,ATV,2025-11,4.1887,google_trends,2026-08-29T19:23:31Z
Honda,ATV,2025-12,4.3119,google_trends,2026-08-29T19:23:31Z
Honda,ATV,2026-01,4.0039,google_trends,2026-08-29T19:23:31Z
Honda,ATV,2026-02,6.1598,google_trends,2026-08-29T19:23:31Z
Honda,ATV,2026-03,5.6671,google_trends,2026-08-29T19:23:31Z
Honda,ATV,2026-04,7.3918,google_trends,2026-08-29T19:23:31Z
Honda,ATV,2026-05,6.4062,google_trends,2026-08-29T19:23:31Z
Honda,ATV,2026-06,5.8519,google_trends,2026-08-29T19:23:31Z
Honda,ATV,2026-07,4.9279,google_trends,2026-08-29T19:23:31Z
Honda,Accord,2025-08,171.0355,google_trends,2026-08-29T19:23:31Z
Honda,Accord,2025-09,155.583,google_trends,2026-08-29T19:23:31Z
Honda,Accord,2025-10,152.937,google_trends,2026-08-29T19:23:31Z
Honda,Accord,2025-11,154.1013,google_trends,2026-08-29T19:23:31Z
Honda,Accord,2025-12,150.8203,google_trends,2026-08-29T19:23:31Z
Honda,Accord,2026-01,152.937,google_trends,2026-08-29T19:23:31Z
Honda,Accord,2026-02,183.6303,google_trends,2026-08-29T19:23:31Z
Honda,Accord,2026-03,186.6996,google_trends,2026-08-29T19:23:31Z
Honda,Accord,2026-04,200.5645,google_trends,2026-08-29T19:23:31Z
Honda,Accord,2026-05,193.0499,google_trends,2026-08-29T19:23:31Z
Honda,Accord,2026-06,176.7507,google_trends,2026-08-29T19:23:31Z
Honda,Accord,2026-07,177.8091,google_trends,2026-08-29T19:23:31Z
Honda,Acty,2025-08,1.4784,google_trends,2026-08-29T19:23:31Z
Honda,Acty,2025-09,1.232,google_trends,2026-08-29T19:23:31Z
Honda,Acty,2025-10,1.232,google_trends,2026-08-29T19:23:31Z
Honda,Acty,2025-11,1.4784,google_trends,2026-08-29T19:23:31Z
Honda,Acty,2025-12,1.848,google_trends,2026-08-29T19:23:31Z
Honda,Acty,2026-01,2.1559,google_trends,2026-08-29T19:23:31Z
Honda,Acty,2026-02,2.4639,google_trends,2026-08-29T19:23:31Z
Honda,Acty,2026-03,2.2175,google_trends,2026-08-29T19:23:31Z
Honda,Acty,2026-04,2.4639,google_trends,2026-08-29T19:23:31Z
Honda,Acty,2026-05,3.2031,google_trends,2026-08-29T19:23:31Z
Honda,Acty,2026-06,2.4639,google_trends,2026-08-29T19:23:31Z
Honda,Acty,2026-07,4.0039,google_trends,2026-08-29T19:23:31Z
Honda,Africa Twin,2025-08,7.3975,google_trends,2026-08-29T19:23:31Z
Honda,Africa Twin,2025-09,6.4728,google_trends,2026-08-29T19:23:31Z
Honda,Africa Twin,2025-10,5.2399,google_trends,2026-08-29T19:23:31Z
Honda,Africa Twin,2025-11,4.9317,google_trends,2026-08-29T19:23:31Z
Honda,Africa Twin,2025-12,4.9317,google_trends,2026-08-29T19:23:31Z
Honda,Africa Twin,2026-01,5.8564,google_trends,2026-08-29T19:23:31Z
Honda,Africa Twin,2026-02,6.4728,google_trends,2026-08-29T19:23:31Z
Honda,Africa Twin,2026-03,7.1509,google_trends,2026-08-29T19:23:31Z
Honda,Africa Twin,2026-04,8.014,google_trends,2026-08-29T19:23:31Z
Honda,Africa Twin,2026-05,7.3975,google_trends,2026-08-29T19:23:31Z
Honda,Africa Twin,2026-06,6.7811,google_trends,2026-08-29T19:23:31Z
Honda,Africa Twin,2026-07,6.4728,google_trends,2026-08-29T19:23:31Z
Honda,Beat,2025-08,14.8418,google_trends,2026-08-29T21:54:49Z
Honda,Beat,2025-09,13.9903,google_trends,2026-08-29T21:54:49Z
Honda,Beat,2025-10,13.9903,google_trends,2026-08-29T21:54:49Z
Honda,Beat,2025-11,14.5985,google_trends,2026-08-29T21:54:49Z
Honda,Beat,2025-12,13.9903,google_trends,2026-08-29T21:54:49Z
Honda,Beat,2026-01,15.2068,google_trends,2026-08-29T21:54:49Z
Honda,Beat,2026-02,15.2068,google_trends,2026-08-29T21:54:49Z
Honda,Beat,2026-03,15.0852,google_trends,2026-08-29T21:54:49Z
Honda,Beat,2026-04,15.2068,google_trends,2026-08-29T21:54:49Z
Honda,Beat,2026-05,15.0852,google_trends,2026-08-29T21:54:49Z
Honda,Beat,2026-06,15.2068,google_trends,2026-08-29T21:54:49Z
Honda,Beat,2026-07,15.2068,google_trends,2026-08-29T21:54:49Z
Honda,CB100 & CL100,2025-08,0.0,google_trends,2026-08-29T19:23:31Z
Honda,CB100 & CL100,2025-09,0.0,google_trends,2026-08-29T19:23:31Z
Honda,CB100 & CL100,2025-10,0.0,google_trends,2026-08-29T19:23:31Z
Honda,CB100 & CL100,2025-11,0.0,google_trends,2026-08-29T19:23:31Z
Honda,CB100 & CL100,2025-12,0.0,google_trends,2026-08-29T19:23:31Z
Honda,CB100 & CL100,2026-01,0.0,google_trends,2026-08-29T19:23:31Z
Honda,CB100 & CL100,2026-02,0.3082,google_trends,2026-08-29T19:23:31Z
Honda,CB100 & CL100,2026-03,0.0,google_trends,2026-08-29T19:23:31Z
Honda,CB100 & CL100,2026-04,0.0,google_trends,2026-08-29T19:23:31Z
Honda,CB100 & CL100,2026-05,0.0,google_trends,2026-08-29T19:23:31Z
Honda,CB100 & CL100,2026-06,0.0,google_trends,2026-08-29T19:23:31Z
Honda,CB100 & CL100,2026-07,0.0,google_trends,2026-08-29T19:23:31Z
Honda,CB1000 & CB1100,2025-08,1.2329,google_trends,2026-08-29T19:23:31Z
Honda,CB1000 & CB1100,2025-09,1.2329,google_trends,2026-08-29T19:23:31Z
Honda,CB1000 & CB1100,2025-10,1.2329,google_trends,2026-08-29T19:23:31Z
Honda,CB1000 & CB1100,2025-11,1.2329,google_trends,2026-08-29T19:23:31Z
Honda,CB1000 & CB1100,2025-12,1.2329,google_trends,2026-08-29T19:23:31Z
Honda,CB1000 & CB1100,2026-01,1.2329,google_trends,2026-08-29T19:23:31Z
Honda,CB1000 & CB1100,2026-02,1.2329,google_trends,2026-08-29T19:23:31Z
Honda,CB1000 & CB1100,2026-03,1.2329,google_trends,2026-08-29T19:23:31Z
Honda,CB1000 & CB1100,2026-04,1.2329,google_trends,2026-08-29T19:23:31Z
Honda,CB1000 & CB1100,2026-05,1.2329,google_trends,2026-08-29T19:23:31Z
Honda,CB1000 & CB1100,2026-06,1.2329,google_trends,2026-08-29T19:23:31Z
Honda,CB1000 & CB1100,2026-07,1.2329,google_trends,2026-08-29T19:23:31Z
Honda,CB125 & CL125,2025-08,1.4795,google_trends,2026-08-29T19:23:31Z
Honda,CB125 & CL125,2025-09,1.2329,google_trends,2026-08-29T19:23:31Z
Honda,CB125 & CL125,2025-10,1.2329,google_trends,2026-08-29T19:23:31Z
Honda,CB125 & CL125,2025-11,1.2329,google_trends,2026-08-29T19:23:31Z
Honda,CB125 & CL125,2025-12,1.2329,google_trends,2026-08-29T19:23:31Z
Honda,CB125 & CL125,2026-01,1.2329,google_trends,2026-08-29T19:23:31Z
Honda,CB125 & CL125,2026-02,1.2329,google_trends,2026-08-29T19:23:31Z
Honda,CB125 & CL125,2026-03,1.2329,google_trends,2026-08-29T19:23:31Z
Honda,CB125 & CL125,2026-04,1.2329,google_trends,2026-08-29T19:23:31Z
Honda,CB125 & CL125,2026-05,1.2329,google_trends,2026-08-29T19:23:31Z
Honda,CB125 & CL125,2026-06,1.2329,google_trends,2026-08-29T19:23:31Z
Honda,CB125 & CL125,2026-07,1.2329,google_trends,2026-08-29T19:23:31Z
Honda,CB350 & CL350,2025-08,5.1769,google_trends,2026-08-29T19:23:31Z
Honda,CB350 & CL350,2025-09,7.0875,google_trends,2026-08-29T19:23:31Z
Honda,CB350 & CL350,2025-10,6.4712,google_trends,2026-08-29T19:23:31Z
Honda,CB350 & CL350,2025-11,5.67,google_trends,2026-08-29T19:23:31Z
Honda,CB350 & CL350,2025-12,6.163,google_trends,2026-08-29T19:23:31Z
Honda,CB350 & CL350,2026-01,6.4712,google_trends,2026-08-29T19:23:31Z
Honda,CB350 & CL350,2026-02,6.163,google_trends,2026-08-29T19:23:31Z
Honda,CB350 & CL350,2026-03,6.4095,google_trends,2026-08-29T19:23:31Z
Honda,CB350 & CL350,2026-04,6.4712,google_trends,2026-08-29T19:23:31Z
Honda,CB350 & CL350,2026-05,6.163,google_trends,2026-08-29T19:23:31Z
Honda,CB350 & CL350,2026-06,6.163,google_trends,2026-08-29T19:23:31Z
Honda,CB350 & CL350,2026-07,6.7793,google_trends,2026-08-29T19:23:31Z
Honda,CB500 Four & CB550,2025-08,0.0,google_trends,2026-08-29T19:23:31Z
Honda,CB500 Four & CB550,2025-09,0.3082,google_trends,2026-08-29T19:23:31Z
Honda,CB500 Four & CB550,2025-10,0.0,google_trends,2026-08-29T19:23:31Z
Honda,CB500 Four & CB550,2025-11,0.0,google_trends,2026-08-29T19:23:31Z
Honda,CB500 Four & CB550,2025-12,0.0,google_trends,2026-08-29T19:23:31Z
Honda,CB500 Four & CB550,2026-01,0.0,google_trends,2026-08-29T19:23:31Z
Honda,CB500 Four & CB550,2026-02,0.0,google_trends,2026-08-29T19:23:31Z
Honda,CB500 Four & CB550,2026-03,0.0,google_trends,2026-08-29T19:23:31Z
Honda,CB500 Four & CB550,2026-04,0.0,google_trends,2026-08-29T19:23:31Z
Honda,CB500 Four & CB550,2026-05,0.0,google_trends,2026-08-29T19:23:31Z
Honda,CB500 Four & CB550,2026-06,0.0,google_trends,2026-08-29T19:23:31Z
Honda,CB500 Four & CB550,2026-07,0.0,google_trends,2026-08-29T19:23:31Z
Honda,CB650,2025-08,1.2165,google_trends,2026-08-29T21:54:49Z
Honda,CB650,2025-09,0.6083,google_trends,2026-08-29T21:54:49Z
Honda,CB650,2025-10,0.3041,google_trends,2026-08-29T21:54:49Z
Honda,CB650,2025-11,0.4866,google_trends,2026-08-29T21:54:49Z
Honda,CB650,2025-12,0.0,google_trends,2026-08-29T21:54:49Z
Honda,CB650,2026-01,0.0,google_trends,2026-08-29T21:54:49Z
Honda,CB650,2026-02,0.9124,google_trends,2026-08-29T21:54:49Z
Honda,CB650,2026-03,1.2165,google_trends,2026-08-29T21:54:49Z
Honda,CB650,2026-04,1.2165,google_trends,2026-08-29T21:54:49Z
Honda,CB650,2026-05,1.2165,google_trends,2026-08-29T21:54:49Z
Honda,CB650,2026-06,1.2165,google_trends,2026-08-29T21:54:49Z
Honda,CB650,2026-07,0.9124,google_trends,2026-08-29T21:54:49Z
Honda,CB750 & CB750A,2025-08,2.4652,google_trends,2026-08-29T19:23:31Z
Honda,CB750 & CB750A,2025-09,2.4652,google_trends,2026-08-29T19:23:31Z
Honda,CB750 & CB750A,2025-10,1.8489,google_trends,2026-08-29T19:23:31Z
Honda,CB750 & CB750A,2025-11,1.7256,google_trends,2026-08-29T19:23:31Z
Honda,CB750 & CB750A,2025-12,1.5408,google_trends,2026-08-29T19:23:31Z
Honda,CB750 & CB750A,2026-01,1.8489,google_trends,2026-08-29T19:23:31Z
Honda,CB750 & CB750A,2026-02,2.1571,google_trends,2026-08-29T19:23:31Z
Honda,CB750 & CB750A,2026-03,2.7117,google_trends,2026-08-29T19:23:31Z
Honda,CB750 & CB750A,2026-04,2.7734,google_trends,2026-08-29T19:23:31Z
Honda,CB750 & CB750A,2026-05,2.4652,google_trends,2026-08-29T19:23:31Z
Honda,CB750 & CB750A,2026-06,2.4652,google_trends,2026-08-29T19:23:31Z
Honda,CB750 & CB750A,2026-07,2.4652,google_trends,2026-08-29T19:23:31Z
Honda,CBR,2025-08,25.3916,google_trends,2026-08-29T19:23:31Z
Honda,CBR,2025-09,20.9542,google_trends,2026-08-29T19:23:31Z
Honda,CBR,2025-10,18.1809,google_trends,2026-08-29T19:23:31Z
Honda,CBR,2025-11,16.0238,google_trends,2026-08-29T19:23:31Z
Honda,CBR,2025-12,16.332,google_trends,2026-08-29T19:23:31Z
Honda,CBR,2026-01,16.6401,google_trends,2026-08-29T19:23:31Z
Honda,CBR,2026-02,19.4135,google_trends,2026-08-29T19:23:31Z
Honda,CBR,2026-03,24.8986,google_trends,2026-08-29T19:23:31Z
Honda,CBR,2026-04,26.1928,google_trends,2026-08-29T19:23:31Z
Honda,CBR,2026-05,24.4055,google_trends,2026-08-29T19:23:31Z
Honda,CBR,2026-06,22.1868,google_trends,2026-08-29T19:23:31Z
Honda,CBR,2026-07,21.5705,google_trends,2026-08-29T19:23:31Z
Honda,CBX,2025-08,2.2187,google_trends,2026-08-29T19:23:31Z
Honda,CBX,2025-09,1.5408,google_trends,2026-08-29T19:23:31Z
Honda,CBX,2025-10,1.2326,google_trends,2026-08-29T19:23:31Z
Honda,CBX,2025-11,1.4791,google_trends,2026-08-29T19:23:31Z
Honda,CBX,2025-12,1.2326,google_trends,2026-08-29T19:23:31Z
Honda,CBX,2026-01,1.2326,google_trends,2026-08-29T19:23:31Z
Honda,CBX,2026-02,2.1571,google_trends,2026-08-29T19:23:31Z
Honda,CBX,2026-03,2.2187,google_trends,2026-08-29T19:23:31Z
Honda,CBX,2026-04,1.5408,google_trends,2026-08-29T19:23:31Z
Honda,CBX,2026-05,1.4791,google_trends,2026-08-29T19:23:31Z
Honda,CBX,2026-06,1.2326,google_trends,2026-08-29T19:23:31Z
Honda,CBX,2026-07,1.5408,google_trends,2026-08-29T19:23:31Z
Honda,CR & CRF,2025-08,22.6799,google_trends,2026-08-29T19:23:31Z
Honda,CR & CRF,2025-09,20.0298,google_trends,2026-08-29T19:23:31Z
Honda,CR & CRF,2025-10,19.1053,google_trends,2026-08-29T19:23:31Z
Honda,CR & CRF,2025-11,18.9821,google_trends,2026-08-29T19:23:31Z
Honda,CR & CRF,2025-12,17.8727,google_trends,2026-08-29T19:23:31Z
Honda,CR & CRF,2026-01,19.4135,google_trends,2026-08-29T19:23:31Z
Honda,CR & CRF,2026-02,22.495,google_trends,2026-08-29T19:23:31Z
Honda,CR & CRF,2026-03,27.8568,google_trends,2026-08-29T19:23:31Z
Honda,CR & CRF,2026-04,32.0477,google_trends,2026-08-29T19:23:31Z
Honda,CR & CRF,2026-05,36.2385,google_trends,2026-08-29T19:23:31Z
Honda,CR & CRF,2026-06,27.7336,google_trends,2026-08-29T19:23:31Z
Honda,CR & CRF,2026-07,25.5765,google_trends,2026-08-29T19:23:31Z
Honda,CR-V,2025-08,38.9502,google_trends,2026-08-29T19:23:31Z
Honda,CR-V,2025-09,36.9781,google_trends,2026-08-29T19:23:31Z
Honda,CR-V,2025-10,36.6699,google_trends,2026-08-29T19:23:31Z
Honda,CR-V,2025-11,38.4572,google_trends,2026-08-29T19:23:31Z
Honda,CR-V,2025-12,34.2047,google_trends,2026-08-29T19:23:31Z
Honda,CR-V,2026-01,35.7455,google_trends,2026-08-29T19:23:31Z
Honda,CR-V,2026-02,44.3737,google_trends,2026-08-29T19:23:31Z
Honda,CR-V,2026-03,43.8806,google_trends,2026-08-29T19:23:31Z
Honda,CR-V,2026-04,49.3041,google_trends,2026-08-29T19:23:31Z
Honda,CR-V,2026-05,47.3319,google_trends,2026-08-29T19:23:31Z
Honda,CR-V,2026-06,46.8389,google_trends,2026-08-29T19:23:31Z
Honda,CR-V,2026-07,38.827,google_trends,2026-08-29T19:23:31Z
Honda,CRX,2025-08,4.1908,google_trends,2026-08-29T19:23:31Z
Honda,CRX,2025-09,3.6978,google_trends,2026-08-29T19:23:31Z
Honda,CRX,2025-10,3.6978,google_trends,2026-08-29T19:23:31Z
Honda,CRX,2025-11,3.6978,google_trends,2026-08-29T19:23:31Z
Honda,CRX,2025-12,3.6978,google_trends,2026-08-29T19:23:31Z
Honda,CRX,2026-01,3.3897,google_trends,2026-08-29T19:23:31Z
Honda,CRX,2026-02,4.3141,google_trends,2026-08-29T19:23:31Z
Honda,CRX,2026-03,3.9443,google_trends,2026-08-29T19:23:31Z
Honda,CRX,2026-04,3.6978,google_trends,2026-08-29T19:23:31Z
Honda,CRX,2026-05,4.6839,google_trends,2026-08-29T19:23:31Z
Honda,CRX,2026-06,3.6978,google_trends,2026-08-29T19:23:31Z
Honda,CRX,2026-07,4.006,google_trends,2026-08-29T19:23:31Z
Honda,CT70,2025-08,0.0,google_trends,2026-08-29T19:23:31Z
Honda,CT70,2025-09,0.0,google_trends,2026-08-29T19:23:31Z
Honda,CT70,2025-10,0.0,google_trends,2026-08-29T19:23:31Z
Honda,CT70,2025-11,0.0,google_trends,2026-08-29T19:23:31Z
Honda,CT70,2025-12,0.0,google_trends,2026-08-29T19:23:31Z
Honda,CT70,2026-01,0.0,google_trends,2026-08-29T19:23:31Z
Honda,CT70,2026-02,0.308,google_trends,2026-08-29T19:23:31Z
Honda,CT70,2026-03,0.0,google_trends,2026-08-29T19:23:31Z
Honda,CT70,2026-04,0.0,google_trends,2026-08-29T19:23:31Z
Honda,CT70,2026-05,0.0,google_trends,2026-08-29T19:23:31Z
Honda,CT70,2026-06,0.0,google_trends,2026-08-29T19:23:31Z
Honda,CT70,2026-07,0.0,google_trends,2026-08-29T19:23:31Z
Honda,CX,2025-08,3.6978,google_trends,2026-08-29T19:23:31Z
Honda,CX,2025-09,3.0815,google_trends,2026-08-29T19:23:31Z
Honda,CX,2025-10,3.3897,google_trends,2026-08-29T19:23:31Z
Honda,CX,2025-11,3.4513,google_trends,2026-08-29T19:23:31Z
Honda,CX,2025-12,3.0815,google_trends,2026-08-29T19:23:31Z
Honda,CX,2026-01,3.6978,google_trends,2026-08-29T19:23:31Z
Honda,CX,2026-02,3.6978,google_trends,2026-08-29T19:23:31Z
Honda,CX,2026-03,3.9443,google_trends,2026-08-29T19:23:31Z
Honda,CX,2026-04,3.6978,google_trends,2026-08-29T19:23:31Z
Honda,CX,2026-05,3.6978,google_trends,2026-08-29T19:23:31Z
Honda,CX,2026-06,3.6978,google_trends,2026-08-29T19:23:31Z
Honda,CX,2026-07,3.6978,google_trends,2026-08-29T19:23:31Z
Honda,Civic,2025-08,307.3012,google_trends,2026-08-29T19:23:31Z
Honda,Civic,2025-09,286.4672,google_trends,2026-08-29T19:23:31Z
Honda,Civic,2025-10,269.7256,google_trends,2026-08-29T19:23:31Z
Honda,Civic,2025-11,274.5621,google_trends,2026-08-29T19:23:31Z
Honda,Civic,2025-12,270.6557,google_trends,2026-08-29T19:23:31Z
Honda,Civic,2026-01,284.607,google_trends,2026-08-29T19:23:31Z
Honda,Civic,2026-02,313.4398,google_trends,2026-08-29T19:23:31Z
Honda,Civic,2026-03,323.6707,google_trends,2026-08-29T19:23:31Z
Honda,Civic,2026-04,340.4123,google_trends,2026-08-29T19:23:31Z
Honda,Civic,2026-05,332.5996,google_trends,2026-08-29T19:23:31Z
Honda,Civic,2026-06,320.8805,google_trends,2026-08-29T19:23:31Z
Honda,Civic,2026-07,301.3486,google_trends,2026-08-29T19:23:31Z
Honda,Civic (2022+),2025-08,9.6168,google_trends,2026-08-29T19:23:31Z
Honda,Civic (2022+),2025-09,9.5551,google_trends,2026-08-29T19:23:31Z
Honda,Civic (2022+),2025-10,9.8634,google_trends,2026-08-29T19:23:31Z
Honda,Civic (2022+),2025-11,10.1099,google_trends,2026-08-29T19:23:31Z
Honda,Civic (2022+),2025-12,8.014,google_trends,2026-08-29T19:23:31Z
Honda,Civic (2022+),2026-01,8.3222,google_trends,2026-08-29T19:23:31Z
Honda,Civic (2022+),2026-02,8.9387,google_trends,2026-08-29T19:23:31Z
Honda,Civic (2022+),2026-03,11.0963,google_trends,2026-08-29T19:23:31Z
Honda,Civic (2022+),2026-04,14.4868,google_trends,2026-08-29T19:23:31Z
Honda,Civic (2022+),2026-05,13.5621,google_trends,2026-08-29T19:23:31Z
Honda,Civic (2022+),2026-06,12.6374,google_trends,2026-08-29T19:23:31Z
Honda,Civic (2022+),2026-07,10.1716,google_trends,2026-08-29T19:23:31Z
Honda,Civic Del Sol,2025-08,0.0,google_trends,2026-08-29T19:23:31Z
Honda,Civic Del Sol,2025-09,0.0,google_trends,2026-08-29T19:23:31Z
Honda,Civic Del Sol,2025-10,0.0,google_trends,2026-08-29T19:23:31Z
Honda,Civic Del Sol,2025-11,0.0,google_trends,2026-08-29T19:23:31Z
Honda,Civic Del Sol,2025-12,0.3082,google_trends,2026-08-29T19:23:31Z
Honda,Civic Del Sol,2026-01,0.0,google_trends,2026-08-29T19:23:31Z
Honda,Civic Del Sol,2026-02,1.2326,google_trends,2026-08-29T19:23:31Z
Honda,Civic Del Sol,2026-03,0.0,google_trends,2026-08-29T19:23:31Z
Honda,Civic Del Sol,2026-04,0.3082,google_trends,2026-08-29T19:23:31Z
Honda,Civic Del Sol,2026-05,0.2465,google_trends,2026-08-29T19:23:31Z
Honda,Civic Del Sol,2026-06,0.0,google_trends,2026-08-29T19:23:31Z
Honda,Civic Del Sol,2026-07,0.0,google_trends,2026-08-29T19:23:31Z
Honda,Civic Si,2025-08,12.326,google_trends,2026-08-29T19:23:31Z
Honda,Civic Si,2025-09,11.0934,google_trends,2026-08-29T19:23:31Z
Honda,Civic Si,2025-10,10.7853,google_trends,2026-08-29T19:23:31Z
Honda,Civic Si,2025-11,11.3399,google_trends,2026-08-29T19:23:31Z
Honda,Civic Si,2025-12,10.4771,google_trends,2026-08-29T19:23:31Z
Honda,Civic Si,2026-01,11.0934,google_trends,2026-08-29T19:23:31Z
Honda,Civic Si,2026-02,12.9423,google_trends,2026-08-29T19:23:31Z
Honda,Civic Si,2026-03,14.0517,google_trends,2026-08-29T19:23:31Z
Honda,Civic Si,2026-04,15.0994,google_trends,2026-08-29T19:23:31Z
Honda,Civic Si,2026-05,13.8051,google_trends,2026-08-29T19:23:31Z
Honda,Civic Si,2026-06,12.9423,google_trends,2026-08-29T19:23:31Z
Honda,Civic Si,2026-07,13.5586,google_trends,2026-08-29T19:23:31Z
Honda,Civic Type R,2025-08,15.5308,google_trends,2026-08-29T19:23:31Z
Honda,Civic Type R,2025-09,13.5586,google_trends,2026-08-29T19:23:31Z
Honda,Civic Type R,2025-10,13.2505,google_trends,2026-08-29T19:23:31Z
Honda,Civic Type R,2025-11,13.3121,google_trends,2026-08-29T19:23:31Z
Honda,Civic Type R,2025-12,13.5586,google_trends,2026-08-29T19:23:31Z
Honda,Civic Type R,2026-01,13.8668,google_trends,2026-08-29T19:23:31Z
Honda,Civic Type R,2026-02,15.0994,google_trends,2026-08-29T19:23:31Z
Honda,Civic Type R,2026-03,16.5169,google_trends,2026-08-29T19:23:31Z
Honda,Civic Type R,2026-04,16.0238,google_trends,2026-08-29T19:23:31Z
Honda,Civic Type R,2026-05,17.2564,google_trends,2026-08-29T19:23:31Z
Honda,Civic Type R,2026-06,16.0238,google_trends,2026-08-29T19:23:31Z
Honda,Civic Type R,2026-07,15.0994,google_trends,2026-08-29T19:23:31Z
Honda,Element,2025-08,9.6094,google_trends,2026-08-29T19:23:31Z
Honda,Element,2025-09,8.9318,google_trends,2026-08-29T19:23:31Z
Honda,Element,2025-10,8.3158,google_trends,2026-08-29T19:23:31Z
Honda,Element,2025-11,8.3774,google_trends,2026-08-29T19:23:31Z
Honda,Element,2025-12,8.0078,google_trends,2026-08-29T19:23:31Z
Honda,Element,2026-01,7.6998,google_trends,2026-08-29T19:23:31Z
Honda,Element,2026-02,11.3957,google_trends,2026-08-29T19:23:31Z
Honda,Element,2026-03,10.8413,google_trends,2026-08-29T19:23:31Z
Honda,Element,2026-04,12.0117,google_trends,2026-08-29T19:23:31Z
Honda,Element,2026-05,11.8269,google_trends,2026-08-29T19:23:31Z
Honda,Element,2026-06,12.3197,google_trends,2026-08-29T19:23:31Z
Honda,Element,2026-07,11.3957,google_trends,2026-08-29T19:23:31Z
Honda,FIT,2025-08,55.2348,google_trends,2026-08-29T19:23:31Z
Honda,FIT,2025-09,52.3991,google_trends,2026-08-29T19:23:31Z
Honda,FIT,2025-10,52.7073,google_trends,2026-08-29T19:23:31Z
Honda,FIT,2025-11,55.4814,google_trends,2026-08-29T19:23:31Z
Honda,FIT,2025-12,53.3237,google_trends,2026-08-29T19:23:31Z
Honda,FIT,2026-01,57.639,google_trends,2026-08-29T19:23:31Z
Honda,FIT,2026-02,65.9612,google_trends,2026-08-29T19:23:31Z
Honda,FIT,2026-03,64.3584,google_trends,2026-08-29T19:23:31Z
Honda,FIT,2026-04,71.8175,google_trends,2026-08-29T19:23:31Z
Honda,FIT,2026-05,68.3037,google_trends,2026-08-29T19:23:31Z
Honda,FIT,2026-06,63.1871,google_trends,2026-08-29T19:23:31Z
Honda,FIT,2026-07,60.413,google_trends,2026-08-29T19:23:31Z
Honda,Gold Wing,2025-08,2.4652,google_trends,2026-08-29T19:23:31Z
Honda,Gold Wing,2025-09,2.4652,google_trends,2026-08-29T19:23:31Z
Honda,Gold Wing,2025-10,2.1571,google_trends,2026-08-29T19:23:31Z
Honda,Gold Wing,2025-11,1.4791,google_trends,2026-08-29T19:23:31Z
Honda,Gold Wing,2025-12,1.2326,google_trends,2026-08-29T19:23:31Z
Honda,Gold Wing,2026-01,1.2326,google_trends,2026-08-29T19:23:31Z
Honda,Gold Wing,2026-02,2.1571,google_trends,2026-08-29T19:23:31Z
Honda,Gold Wing,2026-03,2.2187,google_trends,2026-08-29T19:23:31Z
Honda,Gold Wing,2026-04,2.7734,google_trends,2026-08-29T19:23:31Z
Honda,Gold Wing,2026-05,2.4652,google_trends,2026-08-29T19:23:31Z
Honda,Gold Wing,2026-06,2.4652,google_trends,2026-08-29T19:23:31Z
Honda,Gold Wing,2026-07,2.4652,google_trends,2026-08-29T19:23:31Z
Honda,Grom,2025-08,8.0292,google_trends,2026-08-29T21:54:49Z
Honda,Grom,2025-09,6.3869,google_trends,2026-08-29T21:54:49Z
Honda,Grom,2025-10,5.4745,google_trends,2026-08-29T21:54:49Z
Honda,Grom,2025-11,4.6229,google_trends,2026-08-29T21:54:49Z
Honda,Grom,2025-12,4.562,google_trends,2026-08-29T21:54:49Z
Honda,Grom,2026-01,4.2579,google_trends,2026-08-29T21:54:49Z
Honda,Grom,2026-02,5.1703,google_trends,2026-08-29T21:54:49Z
Honda,Grom,2026-03,7.056,google_trends,2026-08-29T21:54:49Z
Honda,Grom,2026-04,9.1241,google_trends,2026-08-29T21:54:49Z
Honda,Grom,2026-05,8.0292,google_trends,2026-08-29T21:54:49Z
Honda,Grom,2026-06,6.691,google_trends,2026-08-29T21:54:49Z
Honda,Grom,2026-07,6.3869,google_trends,2026-08-29T21:54:49Z
Honda,Insight,2025-08,6.4112,google_trends,2026-08-29T19:23:31Z
Honda,Insight,2025-09,6.1646,google_trends,2026-08-29T19:23:31Z
Honda,Insight,2025-10,5.5481,google_trends,2026-08-29T19:23:31Z
Honda,Insight,2025-11,5.1783,google_trends,2026-08-29T19:23:31Z
Honda,Insight,2025-12,4.9317,google_trends,2026-08-29T19:23:31Z
Honda,Insight,2026-01,4.9317,google_trends,2026-08-29T19:23:31Z
Honda,Insight,2026-02,7.0893,google_trends,2026-08-29T19:23:31Z
Honda,Insight,2026-03,7.8907,google_trends,2026-08-29T19:23:31Z
Honda,Insight,2026-04,8.9387,google_trends,2026-08-29T19:23:31Z
Honda,Insight,2026-05,9.1236,google_trends,2026-08-29T19:23:31Z
Honda,Insight,2026-06,7.7057,google_trends,2026-08-29T19:23:31Z
Honda,Insight,2026-07,6.4728,google_trends,2026-08-29T19:23:31Z
Honda,LIFE,2025-08,12.8954,google_trends,2026-08-29T21:54:49Z
Honda,LIFE,2025-09,12.1655,google_trends,2026-08-29T21:54:49Z
Honda,LIFE,2025-10,11.5572,google_trends,2026-08-29T21:54:49Z
Honda,LIFE,2025-11,13.1387,google_trends,2026-08-29T21:54:49Z
Honda,LIFE,2025-12,11.5572,google_trends,2026-08-29T21:54:49Z
Honda,LIFE,2026-01,11.8613,google_trends,2026-08-29T21:54:49Z
Honda,LIFE,2026-02,14.5985,google_trends,2026-08-29T21:54:49Z
Honda,LIFE,2026-03,14.3552,google_trends,2026-08-29T21:54:49Z
Honda,LIFE,2026-04,18.5523,google_trends,2026-08-29T21:54:49Z
Honda,LIFE,2026-05,19.708,google_trends,2026-08-29T21:54:49Z
Honda,LIFE,2026-06,16.7275,google_trends,2026-08-29T21:54:49Z
Honda,LIFE,2026-07,12.1655,google_trends,2026-08-29T21:54:49Z
Honda,Magna,2025-08,1.2329,google_trends,2026-08-29T19:23:31Z
Honda,Magna,2025-09,1.2329,google_trends,2026-08-29T19:23:31Z
Honda,Magna,2025-10,1.2329,google_trends,2026-08-29T19:23:31Z
Honda,Magna,2025-11,1.2329,google_trends,2026-08-29T19:23:31Z
Honda,Magna,2025-12,1.2329,google_trends,2026-08-29T19:23:31Z
Honda,Magna,2026-01,1.2329,google_trends,2026-08-29T19:23:31Z
Honda,Magna,2026-02,1.2329,google_trends,2026-08-29T19:23:31Z
Honda,Magna,2026-03,1.2329,google_trends,2026-08-29T19:23:31Z
Honda,Magna,2026-04,2.1576,google_trends,2026-08-29T19:23:31Z
Honda,Magna,2026-05,2.2193,google_trends,2026-08-29T19:23:31Z
Honda,Magna,2026-06,1.2329,google_trends,2026-08-29T19:23:31Z
Honda,Magna,2026-07,1.2329,google_trends,2026-08-29T19:23:31Z
Honda,Motocompo & Motocompacto,2025-08,0.0,google_trends,2026-08-29T19:23:31Z
Honda,Motocompo & Motocompacto,2025-09,0.0,google_trends,2026-08-29T19:23:31Z
Honda,Motocompo & Motocompacto,2025-10,0.0,google_trends,2026-08-29T19:23:31Z
Honda,Motocompo & Motocompacto,2025-11,0.0,google_trends,2026-08-29T19:23:31Z
Honda,Motocompo & Motocompacto,2025-12,0.0,google_trends,2026-08-29T19:23:31Z
Honda,Motocompo & Motocompacto,2026-01,0.0,google_trends,2026-08-29T19:23:31Z
Honda,Motocompo & Motocompacto,2026-02,0.0,google_trends,2026-08-29T19:23:31Z
Honda,Motocompo & Motocompacto,2026-03,0.0,google_trends,2026-08-29T19:23:31Z
Honda,Motocompo & Motocompacto,2026-04,0.3082,google_trends,2026-08-29T19:23:31Z
Honda,Motocompo & Motocompacto,2026-05,0.2466,google_trends,2026-08-29T19:23:31Z
Honda,Motocompo & Motocompacto,2026-06,0.3082,google_trends,2026-08-29T19:23:31Z
Honda,Motocompo & Motocompacto,2026-07,0.0,google_trends,2026-08-29T19:23:31Z
Honda,Nighthawk,2025-08,1.7628,google_trends,2026-08-29T19:23:31Z
Honda,Nighthawk,2025-09,1.3221,google_trends,2026-08-29T19:23:31Z
Honda,Nighthawk,2025-10,0.0,google_trends,2026-08-29T19:23:31Z
Honda,Nighthawk,2025-11,0.0,google_trends,2026-08-29T19:23:31Z
Honda,Nighthawk,2025-12,0.0,google_trends,2026-08-29T19:23:31Z
Honda,Nighthawk,2026-01,0.0,google_trends,2026-08-29T19:23:31Z
Honda,Nighthawk,2026-02,1.3221,google_trends,2026-08-29T19:23:31Z
Honda,Nighthawk,2026-03,1.0577,google_trends,2026-08-29T19:23:31Z
Honda,Nighthawk,2026-04,1.7628,google_trends,2026-08-29T19:23:31Z
Honda,Nighthawk,2026-05,1.7628,google_trends,2026-08-29T19:23:31Z
Honda,Nighthawk,2026-06,1.7628,google_trends,2026-08-29T19:23:31Z
Honda,Nighthawk,2026-07,1.7628,google_trends,2026-08-29T19:23:31Z
Honda,ODYSSEY,2025-08,50.5497,google_trends,2026-08-29T19:23:31Z
Honda,ODYSSEY,2025-09,47.4674,google_trends,2026-08-29T19:23:31Z
Honda,ODYSSEY,2025-10,43.4604,google_trends,2026-08-29T19:23:31Z
Honda,ODYSSEY,2025-11,44.3851,google_trends,2026-08-29T19:23:31Z
Honda,ODYSSEY,2025-12,44.6933,google_trends,2026-08-29T19:23:31Z
Honda,ODYSSEY,2026-01,41.611,google_trends,2026-08-29T19:23:31Z
Honda,ODYSSEY,2026-02,52.0908,google_trends,2026-08-29T19:23:31Z
Honda,ODYSSEY,2026-03,51.536,google_trends,2026-08-29T19:23:31Z
Honda,ODYSSEY,2026-04,55.4814,google_trends,2026-08-29T19:23:31Z
Honda,ODYSSEY,2026-05,53.7553,google_trends,2026-08-29T19:23:31Z
Honda,ODYSSEY,2026-06,52.7073,google_trends,2026-08-29T19:23:31Z
Honda,ODYSSEY,2026-07,52.7073,google_trends,2026-08-29T19:23:31Z
Honda,Odyssey Minivan,2025-08,1.2326,google_trends,2026-08-29T19:23:31Z
Honda,Odyssey Minivan,2025-09,1.2326,google_trends,2026-08-29T19:23:31Z
Honda,Odyssey Minivan,2025-10,0.9245,google_trends,2026-08-29T19:23:31Z
Honda,Odyssey Minivan,2025-11,0.9861,google_trends,2026-08-29T19:23:31Z
Honda,Odyssey Minivan,2025-12,1.2326,google_trends,2026-08-29T19:23:31Z
Honda,Odyssey Minivan,2026-01,1.2326,google_trends,2026-08-29T19:23:31Z
Honda,Odyssey Minivan,2026-02,1.2326,google_trends,2026-08-29T19:23:31Z
Honda,Odyssey Minivan,2026-03,1.2326,google_trends,2026-08-29T19:23:31Z
Honda,Odyssey Minivan,2026-04,1.2326,google_trends,2026-08-29T19:23:31Z
Honda,Odyssey Minivan,2026-05,1.2326,google_trends,2026-08-29T19:23:31Z
Honda,Odyssey Minivan,2026-06,1.2326,google_trends,2026-08-29T19:23:31Z
Honda,Odyssey Minivan,2026-07,1.2326,google_trends,2026-08-29T19:23:31Z
Honda,PASSPORT,2025-08,18.0049,google_trends,2026-08-29T21:54:49Z
Honda,PASSPORT,2025-09,15.5109,google_trends,2026-08-29T21:54:49Z
Honda,PASSPORT,2025-10,15.8151,google_trends,2026-08-29T21:54:49Z
Honda,PASSPORT,2025-11,15.3285,google_trends,2026-08-29T21:54:49Z
Honda,PASSPORT,2025-12,17.0316,google_trends,2026-08-29T21:54:49Z
Honda,PASSPORT,2026-01,17.6399,google_trends,2026-08-29T21:54:49Z
Honda,PASSPORT,2026-02,19.4647,google_trends,2026-08-29T21:54:49Z
Honda,PASSPORT,2026-03,18.2482,google_trends,2026-08-29T21:54:49Z
Honda,PASSPORT,2026-04,20.073,google_trends,2026-08-29T21:54:49Z
Honda,PASSPORT,2026-05,21.1679,google_trends,2026-08-29T21:54:49Z
Honda,PASSPORT,2026-06,19.7689,google_trends,2026-08-29T21:54:49Z
Honda,PASSPORT,2026-07,19.1606,google_trends,2026-08-29T21:54:49Z
Honda,PILOT,2025-08,69.0998,google_trends,2026-08-29T21:54:49Z
Honda,PILOT,2025-09,61.7397,google_trends,2026-08-29T21:54:49Z
Honda,PILOT,2025-10,60.219,google_trends,2026-08-29T21:54:49Z
Honda,PILOT,2025-11,62.7737,google_trends,2026-08-29T21:54:49Z
Honda,PILOT,2025-12,65.0852,google_trends,2026-08-29T21:54:49Z
Honda,PILOT,2026-01,66.3017,google_trends,2026-08-29T21:54:49Z
Honda,PILOT,2026-02,77.5547,google_trends,2026-08-29T21:54:49Z
Honda,PILOT,2026-03,76.399,google_trends,2026-08-29T21:54:49Z
Honda,PILOT,2026-04,78.7713,google_trends,2026-08-29T21:54:49Z
Honda,PILOT,2026-05,76.8856,google_trends,2026-08-29T21:54:49Z
Honda,PILOT,2026-06,75.4258,google_trends,2026-08-29T21:54:49Z
Honda,PILOT,2026-07,74.2092,google_trends,2026-08-29T21:54:49Z
Honda,Pickup,2025-08,2.4652,google_trends,2026-08-29T19:23:31Z
Honda,Pickup,2025-09,2.4652,google_trends,2026-08-29T19:23:31Z
Honda,Pickup,2025-10,2.4652,google_trends,2026-08-29T19:23:31Z
Honda,Pickup,2025-11,2.4652,google_trends,2026-08-29T19:23:31Z
Honda,Pickup,2025-12,2.4652,google_trends,2026-08-29T19:23:31Z
Honda,Pickup,2026-01,2.4652,google_trends,2026-08-29T19:23:31Z
Honda,Pickup,2026-02,3.3897,google_trends,2026-08-29T19:23:31Z
Honda,Pickup,2026-03,4.4374,google_trends,2026-08-29T19:23:31Z
Honda,Pickup,2026-04,4.9304,google_trends,2026-08-29T19:23:31Z
Honda,Pickup,2026-05,4.9304,google_trends,2026-08-29T19:23:31Z
Honda,Pickup,2026-06,5.5467,google_trends,2026-08-29T19:23:31Z
Honda,Pickup,2026-07,5.5467,google_trends,2026-08-29T19:23:31Z
Honda,Prelude,2025-08,14.2982,google_trends,2026-08-29T19:23:31Z
Honda,Prelude,2025-09,14.1749,google_trends,2026-08-29T19:23:31Z
Honda,Prelude,2025-10,14.1749,google_trends,2026-08-29T19:23:31Z
Honda,Prelude,2025-11,16.5169,google_trends,2026-08-29T19:23:31Z
Honda,Prelude,2025-12,15.0994,google_trends,2026-08-29T19:23:31Z
Honda,Prelude,2026-01,16.0238,google_trends,2026-08-29T19:23:31Z
Honda,Prelude,2026-02,15.4075,google_trends,2026-08-29T19:23:31Z
Honda,Prelude,2026-03,15.7773,google_trends,2026-08-29T19:23:31Z
Honda,Prelude,2026-04,16.0238,google_trends,2026-08-29T19:23:31Z
Honda,Prelude,2026-05,18.489,google_trends,2026-08-29T19:23:31Z
Honda,Prelude,2026-06,16.0238,google_trends,2026-08-29T19:23:31Z
Honda,Prelude,2026-07,15.4075,google_trends,2026-08-29T19:23:31Z
Honda,Reflex,2025-08,0.0,google_trends,2026-08-29T21:54:49Z
Honda,Reflex,2025-09,0.0,google_trends,2026-08-29T21:54:49Z
Honda,Reflex,2025-10,0.0,google_trends,2026-08-29T21:54:49Z
Honda,Reflex,2025-11,0.0,google_trends,2026-08-29T21:54:49Z
Honda,Reflex,2025-12,0.0,google_trends,2026-08-29T21:54:49Z
Honda,Reflex,2026-01,0.0,google_trends,2026-08-29T21:54:49Z
Honda,Reflex,2026-02,0.0,google_trends,2026-08-29T21:54:49Z
Honda,Reflex,2026-03,0.4866,google_trends,2026-08-29T21:54:49Z
Honda,Reflex,2026-04,0.6083,google_trends,2026-08-29T21:54:49Z
Honda,Reflex,2026-05,0.4866,google_trends,2026-08-29T21:54:49Z
Honda,Reflex,2026-06,0.0,google_trends,2026-08-29T21:54:49Z
Honda,Reflex,2026-07,0.0,google_trends,2026-08-29T21:54:49Z
Honda,Rune,2025-08,0.0,google_trends,2026-08-29T19:23:31Z
Honda,Rune,2025-09,0.3082,google_trends,2026-08-29T19:23:31Z
Honda,Rune,2025-10,0.0,google_trends,2026-08-29T19:23:31Z
Honda,Rune,2025-11,0.0,google_trends,2026-08-29T19:23:31Z
Honda,Rune,2025-12,0.0,google_trends,2026-08-29T19:23:31Z
Honda,Rune,2026-01,0.0,google_trends,2026-08-29T19:23:31Z
Honda,Rune,2026-02,0.6165,google_trends,2026-08-29T19:23:31Z
Honda,Rune,2026-03,0.0,google_trends,2026-08-29T19:23:31Z
Honda,Rune,2026-04,0.0,google_trends,2026-08-29T19:23:31Z
Honda,Rune,2026-05,0.0,google_trends,2026-08-29T19:23:31Z
Honda,Rune,2026-06,0.0,google_trends,2026-08-29T19:23:31Z
Honda,Rune,2026-07,0.0,google_trends,2026-08-29T19:23:31Z
Honda,STEPWGN,2025-08,1.2165,google_trends,2026-08-29T21:54:49Z
Honda,STEPWGN,2025-09,1.2165,google_trends,2026-08-29T21:54:49Z
Honda,STEPWGN,2025-10,1.2165,google_trends,2026-08-29T21:54:49Z
Honda,STEPWGN,2025-11,1.2165,google_trends,2026-08-29T21:54:49Z
Honda,STEPWGN,2025-12,1.2165,google_trends,2026-08-29T21:54:49Z
Honda,STEPWGN,2026-01,1.5207,google_trends,2026-08-29T21:54:49Z
Honda,STEPWGN,2026-02,1.2165,google_trends,2026-08-29T21:54:49Z
Honda,STEPWGN,2026-03,1.2165,google_trends,2026-08-29T21:54:49Z
Honda,STEPWGN,2026-04,1.2165,google_trends,2026-08-29T21:54:49Z
Honda,STEPWGN,2026-05,1.9465,google_trends,2026-08-29T21:54:49Z
Honda,STEPWGN,2026-06,1.5207,google_trends,2026-08-29T21:54:49Z
Honda,STEPWGN,2026-07,1.8248,google_trends,2026-08-29T21:54:49Z
Honda,Sabre,2025-08,0.4932,google_trends,2026-08-29T19:23:31Z
Honda,Sabre,2025-09,0.0,google_trends,2026-08-29T19:23:31Z
Honda,Sabre,2025-10,0.0,google_trends,2026-08-29T19:23:31Z
Honda,Sabre,2025-11,0.0,google_trends,2026-08-29T19:23:31Z
Honda,Sabre,2025-12,0.0,google_trends,2026-08-29T19:23:31Z
Honda,Sabre,2026-01,0.0,google_trends,2026-08-29T19:23:31Z
Honda,Sabre,2026-02,0.9247,google_trends,2026-08-29T19:23:31Z
Honda,Sabre,2026-03,0.2466,google_trends,2026-08-29T19:23:31Z
Honda,Sabre,2026-04,1.2329,google_trends,2026-08-29T19:23:31Z
Honda,Sabre,2026-05,1.2329,google_trends,2026-08-29T19:23:31Z
Honda,Sabre,2026-06,1.2329,google_trends,2026-08-29T19:23:31Z
Honda,Sabre,2026-07,0.3082,google_trends,2026-08-29T19:23:31Z
Honda,Super Cub,2025-08,2.4331,google_trends,2026-08-29T21:54:49Z
Honda,Super Cub,2025-09,1.8248,google_trends,2026-08-29T21:54:49Z
Honda,Super Cub,2025-10,1.5207,google_trends,2026-08-29T21:54:49Z
Honda,Super Cub,2025-11,1.7032,google_trends,2026-08-29T21:54:49Z
Honda,Super Cub,2025-12,1.8248,google_trends,2026-08-29T21:54:49Z
Honda,Super Cub,2026-01,2.129,google_trends,2026-08-29T21:54:49Z
Honda,Super Cub,2026-02,2.4331,google_trends,2026-08-29T21:54:49Z
Honda,Super Cub,2026-03,2.4331,google_trends,2026-08-29T21:54:49Z
Honda,Super Cub,2026-04,2.4331,google_trends,2026-08-29T21:54:49Z
Honda,Super Cub,2026-05,2.4331,google_trends,2026-08-29T21:54:49Z
Honda,Super Cub,2026-06,2.4331,google_trends,2026-08-29T21:54:49Z
Honda,Super Cub,2026-07,2.4331,google_trends,2026-08-29T21:54:49Z
Honda,TODAY,2025-08,32.6034,google_trends,2026-08-29T21:54:49Z
Honda,TODAY,2025-09,57.7859,google_trends,2026-08-29T21:54:49Z
Honda,TODAY,2025-10,60.5231,google_trends,2026-08-29T21:54:49Z
Honda,TODAY,2025-11,59.3674,google_trends,2026-08-29T21:54:49Z
Honda,TODAY,2025-12,34.9757,google_trends,2026-08-29T21:54:49Z
Honda,TODAY,2026-01,17.944,google_trends,2026-08-29T21:54:49Z
Honda,TODAY,2026-02,14.5985,google_trends,2026-08-29T21:54:49Z
Honda,TODAY,2026-03,28.7105,google_trends,2026-08-29T21:54:49Z
Honda,TODAY,2026-04,34.0633,google_trends,2026-08-29T21:54:49Z
Honda,TODAY,2026-05,36.253,google_trends,2026-08-29T21:54:49Z
Honda,TODAY,2026-06,40.7543,google_trends,2026-08-29T21:54:49Z
Honda,TODAY,2026-07,28.5888,google_trends,2026-08-29T21:54:49Z
Honda,VAMOS,2025-08,0.4866,google_trends,2026-08-29T21:54:49Z
Honda,VAMOS,2025-09,0.0,google_trends,2026-08-29T21:54:49Z
Honda,VAMOS,2025-10,0.0,google_trends,2026-08-29T21:54:49Z
Honda,VAMOS,2025-11,0.0,google_trends,2026-08-29T21:54:49Z
Honda,VAMOS,2025-12,0.0,google_trends,2026-08-29T21:54:49Z
Honda,VAMOS,2026-01,0.0,google_trends,2026-08-29T21:54:49Z
Honda,VAMOS,2026-02,0.0,google_trends,2026-08-29T21:54:49Z
Honda,VAMOS,2026-03,0.0,google_trends,2026-08-29T21:54:49Z
Honda,VAMOS,2026-04,0.0,google_trends,2026-08-29T21:54:49Z
Honda,VAMOS,2026-05,0.0,google_trends,2026-08-29T21:54:49Z
Honda,VAMOS,2026-06,0.0,google_trends,2026-08-29T21:54:49Z
Honda,VAMOS,2026-07,0.0,google_trends,2026-08-29T21:54:49Z
Honda,VF & VFR,2025-08,0.7396,google_trends,2026-08-29T19:23:31Z
Honda,VF & VFR,2025-09,0.3082,google_trends,2026-08-29T19:23:31Z
Honda,VF & VFR,2025-10,0.0,google_trends,2026-08-29T19:23:31Z
Honda,VF & VFR,2025-11,0.0,google_trends,2026-08-29T19:23:31Z
Honda,VF & VFR,2025-12,0.0,google_trends,2026-08-29T19:23:31Z
Honda,VF & VFR,2026-01,0.0,google_trends,2026-08-29T19:23:31Z
Honda,VF & VFR,2026-02,0.3082,google_trends,2026-08-29T19:23:31Z
Honda,VF & VFR,2026-03,0.2465,google_trends,2026-08-29T19:23:31Z
Honda,VF & VFR,2026-04,0.3082,google_trends,2026-08-29T19:23:31Z
Honda,VF & VFR,2026-05,0.493,google_trends,2026-08-29T19:23:31Z
Honda,VF & VFR,2026-06,0.3082,google_trends,2026-08-29T19:23:31Z
Honda,VF & VFR,2026-07,0.0,google_trends,2026-08-29T19:23:31Z
Honda,XL & XR,2025-08,5.3196,google_trends,2026-08-29T19:23:31Z
Honda,XL & XR,2025-09,4.5497,google_trends,2026-08-29T19:23:31Z
Honda,XL & XR,2025-10,4.1997,google_trends,2026-08-29T19:23:31Z
Honda,XL & XR,2025-11,4.1997,google_trends,2026-08-29T19:23:31Z
Honda,XL & XR,2025-12,3.8497,google_trends,2026-08-29T19:23:31Z
Honda,XL & XR,2026-01,4.1997,google_trends,2026-08-29T19:23:31Z
Honda,XL & XR,2026-02,6.6496,google_trends,2026-08-29T19:23:31Z
Honda,XL & XR,2026-03,5.5996,google_trends,2026-08-29T19:23:31Z
Honda,XL & XR,2026-04,9.0994,google_trends,2026-08-29T19:23:31Z
Honda,XL & XR,2026-05,8.1195,google_trends,2026-08-29T19:23:31Z
Honda,XL & XR,2026-06,6.2996,google_trends,2026-08-29T19:23:31Z
Honda,XL & XR,2026-07,4.5497,google_trends,2026-08-29T19:23:31Z
Honda,Z50,2025-08,0.2464,google_trends,2026-08-29T19:23:31Z
Honda,Z50,2025-09,0.0,google_trends,2026-08-29T19:23:31Z
Honda,Z50,2025-10,0.0,google_trends,2026-08-29T19:23:31Z
Honda,Z50,2025-11,0.0,google_trends,2026-08-29T19:23:31Z
Honda,Z50,2025-12,0.0,google_trends,2026-08-29T19:23:31Z
Honda,Z50,2026-01,0.0,google_trends,2026-08-29T19:23:31Z
Honda,Z50,2026-02,0.308,google_trends,2026-08-29T19:23:31Z
Honda,Z50,2026-03,0.2464,google_trends,2026-08-29T19:23:31Z
Honda,Z50,2026-04,1.232,google_trends,2026-08-29T19:23:31Z
Honda,Z50,2026-05,0.2464,google_trends,2026-08-29T19:23:31Z
Honda,Z50,2026-06,0.0,google_trends,2026-08-29T19:23:31Z
Honda,Z50,2026-07,0.0,google_trends,2026-08-29T19:23:31Z
Hudson,Hudson Hornet,2025-08,1.7261,google_trends,2026-08-29T19:23:31Z
Hudson,Hudson Hornet,2025-09,1.2329,google_trends,2026-08-29T19:23:31Z
Hudson,Hudson Hornet,2025-10,1.2329,google_trends,2026-08-29T19:23:31Z
Hudson,Hudson Hornet,2025-11,1.2329,google_trends,2026-08-29T19:23:31Z
Hudson,Hudson Hornet,2025-12,1.2329,google_trends,2026-08-29T19:23:31Z
Hudson,Hudson Hornet,2026-01,1.2329,google_trends,2026-08-29T19:23:31Z
Hudson,Hudson Hornet,2026-02,1.5411,google_trends,2026-08-29T19:23:31Z
Hudson,Hudson Hornet,2026-03,1.2329,google_trends,2026-08-29T19:23:31Z
Hudson,Hudson Hornet,2026-04,1.5411,google_trends,2026-08-29T19:23:31Z
Hudson,Hudson Hornet,2026-05,1.4795,google_trends,2026-08-29T19:23:31Z
Hudson,Hudson Hornet,2026-06,1.5411,google_trends,2026-08-29T19:23:31Z
Hudson,Hudson Hornet,2026-07,1.2329,google_trends,2026-08-29T19:23:31Z
Hummer,Hummer H1,2025-08,2.4652,google_trends,2026-08-29T19:23:31Z
Hummer,Hummer H1,2025-09,2.4652,google_trends,2026-08-29T19:23:31Z
Hummer,Hummer H1,2025-10,2.4652,google_trends,2026-08-29T19:23:31Z
Hummer,Hummer H1,2025-11,2.4652,google_trends,2026-08-29T19:23:31Z
Hummer,Hummer H1,2025-12,2.1571,google_trends,2026-08-29T19:23:31Z
Hummer,Hummer H1,2026-01,2.4652,google_trends,2026-08-29T19:23:31Z
Hummer,Hummer H1,2026-02,2.4652,google_trends,2026-08-29T19:23:31Z
Hummer,Hummer H1,2026-03,2.4652,google_trends,2026-08-29T19:23:31Z
Hummer,Hummer H1,2026-04,2.4652,google_trends,2026-08-29T19:23:31Z
Hummer,Hummer H1,2026-05,2.4652,google_trends,2026-08-29T19:23:31Z
Hummer,Hummer H1,2026-06,2.4652,google_trends,2026-08-29T19:23:31Z
Hummer,Hummer H1,2026-07,2.1571,google_trends,2026-08-29T19:23:31Z
Hummer,Hummer H2,2025-08,5.1769,google_trends,2026-08-29T19:23:31Z
Hummer,Hummer H2,2025-09,4.9304,google_trends,2026-08-29T19:23:31Z
Hummer,Hummer H2,2025-10,4.9304,google_trends,2026-08-29T19:23:31Z
Hummer,Hummer H2,2025-11,4.9304,google_trends,2026-08-29T19:23:31Z
Hummer,Hummer H2,2025-12,4.9304,google_trends,2026-08-29T19:23:31Z
Hummer,Hummer H2,2026-01,4.9304,google_trends,2026-08-29T19:23:31Z
Hummer,Hummer H2,2026-02,6.7793,google_trends,2026-08-29T19:23:31Z
Hummer,Hummer H2,2026-03,5.4235,google_trends,2026-08-29T19:23:31Z
Hummer,Hummer H2,2026-04,6.163,google_trends,2026-08-29T19:23:31Z
Hummer,Hummer H2,2026-05,6.163,google_trends,2026-08-29T19:23:31Z
Hummer,Hummer H2,2026-06,5.2386,google_trends,2026-08-29T19:23:31Z
Hummer,Hummer H2,2026-07,4.9304,google_trends,2026-08-29T19:23:31Z
Hummer,Hummer H3,2025-08,4.9304,google_trends,2026-08-29T19:23:31Z
Hummer,Hummer H3,2025-09,4.9304,google_trends,2026-08-29T19:23:31Z
Hummer,Hummer H3,2025-10,4.9304,google_trends,2026-08-29T19:23:31Z
Hummer,Hummer H3,2025-11,4.9304,google_trends,2026-08-29T19:23:31Z
Hummer,Hummer H3,2025-12,4.6223,google_trends,2026-08-29T19:23:31Z
Hummer,Hummer H3,2026-01,4.9304,google_trends,2026-08-29T19:23:31Z
Hummer,Hummer H3,2026-02,5.8549,google_trends,2026-08-29T19:23:31Z
Hummer,Hummer H3,2026-03,4.9304,google_trends,2026-08-29T19:23:31Z
Hummer,Hummer H3,2026-04,5.2386,google_trends,2026-08-29T19:23:31Z
Hummer,Hummer H3,2026-05,4.9304,google_trends,2026-08-29T19:23:31Z
Hummer,Hummer H3,2026-06,4.9304,google_trends,2026-08-29T19:23:31Z
Hummer,Hummer H3,2026-07,4.9304,google_trends,2026-08-29T19:23:31Z
Husqvarna,HUSQVARNA 701 ENDURO,2025-08,1.2329,google_trends,2026-08-29T19:23:31Z
Husqvarna,HUSQVARNA 701 ENDURO,2025-09,0.6165,google_trends,2026-08-29T19:23:31Z
Husqvarna,HUSQVARNA 701 ENDURO,2025-10,0.3082,google_trends,2026-08-29T19:23:31Z
Husqvarna,HUSQVARNA 701 ENDURO,2025-11,0.0,google_trends,2026-08-29T19:23:31Z
Husqvarna,HUSQVARNA 701 ENDURO,2025-12,0.0,google_trends,2026-08-29T19:23:31Z
Husqvarna,HUSQVARNA 701 ENDURO,2026-01,0.0,google_trends,2026-08-29T19:23:31Z
Husqvarna,HUSQVARNA 701 ENDURO,2026-02,0.9247,google_trends,2026-08-29T19:23:31Z
Husqvarna,HUSQVARNA 701 ENDURO,2026-03,0.2466,google_trends,2026-08-29T19:23:31Z
Husqvarna,HUSQVARNA 701 ENDURO,2026-04,0.9247,google_trends,2026-08-29T19:23:31Z
Husqvarna,HUSQVARNA 701 ENDURO,2026-05,1.2329,google_trends,2026-08-29T19:23:31Z
Husqvarna,HUSQVARNA 701 ENDURO,2026-06,0.3082,google_trends,2026-08-29T19:23:31Z
Husqvarna,HUSQVARNA 701 ENDURO,2026-07,0.0,google_trends,2026-08-29T19:23:31Z
Husqvarna,HUSQVARNA NORDEN,2025-08,1.2165,google_trends,2026-08-29T21:54:49Z
Husqvarna,HUSQVARNA NORDEN,2025-09,1.2165,google_trends,2026-08-29T21:54:49Z
Husqvarna,HUSQVARNA NORDEN,2025-10,1.2165,google_trends,2026-08-29T21:54:49Z
Husqvarna,HUSQVARNA NORDEN,2025-11,0.9732,google_trends,2026-08-29T21:54:49Z
Husqvarna,HUSQVARNA NORDEN,2025-12,0.0,google_trends,2026-08-29T21:54:49Z
Husqvarna,HUSQVARNA NORDEN,2026-01,0.6083,google_trends,2026-08-29T21:54:49Z
Husqvarna,HUSQVARNA NORDEN,2026-02,1.2165,google_trends,2026-08-29T21:54:49Z
Husqvarna,HUSQVARNA NORDEN,2026-03,1.2165,google_trends,2026-08-29T21:54:49Z
Husqvarna,HUSQVARNA NORDEN,2026-04,1.2165,google_trends,2026-08-29T21:54:49Z
Husqvarna,HUSQVARNA NORDEN,2026-05,1.2165,google_trends,2026-08-29T21:54:49Z
Husqvarna,HUSQVARNA NORDEN,2026-06,1.2165,google_trends,2026-08-29T21:54:49Z
Husqvarna,HUSQVARNA NORDEN,2026-07,1.2165,google_trends,2026-08-29T21:54:49Z
Husqvarna,Husqvarna WR,2025-08,0.0,google_trends,2026-08-29T19:23:31Z
Husqvarna,Husqvarna WR,2025-09,0.0,google_trends,2026-08-29T19:23:31Z
Husqvarna,Husqvarna WR,2025-10,0.3082,google_trends,2026-08-29T19:23:31Z
Husqvarna,Husqvarna WR,2025-11,0.0,google_trends,2026-08-29T19:23:31Z
Husqvarna,Husqvarna WR,2025-12,0.0,google_trends,2026-08-29T19:23:31Z
Husqvarna,Husqvarna WR,2026-01,0.0,google_trends,2026-08-29T19:23:31Z
Husqvarna,Husqvarna WR,2026-02,0.3082,google_trends,2026-08-29T19:23:31Z
Husqvarna,Husqvarna WR,2026-03,0.0,google_trends,2026-08-29T19:23:31Z
Husqvarna,Husqvarna WR,2026-04,0.0,google_trends,2026-08-29T19:23:31Z
Husqvarna,Husqvarna WR,2026-05,0.0,google_trends,2026-08-29T19:23:31Z
Husqvarna,Husqvarna WR,2026-06,0.0,google_trends,2026-08-29T19:23:31Z
Husqvarna,Husqvarna WR,2026-07,0.0,google_trends,2026-08-29T19:23:31Z
Hyundai,HYUNDAI GENESIS,2025-08,12.1655,google_trends,2026-08-29T21:54:49Z
Hyundai,HYUNDAI GENESIS,2025-09,10.9489,google_trends,2026-08-29T21:54:49Z
Hyundai,HYUNDAI GENESIS,2025-10,11.253,google_trends,2026-08-29T21:54:49Z
Hyundai,HYUNDAI GENESIS,2025-11,11.1922,google_trends,2026-08-29T21:54:49Z
Hyundai,HYUNDAI GENESIS,2025-12,10.3406,google_trends,2026-08-29T21:54:49Z
Hyundai,HYUNDAI GENESIS,2026-01,10.3406,google_trends,2026-08-29T21:54:49Z
Hyundai,HYUNDAI GENESIS,2026-02,14.2944,google_trends,2026-08-29T21:54:49Z
Hyundai,HYUNDAI GENESIS,2026-03,12.8954,google_trends,2026-08-29T21:54:49Z
Hyundai,HYUNDAI GENESIS,2026-04,14.5985,google_trends,2026-08-29T21:54:49Z
Hyundai,HYUNDAI GENESIS,2026-05,13.1387,google_trends,2026-08-29T21:54:49Z
Hyundai,HYUNDAI GENESIS,2026-06,11.8613,google_trends,2026-08-29T21:54:49Z
Hyundai,HYUNDAI GENESIS,2026-07,11.8613,google_trends,2026-08-29T21:54:49Z
Hyundai,HYUNDAI SANTA FE,2025-08,62.2871,google_trends,2026-08-29T21:54:49Z
Hyundai,HYUNDAI SANTA FE,2025-09,53.528,google_trends,2026-08-29T21:54:49Z
Hyundai,HYUNDAI SANTA FE,2025-10,52.6156,google_trends,2026-08-29T21:54:49Z
Hyundai,HYUNDAI SANTA FE,2025-11,53.0414,google_trends,2026-08-29T21:54:49Z
Hyundai,HYUNDAI SANTA FE,2025-12,51.0949,google_trends,2026-08-29T21:54:49Z
Hyundai,HYUNDAI SANTA FE,2026-01,51.7032,google_trends,2026-08-29T21:54:49Z
Hyundai,HYUNDAI SANTA FE,2026-02,58.6983,google_trends,2026-08-29T21:54:49Z
Hyundai,HYUNDAI SANTA FE,2026-03,59.6107,google_trends,2026-08-29T21:54:49Z
Hyundai,HYUNDAI SANTA FE,2026-04,59.9148,google_trends,2026-08-29T21:54:49Z
Hyundai,HYUNDAI SANTA FE,2026-05,59.1241,google_trends,2026-08-29T21:54:49Z
Hyundai,HYUNDAI SANTA FE,2026-06,58.09,google_trends,2026-08-29T21:54:49Z
Hyundai,HYUNDAI SANTA FE,2026-07,60.219,google_trends,2026-08-29T21:54:49Z
Hyundai,HYUNDAI TIBURON,2025-08,2.4331,google_trends,2026-08-29T21:54:49Z
Hyundai,HYUNDAI TIBURON,2025-09,2.4331,google_trends,2026-08-29T21:54:49Z
Hyundai,HYUNDAI TIBURON,2025-10,2.4331,google_trends,2026-08-29T21:54:49Z
Hyundai,HYUNDAI TIBURON,2025-11,2.1898,google_trends,2026-08-29T21:54:49Z
Hyundai,HYUNDAI TIBURON,2025-12,1.5207,google_trends,2026-08-29T21:54:49Z
Hyundai,HYUNDAI TIBURON,2026-01,1.5207,google_trends,2026-08-29T21:54:49Z
Hyundai,HYUNDAI TIBURON,2026-02,3.6496,google_trends,2026-08-29T21:54:49Z
Hyundai,HYUNDAI TIBURON,2026-03,2.4331,google_trends,2026-08-29T21:54:49Z
Hyundai,HYUNDAI TIBURON,2026-04,2.4331,google_trends,2026-08-29T21:54:49Z
Hyundai,HYUNDAI TIBURON,2026-05,2.4331,google_trends,2026-08-29T21:54:49Z
Hyundai,HYUNDAI TIBURON,2026-06,2.4331,google_trends,2026-08-29T21:54:49Z
Hyundai,HYUNDAI TIBURON,2026-07,2.129,google_trends,2026-08-29T21:54:49Z
Hyundai,Hyundai Equus,2025-08,1.2329,google_trends,2026-08-29T19:23:31Z
Hyundai,Hyundai Equus,2025-09,1.2329,google_trends,2026-08-29T19:23:31Z
Hyundai,Hyundai Equus,2025-10,1.2329,google_trends,2026-08-29T19:23:31Z
Hyundai,Hyundai Equus,2025-11,1.2329,google_trends,2026-08-29T19:23:31Z
Hyundai,Hyundai Equus,2025-12,1.2329,google_trends,2026-08-29T19:23:31Z
Hyundai,Hyundai Equus,2026-01,1.2329,google_trends,2026-08-29T19:23:31Z
Hyundai,Hyundai Equus,2026-02,1.5411,google_trends,2026-08-29T19:23:31Z
Hyundai,Hyundai Equus,2026-03,1.2329,google_trends,2026-08-29T19:23:31Z
Hyundai,Hyundai Equus,2026-04,1.2329,google_trends,2026-08-29T19:23:31Z
Hyundai,Hyundai Equus,2026-05,1.2329,google_trends,2026-08-29T19:23:31Z
Hyundai,Hyundai Equus,2026-06,1.2329,google_trends,2026-08-29T19:23:31Z
Hyundai,Hyundai Equus,2026-07,1.2329,google_trends,2026-08-29T19:23:31Z
Indian,Indian Chief,2025-08,9.1213,google_trends,2026-08-29T19:23:31Z
Indian,Indian Chief,2025-09,8.6282,google_trends,2026-08-29T19:23:31Z
Indian,Indian Chief,2025-10,7.0875,google_trends,2026-08-29T19:23:31Z
Indian,Indian Chief,2025-11,8.1352,google_trends,2026-08-29T19:23:31Z
Indian,Indian Chief,2025-12,8.0119,google_trends,2026-08-29T19:23:31Z
Indian,Indian Chief,2026-01,9.5527,google_trends,2026-08-29T19:23:31Z
Indian,Indian Chief,2026-02,12.6342,google_trends,2026-08-29T19:23:31Z
Indian,Indian Chief,2026-03,10.3539,google_trends,2026-08-29T19:23:31Z
Indian,Indian Chief,2026-04,10.4771,google_trends,2026-08-29T19:23:31Z
Indian,Indian Chief,2026-05,13.3121,google_trends,2026-08-29T19:23:31Z
Indian,Indian Chief,2026-06,11.0934,google_trends,2026-08-29T19:23:31Z
Indian,Indian Chief,2026-07,11.4016,google_trends,2026-08-29T19:23:31Z
Indian,Indian Scout,2025-08,8.8747,google_trends,2026-08-29T19:23:31Z
Indian,Indian Scout,2025-09,7.3956,google_trends,2026-08-29T19:23:31Z
Indian,Indian Scout,2025-10,6.163,google_trends,2026-08-29T19:23:31Z
Indian,Indian Scout,2025-11,5.67,google_trends,2026-08-29T19:23:31Z
Indian,Indian Scout,2025-12,4.9304,google_trends,2026-08-29T19:23:31Z
Indian,Indian Scout,2026-01,5.5467,google_trends,2026-08-29T19:23:31Z
Indian,Indian Scout,2026-02,7.3956,google_trends,2026-08-29T19:23:31Z
Indian,Indian Scout,2026-03,9.1213,google_trends,2026-08-29T19:23:31Z
Indian,Indian Scout,2026-04,10.7853,google_trends,2026-08-29T19:23:31Z
Indian,Indian Scout,2026-05,10.8469,google_trends,2026-08-29T19:23:31Z
Indian,Indian Scout,2026-06,9.5527,google_trends,2026-08-29T19:23:31Z
Indian,Indian Scout,2026-07,9.2445,google_trends,2026-08-29T19:23:31Z
Ineos,INEOS Grenadier,2025-08,9.8608,google_trends,2026-08-29T19:23:31Z
Ineos,INEOS Grenadier,2025-09,8.6282,google_trends,2026-08-29T19:23:31Z
Ineos,INEOS Grenadier,2025-10,8.9364,google_trends,2026-08-29T19:23:31Z
Ineos,INEOS Grenadier,2025-11,8.6282,google_trends,2026-08-29T19:23:31Z
Ineos,INEOS Grenadier,2025-12,8.9364,google_trends,2026-08-29T19:23:31Z
Ineos,INEOS Grenadier,2026-01,8.9364,google_trends,2026-08-29T19:23:31Z
Ineos,INEOS Grenadier,2026-02,9.2445,google_trends,2026-08-29T19:23:31Z
Ineos,INEOS Grenadier,2026-03,9.6143,google_trends,2026-08-29T19:23:31Z
Ineos,INEOS Grenadier,2026-04,9.2445,google_trends,2026-08-29T19:23:31Z
Ineos,INEOS Grenadier,2026-05,9.6143,google_trends,2026-08-29T19:23:31Z
Ineos,INEOS Grenadier,2026-06,8.9364,google_trends,2026-08-29T19:23:31Z
Ineos,INEOS Grenadier,2026-07,8.6282,google_trends,2026-08-29T19:23:31Z
Infiniti,FX,2025-08,1.2329,google_trends,2026-08-29T19:23:31Z
Infiniti,FX,2025-09,1.2329,google_trends,2026-08-29T19:23:31Z
Infiniti,FX,2025-10,1.2329,google_trends,2026-08-29T19:23:31Z
Infiniti,FX,2025-11,1.2329,google_trends,2026-08-29T19:23:31Z
Infiniti,FX,2025-12,0.6165,google_trends,2026-08-29T19:23:31Z
Infiniti,FX,2026-01,0.6165,google_trends,2026-08-29T19:23:31Z
Infiniti,FX,2026-02,1.2329,google_trends,2026-08-29T19:23:31Z
Infiniti,FX,2026-03,1.2329,google_trends,2026-08-29T19:23:31Z
Infiniti,FX,2026-04,1.2329,google_trends,2026-08-29T19:23:31Z
Infiniti,FX,2026-05,1.2329,google_trends,2026-08-29T19:23:31Z
Infiniti,FX,2026-06,1.2329,google_trends,2026-08-29T19:23:31Z
Infiniti,FX,2026-07,0.9247,google_trends,2026-08-29T19:23:31Z
Infiniti,FX37,2025-08,0.0,google_trends,2026-08-29T21:54:49Z
Infiniti,FX37,2025-09,0.0,google_trends,2026-08-29T21:54:49Z
Infiniti,FX37,2025-10,0.0,google_trends,2026-08-29T21:54:49Z
Infiniti,FX37,2025-11,0.0,google_trends,2026-08-29T21:54:49Z
Infiniti,FX37,2025-12,0.0,google_trends,2026-08-29T21:54:49Z
Infiniti,FX37,2026-01,0.0,google_trends,2026-08-29T21:54:49Z
Infiniti,FX37,2026-02,0.9124,google_trends,2026-08-29T21:54:49Z
Infiniti,FX37,2026-03,0.0,google_trends,2026-08-29T21:54:49Z
Infiniti,FX37,2026-04,0.0,google_trends,2026-08-29T21:54:49Z
Infiniti,FX37,2026-05,0.0,google_trends,2026-08-29T21:54:49Z
Infiniti,FX37,2026-06,0.0,google_trends,2026-08-29T21:54:49Z
Infiniti,FX37,2026-07,0.0,google_trends,2026-08-29T21:54:49Z
Infiniti,G20,2025-08,0.0,google_trends,2026-08-29T21:54:49Z
Infiniti,G20,2025-09,0.0,google_trends,2026-08-29T21:54:49Z
Infiniti,G20,2025-10,0.0,google_trends,2026-08-29T21:54:49Z
Infiniti,G20,2025-11,0.0,google_trends,2026-08-29T21:54:49Z
Infiniti,G20,2025-12,0.0,google_trends,2026-08-29T21:54:49Z
Infiniti,G20,2026-01,0.0,google_trends,2026-08-29T21:54:49Z
Infiniti,G20,2026-02,0.9124,google_trends,2026-08-29T21:54:49Z
Infiniti,G20,2026-03,0.0,google_trends,2026-08-29T21:54:49Z
Infiniti,G20,2026-04,0.0,google_trends,2026-08-29T21:54:49Z
Infiniti,G20,2026-05,0.0,google_trends,2026-08-29T21:54:49Z
Infiniti,G20,2026-06,0.0,google_trends,2026-08-29T21:54:49Z
Infiniti,G20,2026-07,0.0,google_trends,2026-08-29T21:54:49Z
Infiniti,G35 & G37,2025-08,5.9165,google_trends,2026-08-29T19:23:31Z
Infiniti,G35 & G37,2025-09,5.2386,google_trends,2026-08-29T19:23:31Z
Infiniti,G35 & G37,2025-10,4.9304,google_trends,2026-08-29T19:23:31Z
Infiniti,G35 & G37,2025-11,4.9304,google_trends,2026-08-29T19:23:31Z
Infiniti,G35 & G37,2025-12,4.9304,google_trends,2026-08-29T19:23:31Z
Infiniti,G35 & G37,2026-01,4.9304,google_trends,2026-08-29T19:23:31Z
Infiniti,G35 & G37,2026-02,8.9364,google_trends,2026-08-29T19:23:31Z
Infiniti,G35 & G37,2026-03,6.9026,google_trends,2026-08-29T19:23:31Z
Infiniti,G35 & G37,2026-04,8.3201,google_trends,2026-08-29T19:23:31Z
Infiniti,G35 & G37,2026-05,7.1491,google_trends,2026-08-29T19:23:31Z
Infiniti,G35 & G37,2026-06,6.163,google_trends,2026-08-29T19:23:31Z
Infiniti,G35 & G37,2026-07,4.9304,google_trends,2026-08-29T19:23:31Z
Infiniti,M,2025-08,0.0,google_trends,2026-08-29T19:23:31Z
Infiniti,M,2025-09,0.0,google_trends,2026-08-29T19:23:31Z
Infiniti,M,2025-10,0.0,google_trends,2026-08-29T19:23:31Z
Infiniti,M,2025-11,0.0,google_trends,2026-08-29T19:23:31Z
Infiniti,M,2025-12,0.0,google_trends,2026-08-29T19:23:31Z
Infiniti,M,2026-01,0.0,google_trends,2026-08-29T19:23:31Z
Infiniti,M,2026-02,1.2326,google_trends,2026-08-29T19:23:31Z
Infiniti,M,2026-03,0.9861,google_trends,2026-08-29T19:23:31Z
Infiniti,M,2026-04,1.2326,google_trends,2026-08-29T19:23:31Z
Infiniti,M,2026-05,1.2326,google_trends,2026-08-29T19:23:31Z
Infiniti,M,2026-06,0.6163,google_trends,2026-08-29T19:23:31Z
Infiniti,M,2026-07,0.0,google_trends,2026-08-29T19:23:31Z
Infiniti,Q45,2025-08,0.0,google_trends,2026-08-29T19:23:31Z
Infiniti,Q45,2025-09,0.0,google_trends,2026-08-29T19:23:31Z
Infiniti,Q45,2025-10,0.0,google_trends,2026-08-29T19:23:31Z
Infiniti,Q45,2025-11,0.2466,google_trends,2026-08-29T19:23:31Z
Infiniti,Q45,2025-12,0.0,google_trends,2026-08-29T19:23:31Z
Infiniti,Q45,2026-01,0.0,google_trends,2026-08-29T19:23:31Z
Infiniti,Q45,2026-02,1.2329,google_trends,2026-08-29T19:23:31Z
Infiniti,Q45,2026-03,0.4932,google_trends,2026-08-29T19:23:31Z
Infiniti,Q45,2026-04,0.0,google_trends,2026-08-29T19:23:31Z
Infiniti,Q45,2026-05,0.0,google_trends,2026-08-29T19:23:31Z
Infiniti,Q45,2026-06,0.0,google_trends,2026-08-29T19:23:31Z
Infiniti,Q45,2026-07,0.3082,google_trends,2026-08-29T19:23:31Z
Infiniti,Q60,2025-08,4.6229,google_trends,2026-08-29T21:54:49Z
Infiniti,Q60,2025-09,3.6496,google_trends,2026-08-29T21:54:49Z
Infiniti,Q60,2025-10,3.6496,google_trends,2026-08-29T21:54:49Z
Infiniti,Q60,2025-11,3.6496,google_trends,2026-08-29T21:54:49Z
Infiniti,Q60,2025-12,3.6496,google_trends,2026-08-29T21:54:49Z
Infiniti,Q60,2026-01,3.6496,google_trends,2026-08-29T21:54:49Z
Infiniti,Q60,2026-02,5.7786,google_trends,2026-08-29T21:54:49Z
Infiniti,Q60,2026-03,4.6229,google_trends,2026-08-29T21:54:49Z
Infiniti,Q60,2026-04,5.7786,google_trends,2026-08-29T21:54:49Z
Infiniti,Q60,2026-05,4.8662,google_trends,2026-08-29T21:54:49Z
Infiniti,Q60,2026-06,4.2579,google_trends,2026-08-29T21:54:49Z
Infiniti,Q60,2026-07,3.6496,google_trends,2026-08-29T21:54:49Z
Infiniti,Q60 RED SPORT,2025-08,0.2433,google_trends,2026-08-29T21:54:49Z
Infiniti,Q60 RED SPORT,2025-09,0.0,google_trends,2026-08-29T21:54:49Z
Infiniti,Q60 RED SPORT,2025-10,0.0,google_trends,2026-08-29T21:54:49Z
Infiniti,Q60 RED SPORT,2025-11,0.0,google_trends,2026-08-29T21:54:49Z
Infiniti,Q60 RED SPORT,2025-12,0.0,google_trends,2026-08-29T21:54:49Z
Infiniti,Q60 RED SPORT,2026-01,0.0,google_trends,2026-08-29T21:54:49Z
Infiniti,Q60 RED SPORT,2026-02,0.3041,google_trends,2026-08-29T21:54:49Z
Infiniti,Q60 RED SPORT,2026-03,0.4866,google_trends,2026-08-29T21:54:49Z
Infiniti,Q60 RED SPORT,2026-04,0.9124,google_trends,2026-08-29T21:54:49Z
Infiniti,Q60 RED SPORT,2026-05,0.4866,google_trends,2026-08-29T21:54:49Z
Infiniti,Q60 RED SPORT,2026-06,0.0,google_trends,2026-08-29T21:54:49Z
Infiniti,Q60 RED SPORT,2026-07,0.0,google_trends,2026-08-29T21:54:49Z
Infiniti,QX50,2025-08,3.6496,google_trends,2026-08-29T21:54:49Z
Infiniti,QX50,2025-09,3.6496,google_trends,2026-08-29T21:54:49Z
Infiniti,QX50,2025-10,3.3455,google_trends,2026-08-29T21:54:49Z
Infiniti,QX50,2025-11,3.6496,google_trends,2026-08-29T21:54:49Z
Infiniti,QX50,2025-12,3.6496,google_trends,2026-08-29T21:54:49Z
Infiniti,QX50,2026-01,3.3455,google_trends,2026-08-29T21:54:49Z
Infiniti,QX50,2026-02,4.8662,google_trends,2026-08-29T21:54:49Z
Infiniti,QX50,2026-03,3.8929,google_trends,2026-08-29T21:54:49Z
Infiniti,QX50,2026-04,4.2579,google_trends,2026-08-29T21:54:49Z
Infiniti,QX50,2026-05,3.6496,google_trends,2026-08-29T21:54:49Z
Infiniti,QX50,2026-06,3.6496,google_trends,2026-08-29T21:54:49Z
Infiniti,QX50,2026-07,3.6496,google_trends,2026-08-29T21:54:49Z
Infiniti,QX56,2025-08,1.2165,google_trends,2026-08-29T21:54:49Z
Infiniti,QX56,2025-09,1.2165,google_trends,2026-08-29T21:54:49Z
Infiniti,QX56,2025-10,1.2165,google_trends,2026-08-29T21:54:49Z
Infiniti,QX56,2025-11,1.2165,google_trends,2026-08-29T21:54:49Z
Infiniti,QX56,2025-12,1.2165,google_trends,2026-08-29T21:54:49Z
Infiniti,QX56,2026-01,1.2165,google_trends,2026-08-29T21:54:49Z
Infiniti,QX56,2026-02,3.6496,google_trends,2026-08-29T21:54:49Z
Infiniti,QX56,2026-03,1.7032,google_trends,2026-08-29T21:54:49Z
Infiniti,QX56,2026-04,2.4331,google_trends,2026-08-29T21:54:49Z
Infiniti,QX56,2026-05,1.2165,google_trends,2026-08-29T21:54:49Z
Infiniti,QX56,2026-06,1.5207,google_trends,2026-08-29T21:54:49Z
Infiniti,QX56,2026-07,1.2165,google_trends,2026-08-29T21:54:49Z
Infiniti,QX80,2025-08,7.3975,google_trends,2026-08-29T19:23:31Z
Infiniti,QX80,2025-09,6.7811,google_trends,2026-08-29T19:23:31Z
Infiniti,QX80,2025-10,6.4728,google_trends,2026-08-29T19:23:31Z
Infiniti,QX80,2025-11,7.1509,google_trends,2026-08-29T19:23:31Z
Infiniti,QX80,2025-12,6.1646,google_trends,2026-08-29T19:23:31Z
Infiniti,QX80,2026-01,6.1646,google_trends,2026-08-29T19:23:31Z
Infiniti,QX80,2026-02,8.014,google_trends,2026-08-29T19:23:31Z
Infiniti,QX80,2026-03,7.3975,google_trends,2026-08-29T19:23:31Z
Infiniti,QX80,2026-04,7.7057,google_trends,2026-08-29T19:23:31Z
Infiniti,QX80,2026-05,7.6441,google_trends,2026-08-29T19:23:31Z
Infiniti,QX80,2026-06,7.0893,google_trends,2026-08-29T19:23:31Z
Infiniti,QX80,2026-07,6.4728,google_trends,2026-08-29T19:23:31Z
Isuzu,ISUZU HOMBRE,2025-08,0.0,google_trends,2026-08-29T21:54:49Z
Isuzu,ISUZU HOMBRE,2025-09,0.0,google_trends,2026-08-29T21:54:49Z
Isuzu,ISUZU HOMBRE,2025-10,0.0,google_trends,2026-08-29T21:54:49Z
Isuzu,ISUZU HOMBRE,2025-11,0.0,google_trends,2026-08-29T21:54:49Z
Isuzu,ISUZU HOMBRE,2025-12,0.0,google_trends,2026-08-29T21:54:49Z
Isuzu,ISUZU HOMBRE,2026-01,0.0,google_trends,2026-08-29T21:54:49Z
Isuzu,ISUZU HOMBRE,2026-02,0.9124,google_trends,2026-08-29T21:54:49Z
Isuzu,ISUZU HOMBRE,2026-03,0.0,google_trends,2026-08-29T21:54:49Z
Isuzu,ISUZU HOMBRE,2026-04,0.0,google_trends,2026-08-29T21:54:49Z
Isuzu,ISUZU HOMBRE,2026-05,0.0,google_trends,2026-08-29T21:54:49Z
Isuzu,ISUZU HOMBRE,2026-06,0.0,google_trends,2026-08-29T21:54:49Z
Isuzu,ISUZU HOMBRE,2026-07,0.0,google_trends,2026-08-29T21:54:49Z
Isuzu,ISUZU PICKUP,2025-08,1.2165,google_trends,2026-08-29T21:54:49Z
Isuzu,ISUZU PICKUP,2025-09,1.2165,google_trends,2026-08-29T21:54:49Z
Isuzu,ISUZU PICKUP,2025-10,1.2165,google_trends,2026-08-29T21:54:49Z
Isuzu,ISUZU PICKUP,2025-11,1.4599,google_trends,2026-08-29T21:54:49Z
Isuzu,ISUZU PICKUP,2025-12,1.8248,google_trends,2026-08-29T21:54:49Z
Isuzu,ISUZU PICKUP,2026-01,2.129,google_trends,2026-08-29T21:54:49Z
Isuzu,ISUZU PICKUP,2026-02,2.7372,google_trends,2026-08-29T21:54:49Z
Isuzu,ISUZU PICKUP,2026-03,1.4599,google_trends,2026-08-29T21:54:49Z
Isuzu,ISUZU PICKUP,2026-04,1.2165,google_trends,2026-08-29T21:54:49Z
Isuzu,ISUZU PICKUP,2026-05,1.2165,google_trends,2026-08-29T21:54:49Z
Isuzu,ISUZU PICKUP,2026-06,1.2165,google_trends,2026-08-29T21:54:49Z
Isuzu,ISUZU PICKUP,2026-07,1.2165,google_trends,2026-08-29T21:54:49Z
Isuzu,ISUZU RODEO,2025-08,1.7032,google_trends,2026-08-29T21:54:49Z
Isuzu,ISUZU RODEO,2025-09,1.2165,google_trends,2026-08-29T21:54:49Z
Isuzu,ISUZU RODEO,2025-10,1.2165,google_trends,2026-08-29T21:54:49Z
Isuzu,ISUZU RODEO,2025-11,1.2165,google_trends,2026-08-29T21:54:49Z
Isuzu,ISUZU RODEO,2025-12,1.2165,google_trends,2026-08-29T21:54:49Z
Isuzu,ISUZU RODEO,2026-01,1.2165,google_trends,2026-08-29T21:54:49Z
Isuzu,ISUZU RODEO,2026-02,3.0414,google_trends,2026-08-29T21:54:49Z
Isuzu,ISUZU RODEO,2026-03,1.9465,google_trends,2026-08-29T21:54:49Z
Isuzu,ISUZU RODEO,2026-04,1.8248,google_trends,2026-08-29T21:54:49Z
Isuzu,ISUZU RODEO,2026-05,1.7032,google_trends,2026-08-29T21:54:49Z
Isuzu,ISUZU RODEO,2026-06,1.2165,google_trends,2026-08-29T21:54:49Z
Isuzu,ISUZU RODEO,2026-07,1.2165,google_trends,2026-08-29T21:54:49Z
Isuzu,Isuzu Elf,2025-08,2.4658,google_trends,2026-08-29T19:23:31Z
Isuzu,Isuzu Elf,2025-09,2.4658,google_trends,2026-08-29T19:23:31Z
Isuzu,Isuzu Elf,2025-10,2.4658,google_trends,2026-08-29T19:23:31Z
Isuzu,Isuzu Elf,2025-11,2.4658,google_trends,2026-08-29T19:23:31Z
Isuzu,Isuzu Elf,2025-12,2.4658,google_trends,2026-08-29T19:23:31Z
Isuzu,Isuzu Elf,2026-01,2.4658,google_trends,2026-08-29T19:23:31Z
Isuzu,Isuzu Elf,2026-02,2.4658,google_trends,2026-08-29T19:23:31Z
Isuzu,Isuzu Elf,2026-03,2.4658,google_trends,2026-08-29T19:23:31Z
Isuzu,Isuzu Elf,2026-04,2.4658,google_trends,2026-08-29T19:23:31Z
Isuzu,Isuzu Elf,2026-05,2.4658,google_trends,2026-08-29T19:23:31Z
Isuzu,Isuzu Elf,2026-06,2.4658,google_trends,2026-08-29T19:23:31Z
Isuzu,Isuzu Elf,2026-07,2.4658,google_trends,2026-08-29T19:23:31Z
Isuzu,Isuzu Trooper,2025-08,2.4652,google_trends,2026-08-29T19:23:31Z
Isuzu,Isuzu Trooper,2025-09,2.4652,google_trends,2026-08-29T19:23:31Z
Isuzu,Isuzu Trooper,2025-10,2.4652,google_trends,2026-08-29T19:23:31Z
Isuzu,Isuzu Trooper,2025-11,2.4652,google_trends,2026-08-29T19:23:31Z
Isuzu,Isuzu Trooper,2025-12,2.4652,google_trends,2026-08-29T19:23:31Z
Isuzu,Isuzu Trooper,2026-01,2.4652,google_trends,2026-08-29T19:23:31Z
Isuzu,Isuzu Trooper,2026-02,3.0815,google_trends,2026-08-29T19:23:31Z
Isuzu,Isuzu Trooper,2026-03,2.4652,google_trends,2026-08-29T19:23:31Z
Isuzu,Isuzu Trooper,2026-04,2.4652,google_trends,2026-08-29T19:23:31Z
Isuzu,Isuzu Trooper,2026-05,2.4652,google_trends,2026-08-29T19:23:31Z
Isuzu,Isuzu Trooper,2026-06,2.4652,google_trends,2026-08-29T19:23:31Z
Isuzu,Isuzu Trooper,2026-07,2.4652,google_trends,2026-08-29T19:23:31Z
Isuzu,Isuzu VehiCROSS,2025-08,0.0,google_trends,2026-08-29T19:23:31Z
Isuzu,Isuzu VehiCROSS,2025-09,0.0,google_trends,2026-08-29T19:23:31Z
Isuzu,Isuzu VehiCROSS,2025-10,0.0,google_trends,2026-08-29T19:23:31Z
Isuzu,Isuzu VehiCROSS,2025-11,0.0,google_trends,2026-08-29T19:23:31Z
Isuzu,Isuzu VehiCROSS,2025-12,0.0,google_trends,2026-08-29T19:23:31Z
Isuzu,Isuzu VehiCROSS,2026-01,0.0,google_trends,2026-08-29T19:23:31Z
Isuzu,Isuzu VehiCROSS,2026-02,0.6165,google_trends,2026-08-29T19:23:31Z
Isuzu,Isuzu VehiCROSS,2026-03,0.0,google_trends,2026-08-29T19:23:31Z
Isuzu,Isuzu VehiCROSS,2026-04,0.0,google_trends,2026-08-29T19:23:31Z
Isuzu,Isuzu VehiCROSS,2026-05,0.0,google_trends,2026-08-29T19:23:31Z
Isuzu,Isuzu VehiCROSS,2026-06,0.0,google_trends,2026-08-29T19:23:31Z
Isuzu,Isuzu VehiCROSS,2026-07,0.0,google_trends,2026-08-29T19:23:31Z
Jaguar,F PACE,2025-08,7.6441,google_trends,2026-08-29T19:23:31Z
Jaguar,F PACE,2025-09,7.3975,google_trends,2026-08-29T19:23:31Z
Jaguar,F PACE,2025-10,7.7057,google_trends,2026-08-29T19:23:31Z
Jaguar,F PACE,2025-11,6.9043,google_trends,2026-08-29T19:23:31Z
Jaguar,F PACE,2025-12,6.7811,google_trends,2026-08-29T19:23:31Z
Jaguar,F PACE,2026-01,7.7057,google_trends,2026-08-29T19:23:31Z
Jaguar,F PACE,2026-02,7.3975,google_trends,2026-08-29T19:23:31Z
Jaguar,F PACE,2026-03,8.877,google_trends,2026-08-29T19:23:31Z
Jaguar,F PACE,2026-04,8.9387,google_trends,2026-08-29T19:23:31Z
Jaguar,F PACE,2026-05,9.1236,google_trends,2026-08-29T19:23:31Z
Jaguar,F PACE,2026-06,8.3222,google_trends,2026-08-29T19:23:31Z
Jaguar,F PACE,2026-07,8.6304,google_trends,2026-08-29T19:23:31Z
Jaguar,F PACE SVR,2025-08,0.0,google_trends,2026-08-29T21:54:49Z
Jaguar,F PACE SVR,2025-09,0.0,google_trends,2026-08-29T21:54:49Z
Jaguar,F PACE SVR,2025-10,0.0,google_trends,2026-08-29T21:54:49Z
Jaguar,F PACE SVR,2025-11,0.0,google_trends,2026-08-29T21:54:49Z
Jaguar,F PACE SVR,2025-12,0.0,google_trends,2026-08-29T21:54:49Z
Jaguar,F PACE SVR,2026-01,0.0,google_trends,2026-08-29T21:54:49Z
Jaguar,F PACE SVR,2026-02,0.0,google_trends,2026-08-29T21:54:49Z
Jaguar,F PACE SVR,2026-03,0.4866,google_trends,2026-08-29T21:54:49Z
Jaguar,F PACE SVR,2026-04,0.6083,google_trends,2026-08-29T21:54:49Z
Jaguar,F PACE SVR,2026-05,0.4866,google_trends,2026-08-29T21:54:49Z
Jaguar,F PACE SVR,2026-06,0.6083,google_trends,2026-08-29T21:54:49Z
Jaguar,F PACE SVR,2026-07,0.3041,google_trends,2026-08-29T21:54:49Z
Jaguar,F-Type,2025-08,3.6959,google_trends,2026-08-29T19:23:31Z
Jaguar,F-Type,2025-09,3.6959,google_trends,2026-08-29T19:23:31Z
Jaguar,F-Type,2025-10,2.7719,google_trends,2026-08-29T19:23:31Z
Jaguar,F-Type,2025-11,2.4639,google_trends,2026-08-29T19:23:31Z
Jaguar,F-Type,2025-12,2.4639,google_trends,2026-08-29T19:23:31Z
Jaguar,F-Type,2026-01,2.4639,google_trends,2026-08-29T19:23:31Z
Jaguar,F-Type,2026-02,4.0039,google_trends,2026-08-29T19:23:31Z
Jaguar,F-Type,2026-03,3.4495,google_trends,2026-08-29T19:23:31Z
Jaguar,F-Type,2026-04,3.0799,google_trends,2026-08-29T19:23:31Z
Jaguar,F-Type,2026-05,3.2031,google_trends,2026-08-29T19:23:31Z
Jaguar,F-Type,2026-06,3.0799,google_trends,2026-08-29T19:23:31Z
Jaguar,F-Type,2026-07,2.7719,google_trends,2026-08-29T19:23:31Z
Jaguar,S-Type,2025-08,1.2326,google_trends,2026-08-29T19:23:31Z
Jaguar,S-Type,2025-09,1.2326,google_trends,2026-08-29T19:23:31Z
Jaguar,S-Type,2025-10,1.2326,google_trends,2026-08-29T19:23:31Z
Jaguar,S-Type,2025-11,1.2326,google_trends,2026-08-29T19:23:31Z
Jaguar,S-Type,2025-12,1.2326,google_trends,2026-08-29T19:23:31Z
Jaguar,S-Type,2026-01,0.9245,google_trends,2026-08-29T19:23:31Z
Jaguar,S-Type,2026-02,1.8489,google_trends,2026-08-29T19:23:31Z
Jaguar,S-Type,2026-03,1.2326,google_trends,2026-08-29T19:23:31Z
Jaguar,S-Type,2026-04,1.2326,google_trends,2026-08-29T19:23:31Z
Jaguar,S-Type,2026-05,1.2326,google_trends,2026-08-29T19:23:31Z
Jaguar,S-Type,2026-06,1.2326,google_trends,2026-08-29T19:23:31Z
Jaguar,S-Type,2026-07,1.2326,google_trends,2026-08-29T19:23:31Z
Jaguar,X-Type,2025-08,1.2329,google_trends,2026-08-29T19:23:31Z
Jaguar,X-Type,2025-09,1.2329,google_trends,2026-08-29T19:23:31Z
Jaguar,X-Type,2025-10,1.2329,google_trends,2026-08-29T19:23:31Z
Jaguar,X-Type,2025-11,1.2329,google_trends,2026-08-29T19:23:31Z
Jaguar,X-Type,2025-12,0.9247,google_trends,2026-08-29T19:23:31Z
Jaguar,X-Type,2026-01,1.2329,google_trends,2026-08-29T19:23:31Z
Jaguar,X-Type,2026-02,1.5411,google_trends,2026-08-29T19:23:31Z
Jaguar,X-Type,2026-03,1.2329,google_trends,2026-08-29T19:23:31Z
Jaguar,X-Type,2026-04,1.2329,google_trends,2026-08-29T19:23:31Z
Jaguar,X-Type,2026-05,1.2329,google_trends,2026-08-29T19:23:31Z
Jaguar,X-Type,2026-06,1.2329,google_trends,2026-08-29T19:23:31Z
Jaguar,X-Type,2026-07,1.2329,google_trends,2026-08-29T19:23:31Z
Jaguar,XE,2025-08,6.0827,google_trends,2026-08-29T21:54:49Z
Jaguar,XE,2025-09,6.0827,google_trends,2026-08-29T21:54:49Z
Jaguar,XE,2025-10,6.0827,google_trends,2026-08-29T21:54:49Z
Jaguar,XE,2025-11,5.1095,google_trends,2026-08-29T21:54:49Z
Jaguar,XE,2025-12,4.8662,google_trends,2026-08-29T21:54:49Z
Jaguar,XE,2026-01,4.8662,google_trends,2026-08-29T21:54:49Z
Jaguar,XE,2026-02,6.691,google_trends,2026-08-29T21:54:49Z
Jaguar,XE,2026-03,6.0827,google_trends,2026-08-29T21:54:49Z
Jaguar,XE,2026-04,6.691,google_trends,2026-08-29T21:54:49Z
Jaguar,XE,2026-05,6.0827,google_trends,2026-08-29T21:54:49Z
Jaguar,XE,2026-06,6.0827,google_trends,2026-08-29T21:54:49Z
Jaguar,XE,2026-07,6.0827,google_trends,2026-08-29T21:54:49Z
Jaguar,XF,2025-08,12.5725,google_trends,2026-08-29T19:23:31Z
Jaguar,XF,2025-09,12.9423,google_trends,2026-08-29T19:23:31Z
Jaguar,XF,2025-10,12.326,google_trends,2026-08-29T19:23:31Z
Jaguar,XF,2025-11,11.3399,google_trends,2026-08-29T19:23:31Z
Jaguar,XF,2025-12,10.4771,google_trends,2026-08-29T19:23:31Z
Jaguar,XF,2026-01,11.4016,google_trends,2026-08-29T19:23:31Z
Jaguar,XF,2026-02,14.7912,google_trends,2026-08-29T19:23:31Z
Jaguar,XF,2026-03,13.8051,google_trends,2026-08-29T19:23:31Z
Jaguar,XF,2026-04,13.2505,google_trends,2026-08-29T19:23:31Z
Jaguar,XF,2026-05,12.5725,google_trends,2026-08-29T19:23:31Z
Jaguar,XF,2026-06,12.326,google_trends,2026-08-29T19:23:31Z
Jaguar,XF,2026-07,12.326,google_trends,2026-08-29T19:23:31Z
Jaguar,XJ220,2025-08,1.2165,google_trends,2026-08-29T21:54:49Z
Jaguar,XJ220,2025-09,0.6083,google_trends,2026-08-29T21:54:49Z
Jaguar,XJ220,2025-10,1.2165,google_trends,2026-08-29T21:54:49Z
Jaguar,XJ220,2025-11,0.4866,google_trends,2026-08-29T21:54:49Z
Jaguar,XJ220,2025-12,0.9124,google_trends,2026-08-29T21:54:49Z
Jaguar,XJ220,2026-01,0.9124,google_trends,2026-08-29T21:54:49Z
Jaguar,XJ220,2026-02,0.0,google_trends,2026-08-29T21:54:49Z
Jaguar,XJ220,2026-03,0.4866,google_trends,2026-08-29T21:54:49Z
Jaguar,XJ220,2026-04,0.9124,google_trends,2026-08-29T21:54:49Z
Jaguar,XJ220,2026-05,0.4866,google_trends,2026-08-29T21:54:49Z
Jaguar,XJ220,2026-06,1.2165,google_trends,2026-08-29T21:54:49Z
Jaguar,XJ220,2026-07,0.6083,google_trends,2026-08-29T21:54:49Z
Jaguar,XJS,2025-08,2.4331,google_trends,2026-08-29T21:54:49Z
Jaguar,XJS,2025-09,2.4331,google_trends,2026-08-29T21:54:49Z
Jaguar,XJS,2025-10,2.4331,google_trends,2026-08-29T21:54:49Z
Jaguar,XJS,2025-11,1.4599,google_trends,2026-08-29T21:54:49Z
Jaguar,XJS,2025-12,1.2165,google_trends,2026-08-29T21:54:49Z
Jaguar,XJS,2026-01,1.2165,google_trends,2026-08-29T21:54:49Z
Jaguar,XJS,2026-02,2.129,google_trends,2026-08-29T21:54:49Z
Jaguar,XJS,2026-03,1.9465,google_trends,2026-08-29T21:54:49Z
Jaguar,XJS,2026-04,2.4331,google_trends,2026-08-29T21:54:49Z
Jaguar,XJS,2026-05,2.1898,google_trends,2026-08-29T21:54:49Z
Jaguar,XJS,2026-06,2.129,google_trends,2026-08-29T21:54:49Z
Jaguar,XJS,2026-07,2.4331,google_trends,2026-08-29T21:54:49Z
Jaguar,XK,2025-08,2.4652,google_trends,2026-08-29T19:23:31Z
Jaguar,XK,2025-09,2.4652,google_trends,2026-08-29T19:23:31Z
Jaguar,XK,2025-10,2.1571,google_trends,2026-08-29T19:23:31Z
Jaguar,XK,2025-11,2.2187,google_trends,2026-08-29T19:23:31Z
Jaguar,XK,2025-12,1.8489,google_trends,2026-08-29T19:23:31Z
Jaguar,XK,2026-01,1.8489,google_trends,2026-08-29T19:23:31Z
Jaguar,XK,2026-02,3.0815,google_trends,2026-08-29T19:23:31Z
Jaguar,XK,2026-03,2.4652,google_trends,2026-08-29T19:23:31Z
Jaguar,XK,2026-04,2.4652,google_trends,2026-08-29T19:23:31Z
Jaguar,XK,2026-05,2.4652,google_trends,2026-08-29T19:23:31Z
Jaguar,XK,2026-06,2.4652,google_trends,2026-08-29T19:23:31Z
Jaguar,XK,2026-07,2.4652,google_trends,2026-08-29T19:23:31Z
Jaguar,XK120,2025-08,0.0,google_trends,2026-08-29T19:23:31Z
Jaguar,XK120,2025-09,0.7,google_trends,2026-08-29T19:23:31Z
Jaguar,XK120,2025-10,0.0,google_trends,2026-08-29T19:23:31Z
Jaguar,XK120,2025-11,0.0,google_trends,2026-08-29T19:23:31Z
Jaguar,XK120,2025-12,0.0,google_trends,2026-08-29T19:23:31Z
Jaguar,XK120,2026-01,0.35,google_trends,2026-08-29T19:23:31Z
Jaguar,XK120,2026-02,0.0,google_trends,2026-08-29T19:23:31Z
Jaguar,XK120,2026-03,0.0,google_trends,2026-08-29T19:23:31Z
Jaguar,XK120,2026-04,0.35,google_trends,2026-08-29T19:23:31Z
Jaguar,XK120,2026-05,0.28,google_trends,2026-08-29T19:23:31Z
Jaguar,XK120,2026-06,0.0,google_trends,2026-08-29T19:23:31Z
Jaguar,XK120,2026-07,0.35,google_trends,2026-08-29T19:23:31Z
Jaguar,XK8,2025-08,2.0908,google_trends,2026-08-29T19:23:31Z
Jaguar,XK8,2025-09,2.0908,google_trends,2026-08-29T19:23:31Z
Jaguar,XK8,2025-10,2.0908,google_trends,2026-08-29T19:23:31Z
Jaguar,XK8,2025-11,1.6726,google_trends,2026-08-29T19:23:31Z
Jaguar,XK8,2025-12,1.5681,google_trends,2026-08-29T19:23:31Z
Jaguar,XK8,2026-01,2.0908,google_trends,2026-08-29T19:23:31Z
Jaguar,XK8,2026-02,2.0908,google_trends,2026-08-29T19:23:31Z
Jaguar,XK8,2026-03,2.0908,google_trends,2026-08-29T19:23:31Z
Jaguar,XK8,2026-04,2.0908,google_trends,2026-08-29T19:23:31Z
Jaguar,XK8,2026-05,2.0908,google_trends,2026-08-29T19:23:31Z
Jaguar,XK8,2026-06,2.0908,google_trends,2026-08-29T19:23:31Z
Jaguar,XK8,2026-07,2.0908,google_trends,2026-08-29T19:23:31Z
Jaguar,XKR,2025-08,2.2175,google_trends,2026-08-29T19:23:31Z
Jaguar,XKR,2025-09,1.232,google_trends,2026-08-29T19:23:31Z
Jaguar,XKR,2025-10,1.232,google_trends,2026-08-29T19:23:31Z
Jaguar,XKR,2025-11,1.232,google_trends,2026-08-29T19:23:31Z
Jaguar,XKR,2025-12,1.232,google_trends,2026-08-29T19:23:31Z
Jaguar,XKR,2026-01,1.232,google_trends,2026-08-29T19:23:31Z
Jaguar,XKR,2026-02,2.4639,google_trends,2026-08-29T19:23:31Z
Jaguar,XKR,2026-03,1.7248,google_trends,2026-08-29T19:23:31Z
Jaguar,XKR,2026-04,2.4639,google_trends,2026-08-29T19:23:31Z
Jaguar,XKR,2026-05,2.2175,google_trends,2026-08-29T19:23:31Z
Jaguar,XKR,2026-06,2.1559,google_trends,2026-08-29T19:23:31Z
Jaguar,XKR,2026-07,2.4639,google_trends,2026-08-29T19:23:31Z
Jawa,JAWA,2025-08,346.988,google_trends,2026-08-29T21:54:49Z
Jawa,JAWA,2025-09,358.0034,google_trends,2026-08-29T21:54:49Z
Jawa,JAWA,2025-10,344.2341,google_trends,2026-08-29T21:54:49Z
Jawa,JAWA,2025-11,355.2496,google_trends,2026-08-29T21:54:49Z
Jawa,JAWA,2025-12,314.9742,google_trends,2026-08-29T21:54:49Z
Jawa,JAWA,2026-01,344.2341,google_trends,2026-08-29T21:54:49Z
Jawa,JAWA,2026-02,339.0706,google_trends,2026-08-29T21:54:49Z
Jawa,JAWA,2026-03,307.0568,google_trends,2026-08-29T21:54:49Z
Jawa,JAWA,2026-04,342.5129,google_trends,2026-08-29T21:54:49Z
Jawa,JAWA,2026-05,353.8726,google_trends,2026-08-29T21:54:49Z
Jawa,JAWA,2026-06,339.0706,google_trends,2026-08-29T21:54:49Z
Jawa,JAWA,2026-07,299.4836,google_trends,2026-08-29T21:54:49Z
Jeep,JEEP COMMANDER,2025-08,8.2725,google_trends,2026-08-29T21:54:49Z
Jeep,JEEP COMMANDER,2025-09,7.2993,google_trends,2026-08-29T21:54:49Z
Jeep,JEEP COMMANDER,2025-10,7.2993,google_trends,2026-08-29T21:54:49Z
Jeep,JEEP COMMANDER,2025-11,7.056,google_trends,2026-08-29T21:54:49Z
Jeep,JEEP COMMANDER,2025-12,7.2993,google_trends,2026-08-29T21:54:49Z
Jeep,JEEP COMMANDER,2026-01,7.2993,google_trends,2026-08-29T21:54:49Z
Jeep,JEEP COMMANDER,2026-02,9.1241,google_trends,2026-08-29T21:54:49Z
Jeep,JEEP COMMANDER,2026-03,7.5426,google_trends,2026-08-29T21:54:49Z
Jeep,JEEP COMMANDER,2026-04,7.9075,google_trends,2026-08-29T21:54:49Z
Jeep,JEEP COMMANDER,2026-05,7.5426,google_trends,2026-08-29T21:54:49Z
Jeep,JEEP COMMANDER,2026-06,6.9951,google_trends,2026-08-29T21:54:49Z
Jeep,JEEP COMMANDER,2026-07,6.691,google_trends,2026-08-29T21:54:49Z
Jeep,JEEP LIBERTY,2025-08,13.5621,google_trends,2026-08-29T19:23:31Z
Jeep,JEEP LIBERTY,2025-09,13.2539,google_trends,2026-08-29T19:23:31Z
Jeep,JEEP LIBERTY,2025-10,12.6374,google_trends,2026-08-29T19:23:31Z
Jeep,JEEP LIBERTY,2025-11,12.5758,google_trends,2026-08-29T19:23:31Z
Jeep,JEEP LIBERTY,2025-12,12.3292,google_trends,2026-08-29T19:23:31Z
Jeep,JEEP LIBERTY,2026-01,12.6374,google_trends,2026-08-29T19:23:31Z
Jeep,JEEP LIBERTY,2026-02,17.2609,google_trends,2026-08-29T19:23:31Z
Jeep,JEEP LIBERTY,2026-03,14.795,google_trends,2026-08-29T19:23:31Z
Jeep,JEEP LIBERTY,2026-04,15.4115,google_trends,2026-08-29T19:23:31Z
Jeep,JEEP LIBERTY,2026-05,16.0279,google_trends,2026-08-29T19:23:31Z
Jeep,JEEP LIBERTY,2026-06,15.4115,google_trends,2026-08-29T19:23:31Z
Jeep,JEEP LIBERTY,2026-07,13.5621,google_trends,2026-08-29T19:23:31Z
Jeep,JEEP PATRIOT,2025-08,13.6253,google_trends,2026-08-29T21:54:49Z
Jeep,JEEP PATRIOT,2025-09,12.7737,google_trends,2026-08-29T21:54:49Z
Jeep,JEEP PATRIOT,2025-10,12.7737,google_trends,2026-08-29T21:54:49Z
Jeep,JEEP PATRIOT,2025-11,13.1387,google_trends,2026-08-29T21:54:49Z
Jeep,JEEP PATRIOT,2025-12,12.4696,google_trends,2026-08-29T21:54:49Z
Jeep,JEEP PATRIOT,2026-01,12.7737,google_trends,2026-08-29T21:54:49Z
Jeep,JEEP PATRIOT,2026-02,14.9027,google_trends,2026-08-29T21:54:49Z
Jeep,JEEP PATRIOT,2026-03,14.5985,google_trends,2026-08-29T21:54:49Z
Jeep,JEEP PATRIOT,2026-04,14.9027,google_trends,2026-08-29T21:54:49Z
Jeep,JEEP PATRIOT,2026-05,15.0852,google_trends,2026-08-29T21:54:49Z
Jeep,JEEP PATRIOT,2026-06,13.9903,google_trends,2026-08-29T21:54:49Z
Jeep,JEEP PATRIOT,2026-07,14.2944,google_trends,2026-08-29T21:54:49Z
Jeep,Jeep Comanche,2025-08,1.2326,google_trends,2026-08-29T19:23:31Z
Jeep,Jeep Comanche,2025-09,1.2326,google_trends,2026-08-29T19:23:31Z
Jeep,Jeep Comanche,2025-10,1.2326,google_trends,2026-08-29T19:23:31Z
Jeep,Jeep Comanche,2025-11,1.2326,google_trends,2026-08-29T19:23:31Z
Jeep,Jeep Comanche,2025-12,1.2326,google_trends,2026-08-29T19:23:31Z
Jeep,Jeep Comanche,2026-01,1.2326,google_trends,2026-08-29T19:23:31Z
Jeep,Jeep Comanche,2026-02,1.8489,google_trends,2026-08-29T19:23:31Z
Jeep,Jeep Comanche,2026-03,1.2326,google_trends,2026-08-29T19:23:31Z
Jeep,Jeep Comanche,2026-04,1.2326,google_trends,2026-08-29T19:23:31Z
Jeep,Jeep Comanche,2026-05,1.2326,google_trends,2026-08-29T19:23:31Z
Jeep,Jeep Comanche,2026-06,1.2326,google_trends,2026-08-29T19:23:31Z
Jeep,Jeep Comanche,2026-07,1.2326,google_trends,2026-08-29T19:23:31Z
Jeep,Jeep JT Gladiator,2025-08,0.0,google_trends,2026-08-29T19:23:31Z
Jeep,Jeep JT Gladiator,2025-09,0.0,google_trends,2026-08-29T19:23:31Z
Jeep,Jeep JT Gladiator,2025-10,0.0,google_trends,2026-08-29T19:23:31Z
Jeep,Jeep JT Gladiator,2025-11,0.0,google_trends,2026-08-29T19:23:31Z
Jeep,Jeep JT Gladiator,2025-12,0.0,google_trends,2026-08-29T19:23:31Z
Jeep,Jeep JT Gladiator,2026-01,0.0,google_trends,2026-08-29T19:23:31Z
Jeep,Jeep JT Gladiator,2026-02,1.2326,google_trends,2026-08-29T19:23:31Z
Jeep,Jeep JT Gladiator,2026-03,0.7396,google_trends,2026-08-29T19:23:31Z
Jeep,Jeep JT Gladiator,2026-04,2.1571,google_trends,2026-08-29T19:23:31Z
Jeep,Jeep JT Gladiator,2026-05,1.2326,google_trends,2026-08-29T19:23:31Z
Jeep,Jeep JT Gladiator,2026-06,1.2326,google_trends,2026-08-29T19:23:31Z
Jeep,Jeep JT Gladiator,2026-07,0.0,google_trends,2026-08-29T19:23:31Z
Jeep,Jeep Liberty,2025-08,13.8686,google_trends,2026-08-29T21:54:49Z
Jeep,Jeep Liberty,2025-09,12.7737,google_trends,2026-08-29T21:54:49Z
Jeep,Jeep Liberty,2025-10,12.7737,google_trends,2026-08-29T21:54:49Z
Jeep,Jeep Liberty,2025-11,12.6521,google_trends,2026-08-29T21:54:49Z
Jeep,Jeep Liberty,2025-12,12.1655,google_trends,2026-08-29T21:54:49Z
Jeep,Jeep Liberty,2026-01,13.0779,google_trends,2026-08-29T21:54:49Z
Jeep,Jeep Liberty,2026-02,17.3358,google_trends,2026-08-29T21:54:49Z
Jeep,Jeep Liberty,2026-03,14.3552,google_trends,2026-08-29T21:54:49Z
Jeep,Jeep Liberty,2026-04,15.5109,google_trends,2026-08-29T21:54:49Z
Jeep,Jeep Liberty,2026-05,15.8151,google_trends,2026-08-29T21:54:49Z
Jeep,Jeep Liberty,2026-06,14.2944,google_trends,2026-08-29T21:54:49Z
Jeep,Jeep Liberty,2026-07,13.382,google_trends,2026-08-29T21:54:49Z
Jeep,Jeep Pickup,2025-08,1.4791,google_trends,2026-08-29T19:23:31Z
Jeep,Jeep Pickup,2025-09,1.2326,google_trends,2026-08-29T19:23:31Z
Jeep,Jeep Pickup,2025-10,1.2326,google_trends,2026-08-29T19:23:31Z
Jeep,Jeep Pickup,2025-11,1.4791,google_trends,2026-08-29T19:23:31Z
Jeep,Jeep Pickup,2025-12,1.2326,google_trends,2026-08-29T19:23:31Z
Jeep,Jeep Pickup,2026-01,1.2326,google_trends,2026-08-29T19:23:31Z
Jeep,Jeep Pickup,2026-02,2.1571,google_trends,2026-08-29T19:23:31Z
Jeep,Jeep Pickup,2026-03,2.4652,google_trends,2026-08-29T19:23:31Z
Jeep,Jeep Pickup,2026-04,2.4652,google_trends,2026-08-29T19:23:31Z
Jeep,Jeep Pickup,2026-05,2.9582,google_trends,2026-08-29T19:23:31Z
Jeep,Jeep Pickup,2026-06,2.4652,google_trends,2026-08-29T19:23:31Z
Jeep,Jeep Pickup,2026-07,1.8489,google_trends,2026-08-29T19:23:31Z
Jeep,Jeep WJ Grand Cherokee,2025-08,1.2825,google_trends,2026-08-29T19:23:31Z
Jeep,Jeep WJ Grand Cherokee,2025-09,1.2825,google_trends,2026-08-29T19:23:31Z
Jeep,Jeep WJ Grand Cherokee,2025-10,1.2825,google_trends,2026-08-29T19:23:31Z
Jeep,Jeep WJ Grand Cherokee,2025-11,1.2825,google_trends,2026-08-29T19:23:31Z
Jeep,Jeep WJ Grand Cherokee,2025-12,1.2825,google_trends,2026-08-29T19:23:31Z
Jeep,Jeep WJ Grand Cherokee,2026-01,1.2825,google_trends,2026-08-29T19:23:31Z
Jeep,Jeep WJ Grand Cherokee,2026-02,1.2825,google_trends,2026-08-29T19:23:31Z
Jeep,Jeep WJ Grand Cherokee,2026-03,1.2825,google_trends,2026-08-29T19:23:31Z
Jeep,Jeep WJ Grand Cherokee,2026-04,1.2825,google_trends,2026-08-29T19:23:31Z
Jeep,Jeep WJ Grand Cherokee,2026-05,1.2825,google_trends,2026-08-29T19:23:31Z
Jeep,Jeep WJ Grand Cherokee,2026-06,1.2825,google_trends,2026-08-29T19:23:31Z
Jeep,Jeep WJ Grand Cherokee,2026-07,1.2825,google_trends,2026-08-29T19:23:31Z
Jeep,Jeep WK Grand Cherokee,2025-08,1.2326,google_trends,2026-08-29T19:23:31Z
Jeep,Jeep WK Grand Cherokee,2025-09,1.2326,google_trends,2026-08-29T19:23:31Z
Jeep,Jeep WK Grand Cherokee,2025-10,1.2326,google_trends,2026-08-29T19:23:31Z
Jeep,Jeep WK Grand Cherokee,2025-11,1.2326,google_trends,2026-08-29T19:23:31Z
Jeep,Jeep WK Grand Cherokee,2025-12,0.9245,google_trends,2026-08-29T19:23:31Z
Jeep,Jeep WK Grand Cherokee,2026-01,1.2326,google_trends,2026-08-29T19:23:31Z
Jeep,Jeep WK Grand Cherokee,2026-02,1.2326,google_trends,2026-08-29T19:23:31Z
Jeep,Jeep WK Grand Cherokee,2026-03,1.2326,google_trends,2026-08-29T19:23:31Z
Jeep,Jeep WK Grand Cherokee,2026-04,1.2326,google_trends,2026-08-29T19:23:31Z
Jeep,Jeep WK Grand Cherokee,2026-05,1.2326,google_trends,2026-08-29T19:23:31Z
Jeep,Jeep WK Grand Cherokee,2026-06,1.2326,google_trends,2026-08-29T19:23:31Z
Jeep,Jeep WK Grand Cherokee,2026-07,1.2326,google_trends,2026-08-29T19:23:31Z
Jeep,Jeep WK2 Grand Cherokee,2025-08,1.2326,google_trends,2026-08-29T19:23:31Z
Jeep,Jeep WK2 Grand Cherokee,2025-09,1.2326,google_trends,2026-08-29T19:23:31Z
Jeep,Jeep WK2 Grand Cherokee,2025-10,1.5408,google_trends,2026-08-29T19:23:31Z
Jeep,Jeep WK2 Grand Cherokee,2025-11,1.7256,google_trends,2026-08-29T19:23:31Z
Jeep,Jeep WK2 Grand Cherokee,2025-12,1.8489,google_trends,2026-08-29T19:23:31Z
Jeep,Jeep WK2 Grand Cherokee,2026-01,2.1571,google_trends,2026-08-29T19:23:31Z
Jeep,Jeep WK2 Grand Cherokee,2026-02,2.4652,google_trends,2026-08-29T19:23:31Z
Jeep,Jeep WK2 Grand Cherokee,2026-03,2.4652,google_trends,2026-08-29T19:23:31Z
Jeep,Jeep WK2 Grand Cherokee,2026-04,2.4652,google_trends,2026-08-29T19:23:31Z
Jeep,Jeep WK2 Grand Cherokee,2026-05,1.9722,google_trends,2026-08-29T19:23:31Z
Jeep,Jeep WK2 Grand Cherokee,2026-06,2.4652,google_trends,2026-08-29T19:23:31Z
Jeep,Jeep WK2 Grand Cherokee,2026-07,1.5408,google_trends,2026-08-29T19:23:31Z
Jeep,Jeep WL Grand Cherokee,2025-08,0.0,google_trends,2026-08-29T21:54:49Z
Jeep,Jeep WL Grand Cherokee,2025-09,0.0,google_trends,2026-08-29T21:54:49Z
Jeep,Jeep WL Grand Cherokee,2025-10,0.0,google_trends,2026-08-29T21:54:49Z
Jeep,Jeep WL Grand Cherokee,2025-11,0.2433,google_trends,2026-08-29T21:54:49Z
Jeep,Jeep WL Grand Cherokee,2025-12,0.0,google_trends,2026-08-29T21:54:49Z
Jeep,Jeep WL Grand Cherokee,2026-01,0.0,google_trends,2026-08-29T21:54:49Z
Jeep,Jeep WL Grand Cherokee,2026-02,0.0,google_trends,2026-08-29T21:54:49Z
Jeep,Jeep WL Grand Cherokee,2026-03,0.0,google_trends,2026-08-29T21:54:49Z
Jeep,Jeep WL Grand Cherokee,2026-04,0.0,google_trends,2026-08-29T21:54:49Z
Jeep,Jeep WL Grand Cherokee,2026-05,0.0,google_trends,2026-08-29T21:54:49Z
Jeep,Jeep WL Grand Cherokee,2026-06,0.0,google_trends,2026-08-29T21:54:49Z
Jeep,Jeep WL Grand Cherokee,2026-07,0.0,google_trends,2026-08-29T21:54:49Z
Jeep,Jeep Wrangler JK,2025-08,5.3373,google_trends,2026-08-29T21:54:49Z
Jeep,Jeep Wrangler JK,2025-09,5.3373,google_trends,2026-08-29T21:54:49Z
Jeep,Jeep Wrangler JK,2025-10,5.3373,google_trends,2026-08-29T21:54:49Z
Jeep,Jeep Wrangler JK,2025-11,5.3373,google_trends,2026-08-29T21:54:49Z
Jeep,Jeep Wrangler JK,2025-12,5.3373,google_trends,2026-08-29T21:54:49Z
Jeep,Jeep Wrangler JK,2026-01,5.3373,google_trends,2026-08-29T21:54:49Z
Jeep,Jeep Wrangler JK,2026-02,9.3403,google_trends,2026-08-29T21:54:49Z
Jeep,Jeep Wrangler JK,2026-03,6.7606,google_trends,2026-08-29T21:54:49Z
Jeep,Jeep Wrangler JK,2026-04,10.6746,google_trends,2026-08-29T21:54:49Z
Jeep,Jeep Wrangler JK,2026-05,8.1838,google_trends,2026-08-29T21:54:49Z
Jeep,Jeep Wrangler JK,2026-06,6.6716,google_trends,2026-08-29T21:54:49Z
Jeep,Jeep Wrangler JK,2026-07,5.3373,google_trends,2026-08-29T21:54:49Z
Jeep,Jeep Wrangler JL (2018+),2025-08,0.4928,google_trends,2026-08-29T19:23:31Z
Jeep,Jeep Wrangler JL (2018+),2025-09,0.0,google_trends,2026-08-29T19:23:31Z
Jeep,Jeep Wrangler JL (2018+),2025-10,0.616,google_trends,2026-08-29T19:23:31Z
Jeep,Jeep Wrangler JL (2018+),2025-11,0.4928,google_trends,2026-08-29T19:23:31Z
Jeep,Jeep Wrangler JL (2018+),2025-12,0.0,google_trends,2026-08-29T19:23:31Z
Jeep,Jeep Wrangler JL (2018+),2026-01,0.0,google_trends,2026-08-29T19:23:31Z
Jeep,Jeep Wrangler JL (2018+),2026-02,0.924,google_trends,2026-08-29T19:23:31Z
Jeep,Jeep Wrangler JL (2018+),2026-03,0.9856,google_trends,2026-08-29T19:23:31Z
Jeep,Jeep Wrangler JL (2018+),2026-04,1.232,google_trends,2026-08-29T19:23:31Z
Jeep,Jeep Wrangler JL (2018+),2026-05,1.232,google_trends,2026-08-29T19:23:31Z
Jeep,Jeep Wrangler JL (2018+),2026-06,1.232,google_trends,2026-08-29T19:23:31Z
Jeep,Jeep Wrangler JL (2018+),2026-07,0.924,google_trends,2026-08-29T19:23:31Z
Jeep,Jeep Wrangler TJ,2025-08,2.4331,google_trends,2026-08-29T21:54:49Z
Jeep,Jeep Wrangler TJ,2025-09,2.4331,google_trends,2026-08-29T21:54:49Z
Jeep,Jeep Wrangler TJ,2025-10,2.4331,google_trends,2026-08-29T21:54:49Z
Jeep,Jeep Wrangler TJ,2025-11,2.4331,google_trends,2026-08-29T21:54:49Z
Jeep,Jeep Wrangler TJ,2025-12,2.4331,google_trends,2026-08-29T21:54:49Z
Jeep,Jeep Wrangler TJ,2026-01,2.4331,google_trends,2026-08-29T21:54:49Z
Jeep,Jeep Wrangler TJ,2026-02,4.2579,google_trends,2026-08-29T21:54:49Z
Jeep,Jeep Wrangler TJ,2026-03,2.6764,google_trends,2026-08-29T21:54:49Z
Jeep,Jeep Wrangler TJ,2026-04,3.9538,google_trends,2026-08-29T21:54:49Z
Jeep,Jeep Wrangler TJ,2026-05,3.6496,google_trends,2026-08-29T21:54:49Z
Jeep,Jeep Wrangler TJ,2026-06,3.0414,google_trends,2026-08-29T21:54:49Z
Jeep,Jeep Wrangler TJ,2026-07,2.4331,google_trends,2026-08-29T21:54:49Z
Jeep,Jeep Wrangler YJ,2025-08,1.2326,google_trends,2026-08-29T19:23:31Z
Jeep,Jeep Wrangler YJ,2025-09,1.2326,google_trends,2026-08-29T19:23:31Z
Jeep,Jeep Wrangler YJ,2025-10,1.2326,google_trends,2026-08-29T19:23:31Z
Jeep,Jeep Wrangler YJ,2025-11,1.2326,google_trends,2026-08-29T19:23:31Z
Jeep,Jeep Wrangler YJ,2025-12,1.2326,google_trends,2026-08-29T19:23:31Z
Jeep,Jeep Wrangler YJ,2026-01,1.2326,google_trends,2026-08-29T19:23:31Z
Jeep,Jeep Wrangler YJ,2026-02,1.8489,google_trends,2026-08-29T19:23:31Z
Jeep,Jeep Wrangler YJ,2026-03,1.2326,google_trends,2026-08-29T19:23:31Z
Jeep,Jeep Wrangler YJ,2026-04,1.8489,google_trends,2026-08-29T19:23:31Z
Jeep,Jeep Wrangler YJ,2026-05,1.2326,google_trends,2026-08-29T19:23:31Z
Jeep,Jeep Wrangler YJ,2026-06,1.2326,google_trends,2026-08-29T19:23:31Z
Jeep,Jeep Wrangler YJ,2026-07,1.2326,google_trends,2026-08-29T19:23:31Z
Jeep,Jeep XJ Cherokee,2025-08,3.6496,google_trends,2026-08-29T21:54:49Z
Jeep,Jeep XJ Cherokee,2025-09,3.6496,google_trends,2026-08-29T21:54:49Z
Jeep,Jeep XJ Cherokee,2025-10,3.6496,google_trends,2026-08-29T21:54:49Z
Jeep,Jeep XJ Cherokee,2025-11,3.4063,google_trends,2026-08-29T21:54:49Z
Jeep,Jeep XJ Cherokee,2025-12,3.0414,google_trends,2026-08-29T21:54:49Z
Jeep,Jeep XJ Cherokee,2026-01,3.6496,google_trends,2026-08-29T21:54:49Z
Jeep,Jeep XJ Cherokee,2026-02,4.2579,google_trends,2026-08-29T21:54:49Z
Jeep,Jeep XJ Cherokee,2026-03,3.6496,google_trends,2026-08-29T21:54:49Z
Jeep,Jeep XJ Cherokee,2026-04,3.6496,google_trends,2026-08-29T21:54:49Z
Jeep,Jeep XJ Cherokee,2026-05,3.6496,google_trends,2026-08-29T21:54:49Z
Jeep,Jeep XJ Cherokee,2026-06,2.7372,google_trends,2026-08-29T21:54:49Z
Jeep,Jeep XJ Cherokee,2026-07,3.0414,google_trends,2026-08-29T21:54:49Z
Jeep,Jeep ZJ Grand Cherokee,2025-08,0.0,google_trends,2026-08-29T19:23:31Z
Jeep,Jeep ZJ Grand Cherokee,2025-09,0.0,google_trends,2026-08-29T19:23:31Z
Jeep,Jeep ZJ Grand Cherokee,2025-10,0.0,google_trends,2026-08-29T19:23:31Z
Jeep,Jeep ZJ Grand Cherokee,2025-11,0.493,google_trends,2026-08-29T19:23:31Z
Jeep,Jeep ZJ Grand Cherokee,2025-12,0.3082,google_trends,2026-08-29T19:23:31Z
Jeep,Jeep ZJ Grand Cherokee,2026-01,0.6163,google_trends,2026-08-29T19:23:31Z
Jeep,Jeep ZJ Grand Cherokee,2026-02,0.9245,google_trends,2026-08-29T19:23:31Z
Jeep,Jeep ZJ Grand Cherokee,2026-03,0.7396,google_trends,2026-08-29T19:23:31Z
Jeep,Jeep ZJ Grand Cherokee,2026-04,0.6163,google_trends,2026-08-29T19:23:31Z
Jeep,Jeep ZJ Grand Cherokee,2026-05,0.2465,google_trends,2026-08-29T19:23:31Z
Jeep,Jeep ZJ Grand Cherokee,2026-06,0.3082,google_trends,2026-08-29T19:23:31Z
Jeep,Jeep ZJ Grand Cherokee,2026-07,0.0,google_trends,2026-08-29T19:23:31Z
Jensen,Jensen Interceptor,2025-08,1.2326,google_trends,2026-08-29T19:23:31Z
Jensen,Jensen Interceptor,2025-09,1.2326,google_trends,2026-08-29T19:23:31Z
Jensen,Jensen Interceptor,2025-10,1.2326,google_trends,2026-08-29T19:23:31Z
Jensen,Jensen Interceptor,2025-11,1.2326,google_trends,2026-08-29T19:23:31Z
Jensen,Jensen Interceptor,2025-12,1.2326,google_trends,2026-08-29T19:23:31Z
Jensen,Jensen Interceptor,2026-01,1.8489,google_trends,2026-08-29T19:23:31Z
Jensen,Jensen Interceptor,2026-02,1.2326,google_trends,2026-08-29T19:23:31Z
Jensen,Jensen Interceptor,2026-03,0.9861,google_trends,2026-08-29T19:23:31Z
Jensen,Jensen Interceptor,2026-04,1.2326,google_trends,2026-08-29T19:23:31Z
Jensen,Jensen Interceptor,2026-05,0.9861,google_trends,2026-08-29T19:23:31Z
Jensen,Jensen Interceptor,2026-06,1.2326,google_trends,2026-08-29T19:23:31Z
Jensen,Jensen Interceptor,2026-07,0.9245,google_trends,2026-08-29T19:23:31Z
John Deere,JOHN DEERE,2025-08,202.8736,google_trends,2026-08-29T21:54:49Z
John Deere,JOHN DEERE,2025-09,182.4713,google_trends,2026-08-29T21:54:49Z
John Deere,JOHN DEERE,2025-10,172.4138,google_trends,2026-08-29T21:54:49Z
John Deere,JOHN DEERE,2025-11,168.9655,google_trends,2026-08-29T21:54:49Z
John Deere,JOHN DEERE,2025-12,144.3966,google_trends,2026-08-29T21:54:49Z
John Deere,JOHN DEERE,2026-01,147.9885,google_trends,2026-08-29T21:54:49Z
John Deere,JOHN DEERE,2026-02,153.7356,google_trends,2026-08-29T21:54:49Z
John Deere,JOHN DEERE,2026-03,206.3218,google_trends,2026-08-29T21:54:49Z
John Deere,JOHN DEERE,2026-04,269.3966,google_trends,2026-08-29T21:54:49Z
John Deere,JOHN DEERE,2026-05,255.7471,google_trends,2026-08-29T21:54:49Z
John Deere,JOHN DEERE,2026-06,255.0287,google_trends,2026-08-29T21:54:49Z
John Deere,JOHN DEERE,2026-07,226.2931,google_trends,2026-08-29T21:54:49Z
John Deere,JOHN DEERE A,2025-08,17.2749,google_trends,2026-08-29T21:54:49Z
John Deere,JOHN DEERE A,2025-09,15.2068,google_trends,2026-08-29T21:54:49Z
John Deere,JOHN DEERE A,2025-10,14.5985,google_trends,2026-08-29T21:54:49Z
John Deere,JOHN DEERE A,2025-11,14.5985,google_trends,2026-08-29T21:54:49Z
John Deere,JOHN DEERE A,2025-12,12.7737,google_trends,2026-08-29T21:54:49Z
John Deere,JOHN DEERE A,2026-01,13.0779,google_trends,2026-08-29T21:54:49Z
John Deere,JOHN DEERE A,2026-02,14.2944,google_trends,2026-08-29T21:54:49Z
John Deere,JOHN DEERE A,2026-03,20.438,google_trends,2026-08-29T21:54:49Z
John Deere,JOHN DEERE A,2026-04,30.1095,google_trends,2026-08-29T21:54:49Z
John Deere,JOHN DEERE A,2026-05,31.1436,google_trends,2026-08-29T21:54:49Z
John Deere,JOHN DEERE A,2026-06,29.5012,google_trends,2026-08-29T21:54:49Z
John Deere,JOHN DEERE A,2026-07,25.2433,google_trends,2026-08-29T21:54:49Z
John Deere,JOHN DEERE B,2025-08,1.2165,google_trends,2026-08-29T21:54:49Z
John Deere,JOHN DEERE B,2025-09,1.2165,google_trends,2026-08-29T21:54:49Z
John Deere,JOHN DEERE B,2025-10,1.2165,google_trends,2026-08-29T21:54:49Z
John Deere,JOHN DEERE B,2025-11,1.2165,google_trends,2026-08-29T21:54:49Z
John Deere,JOHN DEERE B,2025-12,0.3041,google_trends,2026-08-29T21:54:49Z
John Deere,JOHN DEERE B,2026-01,1.2165,google_trends,2026-08-29T21:54:49Z
John Deere,JOHN DEERE B,2026-02,1.2165,google_trends,2026-08-29T21:54:49Z
John Deere,JOHN DEERE B,2026-03,1.2165,google_trends,2026-08-29T21:54:49Z
John Deere,JOHN DEERE B,2026-04,1.2165,google_trends,2026-08-29T21:54:49Z
John Deere,JOHN DEERE B,2026-05,1.2165,google_trends,2026-08-29T21:54:49Z
John Deere,JOHN DEERE B,2026-06,1.2165,google_trends,2026-08-29T21:54:49Z
John Deere,JOHN DEERE B,2026-07,1.2165,google_trends,2026-08-29T21:54:49Z
John Deere,JOHN DEERE H,2025-08,0.0,google_trends,2026-08-29T21:54:49Z
John Deere,JOHN DEERE H,2025-09,0.0,google_trends,2026-08-29T21:54:49Z
John Deere,JOHN DEERE H,2025-10,0.0,google_trends,2026-08-29T21:54:49Z
John Deere,JOHN DEERE H,2025-11,0.0,google_trends,2026-08-29T21:54:49Z
John Deere,JOHN DEERE H,2025-12,0.0,google_trends,2026-08-29T21:54:49Z
John Deere,JOHN DEERE H,2026-01,0.0,google_trends,2026-08-29T21:54:49Z
John Deere,JOHN DEERE H,2026-02,0.0,google_trends,2026-08-29T21:54:49Z
John Deere,JOHN DEERE H,2026-03,0.2433,google_trends,2026-08-29T21:54:49Z
John Deere,JOHN DEERE H,2026-04,1.2165,google_trends,2026-08-29T21:54:49Z
John Deere,JOHN DEERE H,2026-05,0.7299,google_trends,2026-08-29T21:54:49Z
John Deere,JOHN DEERE H,2026-06,0.9124,google_trends,2026-08-29T21:54:49Z
John Deere,JOHN DEERE H,2026-07,0.0,google_trends,2026-08-29T21:54:49Z
John Deere,JOHN DEERE LA,2025-08,2.4331,google_trends,2026-08-29T21:54:49Z
John Deere,JOHN DEERE LA,2025-09,2.4331,google_trends,2026-08-29T21:54:49Z
John Deere,JOHN DEERE LA,2025-10,2.129,google_trends,2026-08-29T21:54:49Z
John Deere,JOHN DEERE LA,2025-11,2.1898,google_trends,2026-08-29T21:54:49Z
John Deere,JOHN DEERE LA,2025-12,1.8248,google_trends,2026-08-29T21:54:49Z
John Deere,JOHN DEERE LA,2026-01,2.129,google_trends,2026-08-29T21:54:49Z
John Deere,JOHN DEERE LA,2026-02,2.4331,google_trends,2026-08-29T21:54:49Z
John Deere,JOHN DEERE LA,2026-03,2.6764,google_trends,2026-08-29T21:54:49Z
John Deere,JOHN DEERE LA,2026-04,4.2579,google_trends,2026-08-29T21:54:49Z
John Deere,JOHN DEERE LA,2026-05,4.3796,google_trends,2026-08-29T21:54:49Z
John Deere,JOHN DEERE LA,2026-06,4.562,google_trends,2026-08-29T21:54:49Z
John Deere,JOHN DEERE LA,2026-07,2.7372,google_trends,2026-08-29T21:54:49Z
John Deere,JOHN DEERE M,2025-08,1.2165,google_trends,2026-08-29T21:54:49Z
John Deere,JOHN DEERE M,2025-09,1.2165,google_trends,2026-08-29T21:54:49Z
John Deere,JOHN DEERE M,2025-10,1.2165,google_trends,2026-08-29T21:54:49Z
John Deere,JOHN DEERE M,2025-11,1.2165,google_trends,2026-08-29T21:54:49Z
John Deere,JOHN DEERE M,2025-12,0.9124,google_trends,2026-08-29T21:54:49Z
John Deere,JOHN DEERE M,2026-01,1.2165,google_trends,2026-08-29T21:54:49Z
John Deere,JOHN DEERE M,2026-02,1.2165,google_trends,2026-08-29T21:54:49Z
John Deere,JOHN DEERE M,2026-03,1.2165,google_trends,2026-08-29T21:54:49Z
John Deere,JOHN DEERE M,2026-04,2.129,google_trends,2026-08-29T21:54:49Z
John Deere,JOHN DEERE M,2026-05,1.2165,google_trends,2026-08-29T21:54:49Z
John Deere,JOHN DEERE M,2026-06,1.2165,google_trends,2026-08-29T21:54:49Z
John Deere,JOHN DEERE M,2026-07,1.2165,google_trends,2026-08-29T21:54:49Z
John Deere,JOHN DEERE MODEL A,2025-08,0.9732,google_trends,2026-08-29T21:54:49Z
John Deere,JOHN DEERE MODEL A,2025-09,0.3041,google_trends,2026-08-29T21:54:49Z
John Deere,JOHN DEERE MODEL A,2025-10,0.0,google_trends,2026-08-29T21:54:49Z
John Deere,JOHN DEERE MODEL A,2025-11,0.2433,google_trends,2026-08-29T21:54:49Z
John Deere,JOHN DEERE MODEL A,2025-12,0.3041,google_trends,2026-08-29T21:54:49Z
John Deere,JOHN DEERE MODEL A,2026-01,0.3041,google_trends,2026-08-29T21:54:49Z
John Deere,JOHN DEERE MODEL A,2026-02,0.6083,google_trends,2026-08-29T21:54:49Z
John Deere,JOHN DEERE MODEL A,2026-03,1.2165,google_trends,2026-08-29T21:54:49Z
John Deere,JOHN DEERE MODEL A,2026-04,1.2165,google_trends,2026-08-29T21:54:49Z
John Deere,JOHN DEERE MODEL A,2026-05,1.2165,google_trends,2026-08-29T21:54:49Z
John Deere,JOHN DEERE MODEL A,2026-06,1.2165,google_trends,2026-08-29T21:54:49Z
John Deere,JOHN DEERE MODEL A,2026-07,1.2165,google_trends,2026-08-29T21:54:49Z
John Deere,John Deere B,2025-08,1.2165,google_trends,2026-08-29T21:54:49Z
John Deere,John Deere B,2025-09,1.2165,google_trends,2026-08-29T21:54:49Z
John Deere,John Deere B,2025-10,1.2165,google_trends,2026-08-29T21:54:49Z
John Deere,John Deere B,2025-11,1.2165,google_trends,2026-08-29T21:54:49Z
John Deere,John Deere B,2025-12,0.3041,google_trends,2026-08-29T21:54:49Z
John Deere,John Deere B,2026-01,1.2165,google_trends,2026-08-29T21:54:49Z
John Deere,John Deere B,2026-02,1.2165,google_trends,2026-08-29T21:54:49Z
John Deere,John Deere B,2026-03,1.2165,google_trends,2026-08-29T21:54:49Z
John Deere,John Deere B,2026-04,1.2165,google_trends,2026-08-29T21:54:49Z
John Deere,John Deere B,2026-05,1.2165,google_trends,2026-08-29T21:54:49Z
John Deere,John Deere B,2026-06,1.2165,google_trends,2026-08-29T21:54:49Z
John Deere,John Deere B,2026-07,1.2165,google_trends,2026-08-29T21:54:49Z
Kawasaki,KAWASAKI F,2025-08,1.2165,google_trends,2026-08-29T21:54:49Z
Kawasaki,KAWASAKI F,2025-09,1.2165,google_trends,2026-08-29T21:54:49Z
Kawasaki,KAWASAKI F,2025-10,1.2165,google_trends,2026-08-29T21:54:49Z
Kawasaki,KAWASAKI F,2025-11,1.2165,google_trends,2026-08-29T21:54:49Z
Kawasaki,KAWASAKI F,2025-12,0.0,google_trends,2026-08-29T21:54:49Z
Kawasaki,KAWASAKI F,2026-01,0.6083,google_trends,2026-08-29T21:54:49Z
Kawasaki,KAWASAKI F,2026-02,1.2165,google_trends,2026-08-29T21:54:49Z
Kawasaki,KAWASAKI F,2026-03,1.2165,google_trends,2026-08-29T21:54:49Z
Kawasaki,KAWASAKI F,2026-04,1.2165,google_trends,2026-08-29T21:54:49Z
Kawasaki,KAWASAKI F,2026-05,1.2165,google_trends,2026-08-29T21:54:49Z
Kawasaki,KAWASAKI F,2026-06,1.2165,google_trends,2026-08-29T21:54:49Z
Kawasaki,KAWASAKI F,2026-07,1.2165,google_trends,2026-08-29T21:54:49Z
Kawasaki,KAWASAKI Z900RS,2025-08,1.2165,google_trends,2026-08-29T21:54:49Z
Kawasaki,KAWASAKI Z900RS,2025-09,1.2165,google_trends,2026-08-29T21:54:49Z
Kawasaki,KAWASAKI Z900RS,2025-10,1.2165,google_trends,2026-08-29T21:54:49Z
Kawasaki,KAWASAKI Z900RS,2025-11,1.2165,google_trends,2026-08-29T21:54:49Z
Kawasaki,KAWASAKI Z900RS,2025-12,1.2165,google_trends,2026-08-29T21:54:49Z
Kawasaki,KAWASAKI Z900RS,2026-01,1.2165,google_trends,2026-08-29T21:54:49Z
Kawasaki,KAWASAKI Z900RS,2026-02,1.2165,google_trends,2026-08-29T21:54:49Z
Kawasaki,KAWASAKI Z900RS,2026-03,1.2165,google_trends,2026-08-29T21:54:49Z
Kawasaki,KAWASAKI Z900RS,2026-04,1.2165,google_trends,2026-08-29T21:54:49Z
Kawasaki,KAWASAKI Z900RS,2026-05,1.2165,google_trends,2026-08-29T21:54:49Z
Kawasaki,KAWASAKI Z900RS,2026-06,1.2165,google_trends,2026-08-29T21:54:49Z
Kawasaki,KAWASAKI Z900RS,2026-07,1.5207,google_trends,2026-08-29T21:54:49Z
Kawasaki,Kawasaki KX,2025-08,2.4652,google_trends,2026-08-29T19:23:31Z
Kawasaki,Kawasaki KX,2025-09,2.4652,google_trends,2026-08-29T19:23:31Z
Kawasaki,Kawasaki KX,2025-10,2.4652,google_trends,2026-08-29T19:23:31Z
Kawasaki,Kawasaki KX,2025-11,2.4652,google_trends,2026-08-29T19:23:31Z
Kawasaki,Kawasaki KX,2025-12,2.4652,google_trends,2026-08-29T19:23:31Z
Kawasaki,Kawasaki KX,2026-01,2.1571,google_trends,2026-08-29T19:23:31Z
Kawasaki,Kawasaki KX,2026-02,2.7734,google_trends,2026-08-29T19:23:31Z
Kawasaki,Kawasaki KX,2026-03,2.7117,google_trends,2026-08-29T19:23:31Z
Kawasaki,Kawasaki KX,2026-04,3.0815,google_trends,2026-08-29T19:23:31Z
Kawasaki,Kawasaki KX,2026-05,2.9582,google_trends,2026-08-29T19:23:31Z
Kawasaki,Kawasaki KX,2026-06,2.7734,google_trends,2026-08-29T19:23:31Z
Kawasaki,Kawasaki KX,2026-07,2.4652,google_trends,2026-08-29T19:23:31Z
Kawasaki,Kawasaki KZ,2025-08,0.0,google_trends,2026-08-29T19:23:31Z
Kawasaki,Kawasaki KZ,2025-09,0.0,google_trends,2026-08-29T19:23:31Z
Kawasaki,Kawasaki KZ,2025-10,0.0,google_trends,2026-08-29T19:23:31Z
Kawasaki,Kawasaki KZ,2025-11,0.0,google_trends,2026-08-29T19:23:31Z
Kawasaki,Kawasaki KZ,2025-12,0.0,google_trends,2026-08-29T19:23:31Z
Kawasaki,Kawasaki KZ,2026-01,0.0,google_trends,2026-08-29T19:23:31Z
Kawasaki,Kawasaki KZ,2026-02,0.3206,google_trends,2026-08-29T19:23:31Z
Kawasaki,Kawasaki KZ,2026-03,0.0,google_trends,2026-08-29T19:23:31Z
Kawasaki,Kawasaki KZ,2026-04,0.0,google_trends,2026-08-29T19:23:31Z
Kawasaki,Kawasaki KZ,2026-05,0.0,google_trends,2026-08-29T19:23:31Z
Kawasaki,Kawasaki KZ,2026-06,0.0,google_trends,2026-08-29T19:23:31Z
Kawasaki,Kawasaki KZ,2026-07,0.0,google_trends,2026-08-29T19:23:31Z
Kawasaki,Kawasaki Ninja,2025-08,52.0158,google_trends,2026-08-29T19:23:31Z
Kawasaki,Kawasaki Ninja,2025-09,48.9959,google_trends,2026-08-29T19:23:31Z
Kawasaki,Kawasaki Ninja,2025-10,43.7574,google_trends,2026-08-29T19:23:31Z
Kawasaki,Kawasaki Ninja,2025-11,41.9085,google_trends,2026-08-29T19:23:31Z
Kawasaki,Kawasaki Ninja,2025-12,41.6003,google_trends,2026-08-29T19:23:31Z
Kawasaki,Kawasaki Ninja,2026-01,40.984,google_trends,2026-08-29T19:23:31Z
Kawasaki,Kawasaki Ninja,2026-02,45.9144,google_trends,2026-08-29T19:23:31Z
Kawasaki,Kawasaki Ninja,2026-03,52.5089,google_trends,2026-08-29T19:23:31Z
Kawasaki,Kawasaki Ninja,2026-04,67.7931,google_trends,2026-08-29T19:23:31Z
Kawasaki,Kawasaki Ninja,2026-05,61.3836,google_trends,2026-08-29T19:23:31Z
Kawasaki,Kawasaki Ninja,2026-06,50.5367,google_trends,2026-08-29T19:23:31Z
Kawasaki,Kawasaki Ninja,2026-07,45.9144,google_trends,2026-08-29T19:23:31Z
Kawasaki,Kawasaki Z900,2025-08,10.7056,google_trends,2026-08-29T21:54:49Z
Kawasaki,Kawasaki Z900,2025-09,9.7324,google_trends,2026-08-29T21:54:49Z
Kawasaki,Kawasaki Z900,2025-10,9.4282,google_trends,2026-08-29T21:54:49Z
Kawasaki,Kawasaki Z900,2025-11,8.2725,google_trends,2026-08-29T21:54:49Z
Kawasaki,Kawasaki Z900,2025-12,7.2993,google_trends,2026-08-29T21:54:49Z
Kawasaki,Kawasaki Z900,2026-01,7.6034,google_trends,2026-08-29T21:54:49Z
Kawasaki,Kawasaki Z900,2026-02,9.4282,google_trends,2026-08-29T21:54:49Z
Kawasaki,Kawasaki Z900,2026-03,10.9489,google_trends,2026-08-29T21:54:49Z
Kawasaki,Kawasaki Z900,2026-04,10.6448,google_trends,2026-08-29T21:54:49Z
Kawasaki,Kawasaki Z900,2026-05,10.7056,google_trends,2026-08-29T21:54:49Z
Kawasaki,Kawasaki Z900,2026-06,9.4282,google_trends,2026-08-29T21:54:49Z
Kawasaki,Kawasaki Z900,2026-07,9.1241,google_trends,2026-08-29T21:54:49Z
Kia,KIA K900,2025-08,1.2165,google_trends,2026-08-29T21:54:49Z
Kia,KIA K900,2025-09,1.2165,google_trends,2026-08-29T21:54:49Z
Kia,KIA K900,2025-10,0.6083,google_trends,2026-08-29T21:54:49Z
Kia,KIA K900,2025-11,1.2165,google_trends,2026-08-29T21:54:49Z
Kia,KIA K900,2025-12,1.2165,google_trends,2026-08-29T21:54:49Z
Kia,KIA K900,2026-01,0.9124,google_trends,2026-08-29T21:54:49Z
Kia,KIA K900,2026-02,1.5207,google_trends,2026-08-29T21:54:49Z
Kia,KIA K900,2026-03,1.2165,google_trends,2026-08-29T21:54:49Z
Kia,KIA K900,2026-04,1.2165,google_trends,2026-08-29T21:54:49Z
Kia,KIA K900,2026-05,1.2165,google_trends,2026-08-29T21:54:49Z
Kia,KIA K900,2026-06,1.2165,google_trends,2026-08-29T21:54:49Z
Kia,KIA K900,2026-07,1.2165,google_trends,2026-08-29T21:54:49Z
Ktm,KTM 1190 ADVENTURE,2025-08,0.7299,google_trends,2026-08-29T21:54:49Z
Ktm,KTM 1190 ADVENTURE,2025-09,0.3041,google_trends,2026-08-29T21:54:49Z
Ktm,KTM 1190 ADVENTURE,2025-10,0.0,google_trends,2026-08-29T21:54:49Z
Ktm,KTM 1190 ADVENTURE,2025-11,0.0,google_trends,2026-08-29T21:54:49Z
Ktm,KTM 1190 ADVENTURE,2025-12,0.0,google_trends,2026-08-29T21:54:49Z
Ktm,KTM 1190 ADVENTURE,2026-01,0.0,google_trends,2026-08-29T21:54:49Z
Ktm,KTM 1190 ADVENTURE,2026-02,0.3041,google_trends,2026-08-29T21:54:49Z
Ktm,KTM 1190 ADVENTURE,2026-03,0.2433,google_trends,2026-08-29T21:54:49Z
Ktm,KTM 1190 ADVENTURE,2026-04,0.9124,google_trends,2026-08-29T21:54:49Z
Ktm,KTM 1190 ADVENTURE,2026-05,0.7299,google_trends,2026-08-29T21:54:49Z
Ktm,KTM 1190 ADVENTURE,2026-06,0.3041,google_trends,2026-08-29T21:54:49Z
Ktm,KTM 1190 ADVENTURE,2026-07,0.9124,google_trends,2026-08-29T21:54:49Z
Ktm,KTM 1290 SUPER ADVENTURE R,2025-08,0.7299,google_trends,2026-08-29T21:54:49Z
Ktm,KTM 1290 SUPER ADVENTURE R,2025-09,0.6083,google_trends,2026-08-29T21:54:49Z
Ktm,KTM 1290 SUPER ADVENTURE R,2025-10,0.3041,google_trends,2026-08-29T21:54:49Z
Ktm,KTM 1290 SUPER ADVENTURE R,2025-11,0.0,google_trends,2026-08-29T21:54:49Z
Ktm,KTM 1290 SUPER ADVENTURE R,2025-12,0.0,google_trends,2026-08-29T21:54:49Z
Ktm,KTM 1290 SUPER ADVENTURE R,2026-01,0.0,google_trends,2026-08-29T21:54:49Z
Ktm,KTM 1290 SUPER ADVENTURE R,2026-02,0.0,google_trends,2026-08-29T21:54:49Z
Ktm,KTM 1290 SUPER ADVENTURE R,2026-03,0.0,google_trends,2026-08-29T21:54:49Z
Ktm,KTM 1290 SUPER ADVENTURE R,2026-04,0.3041,google_trends,2026-08-29T21:54:49Z
Ktm,KTM 1290 SUPER ADVENTURE R,2026-05,0.0,google_trends,2026-08-29T21:54:49Z
Ktm,KTM 1290 SUPER ADVENTURE R,2026-06,0.0,google_trends,2026-08-29T21:54:49Z
Ktm,KTM 1290 SUPER ADVENTURE R,2026-07,0.0,google_trends,2026-08-29T21:54:49Z
Ktm,KTM 390 ADVENTURE,2025-08,6.8127,google_trends,2026-08-29T21:54:49Z
Ktm,KTM 390 ADVENTURE,2025-09,6.3869,google_trends,2026-08-29T21:54:49Z
Ktm,KTM 390 ADVENTURE,2025-10,6.691,google_trends,2026-08-29T21:54:49Z
Ktm,KTM 390 ADVENTURE,2025-11,6.326,google_trends,2026-08-29T21:54:49Z
Ktm,KTM 390 ADVENTURE,2025-12,6.0827,google_trends,2026-08-29T21:54:49Z
Ktm,KTM 390 ADVENTURE,2026-01,5.7786,google_trends,2026-08-29T21:54:49Z
Ktm,KTM 390 ADVENTURE,2026-02,6.0827,google_trends,2026-08-29T21:54:49Z
Ktm,KTM 390 ADVENTURE,2026-03,6.8127,google_trends,2026-08-29T21:54:49Z
Ktm,KTM 390 ADVENTURE,2026-04,7.2993,google_trends,2026-08-29T21:54:49Z
Ktm,KTM 390 ADVENTURE,2026-05,7.2993,google_trends,2026-08-29T21:54:49Z
Ktm,KTM 390 ADVENTURE,2026-06,6.3869,google_trends,2026-08-29T21:54:49Z
Ktm,KTM 390 ADVENTURE,2026-07,6.691,google_trends,2026-08-29T21:54:49Z
Ktm,KTM ADVENTURE,2025-08,17.7616,google_trends,2026-08-29T21:54:49Z
Ktm,KTM ADVENTURE,2025-09,17.0316,google_trends,2026-08-29T21:54:49Z
Ktm,KTM ADVENTURE,2025-10,16.7275,google_trends,2026-08-29T21:54:49Z
Ktm,KTM ADVENTURE,2025-11,15.5718,google_trends,2026-08-29T21:54:49Z
Ktm,KTM ADVENTURE,2025-12,14.2944,google_trends,2026-08-29T21:54:49Z
Ktm,KTM ADVENTURE,2026-01,15.2068,google_trends,2026-08-29T21:54:49Z
Ktm,KTM ADVENTURE,2026-02,16.1192,google_trends,2026-08-29T21:54:49Z
Ktm,KTM ADVENTURE,2026-03,18.4915,google_trends,2026-08-29T21:54:49Z
Ktm,KTM ADVENTURE,2026-04,18.8564,google_trends,2026-08-29T21:54:49Z
Ktm,KTM ADVENTURE,2026-05,19.708,google_trends,2026-08-29T21:54:49Z
Ktm,KTM ADVENTURE,2026-06,17.6399,google_trends,2026-08-29T21:54:49Z
Ktm,KTM ADVENTURE,2026-07,17.0316,google_trends,2026-08-29T21:54:49Z
Ktm,KTM Duke & Super Duke,2025-08,47.0975,google_trends,2026-08-29T19:23:31Z
Ktm,KTM Duke & Super Duke,2025-09,40.9946,google_trends,2026-08-29T19:23:31Z
Ktm,KTM Duke & Super Duke,2025-10,37.2958,google_trends,2026-08-29T19:23:31Z
Ktm,KTM Duke & Super Duke,2025-11,34.2751,google_trends,2026-08-29T19:23:31Z
Ktm,KTM Duke & Super Duke,2025-12,32.9806,google_trends,2026-08-29T19:23:31Z
Ktm,KTM Duke & Super Duke,2026-01,35.4464,google_trends,2026-08-29T19:23:31Z
Ktm,KTM Duke & Super Duke,2026-02,36.6793,google_trends,2026-08-29T19:23:31Z
Ktm,KTM Duke & Super Duke,2026-03,42.4124,google_trends,2026-08-29T19:23:31Z
Ktm,KTM Duke & Super Duke,2026-04,47.4674,google_trends,2026-08-29T19:23:31Z
Ktm,KTM Duke & Super Duke,2026-05,42.9056,google_trends,2026-08-29T19:23:31Z
Ktm,KTM Duke & Super Duke,2026-06,40.0699,google_trends,2026-08-29T19:23:31Z
Ktm,KTM Duke & Super Duke,2026-07,37.2958,google_trends,2026-08-29T19:23:31Z
Lada,LADA,2025-08,110.8545,google_trends,2026-08-29T21:54:49Z
Lada,LADA,2025-09,116.3972,google_trends,2026-08-29T21:54:49Z
Lada,LADA,2025-10,108.0831,google_trends,2026-08-29T21:54:49Z
Lada,LADA,2025-11,108.6374,google_trends,2026-08-29T21:54:49Z
Lada,LADA,2025-12,102.5404,google_trends,2026-08-29T21:54:49Z
Lada,LADA,2026-01,105.3118,google_trends,2026-08-29T21:54:49Z
Lada,LADA,2026-02,99.7691,google_trends,2026-08-29T21:54:49Z
Lada,LADA,2026-03,99.7691,google_trends,2026-08-29T21:54:49Z
Lada,LADA,2026-04,105.3118,google_trends,2026-08-29T21:54:49Z
Lada,LADA,2026-05,110.8545,google_trends,2026-08-29T21:54:49Z
Lada,LADA,2026-06,102.5404,google_trends,2026-08-29T21:54:49Z
Lada,LADA,2026-07,105.3118,google_trends,2026-08-29T21:54:49Z
Lada,LADA NIVA,2025-08,6.8127,google_trends,2026-08-29T21:54:49Z
Lada,LADA NIVA,2025-09,6.691,google_trends,2026-08-29T21:54:49Z
Lada,LADA NIVA,2025-10,7.6034,google_trends,2026-08-29T21:54:49Z
Lada,LADA NIVA,2025-11,8.5158,google_trends,2026-08-29T21:54:49Z
Lada,LADA NIVA,2025-12,8.5158,google_trends,2026-08-29T21:54:49Z
Lada,LADA NIVA,2026-01,9.7324,google_trends,2026-08-29T21:54:49Z
Lada,LADA NIVA,2026-02,8.2117,google_trends,2026-08-29T21:54:49Z
Lada,LADA NIVA,2026-03,7.2993,google_trends,2026-08-29T21:54:49Z
Lada,LADA NIVA,2026-04,6.3869,google_trends,2026-08-29T21:54:49Z
Lada,LADA NIVA,2026-05,7.5426,google_trends,2026-08-29T21:54:49Z
Lada,LADA NIVA,2026-06,6.3869,google_trends,2026-08-29T21:54:49Z
Lada,LADA NIVA,2026-07,6.9951,google_trends,2026-08-29T21:54:49Z
Lamborghini,350 GT & 400 GT,2025-08,0.0,google_trends,2026-08-29T21:54:49Z
Lamborghini,350 GT & 400 GT,2025-09,0.3041,google_trends,2026-08-29T21:54:49Z
Lamborghini,350 GT & 400 GT,2025-10,0.0,google_trends,2026-08-29T21:54:49Z
Lamborghini,350 GT & 400 GT,2025-11,0.0,google_trends,2026-08-29T21:54:49Z
Lamborghini,350 GT & 400 GT,2025-12,0.0,google_trends,2026-08-29T21:54:49Z
Lamborghini,350 GT & 400 GT,2026-01,0.0,google_trends,2026-08-29T21:54:49Z
Lamborghini,350 GT & 400 GT,2026-02,0.0,google_trends,2026-08-29T21:54:49Z
Lamborghini,350 GT & 400 GT,2026-03,0.0,google_trends,2026-08-29T21:54:49Z
Lamborghini,350 GT & 400 GT,2026-04,0.0,google_trends,2026-08-29T21:54:49Z
Lamborghini,350 GT & 400 GT,2026-05,0.0,google_trends,2026-08-29T21:54:49Z
Lamborghini,350 GT & 400 GT,2026-06,0.0,google_trends,2026-08-29T21:54:49Z
Lamborghini,350 GT & 400 GT,2026-07,0.0,google_trends,2026-08-29T21:54:49Z
Lamborghini,Aventador,2025-08,13.3121,google_trends,2026-08-29T19:23:31Z
Lamborghini,Aventador,2025-09,11.4016,google_trends,2026-08-29T19:23:31Z
Lamborghini,Aventador,2025-10,10.4771,google_trends,2026-08-29T19:23:31Z
Lamborghini,Aventador,2025-11,10.1073,google_trends,2026-08-29T19:23:31Z
Lamborghini,Aventador,2025-12,10.7853,google_trends,2026-08-29T19:23:31Z
Lamborghini,Aventador,2026-01,9.5527,google_trends,2026-08-29T19:23:31Z
Lamborghini,Aventador,2026-02,9.8608,google_trends,2026-08-29T19:23:31Z
Lamborghini,Aventador,2026-03,10.8469,google_trends,2026-08-29T19:23:31Z
Lamborghini,Aventador,2026-04,14.1749,google_trends,2026-08-29T19:23:31Z
Lamborghini,Aventador,2026-05,13.8051,google_trends,2026-08-29T19:23:31Z
Lamborghini,Aventador,2026-06,10.169,google_trends,2026-08-29T19:23:31Z
Lamborghini,Aventador,2026-07,8.9364,google_trends,2026-08-29T19:23:31Z
Lamborghini,Countach,2025-08,4.4385,google_trends,2026-08-29T19:23:31Z
Lamborghini,Countach,2025-09,3.6988,google_trends,2026-08-29T19:23:31Z
Lamborghini,Countach,2025-10,3.6988,google_trends,2026-08-29T19:23:31Z
Lamborghini,Countach,2025-11,3.9453,google_trends,2026-08-29T19:23:31Z
Lamborghini,Countach,2025-12,4.9317,google_trends,2026-08-29T19:23:31Z
Lamborghini,Countach,2026-01,4.007,google_trends,2026-08-29T19:23:31Z
Lamborghini,Countach,2026-02,3.6988,google_trends,2026-08-29T19:23:31Z
Lamborghini,Countach,2026-03,3.6988,google_trends,2026-08-29T19:23:31Z
Lamborghini,Countach,2026-04,4.9317,google_trends,2026-08-29T19:23:31Z
Lamborghini,Countach,2026-05,4.6851,google_trends,2026-08-29T19:23:31Z
Lamborghini,Countach,2026-06,3.6988,google_trends,2026-08-29T19:23:31Z
Lamborghini,Countach,2026-07,3.6988,google_trends,2026-08-29T19:23:31Z
Lamborghini,Diablo,2025-08,2.9582,google_trends,2026-08-29T19:23:31Z
Lamborghini,Diablo,2025-09,2.4652,google_trends,2026-08-29T19:23:31Z
Lamborghini,Diablo,2025-10,2.4652,google_trends,2026-08-29T19:23:31Z
Lamborghini,Diablo,2025-11,2.4652,google_trends,2026-08-29T19:23:31Z
Lamborghini,Diablo,2025-12,2.4652,google_trends,2026-08-29T19:23:31Z
Lamborghini,Diablo,2026-01,2.4652,google_trends,2026-08-29T19:23:31Z
Lamborghini,Diablo,2026-02,2.4652,google_trends,2026-08-29T19:23:31Z
Lamborghini,Diablo,2026-03,2.4652,google_trends,2026-08-29T19:23:31Z
Lamborghini,Diablo,2026-04,2.4652,google_trends,2026-08-29T19:23:31Z
Lamborghini,Diablo,2026-05,2.4652,google_trends,2026-08-29T19:23:31Z
Lamborghini,Diablo,2026-06,2.4652,google_trends,2026-08-29T19:23:31Z
Lamborghini,Diablo,2026-07,2.4652,google_trends,2026-08-29T19:23:31Z
Lamborghini,Gallardo,2025-08,5.3196,google_trends,2026-08-29T19:23:31Z
Lamborghini,Gallardo,2025-09,4.1997,google_trends,2026-08-29T19:23:31Z
Lamborghini,Gallardo,2025-10,4.1997,google_trends,2026-08-29T19:23:31Z
Lamborghini,Gallardo,2025-11,4.1997,google_trends,2026-08-29T19:23:31Z
Lamborghini,Gallardo,2025-12,4.1997,google_trends,2026-08-29T19:23:31Z
Lamborghini,Gallardo,2026-01,4.5497,google_trends,2026-08-29T19:23:31Z
Lamborghini,Gallardo,2026-02,4.5497,google_trends,2026-08-29T19:23:31Z
Lamborghini,Gallardo,2026-03,4.1997,google_trends,2026-08-29T19:23:31Z
Lamborghini,Gallardo,2026-04,4.1997,google_trends,2026-08-29T19:23:31Z
Lamborghini,Gallardo,2026-05,5.3196,google_trends,2026-08-29T19:23:31Z
Lamborghini,Gallardo,2026-06,4.8997,google_trends,2026-08-29T19:23:31Z
Lamborghini,Gallardo,2026-07,4.1997,google_trends,2026-08-29T19:23:31Z
Lamborghini,Huracán,2025-08,1.9722,google_trends,2026-08-29T19:23:31Z
Lamborghini,Huracán,2025-09,1.2326,google_trends,2026-08-29T19:23:31Z
Lamborghini,Huracán,2025-10,1.2326,google_trends,2026-08-29T19:23:31Z
Lamborghini,Huracán,2025-11,1.2326,google_trends,2026-08-29T19:23:31Z
Lamborghini,Huracán,2025-12,2.4652,google_trends,2026-08-29T19:23:31Z
Lamborghini,Huracán,2026-01,1.2326,google_trends,2026-08-29T19:23:31Z
Lamborghini,Huracán,2026-02,1.2326,google_trends,2026-08-29T19:23:31Z
Lamborghini,Huracán,2026-03,1.2326,google_trends,2026-08-29T19:23:31Z
Lamborghini,Huracán,2026-04,1.5408,google_trends,2026-08-29T19:23:31Z
Lamborghini,Huracán,2026-05,2.4652,google_trends,2026-08-29T19:23:31Z
Lamborghini,Huracán,2026-06,1.8489,google_trends,2026-08-29T19:23:31Z
Lamborghini,Huracán,2026-07,1.2326,google_trends,2026-08-29T19:23:31Z
Lamborghini,Revuelto,2025-08,8.1373,google_trends,2026-08-29T19:23:31Z
Lamborghini,Revuelto,2025-09,7.7057,google_trends,2026-08-29T19:23:31Z
Lamborghini,Revuelto,2025-10,6.7811,google_trends,2026-08-29T19:23:31Z
Lamborghini,Revuelto,2025-11,6.4112,google_trends,2026-08-29T19:23:31Z
Lamborghini,Revuelto,2025-12,8.6304,google_trends,2026-08-29T19:23:31Z
Lamborghini,Revuelto,2026-01,6.7811,google_trends,2026-08-29T19:23:31Z
Lamborghini,Revuelto,2026-02,6.4728,google_trends,2026-08-29T19:23:31Z
Lamborghini,Revuelto,2026-03,8.1373,google_trends,2026-08-29T19:23:31Z
Lamborghini,Revuelto,2026-04,14.1786,google_trends,2026-08-29T19:23:31Z
Lamborghini,Revuelto,2026-05,11.836,google_trends,2026-08-29T19:23:31Z
Lamborghini,Revuelto,2026-06,8.014,google_trends,2026-08-29T19:23:31Z
Lamborghini,Revuelto,2026-07,8.014,google_trends,2026-08-29T19:23:31Z
Lamborghini,Temerario,2025-08,1.9465,google_trends,2026-08-29T21:54:49Z
Lamborghini,Temerario,2025-09,1.2165,google_trends,2026-08-29T21:54:49Z
Lamborghini,Temerario,2025-10,1.2165,google_trends,2026-08-29T21:54:49Z
Lamborghini,Temerario,2025-11,1.4599,google_trends,2026-08-29T21:54:49Z
Lamborghini,Temerario,2025-12,2.4331,google_trends,2026-08-29T21:54:49Z
Lamborghini,Temerario,2026-01,2.129,google_trends,2026-08-29T21:54:49Z
Lamborghini,Temerario,2026-02,2.4331,google_trends,2026-08-29T21:54:49Z
Lamborghini,Temerario,2026-03,2.4331,google_trends,2026-08-29T21:54:49Z
Lamborghini,Temerario,2026-04,2.4331,google_trends,2026-08-29T21:54:49Z
Lamborghini,Temerario,2026-05,2.9197,google_trends,2026-08-29T21:54:49Z
Lamborghini,Temerario,2026-06,3.9538,google_trends,2026-08-29T21:54:49Z
Lamborghini,Temerario,2026-07,3.6496,google_trends,2026-08-29T21:54:49Z
Lamborghini,Urus,2025-08,25.6381,google_trends,2026-08-29T19:23:31Z
Lamborghini,Urus,2025-09,21.8787,google_trends,2026-08-29T19:23:31Z
Lamborghini,Urus,2025-10,21.5705,google_trends,2026-08-29T19:23:31Z
Lamborghini,Urus,2025-11,20.2147,google_trends,2026-08-29T19:23:31Z
Lamborghini,Urus,2025-12,23.1113,google_trends,2026-08-29T19:23:31Z
Lamborghini,Urus,2026-01,19.4135,google_trends,2026-08-29T19:23:31Z
Lamborghini,Urus,2026-02,18.7972,google_trends,2026-08-29T19:23:31Z
Lamborghini,Urus,2026-03,20.4612,google_trends,2026-08-29T19:23:31Z
Lamborghini,Urus,2026-04,22.495,google_trends,2026-08-29T19:23:31Z
Lamborghini,Urus,2026-05,21.4473,google_trends,2026-08-29T19:23:31Z
Lamborghini,Urus,2026-06,18.489,google_trends,2026-08-29T19:23:31Z
Lamborghini,Urus,2026-07,18.489,google_trends,2026-08-29T19:23:31Z
Lancia,Lancia Beta,2025-08,1.2329,google_trends,2026-08-29T19:23:31Z
Lancia,Lancia Beta,2025-09,1.2329,google_trends,2026-08-29T19:23:31Z
Lancia,Lancia Beta,2025-10,1.2329,google_trends,2026-08-29T19:23:31Z
Lancia,Lancia Beta,2025-11,1.2329,google_trends,2026-08-29T19:23:31Z
Lancia,Lancia Beta,2025-12,1.2329,google_trends,2026-08-29T19:23:31Z
Lancia,Lancia Beta,2026-01,0.9247,google_trends,2026-08-29T19:23:31Z
Lancia,Lancia Beta,2026-02,1.2329,google_trends,2026-08-29T19:23:31Z
Lancia,Lancia Beta,2026-03,1.2329,google_trends,2026-08-29T19:23:31Z
Lancia,Lancia Beta,2026-04,1.2329,google_trends,2026-08-29T19:23:31Z
Lancia,Lancia Beta,2026-05,1.2329,google_trends,2026-08-29T19:23:31Z
Lancia,Lancia Beta,2026-06,0.6165,google_trends,2026-08-29T19:23:31Z
Lancia,Lancia Beta,2026-07,0.6165,google_trends,2026-08-29T19:23:31Z
Lancia,Lancia Delta,2025-08,6.4095,google_trends,2026-08-29T19:23:31Z
Lancia,Lancia Delta,2025-09,6.163,google_trends,2026-08-29T19:23:31Z
Lancia,Lancia Delta,2025-10,6.163,google_trends,2026-08-29T19:23:31Z
Lancia,Lancia Delta,2025-11,6.4095,google_trends,2026-08-29T19:23:31Z
Lancia,Lancia Delta,2025-12,6.7793,google_trends,2026-08-29T19:23:31Z
Lancia,Lancia Delta,2026-01,6.4712,google_trends,2026-08-29T19:23:31Z
Lancia,Lancia Delta,2026-02,6.4712,google_trends,2026-08-29T19:23:31Z
Lancia,Lancia Delta,2026-03,6.163,google_trends,2026-08-29T19:23:31Z
Lancia,Lancia Delta,2026-04,6.163,google_trends,2026-08-29T19:23:31Z
Lancia,Lancia Delta,2026-05,6.4095,google_trends,2026-08-29T19:23:31Z
Lancia,Lancia Delta,2026-06,5.8549,google_trends,2026-08-29T19:23:31Z
Lancia,Lancia Delta,2026-07,5.5467,google_trends,2026-08-29T19:23:31Z
Lancia,Lancia Fulvia,2025-08,1.2326,google_trends,2026-08-29T19:23:31Z
Lancia,Lancia Fulvia,2025-09,1.2326,google_trends,2026-08-29T19:23:31Z
Lancia,Lancia Fulvia,2025-10,1.2326,google_trends,2026-08-29T19:23:31Z
Lancia,Lancia Fulvia,2025-11,1.2326,google_trends,2026-08-29T19:23:31Z
Lancia,Lancia Fulvia,2025-12,1.2326,google_trends,2026-08-29T19:23:31Z
Lancia,Lancia Fulvia,2026-01,1.2326,google_trends,2026-08-29T19:23:31Z
Lancia,Lancia Fulvia,2026-02,1.2326,google_trends,2026-08-29T19:23:31Z
Lancia,Lancia Fulvia,2026-03,1.2326,google_trends,2026-08-29T19:23:31Z
Lancia,Lancia Fulvia,2026-04,1.2326,google_trends,2026-08-29T19:23:31Z
Lancia,Lancia Fulvia,2026-05,1.2326,google_trends,2026-08-29T19:23:31Z
Lancia,Lancia Fulvia,2026-06,1.2326,google_trends,2026-08-29T19:23:31Z
Lancia,Lancia Fulvia,2026-07,1.2326,google_trends,2026-08-29T19:23:31Z
Land Rover,Discovery I,2025-08,0.0,google_trends,2026-08-29T19:23:31Z
Land Rover,Discovery I,2025-09,0.0,google_trends,2026-08-29T19:23:31Z
Land Rover,Discovery I,2025-10,0.0,google_trends,2026-08-29T19:23:31Z
Land Rover,Discovery I,2025-11,0.2465,google_trends,2026-08-29T19:23:31Z
Land Rover,Discovery I,2025-12,0.0,google_trends,2026-08-29T19:23:31Z
Land Rover,Discovery I,2026-01,0.6163,google_trends,2026-08-29T19:23:31Z
Land Rover,Discovery I,2026-02,1.2326,google_trends,2026-08-29T19:23:31Z
Land Rover,Discovery I,2026-03,0.7396,google_trends,2026-08-29T19:23:31Z
Land Rover,Discovery I,2026-04,0.6163,google_trends,2026-08-29T19:23:31Z
Land Rover,Discovery I,2026-05,1.2326,google_trends,2026-08-29T19:23:31Z
Land Rover,Discovery I,2026-06,1.2326,google_trends,2026-08-29T19:23:31Z
Land Rover,Discovery I,2026-07,0.6163,google_trends,2026-08-29T19:23:31Z
Land Rover,Discovery II,2025-08,0.0,google_trends,2026-08-29T19:23:31Z
Land Rover,Discovery II,2025-09,0.0,google_trends,2026-08-29T19:23:31Z
Land Rover,Discovery II,2025-10,0.0,google_trends,2026-08-29T19:23:31Z
Land Rover,Discovery II,2025-11,0.0,google_trends,2026-08-29T19:23:31Z
Land Rover,Discovery II,2025-12,0.0,google_trends,2026-08-29T19:23:31Z
Land Rover,Discovery II,2026-01,0.0,google_trends,2026-08-29T19:23:31Z
Land Rover,Discovery II,2026-02,0.308,google_trends,2026-08-29T19:23:31Z
Land Rover,Discovery II,2026-03,0.0,google_trends,2026-08-29T19:23:31Z
Land Rover,Discovery II,2026-04,0.0,google_trends,2026-08-29T19:23:31Z
Land Rover,Discovery II,2026-05,0.0,google_trends,2026-08-29T19:23:31Z
Land Rover,Discovery II,2026-06,0.0,google_trends,2026-08-29T19:23:31Z
Land Rover,Discovery II,2026-07,0.0,google_trends,2026-08-29T19:23:31Z
Land Rover,LR2,2025-08,1.2329,google_trends,2026-08-29T19:23:31Z
Land Rover,LR2,2025-09,1.2329,google_trends,2026-08-29T19:23:31Z
Land Rover,LR2,2025-10,0.3082,google_trends,2026-08-29T19:23:31Z
Land Rover,LR2,2025-11,0.4932,google_trends,2026-08-29T19:23:31Z
Land Rover,LR2,2025-12,0.0,google_trends,2026-08-29T19:23:31Z
Land Rover,LR2,2026-01,0.0,google_trends,2026-08-29T19:23:31Z
Land Rover,LR2,2026-02,1.8494,google_trends,2026-08-29T19:23:31Z
Land Rover,LR2,2026-03,1.2329,google_trends,2026-08-29T19:23:31Z
Land Rover,LR2,2026-04,1.2329,google_trends,2026-08-29T19:23:31Z
Land Rover,LR2,2026-05,0.9863,google_trends,2026-08-29T19:23:31Z
Land Rover,LR2,2026-06,0.9247,google_trends,2026-08-29T19:23:31Z
Land Rover,LR2,2026-07,0.9247,google_trends,2026-08-29T19:23:31Z
Land Rover,LR3,2025-08,1.2326,google_trends,2026-08-29T19:23:31Z
Land Rover,LR3,2025-09,1.2326,google_trends,2026-08-29T19:23:31Z
Land Rover,LR3,2025-10,1.2326,google_trends,2026-08-29T19:23:31Z
Land Rover,LR3,2025-11,0.9861,google_trends,2026-08-29T19:23:31Z
Land Rover,LR3,2025-12,0.6163,google_trends,2026-08-29T19:23:31Z
Land Rover,LR3,2026-01,0.9245,google_trends,2026-08-29T19:23:31Z
Land Rover,LR3,2026-02,2.1571,google_trends,2026-08-29T19:23:31Z
Land Rover,LR3,2026-03,1.2326,google_trends,2026-08-29T19:23:31Z
Land Rover,LR3,2026-04,1.2326,google_trends,2026-08-29T19:23:31Z
Land Rover,LR3,2026-05,1.2326,google_trends,2026-08-29T19:23:31Z
Land Rover,LR3,2026-06,1.2326,google_trends,2026-08-29T19:23:31Z
Land Rover,LR3,2026-07,1.2326,google_trends,2026-08-29T19:23:31Z
Land Rover,LR4,2025-08,1.232,google_trends,2026-08-29T19:23:31Z
Land Rover,LR4,2025-09,1.232,google_trends,2026-08-29T19:23:31Z
Land Rover,LR4,2025-10,1.232,google_trends,2026-08-29T19:23:31Z
Land Rover,LR4,2025-11,1.232,google_trends,2026-08-29T19:23:31Z
Land Rover,LR4,2025-12,1.232,google_trends,2026-08-29T19:23:31Z
Land Rover,LR4,2026-01,1.232,google_trends,2026-08-29T19:23:31Z
Land Rover,LR4,2026-02,2.7719,google_trends,2026-08-29T19:23:31Z
Land Rover,LR4,2026-03,1.232,google_trends,2026-08-29T19:23:31Z
Land Rover,LR4,2026-04,1.232,google_trends,2026-08-29T19:23:31Z
Land Rover,LR4,2026-05,1.232,google_trends,2026-08-29T19:23:31Z
Land Rover,LR4,2026-06,1.232,google_trends,2026-08-29T19:23:31Z
Land Rover,LR4,2026-07,1.232,google_trends,2026-08-29T19:23:31Z
Land Rover,Range Rover Classic,2025-08,0.0,google_trends,2026-08-29T19:23:31Z
Land Rover,Range Rover Classic,2025-09,0.0,google_trends,2026-08-29T19:23:31Z
Land Rover,Range Rover Classic,2025-10,0.0,google_trends,2026-08-29T19:23:31Z
Land Rover,Range Rover Classic,2025-11,0.0,google_trends,2026-08-29T19:23:31Z
Land Rover,Range Rover Classic,2025-12,0.0,google_trends,2026-08-29T19:23:31Z
Land Rover,Range Rover Classic,2026-01,0.0,google_trends,2026-08-29T19:23:31Z
Land Rover,Range Rover Classic,2026-02,0.308,google_trends,2026-08-29T19:23:31Z
Land Rover,Range Rover Classic,2026-03,0.0,google_trends,2026-08-29T19:23:31Z
Land Rover,Range Rover Classic,2026-04,0.0,google_trends,2026-08-29T19:23:31Z
Land Rover,Range Rover Classic,2026-05,0.0,google_trends,2026-08-29T19:23:31Z
Land Rover,Range Rover Classic,2026-06,0.0,google_trends,2026-08-29T19:23:31Z
Land Rover,Range Rover Classic,2026-07,0.0,google_trends,2026-08-29T19:23:31Z
Land Rover,Range Rover L322,2025-08,0.0,google_trends,2026-08-29T19:23:31Z
Land Rover,Range Rover L322,2025-09,0.0,google_trends,2026-08-29T19:23:31Z
Land Rover,Range Rover L322,2025-10,0.0,google_trends,2026-08-29T19:23:31Z
Land Rover,Range Rover L322,2025-11,0.0,google_trends,2026-08-29T19:23:31Z
Land Rover,Range Rover L322,2025-12,0.0,google_trends,2026-08-29T19:23:31Z
Land Rover,Range Rover L322,2026-01,0.0,google_trends,2026-08-29T19:23:31Z
Land Rover,Range Rover L322,2026-02,0.308,google_trends,2026-08-29T19:23:31Z
Land Rover,Range Rover L322,2026-03,0.0,google_trends,2026-08-29T19:23:31Z
Land Rover,Range Rover L322,2026-04,0.0,google_trends,2026-08-29T19:23:31Z
Land Rover,Range Rover L322,2026-05,0.0,google_trends,2026-08-29T19:23:31Z
Land Rover,Range Rover L322,2026-06,0.0,google_trends,2026-08-29T19:23:31Z
Land Rover,Range Rover L322,2026-07,0.0,google_trends,2026-08-29T19:23:31Z
Lexus,ES,2025-08,26.3777,google_trends,2026-08-29T19:23:31Z
Lexus,ES,2025-09,23.7276,google_trends,2026-08-29T19:23:31Z
Lexus,ES,2025-10,24.0357,google_trends,2026-08-29T19:23:31Z
Lexus,ES,2025-11,22.9264,google_trends,2026-08-29T19:23:31Z
Lexus,ES,2025-12,23.1113,google_trends,2026-08-29T19:23:31Z
Lexus,ES,2026-01,23.1113,google_trends,2026-08-29T19:23:31Z
Lexus,ES,2026-02,26.8091,google_trends,2026-08-29T19:23:31Z
Lexus,ES,2026-03,30.8151,google_trends,2026-08-29T19:23:31Z
Lexus,ES,2026-04,30.5069,google_trends,2026-08-29T19:23:31Z
Lexus,ES,2026-05,32.2942,google_trends,2026-08-29T19:23:31Z
Lexus,ES,2026-06,28.9662,google_trends,2026-08-29T19:23:31Z
Lexus,ES,2026-07,28.658,google_trends,2026-08-29T19:23:31Z
Lexus,GS,2025-08,10.3539,google_trends,2026-08-29T19:23:31Z
Lexus,GS,2025-09,9.8608,google_trends,2026-08-29T19:23:31Z
Lexus,GS,2025-10,9.8608,google_trends,2026-08-29T19:23:31Z
Lexus,GS,2025-11,9.8608,google_trends,2026-08-29T19:23:31Z
Lexus,GS,2025-12,8.6282,google_trends,2026-08-29T19:23:31Z
Lexus,GS,2026-01,8.6282,google_trends,2026-08-29T19:23:31Z
Lexus,GS,2026-02,10.169,google_trends,2026-08-29T19:23:31Z
Lexus,GS,2026-03,10.3539,google_trends,2026-08-29T19:23:31Z
Lexus,GS,2026-04,11.0934,google_trends,2026-08-29T19:23:31Z
Lexus,GS,2026-05,10.3539,google_trends,2026-08-29T19:23:31Z
Lexus,GS,2026-06,9.8608,google_trends,2026-08-29T19:23:31Z
Lexus,GS,2026-07,10.169,google_trends,2026-08-29T19:23:31Z
Lexus,GX,2025-08,24.8175,google_trends,2026-08-29T21:54:49Z
Lexus,GX,2025-09,21.5937,google_trends,2026-08-29T21:54:49Z
Lexus,GX,2025-10,21.8978,google_trends,2026-08-29T21:54:49Z
Lexus,GX,2025-11,23.1144,google_trends,2026-08-29T21:54:49Z
Lexus,GX,2025-12,23.7226,google_trends,2026-08-29T21:54:49Z
Lexus,GX,2026-01,21.5937,google_trends,2026-08-29T21:54:49Z
Lexus,GX,2026-02,23.7226,google_trends,2026-08-29T21:54:49Z
Lexus,GX,2026-03,23.8443,google_trends,2026-08-29T21:54:49Z
Lexus,GX,2026-04,23.1144,google_trends,2026-08-29T21:54:49Z
Lexus,GX,2026-05,23.3577,google_trends,2026-08-29T21:54:49Z
Lexus,GX,2026-06,21.8978,google_trends,2026-08-29T21:54:49Z
Lexus,GX,2026-07,23.4185,google_trends,2026-08-29T21:54:49Z
Lexus,IS,2025-08,66.314,google_trends,2026-08-29T19:23:31Z
Lexus,IS,2025-09,60.0894,google_trends,2026-08-29T19:23:31Z
Lexus,IS,2025-10,56.6997,google_trends,2026-08-29T19:23:31Z
Lexus,IS,2025-11,65.5744,google_trends,2026-08-29T19:23:31Z
Lexus,IS,2025-12,73.648,google_trends,2026-08-29T19:23:31Z
Lexus,IS,2026-01,72.7235,google_trends,2026-08-29T19:23:31Z
Lexus,IS,2026-02,82.2762,google_trends,2026-08-29T19:23:31Z
Lexus,IS,2026-03,78.64,google_trends,2026-08-29T19:23:31Z
Lexus,IS,2026-04,76.4213,google_trends,2026-08-29T19:23:31Z
Lexus,IS,2026-05,77.4074,google_trends,2026-08-29T19:23:31Z
Lexus,IS,2026-06,71.4909,google_trends,2026-08-29T19:23:31Z
Lexus,IS,2026-07,71.4909,google_trends,2026-08-29T19:23:31Z
Lexus,LC,2025-08,6.9026,google_trends,2026-08-29T19:23:31Z
Lexus,LC,2025-09,6.163,google_trends,2026-08-29T19:23:31Z
Lexus,LC,2025-10,5.2386,google_trends,2026-08-29T19:23:31Z
Lexus,LC,2025-11,5.67,google_trends,2026-08-29T19:23:31Z
Lexus,LC,2025-12,5.2386,google_trends,2026-08-29T19:23:31Z
Lexus,LC,2026-01,4.9304,google_trends,2026-08-29T19:23:31Z
Lexus,LC,2026-02,6.163,google_trends,2026-08-29T19:23:31Z
Lexus,LC,2026-03,6.4095,google_trends,2026-08-29T19:23:31Z
Lexus,LC,2026-04,6.7793,google_trends,2026-08-29T19:23:31Z
Lexus,LC,2026-05,7.6421,google_trends,2026-08-29T19:23:31Z
Lexus,LC,2026-06,6.7793,google_trends,2026-08-29T19:23:31Z
Lexus,LC,2026-07,7.3956,google_trends,2026-08-29T19:23:31Z
Lexus,LFA,2025-08,6.1646,google_trends,2026-08-29T19:23:31Z
Lexus,LFA,2025-09,5.8564,google_trends,2026-08-29T19:23:31Z
Lexus,LFA,2025-10,5.2399,google_trends,2026-08-29T19:23:31Z
Lexus,LFA,2025-11,6.1646,google_trends,2026-08-29T19:23:31Z
Lexus,LFA,2025-12,7.0893,google_trends,2026-08-29T19:23:31Z
Lexus,LFA,2026-01,4.9317,google_trends,2026-08-29T19:23:31Z
Lexus,LFA,2026-02,4.9317,google_trends,2026-08-29T19:23:31Z
Lexus,LFA,2026-03,5.1783,google_trends,2026-08-29T19:23:31Z
Lexus,LFA,2026-04,5.5481,google_trends,2026-08-29T19:23:31Z
Lexus,LFA,2026-05,6.1646,google_trends,2026-08-29T19:23:31Z
Lexus,LFA,2026-06,6.1646,google_trends,2026-08-29T19:23:31Z
Lexus,LFA,2026-07,6.7811,google_trends,2026-08-29T19:23:31Z
Lexus,LX450,2025-08,0.0,google_trends,2026-08-29T19:23:31Z
Lexus,LX450,2025-09,0.0,google_trends,2026-08-29T19:23:31Z
Lexus,LX450,2025-10,0.0,google_trends,2026-08-29T19:23:31Z
Lexus,LX450,2025-11,0.0,google_trends,2026-08-29T19:23:31Z
Lexus,LX450,2025-12,0.0,google_trends,2026-08-29T19:23:31Z
Lexus,LX450,2026-01,0.0,google_trends,2026-08-29T19:23:31Z
Lexus,LX450,2026-02,0.6163,google_trends,2026-08-29T19:23:31Z
Lexus,LX450,2026-03,0.0,google_trends,2026-08-29T19:23:31Z
Lexus,LX450,2026-04,0.0,google_trends,2026-08-29T19:23:31Z
Lexus,LX450,2026-05,0.0,google_trends,2026-08-29T19:23:31Z
Lexus,LX450,2026-06,0.0,google_trends,2026-08-29T19:23:31Z
Lexus,LX450,2026-07,0.0,google_trends,2026-08-29T19:23:31Z
Lexus,LX470,2025-08,1.232,google_trends,2026-08-29T19:23:31Z
Lexus,LX470,2025-09,1.232,google_trends,2026-08-29T19:23:31Z
Lexus,LX470,2025-10,1.232,google_trends,2026-08-29T19:23:31Z
Lexus,LX470,2025-11,1.232,google_trends,2026-08-29T19:23:31Z
Lexus,LX470,2025-12,1.232,google_trends,2026-08-29T19:23:31Z
Lexus,LX470,2026-01,1.232,google_trends,2026-08-29T19:23:31Z
Lexus,LX470,2026-02,1.848,google_trends,2026-08-29T19:23:31Z
Lexus,LX470,2026-03,1.232,google_trends,2026-08-29T19:23:31Z
Lexus,LX470,2026-04,1.232,google_trends,2026-08-29T19:23:31Z
Lexus,LX470,2026-05,1.232,google_trends,2026-08-29T19:23:31Z
Lexus,LX470,2026-06,1.232,google_trends,2026-08-29T19:23:31Z
Lexus,LX470,2026-07,1.232,google_trends,2026-08-29T19:23:31Z
Lexus,LX570,2025-08,1.7256,google_trends,2026-08-29T19:23:31Z
Lexus,LX570,2025-09,1.2326,google_trends,2026-08-29T19:23:31Z
Lexus,LX570,2025-10,1.2326,google_trends,2026-08-29T19:23:31Z
Lexus,LX570,2025-11,1.2326,google_trends,2026-08-29T19:23:31Z
Lexus,LX570,2025-12,1.2326,google_trends,2026-08-29T19:23:31Z
Lexus,LX570,2026-01,1.5408,google_trends,2026-08-29T19:23:31Z
Lexus,LX570,2026-02,2.7734,google_trends,2026-08-29T19:23:31Z
Lexus,LX570,2026-03,1.7256,google_trends,2026-08-29T19:23:31Z
Lexus,LX570,2026-04,2.1571,google_trends,2026-08-29T19:23:31Z
Lexus,LX570,2026-05,2.2187,google_trends,2026-08-29T19:23:31Z
Lexus,LX570,2026-06,2.1571,google_trends,2026-08-29T19:23:31Z
Lexus,LX570,2026-07,1.2326,google_trends,2026-08-29T19:23:31Z
Lexus,RC,2025-08,6.0827,google_trends,2026-08-29T21:54:49Z
Lexus,RC,2025-09,6.0827,google_trends,2026-08-29T21:54:49Z
Lexus,RC,2025-10,5.1703,google_trends,2026-08-29T21:54:49Z
Lexus,RC,2025-11,4.8662,google_trends,2026-08-29T21:54:49Z
Lexus,RC,2025-12,4.8662,google_trends,2026-08-29T21:54:49Z
Lexus,RC,2026-01,4.8662,google_trends,2026-08-29T21:54:49Z
Lexus,RC,2026-02,6.0827,google_trends,2026-08-29T21:54:49Z
Lexus,RC,2026-03,6.326,google_trends,2026-08-29T21:54:49Z
Lexus,RC,2026-04,7.2993,google_trends,2026-08-29T21:54:49Z
Lexus,RC,2026-05,6.8127,google_trends,2026-08-29T21:54:49Z
Lexus,RC,2026-06,6.0827,google_trends,2026-08-29T21:54:49Z
Lexus,RC,2026-07,6.0827,google_trends,2026-08-29T21:54:49Z
Lexus,RX,2025-08,50.0437,google_trends,2026-08-29T19:23:31Z
Lexus,RX,2025-09,45.2981,google_trends,2026-08-29T19:23:31Z
Lexus,RX,2025-10,44.99,google_trends,2026-08-29T19:23:31Z
Lexus,RX,2025-11,45.8528,google_trends,2026-08-29T19:23:31Z
Lexus,RX,2025-12,45.2981,google_trends,2026-08-29T19:23:31Z
Lexus,RX,2026-01,44.6818,google_trends,2026-08-29T19:23:31Z
Lexus,RX,2026-02,46.5307,google_trends,2026-08-29T19:23:31Z
Lexus,RX,2026-03,53.4949,google_trends,2026-08-29T19:23:31Z
Lexus,RX,2026-04,54.5427,google_trends,2026-08-29T19:23:31Z
Lexus,RX,2026-05,50.5367,google_trends,2026-08-29T19:23:31Z
Lexus,RX,2026-06,49.3041,google_trends,2026-08-29T19:23:31Z
Lexus,RX,2026-07,51.4611,google_trends,2026-08-29T19:23:31Z
Lexus,RX300,2025-08,2.4331,google_trends,2026-08-29T21:54:49Z
Lexus,RX300,2025-09,2.4331,google_trends,2026-08-29T21:54:49Z
Lexus,RX300,2025-10,2.4331,google_trends,2026-08-29T21:54:49Z
Lexus,RX300,2025-11,2.4331,google_trends,2026-08-29T21:54:49Z
Lexus,RX300,2025-12,2.4331,google_trends,2026-08-29T21:54:49Z
Lexus,RX300,2026-01,2.4331,google_trends,2026-08-29T21:54:49Z
Lexus,RX300,2026-02,3.6496,google_trends,2026-08-29T21:54:49Z
Lexus,RX300,2026-03,2.4331,google_trends,2026-08-29T21:54:49Z
Lexus,RX300,2026-04,2.4331,google_trends,2026-08-29T21:54:49Z
Lexus,RX300,2026-05,2.4331,google_trends,2026-08-29T21:54:49Z
Lexus,RX300,2026-06,2.4331,google_trends,2026-08-29T21:54:49Z
Lexus,RX300,2026-07,2.4331,google_trends,2026-08-29T21:54:49Z
Lexus,SC,2025-08,2.4639,google_trends,2026-08-29T19:23:31Z
Lexus,SC,2025-09,2.4639,google_trends,2026-08-29T19:23:31Z
Lexus,SC,2025-10,2.1559,google_trends,2026-08-29T19:23:31Z
Lexus,SC,2025-11,2.2175,google_trends,2026-08-29T19:23:31Z
Lexus,SC,2025-12,1.848,google_trends,2026-08-29T19:23:31Z
Lexus,SC,2026-01,1.232,google_trends,2026-08-29T19:23:31Z
Lexus,SC,2026-02,2.4639,google_trends,2026-08-29T19:23:31Z
Lexus,SC,2026-03,2.4639,google_trends,2026-08-29T19:23:31Z
Lexus,SC,2026-04,2.4639,google_trends,2026-08-29T19:23:31Z
Lexus,SC,2026-05,2.4639,google_trends,2026-08-29T19:23:31Z
Lexus,SC,2026-06,2.4639,google_trends,2026-08-29T19:23:31Z
Lexus,SC,2026-07,2.4639,google_trends,2026-08-29T19:23:31Z
Lincoln,LINCOLN AVIATOR,2025-08,8.3838,google_trends,2026-08-29T19:23:31Z
Lincoln,LINCOLN AVIATOR,2025-09,7.3975,google_trends,2026-08-29T19:23:31Z
Lincoln,LINCOLN AVIATOR,2025-10,7.0893,google_trends,2026-08-29T19:23:31Z
Lincoln,LINCOLN AVIATOR,2025-11,6.6578,google_trends,2026-08-29T19:23:31Z
Lincoln,LINCOLN AVIATOR,2025-12,7.0893,google_trends,2026-08-29T19:23:31Z
Lincoln,LINCOLN AVIATOR,2026-01,7.0893,google_trends,2026-08-29T19:23:31Z
Lincoln,LINCOLN AVIATOR,2026-02,8.6304,google_trends,2026-08-29T19:23:31Z
Lincoln,LINCOLN AVIATOR,2026-03,8.3838,google_trends,2026-08-29T19:23:31Z
Lincoln,LINCOLN AVIATOR,2026-04,8.6304,google_trends,2026-08-29T19:23:31Z
Lincoln,LINCOLN AVIATOR,2026-05,8.6304,google_trends,2026-08-29T19:23:31Z
Lincoln,LINCOLN AVIATOR,2026-06,7.7057,google_trends,2026-08-29T19:23:31Z
Lincoln,LINCOLN AVIATOR,2026-07,8.9387,google_trends,2026-08-29T19:23:31Z
Lincoln,LINCOLN LS,2025-08,1.2329,google_trends,2026-08-29T19:23:31Z
Lincoln,LINCOLN LS,2025-09,1.2329,google_trends,2026-08-29T19:23:31Z
Lincoln,LINCOLN LS,2025-10,1.2329,google_trends,2026-08-29T19:23:31Z
Lincoln,LINCOLN LS,2025-11,1.2329,google_trends,2026-08-29T19:23:31Z
Lincoln,LINCOLN LS,2025-12,1.2329,google_trends,2026-08-29T19:23:31Z
Lincoln,LINCOLN LS,2026-01,1.2329,google_trends,2026-08-29T19:23:31Z
Lincoln,LINCOLN LS,2026-02,2.1576,google_trends,2026-08-29T19:23:31Z
Lincoln,LINCOLN LS,2026-03,1.2329,google_trends,2026-08-29T19:23:31Z
Lincoln,LINCOLN LS,2026-04,1.8494,google_trends,2026-08-29T19:23:31Z
Lincoln,LINCOLN LS,2026-05,1.2329,google_trends,2026-08-29T19:23:31Z
Lincoln,LINCOLN LS,2026-06,1.2329,google_trends,2026-08-29T19:23:31Z
Lincoln,LINCOLN LS,2026-07,1.2329,google_trends,2026-08-29T19:23:31Z
Lincoln,LINCOLN MKS,2025-08,1.2329,google_trends,2026-08-29T19:23:31Z
Lincoln,LINCOLN MKS,2025-09,1.2329,google_trends,2026-08-29T19:23:31Z
Lincoln,LINCOLN MKS,2025-10,1.2329,google_trends,2026-08-29T19:23:31Z
Lincoln,LINCOLN MKS,2025-11,1.2329,google_trends,2026-08-29T19:23:31Z
Lincoln,LINCOLN MKS,2025-12,1.2329,google_trends,2026-08-29T19:23:31Z
Lincoln,LINCOLN MKS,2026-01,1.2329,google_trends,2026-08-29T19:23:31Z
Lincoln,LINCOLN MKS,2026-02,2.7741,google_trends,2026-08-29T19:23:31Z
Lincoln,LINCOLN MKS,2026-03,1.4795,google_trends,2026-08-29T19:23:31Z
Lincoln,LINCOLN MKS,2026-04,1.2329,google_trends,2026-08-29T19:23:31Z
Lincoln,LINCOLN MKS,2026-05,1.2329,google_trends,2026-08-29T19:23:31Z
Lincoln,LINCOLN MKS,2026-06,1.2329,google_trends,2026-08-29T19:23:31Z
Lincoln,LINCOLN MKS,2026-07,1.2329,google_trends,2026-08-29T19:23:31Z
Lincoln,LINCOLN MKZ,2025-08,7.056,google_trends,2026-08-29T21:54:49Z
Lincoln,LINCOLN MKZ,2025-09,6.3869,google_trends,2026-08-29T21:54:49Z
Lincoln,LINCOLN MKZ,2025-10,6.0827,google_trends,2026-08-29T21:54:49Z
Lincoln,LINCOLN MKZ,2025-11,6.0827,google_trends,2026-08-29T21:54:49Z
Lincoln,LINCOLN MKZ,2025-12,4.8662,google_trends,2026-08-29T21:54:49Z
Lincoln,LINCOLN MKZ,2026-01,5.4745,google_trends,2026-08-29T21:54:49Z
Lincoln,LINCOLN MKZ,2026-02,8.82,google_trends,2026-08-29T21:54:49Z
Lincoln,LINCOLN MKZ,2026-03,7.5426,google_trends,2026-08-29T21:54:49Z
Lincoln,LINCOLN MKZ,2026-04,7.9075,google_trends,2026-08-29T21:54:49Z
Lincoln,LINCOLN MKZ,2026-05,7.7859,google_trends,2026-08-29T21:54:49Z
Lincoln,LINCOLN MKZ,2026-06,7.2993,google_trends,2026-08-29T21:54:49Z
Lincoln,LINCOLN MKZ,2026-07,7.2993,google_trends,2026-08-29T21:54:49Z
Lincoln,Lincoln Blackwood & Mark LT,2025-08,0.0,google_trends,2026-08-29T19:23:31Z
Lincoln,Lincoln Blackwood & Mark LT,2025-09,0.0,google_trends,2026-08-29T19:23:31Z
Lincoln,Lincoln Blackwood & Mark LT,2025-10,0.0,google_trends,2026-08-29T19:23:31Z
Lincoln,Lincoln Blackwood & Mark LT,2025-11,0.0,google_trends,2026-08-29T19:23:31Z
Lincoln,Lincoln Blackwood & Mark LT,2025-12,0.0,google_trends,2026-08-29T19:23:31Z
Lincoln,Lincoln Blackwood & Mark LT,2026-01,0.0,google_trends,2026-08-29T19:23:31Z
Lincoln,Lincoln Blackwood & Mark LT,2026-02,0.9245,google_trends,2026-08-29T19:23:31Z
Lincoln,Lincoln Blackwood & Mark LT,2026-03,0.0,google_trends,2026-08-29T19:23:31Z
Lincoln,Lincoln Blackwood & Mark LT,2026-04,0.0,google_trends,2026-08-29T19:23:31Z
Lincoln,Lincoln Blackwood & Mark LT,2026-05,0.0,google_trends,2026-08-29T19:23:31Z
Lincoln,Lincoln Blackwood & Mark LT,2026-06,0.0,google_trends,2026-08-29T19:23:31Z
Lincoln,Lincoln Blackwood & Mark LT,2026-07,0.0,google_trends,2026-08-29T19:23:31Z
Lincoln,Lincoln Continental,2025-08,6.899,google_trends,2026-08-29T19:23:31Z
Lincoln,Lincoln Continental,2025-09,6.1598,google_trends,2026-08-29T19:23:31Z
Lincoln,Lincoln Continental,2025-10,6.1598,google_trends,2026-08-29T19:23:31Z
Lincoln,Lincoln Continental,2025-11,5.6671,google_trends,2026-08-29T19:23:31Z
Lincoln,Lincoln Continental,2025-12,6.1598,google_trends,2026-08-29T19:23:31Z
Lincoln,Lincoln Continental,2026-01,6.4678,google_trends,2026-08-29T19:23:31Z
Lincoln,Lincoln Continental,2026-02,9.2398,google_trends,2026-08-29T19:23:31Z
Lincoln,Lincoln Continental,2026-03,6.6526,google_trends,2026-08-29T19:23:31Z
Lincoln,Lincoln Continental,2026-04,7.6998,google_trends,2026-08-29T19:23:31Z
Lincoln,Lincoln Continental,2026-05,7.3918,google_trends,2026-08-29T19:23:31Z
Lincoln,Lincoln Continental,2026-06,7.0838,google_trends,2026-08-29T19:23:31Z
Lincoln,Lincoln Continental,2026-07,7.0838,google_trends,2026-08-29T19:23:31Z
Lincoln,Lincoln Mark VIII,2025-08,0.0,google_trends,2026-08-29T19:23:31Z
Lincoln,Lincoln Mark VIII,2025-09,0.0,google_trends,2026-08-29T19:23:31Z
Lincoln,Lincoln Mark VIII,2025-10,0.0,google_trends,2026-08-29T19:23:31Z
Lincoln,Lincoln Mark VIII,2025-11,0.0,google_trends,2026-08-29T19:23:31Z
Lincoln,Lincoln Mark VIII,2025-12,0.0,google_trends,2026-08-29T19:23:31Z
Lincoln,Lincoln Mark VIII,2026-01,0.0,google_trends,2026-08-29T19:23:31Z
Lincoln,Lincoln Mark VIII,2026-02,0.6163,google_trends,2026-08-29T19:23:31Z
Lincoln,Lincoln Mark VIII,2026-03,0.0,google_trends,2026-08-29T19:23:31Z
Lincoln,Lincoln Mark VIII,2026-04,0.0,google_trends,2026-08-29T19:23:31Z
Lincoln,Lincoln Mark VIII,2026-05,0.0,google_trends,2026-08-29T19:23:31Z
Lincoln,Lincoln Mark VIII,2026-06,0.0,google_trends,2026-08-29T19:23:31Z
Lincoln,Lincoln Mark VIII,2026-07,0.0,google_trends,2026-08-29T19:23:31Z
Lincoln,Lincoln Navigator,2025-08,14.5447,google_trends,2026-08-29T19:23:31Z
Lincoln,Lincoln Navigator,2025-09,13.5586,google_trends,2026-08-29T19:23:31Z
Lincoln,Lincoln Navigator,2025-10,13.2505,google_trends,2026-08-29T19:23:31Z
Lincoln,Lincoln Navigator,2025-11,13.3121,google_trends,2026-08-29T19:23:31Z
Lincoln,Lincoln Navigator,2025-12,12.9423,google_trends,2026-08-29T19:23:31Z
Lincoln,Lincoln Navigator,2026-01,12.326,google_trends,2026-08-29T19:23:31Z
Lincoln,Lincoln Navigator,2026-02,17.5646,google_trends,2026-08-29T19:23:31Z
Lincoln,Lincoln Navigator,2026-03,14.5447,google_trends,2026-08-29T19:23:31Z
Lincoln,Lincoln Navigator,2026-04,14.7912,google_trends,2026-08-29T19:23:31Z
Lincoln,Lincoln Navigator,2026-05,15.2843,google_trends,2026-08-29T19:23:31Z
Lincoln,Lincoln Navigator,2026-06,13.5586,google_trends,2026-08-29T19:23:31Z
Lincoln,Lincoln Navigator,2026-07,14.4831,google_trends,2026-08-29T19:23:31Z
Lincoln,Lincoln Premiere,2025-08,0.2433,google_trends,2026-08-29T21:54:49Z
Lincoln,Lincoln Premiere,2025-09,0.3041,google_trends,2026-08-29T21:54:49Z
Lincoln,Lincoln Premiere,2025-10,0.0,google_trends,2026-08-29T21:54:49Z
Lincoln,Lincoln Premiere,2025-11,0.2433,google_trends,2026-08-29T21:54:49Z
Lincoln,Lincoln Premiere,2025-12,0.0,google_trends,2026-08-29T21:54:49Z
Lincoln,Lincoln Premiere,2026-01,0.3041,google_trends,2026-08-29T21:54:49Z
Lincoln,Lincoln Premiere,2026-02,0.9124,google_trends,2026-08-29T21:54:49Z
Lincoln,Lincoln Premiere,2026-03,0.7299,google_trends,2026-08-29T21:54:49Z
Lincoln,Lincoln Premiere,2026-04,0.9124,google_trends,2026-08-29T21:54:49Z
Lincoln,Lincoln Premiere,2026-05,1.2165,google_trends,2026-08-29T21:54:49Z
Lincoln,Lincoln Premiere,2026-06,1.2165,google_trends,2026-08-29T21:54:49Z
Lincoln,Lincoln Premiere,2026-07,0.9124,google_trends,2026-08-29T21:54:49Z
Lincoln,Lincoln Town Car,2025-08,6.1598,google_trends,2026-08-29T19:23:31Z
Lincoln,Lincoln Town Car,2025-09,6.1598,google_trends,2026-08-29T19:23:31Z
Lincoln,Lincoln Town Car,2025-10,5.8519,google_trends,2026-08-29T19:23:31Z
Lincoln,Lincoln Town Car,2025-11,5.6671,google_trends,2026-08-29T19:23:31Z
Lincoln,Lincoln Town Car,2025-12,4.9279,google_trends,2026-08-29T19:23:31Z
Lincoln,Lincoln Town Car,2026-01,4.9279,google_trends,2026-08-29T19:23:31Z
Lincoln,Lincoln Town Car,2026-02,8.3158,google_trends,2026-08-29T19:23:31Z
Lincoln,Lincoln Town Car,2026-03,6.899,google_trends,2026-08-29T19:23:31Z
Lincoln,Lincoln Town Car,2026-04,7.6998,google_trends,2026-08-29T19:23:31Z
Lincoln,Lincoln Town Car,2026-05,8.6238,google_trends,2026-08-29T19:23:31Z
Lincoln,Lincoln Town Car,2026-06,7.6998,google_trends,2026-08-29T19:23:31Z
Lincoln,Lincoln Town Car,2026-07,6.4678,google_trends,2026-08-29T19:23:31Z
Lincoln,Lincoln Zephyr,2025-08,0.0,google_trends,2026-08-29T19:23:31Z
Lincoln,Lincoln Zephyr,2025-09,0.0,google_trends,2026-08-29T19:23:31Z
Lincoln,Lincoln Zephyr,2025-10,0.0,google_trends,2026-08-29T19:23:31Z
Lincoln,Lincoln Zephyr,2025-11,0.0,google_trends,2026-08-29T19:23:31Z
Lincoln,Lincoln Zephyr,2025-12,0.0,google_trends,2026-08-29T19:23:31Z
Lincoln,Lincoln Zephyr,2026-01,0.0,google_trends,2026-08-29T19:23:31Z
Lincoln,Lincoln Zephyr,2026-02,0.9247,google_trends,2026-08-29T19:23:31Z
Lincoln,Lincoln Zephyr,2026-03,0.2466,google_trends,2026-08-29T19:23:31Z
Lincoln,Lincoln Zephyr,2026-04,0.6165,google_trends,2026-08-29T19:23:31Z
Lincoln,Lincoln Zephyr,2026-05,0.2466,google_trends,2026-08-29T19:23:31Z
Lincoln,Lincoln Zephyr,2026-06,0.0,google_trends,2026-08-29T19:23:31Z
Lincoln,Lincoln Zephyr,2026-07,0.3082,google_trends,2026-08-29T19:23:31Z
Lola,LOLA T,2025-08,0.0,google_trends,2026-08-29T21:54:49Z
Lola,LOLA T,2025-09,0.0,google_trends,2026-08-29T21:54:49Z
Lola,LOLA T,2025-10,0.3041,google_trends,2026-08-29T21:54:49Z
Lola,LOLA T,2025-11,0.0,google_trends,2026-08-29T21:54:49Z
Lola,LOLA T,2025-12,0.0,google_trends,2026-08-29T21:54:49Z
Lola,LOLA T,2026-01,0.0,google_trends,2026-08-29T21:54:49Z
Lola,LOLA T,2026-02,0.3041,google_trends,2026-08-29T21:54:49Z
Lola,LOLA T,2026-03,0.0,google_trends,2026-08-29T21:54:49Z
Lola,LOLA T,2026-04,0.6083,google_trends,2026-08-29T21:54:49Z
Lola,LOLA T,2026-05,0.0,google_trends,2026-08-29T21:54:49Z
Lola,LOLA T,2026-06,0.3041,google_trends,2026-08-29T21:54:49Z
Lola,LOLA T,2026-07,0.0,google_trends,2026-08-29T21:54:49Z
Lotus,Cortina,2025-08,0.0,google_trends,2026-08-29T21:54:49Z
Lotus,Cortina,2025-09,0.0,google_trends,2026-08-29T21:54:49Z
Lotus,Cortina,2025-10,0.3041,google_trends,2026-08-29T21:54:49Z
Lotus,Cortina,2025-11,0.0,google_trends,2026-08-29T21:54:49Z
Lotus,Cortina,2025-12,0.0,google_trends,2026-08-29T21:54:49Z
Lotus,Cortina,2026-01,0.0,google_trends,2026-08-29T21:54:49Z
Lotus,Cortina,2026-02,0.9124,google_trends,2026-08-29T21:54:49Z
Lotus,Cortina,2026-03,0.0,google_trends,2026-08-29T21:54:49Z
Lotus,Cortina,2026-04,0.0,google_trends,2026-08-29T21:54:49Z
Lotus,Cortina,2026-05,0.0,google_trends,2026-08-29T21:54:49Z
Lotus,Cortina,2026-06,0.0,google_trends,2026-08-29T21:54:49Z
Lotus,Cortina,2026-07,0.0,google_trends,2026-08-29T21:54:49Z
Lotus,EXCEL,2025-08,0.4866,google_trends,2026-08-29T21:54:49Z
Lotus,EXCEL,2025-09,0.6083,google_trends,2026-08-29T21:54:49Z
Lotus,EXCEL,2025-10,0.0,google_trends,2026-08-29T21:54:49Z
Lotus,EXCEL,2025-11,0.0,google_trends,2026-08-29T21:54:49Z
Lotus,EXCEL,2025-12,0.0,google_trends,2026-08-29T21:54:49Z
Lotus,EXCEL,2026-01,0.0,google_trends,2026-08-29T21:54:49Z
Lotus,EXCEL,2026-02,1.2165,google_trends,2026-08-29T21:54:49Z
Lotus,EXCEL,2026-03,0.0,google_trends,2026-08-29T21:54:49Z
Lotus,EXCEL,2026-04,1.2165,google_trends,2026-08-29T21:54:49Z
Lotus,EXCEL,2026-05,1.2165,google_trends,2026-08-29T21:54:49Z
Lotus,EXCEL,2026-06,1.2165,google_trends,2026-08-29T21:54:49Z
Lotus,EXCEL,2026-07,0.0,google_trends,2026-08-29T21:54:49Z
Lotus,Elan,2025-08,1.2326,google_trends,2026-08-29T19:23:31Z
Lotus,Elan,2025-09,1.2326,google_trends,2026-08-29T19:23:31Z
Lotus,Elan,2025-10,1.2326,google_trends,2026-08-29T19:23:31Z
Lotus,Elan,2025-11,0.9861,google_trends,2026-08-29T19:23:31Z
Lotus,Elan,2025-12,1.2326,google_trends,2026-08-29T19:23:31Z
Lotus,Elan,2026-01,0.9245,google_trends,2026-08-29T19:23:31Z
Lotus,Elan,2026-02,0.9245,google_trends,2026-08-29T19:23:31Z
Lotus,Elan,2026-03,1.2326,google_trends,2026-08-29T19:23:31Z
Lotus,Elan,2026-04,1.2326,google_trends,2026-08-29T19:23:31Z
Lotus,Elan,2026-05,1.2326,google_trends,2026-08-29T19:23:31Z
Lotus,Elan,2026-06,1.2326,google_trends,2026-08-29T19:23:31Z
Lotus,Elan,2026-07,1.2326,google_trends,2026-08-29T19:23:31Z
Lotus,Elise,2025-08,4.5815,google_trends,2026-08-29T19:23:31Z
Lotus,Elise,2025-09,3.9648,google_trends,2026-08-29T19:23:31Z
Lotus,Elise,2025-10,3.5242,google_trends,2026-08-29T19:23:31Z
Lotus,Elise,2025-11,3.5242,google_trends,2026-08-29T19:23:31Z
Lotus,Elise,2025-12,3.5242,google_trends,2026-08-29T19:23:31Z
Lotus,Elise,2026-01,3.5242,google_trends,2026-08-29T19:23:31Z
Lotus,Elise,2026-02,3.5242,google_trends,2026-08-29T19:23:31Z
Lotus,Elise,2026-03,4.2291,google_trends,2026-08-29T19:23:31Z
Lotus,Elise,2026-04,5.2863,google_trends,2026-08-29T19:23:31Z
Lotus,Elise,2026-05,5.2863,google_trends,2026-08-29T19:23:31Z
Lotus,Elise,2026-06,4.4053,google_trends,2026-08-29T19:23:31Z
Lotus,Elise,2026-07,5.2863,google_trends,2026-08-29T19:23:31Z
Lotus,Elite,2025-08,0.9732,google_trends,2026-08-29T21:54:49Z
Lotus,Elite,2025-09,0.0,google_trends,2026-08-29T21:54:49Z
Lotus,Elite,2025-10,0.3041,google_trends,2026-08-29T21:54:49Z
Lotus,Elite,2025-11,0.0,google_trends,2026-08-29T21:54:49Z
Lotus,Elite,2025-12,0.0,google_trends,2026-08-29T21:54:49Z
Lotus,Elite,2026-01,0.0,google_trends,2026-08-29T21:54:49Z
Lotus,Elite,2026-02,0.9124,google_trends,2026-08-29T21:54:49Z
Lotus,Elite,2026-03,0.4866,google_trends,2026-08-29T21:54:49Z
Lotus,Elite,2026-04,1.2165,google_trends,2026-08-29T21:54:49Z
Lotus,Elite,2026-05,1.2165,google_trends,2026-08-29T21:54:49Z
Lotus,Elite,2026-06,1.2165,google_trends,2026-08-29T21:54:49Z
Lotus,Elite,2026-07,0.0,google_trends,2026-08-29T21:54:49Z
Lotus,Emira,2025-08,5.1769,google_trends,2026-08-29T19:23:31Z
Lotus,Emira,2025-09,4.9304,google_trends,2026-08-29T19:23:31Z
Lotus,Emira,2025-10,4.6223,google_trends,2026-08-29T19:23:31Z
Lotus,Emira,2025-11,3.9443,google_trends,2026-08-29T19:23:31Z
Lotus,Emira,2025-12,4.6223,google_trends,2026-08-29T19:23:31Z
Lotus,Emira,2026-01,4.6223,google_trends,2026-08-29T19:23:31Z
Lotus,Emira,2026-02,4.3141,google_trends,2026-08-29T19:23:31Z
Lotus,Emira,2026-03,5.4235,google_trends,2026-08-29T19:23:31Z
Lotus,Emira,2026-04,5.2386,google_trends,2026-08-29T19:23:31Z
Lotus,Emira,2026-05,6.4095,google_trends,2026-08-29T19:23:31Z
Lotus,Emira,2026-06,5.5467,google_trends,2026-08-29T19:23:31Z
Lotus,Emira,2026-07,5.2386,google_trends,2026-08-29T19:23:31Z
Lotus,Esprit,2025-08,1.4791,google_trends,2026-08-29T19:23:31Z
Lotus,Esprit,2025-09,1.2326,google_trends,2026-08-29T19:23:31Z
Lotus,Esprit,2025-10,1.5408,google_trends,2026-08-29T19:23:31Z
Lotus,Esprit,2025-11,1.2326,google_trends,2026-08-29T19:23:31Z
Lotus,Esprit,2025-12,1.2326,google_trends,2026-08-29T19:23:31Z
Lotus,Esprit,2026-01,1.8489,google_trends,2026-08-29T19:23:31Z
Lotus,Esprit,2026-02,1.8489,google_trends,2026-08-29T19:23:31Z
Lotus,Esprit,2026-03,1.2326,google_trends,2026-08-29T19:23:31Z
Lotus,Esprit,2026-04,1.5408,google_trends,2026-08-29T19:23:31Z
Lotus,Esprit,2026-05,2.2187,google_trends,2026-08-29T19:23:31Z
Lotus,Esprit,2026-06,1.2326,google_trends,2026-08-29T19:23:31Z
Lotus,Esprit,2026-07,1.2326,google_trends,2026-08-29T19:23:31Z
Lotus,Esprit V8,2025-08,0.0,google_trends,2026-08-29T19:23:31Z
Lotus,Esprit V8,2025-09,0.0,google_trends,2026-08-29T19:23:31Z
Lotus,Esprit V8,2025-10,0.0,google_trends,2026-08-29T19:23:31Z
Lotus,Esprit V8,2025-11,0.0,google_trends,2026-08-29T19:23:31Z
Lotus,Esprit V8,2025-12,0.0,google_trends,2026-08-29T19:23:31Z
Lotus,Esprit V8,2026-01,0.0,google_trends,2026-08-29T19:23:31Z
Lotus,Esprit V8,2026-02,0.0,google_trends,2026-08-29T19:23:31Z
Lotus,Esprit V8,2026-03,0.0,google_trends,2026-08-29T19:23:31Z
Lotus,Esprit V8,2026-04,0.0,google_trends,2026-08-29T19:23:31Z
Lotus,Esprit V8,2026-05,0.2466,google_trends,2026-08-29T19:23:31Z
Lotus,Esprit V8,2026-06,0.0,google_trends,2026-08-29T19:23:31Z
Lotus,Esprit V8,2026-07,0.0,google_trends,2026-08-29T19:23:31Z
Lotus,Europa,2025-08,0.9861,google_trends,2026-08-29T19:23:31Z
Lotus,Europa,2025-09,0.3082,google_trends,2026-08-29T19:23:31Z
Lotus,Europa,2025-10,0.0,google_trends,2026-08-29T19:23:31Z
Lotus,Europa,2025-11,0.2465,google_trends,2026-08-29T19:23:31Z
Lotus,Europa,2025-12,0.3082,google_trends,2026-08-29T19:23:31Z
Lotus,Europa,2026-01,0.6163,google_trends,2026-08-29T19:23:31Z
Lotus,Europa,2026-02,0.9245,google_trends,2026-08-29T19:23:31Z
Lotus,Europa,2026-03,0.0,google_trends,2026-08-29T19:23:31Z
Lotus,Europa,2026-04,0.6163,google_trends,2026-08-29T19:23:31Z
Lotus,Europa,2026-05,0.9861,google_trends,2026-08-29T19:23:31Z
Lotus,Europa,2026-06,0.0,google_trends,2026-08-29T19:23:31Z
Lotus,Europa,2026-07,0.3082,google_trends,2026-08-29T19:23:31Z
Lotus,Evora,2025-08,1.4791,google_trends,2026-08-29T19:23:31Z
Lotus,Evora,2025-09,1.8489,google_trends,2026-08-29T19:23:31Z
Lotus,Evora,2025-10,1.2326,google_trends,2026-08-29T19:23:31Z
Lotus,Evora,2025-11,1.4791,google_trends,2026-08-29T19:23:31Z
Lotus,Evora,2025-12,2.1571,google_trends,2026-08-29T19:23:31Z
Lotus,Evora,2026-01,2.1571,google_trends,2026-08-29T19:23:31Z
Lotus,Evora,2026-02,2.1571,google_trends,2026-08-29T19:23:31Z
Lotus,Evora,2026-03,3.2048,google_trends,2026-08-29T19:23:31Z
Lotus,Evora,2026-04,2.4652,google_trends,2026-08-29T19:23:31Z
Lotus,Evora,2026-05,2.4652,google_trends,2026-08-29T19:23:31Z
Lotus,Evora,2026-06,2.4652,google_trends,2026-08-29T19:23:31Z
Lotus,Evora,2026-07,2.4652,google_trends,2026-08-29T19:23:31Z
Lotus,Exige,2025-08,1.7261,google_trends,2026-08-29T19:23:31Z
Lotus,Exige,2025-09,1.2329,google_trends,2026-08-29T19:23:31Z
Lotus,Exige,2025-10,1.8494,google_trends,2026-08-29T19:23:31Z
Lotus,Exige,2025-11,1.2329,google_trends,2026-08-29T19:23:31Z
Lotus,Exige,2025-12,1.2329,google_trends,2026-08-29T19:23:31Z
Lotus,Exige,2026-01,1.2329,google_trends,2026-08-29T19:23:31Z
Lotus,Exige,2026-02,1.5411,google_trends,2026-08-29T19:23:31Z
Lotus,Exige,2026-03,2.2193,google_trends,2026-08-29T19:23:31Z
Lotus,Exige,2026-04,2.4658,google_trends,2026-08-29T19:23:31Z
Lotus,Exige,2026-05,2.7124,google_trends,2026-08-29T19:23:31Z
Lotus,Exige,2026-06,2.7741,google_trends,2026-08-29T19:23:31Z
Lotus,Exige,2026-07,2.4658,google_trends,2026-08-29T19:23:31Z
Lotus,Seven & Super Seven,2025-08,0.2466,google_trends,2026-08-29T19:23:31Z
Lotus,Seven & Super Seven,2025-09,0.3082,google_trends,2026-08-29T19:23:31Z
Lotus,Seven & Super Seven,2025-10,0.3082,google_trends,2026-08-29T19:23:31Z
Lotus,Seven & Super Seven,2025-11,0.0,google_trends,2026-08-29T19:23:31Z
Lotus,Seven & Super Seven,2025-12,0.0,google_trends,2026-08-29T19:23:31Z
Lotus,Seven & Super Seven,2026-01,0.6165,google_trends,2026-08-29T19:23:31Z
Lotus,Seven & Super Seven,2026-02,1.2329,google_trends,2026-08-29T19:23:31Z
Lotus,Seven & Super Seven,2026-03,0.4932,google_trends,2026-08-29T19:23:31Z
Lotus,Seven & Super Seven,2026-04,1.2329,google_trends,2026-08-29T19:23:31Z
Lotus,Seven & Super Seven,2026-05,1.2329,google_trends,2026-08-29T19:23:31Z
Lotus,Seven & Super Seven,2026-06,1.2329,google_trends,2026-08-29T19:23:31Z
Lotus,Seven & Super Seven,2026-07,0.9247,google_trends,2026-08-29T19:23:31Z
Lucid,Lucid Air,2025-08,10.6004,google_trends,2026-08-29T19:23:31Z
Lucid,Lucid Air,2025-09,8.3201,google_trends,2026-08-29T19:23:31Z
Lucid,Lucid Air,2025-10,7.0875,google_trends,2026-08-29T19:23:31Z
Lucid,Lucid Air,2025-11,6.9026,google_trends,2026-08-29T19:23:31Z
Lucid,Lucid Air,2025-12,7.7038,google_trends,2026-08-29T19:23:31Z
Lucid,Lucid Air,2026-01,9.5527,google_trends,2026-08-29T19:23:31Z
Lucid,Lucid Air,2026-02,8.9364,google_trends,2026-08-29T19:23:31Z
Lucid,Lucid Air,2026-03,10.6004,google_trends,2026-08-29T19:23:31Z
Lucid,Lucid Air,2026-04,11.0934,google_trends,2026-08-29T19:23:31Z
Lucid,Lucid Air,2026-05,10.1073,google_trends,2026-08-29T19:23:31Z
Lucid,Lucid Air,2026-06,10.169,google_trends,2026-08-29T19:23:31Z
Lucid,Lucid Air,2026-07,7.7038,google_trends,2026-08-29T19:23:31Z
MG,MG F,2025-08,4.6229,google_trends,2026-08-29T21:54:49Z
MG,MG F,2025-09,4.8662,google_trends,2026-08-29T21:54:49Z
MG,MG F,2025-10,4.8662,google_trends,2026-08-29T21:54:49Z
MG,MG F,2025-11,4.8662,google_trends,2026-08-29T21:54:49Z
MG,MG F,2025-12,3.9538,google_trends,2026-08-29T21:54:49Z
MG,MG F,2026-01,4.2579,google_trends,2026-08-29T21:54:49Z
MG,MG F,2026-02,6.0827,google_trends,2026-08-29T21:54:49Z
MG,MG F,2026-03,5.3528,google_trends,2026-08-29T21:54:49Z
MG,MG F,2026-04,6.0827,google_trends,2026-08-29T21:54:49Z
MG,MG F,2026-05,7.056,google_trends,2026-08-29T21:54:49Z
MG,MG F,2026-06,7.2993,google_trends,2026-08-29T21:54:49Z
MG,MG F,2026-07,5.1703,google_trends,2026-08-29T21:54:49Z
MG,MG MGA,2025-08,0.7392,google_trends,2026-08-29T19:23:31Z
MG,MG MGA,2025-09,1.232,google_trends,2026-08-29T19:23:31Z
MG,MG MGA,2025-10,0.616,google_trends,2026-08-29T19:23:31Z
MG,MG MGA,2025-11,0.7392,google_trends,2026-08-29T19:23:31Z
MG,MG MGA,2025-12,0.0,google_trends,2026-08-29T19:23:31Z
MG,MG MGA,2026-01,1.232,google_trends,2026-08-29T19:23:31Z
MG,MG MGA,2026-02,1.232,google_trends,2026-08-29T19:23:31Z
MG,MG MGA,2026-03,0.9856,google_trends,2026-08-29T19:23:31Z
MG,MG MGA,2026-04,0.924,google_trends,2026-08-29T19:23:31Z
MG,MG MGA,2026-05,0.7392,google_trends,2026-08-29T19:23:31Z
MG,MG MGA,2026-06,1.232,google_trends,2026-08-29T19:23:31Z
MG,MG MGA,2026-07,1.232,google_trends,2026-08-29T19:23:31Z
MG,MG MGB,2025-08,1.2165,google_trends,2026-08-29T21:54:49Z
MG,MG MGB,2025-09,0.9124,google_trends,2026-08-29T21:54:49Z
MG,MG MGB,2025-10,0.6083,google_trends,2026-08-29T21:54:49Z
MG,MG MGB,2025-11,0.0,google_trends,2026-08-29T21:54:49Z
MG,MG MGB,2025-12,0.0,google_trends,2026-08-29T21:54:49Z
MG,MG MGB,2026-01,0.0,google_trends,2026-08-29T21:54:49Z
MG,MG MGB,2026-02,0.9124,google_trends,2026-08-29T21:54:49Z
MG,MG MGB,2026-03,0.7299,google_trends,2026-08-29T21:54:49Z
MG,MG MGB,2026-04,1.2165,google_trends,2026-08-29T21:54:49Z
MG,MG MGB,2026-05,1.2165,google_trends,2026-08-29T21:54:49Z
MG,MG MGB,2026-06,0.9124,google_trends,2026-08-29T21:54:49Z
MG,MG MGB,2026-07,1.2165,google_trends,2026-08-29T21:54:49Z
MG,MG Midget,2025-08,1.7256,google_trends,2026-08-29T19:23:31Z
MG,MG Midget,2025-09,1.2326,google_trends,2026-08-29T19:23:31Z
MG,MG Midget,2025-10,1.2326,google_trends,2026-08-29T19:23:31Z
MG,MG Midget,2025-11,1.2326,google_trends,2026-08-29T19:23:31Z
MG,MG Midget,2025-12,1.2326,google_trends,2026-08-29T19:23:31Z
MG,MG Midget,2026-01,1.2326,google_trends,2026-08-29T19:23:31Z
MG,MG Midget,2026-02,1.2326,google_trends,2026-08-29T19:23:31Z
MG,MG Midget,2026-03,1.2326,google_trends,2026-08-29T19:23:31Z
MG,MG Midget,2026-04,1.2326,google_trends,2026-08-29T19:23:31Z
MG,MG Midget,2026-05,1.2326,google_trends,2026-08-29T19:23:31Z
MG,MG Midget,2026-06,1.2326,google_trends,2026-08-29T19:23:31Z
MG,MG Midget,2026-07,1.2326,google_trends,2026-08-29T19:23:31Z
MG,MG TA,2025-08,1.2165,google_trends,2026-08-29T21:54:49Z
MG,MG TA,2025-09,1.2165,google_trends,2026-08-29T21:54:49Z
MG,MG TA,2025-10,1.5207,google_trends,2026-08-29T21:54:49Z
MG,MG TA,2025-11,1.4599,google_trends,2026-08-29T21:54:49Z
MG,MG TA,2025-12,1.5207,google_trends,2026-08-29T21:54:49Z
MG,MG TA,2026-01,2.129,google_trends,2026-08-29T21:54:49Z
MG,MG TA,2026-02,2.129,google_trends,2026-08-29T21:54:49Z
MG,MG TA,2026-03,2.1898,google_trends,2026-08-29T21:54:49Z
MG,MG TA,2026-04,2.4331,google_trends,2026-08-29T21:54:49Z
MG,MG TA,2026-05,2.4331,google_trends,2026-08-29T21:54:49Z
MG,MG TA,2026-06,2.4331,google_trends,2026-08-29T21:54:49Z
MG,MG TA,2026-07,2.4331,google_trends,2026-08-29T21:54:49Z
MG,MG TC,2025-08,1.2326,google_trends,2026-08-29T19:23:31Z
MG,MG TC,2025-09,1.2326,google_trends,2026-08-29T19:23:31Z
MG,MG TC,2025-10,0.9245,google_trends,2026-08-29T19:23:31Z
MG,MG TC,2025-11,0.493,google_trends,2026-08-29T19:23:31Z
MG,MG TC,2025-12,0.3082,google_trends,2026-08-29T19:23:31Z
MG,MG TC,2026-01,0.6163,google_trends,2026-08-29T19:23:31Z
MG,MG TC,2026-02,1.2326,google_trends,2026-08-29T19:23:31Z
MG,MG TC,2026-03,1.2326,google_trends,2026-08-29T19:23:31Z
MG,MG TC,2026-04,1.2326,google_trends,2026-08-29T19:23:31Z
MG,MG TC,2026-05,1.2326,google_trends,2026-08-29T19:23:31Z
MG,MG TC,2026-06,1.2326,google_trends,2026-08-29T19:23:31Z
MG,MG TC,2026-07,0.9245,google_trends,2026-08-29T19:23:31Z
MG,MG TD,2025-08,1.2326,google_trends,2026-08-29T19:23:31Z
MG,MG TD,2025-09,1.2326,google_trends,2026-08-29T19:23:31Z
MG,MG TD,2025-10,1.2326,google_trends,2026-08-29T19:23:31Z
MG,MG TD,2025-11,1.2326,google_trends,2026-08-29T19:23:31Z
MG,MG TD,2025-12,1.2326,google_trends,2026-08-29T19:23:31Z
MG,MG TD,2026-01,1.2326,google_trends,2026-08-29T19:23:31Z
MG,MG TD,2026-02,1.2326,google_trends,2026-08-29T19:23:31Z
MG,MG TD,2026-03,1.2326,google_trends,2026-08-29T19:23:31Z
MG,MG TD,2026-04,1.2326,google_trends,2026-08-29T19:23:31Z
MG,MG TD,2026-05,1.2326,google_trends,2026-08-29T19:23:31Z
MG,MG TD,2026-06,1.2326,google_trends,2026-08-29T19:23:31Z
MG,MG TD,2026-07,1.2326,google_trends,2026-08-29T19:23:31Z
MG,MG TF,2025-08,1.2326,google_trends,2026-08-29T19:23:31Z
MG,MG TF,2025-09,1.2326,google_trends,2026-08-29T19:23:31Z
MG,MG TF,2025-10,1.2326,google_trends,2026-08-29T19:23:31Z
MG,MG TF,2025-11,1.2326,google_trends,2026-08-29T19:23:31Z
MG,MG TF,2025-12,1.2326,google_trends,2026-08-29T19:23:31Z
MG,MG TF,2026-01,1.2326,google_trends,2026-08-29T19:23:31Z
MG,MG TF,2026-02,1.2326,google_trends,2026-08-29T19:23:31Z
MG,MG TF,2026-03,1.2326,google_trends,2026-08-29T19:23:31Z
MG,MG TF,2026-04,1.2326,google_trends,2026-08-29T19:23:31Z
MG,MG TF,2026-05,1.4791,google_trends,2026-08-29T19:23:31Z
MG,MG TF,2026-06,1.2326,google_trends,2026-08-29T19:23:31Z
MG,MG TF,2026-07,1.2326,google_trends,2026-08-29T19:23:31Z
MG,MG YA,2025-08,1.2165,google_trends,2026-08-29T21:54:49Z
MG,MG YA,2025-09,2.129,google_trends,2026-08-29T21:54:49Z
MG,MG YA,2025-10,1.5207,google_trends,2026-08-29T21:54:49Z
MG,MG YA,2025-11,1.7032,google_trends,2026-08-29T21:54:49Z
MG,MG YA,2025-12,2.4331,google_trends,2026-08-29T21:54:49Z
MG,MG YA,2026-01,2.129,google_trends,2026-08-29T21:54:49Z
MG,MG YA,2026-02,2.4331,google_trends,2026-08-29T21:54:49Z
MG,MG YA,2026-03,2.4331,google_trends,2026-08-29T21:54:49Z
MG,MG YA,2026-04,2.4331,google_trends,2026-08-29T21:54:49Z
MG,MG YA,2026-05,2.4331,google_trends,2026-08-29T21:54:49Z
MG,MG YA,2026-06,2.4331,google_trends,2026-08-29T21:54:49Z
MG,MG YA,2026-07,2.4331,google_trends,2026-08-29T21:54:49Z
Mack,MACK MINI MACK,2025-08,0.2433,google_trends,2026-08-29T21:54:49Z
Mack,MACK MINI MACK,2025-09,0.0,google_trends,2026-08-29T21:54:49Z
Mack,MACK MINI MACK,2025-10,0.0,google_trends,2026-08-29T21:54:49Z
Mack,MACK MINI MACK,2025-11,0.0,google_trends,2026-08-29T21:54:49Z
Mack,MACK MINI MACK,2025-12,0.0,google_trends,2026-08-29T21:54:49Z
Mack,MACK MINI MACK,2026-01,0.0,google_trends,2026-08-29T21:54:49Z
Mack,MACK MINI MACK,2026-02,0.0,google_trends,2026-08-29T21:54:49Z
Mack,MACK MINI MACK,2026-03,1.2165,google_trends,2026-08-29T21:54:49Z
Mack,MACK MINI MACK,2026-04,4.2579,google_trends,2026-08-29T21:54:49Z
Mack,MACK MINI MACK,2026-05,3.6496,google_trends,2026-08-29T21:54:49Z
Mack,MACK MINI MACK,2026-06,0.6083,google_trends,2026-08-29T21:54:49Z
Mack,MACK MINI MACK,2026-07,0.0,google_trends,2026-08-29T21:54:49Z
Mahindra,MAHINDRA ROXOR,2025-08,0.7299,google_trends,2026-08-29T21:54:49Z
Mahindra,MAHINDRA ROXOR,2025-09,0.3041,google_trends,2026-08-29T21:54:49Z
Mahindra,MAHINDRA ROXOR,2025-10,0.0,google_trends,2026-08-29T21:54:49Z
Mahindra,MAHINDRA ROXOR,2025-11,0.4866,google_trends,2026-08-29T21:54:49Z
Mahindra,MAHINDRA ROXOR,2025-12,1.5207,google_trends,2026-08-29T21:54:49Z
Mahindra,MAHINDRA ROXOR,2026-01,0.9124,google_trends,2026-08-29T21:54:49Z
Mahindra,MAHINDRA ROXOR,2026-02,1.2165,google_trends,2026-08-29T21:54:49Z
Mahindra,MAHINDRA ROXOR,2026-03,1.2165,google_trends,2026-08-29T21:54:49Z
Mahindra,MAHINDRA ROXOR,2026-04,0.9124,google_trends,2026-08-29T21:54:49Z
Mahindra,MAHINDRA ROXOR,2026-05,0.7299,google_trends,2026-08-29T21:54:49Z
Mahindra,MAHINDRA ROXOR,2026-06,0.6083,google_trends,2026-08-29T21:54:49Z
Mahindra,MAHINDRA ROXOR,2026-07,0.6083,google_trends,2026-08-29T21:54:49Z
Mahindra,Mahindra Roxor,2025-08,0.7299,google_trends,2026-08-29T21:54:49Z
Mahindra,Mahindra Roxor,2025-09,0.3041,google_trends,2026-08-29T21:54:49Z
Mahindra,Mahindra Roxor,2025-10,0.0,google_trends,2026-08-29T21:54:49Z
Mahindra,Mahindra Roxor,2025-11,0.4866,google_trends,2026-08-29T21:54:49Z
Mahindra,Mahindra Roxor,2025-12,1.5207,google_trends,2026-08-29T21:54:49Z
Mahindra,Mahindra Roxor,2026-01,0.9124,google_trends,2026-08-29T21:54:49Z
Mahindra,Mahindra Roxor,2026-02,1.2165,google_trends,2026-08-29T21:54:49Z
Mahindra,Mahindra Roxor,2026-03,1.2165,google_trends,2026-08-29T21:54:49Z
Mahindra,Mahindra Roxor,2026-04,0.9124,google_trends,2026-08-29T21:54:49Z
Mahindra,Mahindra Roxor,2026-05,0.9732,google_trends,2026-08-29T21:54:49Z
Mahindra,Mahindra Roxor,2026-06,0.6083,google_trends,2026-08-29T21:54:49Z
Mahindra,Mahindra Roxor,2026-07,0.6083,google_trends,2026-08-29T21:54:49Z
Maserati,Biturbo,2025-08,0.0,google_trends,2026-08-29T19:23:31Z
Maserati,Biturbo,2025-09,0.0,google_trends,2026-08-29T19:23:31Z
Maserati,Biturbo,2025-10,0.0,google_trends,2026-08-29T19:23:31Z
Maserati,Biturbo,2025-11,0.0,google_trends,2026-08-29T19:23:31Z
Maserati,Biturbo,2025-12,0.0,google_trends,2026-08-29T19:23:31Z
Maserati,Biturbo,2026-01,0.0,google_trends,2026-08-29T19:23:31Z
Maserati,Biturbo,2026-02,0.0,google_trends,2026-08-29T19:23:31Z
Maserati,Biturbo,2026-03,0.2466,google_trends,2026-08-29T19:23:31Z
Maserati,Biturbo,2026-04,0.0,google_trends,2026-08-29T19:23:31Z
Maserati,Biturbo,2026-05,0.2466,google_trends,2026-08-29T19:23:31Z
Maserati,Biturbo,2026-06,0.0,google_trends,2026-08-29T19:23:31Z
Maserati,Biturbo,2026-07,0.3082,google_trends,2026-08-29T19:23:31Z
Maserati,Coupe & Spyder,2025-08,0.493,google_trends,2026-08-29T19:23:31Z
Maserati,Coupe & Spyder,2025-09,0.3082,google_trends,2026-08-29T19:23:31Z
Maserati,Coupe & Spyder,2025-10,0.3082,google_trends,2026-08-29T19:23:31Z
Maserati,Coupe & Spyder,2025-11,0.0,google_trends,2026-08-29T19:23:31Z
Maserati,Coupe & Spyder,2025-12,0.0,google_trends,2026-08-29T19:23:31Z
Maserati,Coupe & Spyder,2026-01,0.0,google_trends,2026-08-29T19:23:31Z
Maserati,Coupe & Spyder,2026-02,0.9245,google_trends,2026-08-29T19:23:31Z
Maserati,Coupe & Spyder,2026-03,0.7396,google_trends,2026-08-29T19:23:31Z
Maserati,Coupe & Spyder,2026-04,0.9245,google_trends,2026-08-29T19:23:31Z
Maserati,Coupe & Spyder,2026-05,1.2326,google_trends,2026-08-29T19:23:31Z
Maserati,Coupe & Spyder,2026-06,1.2326,google_trends,2026-08-29T19:23:31Z
Maserati,Coupe & Spyder,2026-07,1.2326,google_trends,2026-08-29T19:23:31Z
Maserati,Ghibli,2025-08,7.1491,google_trends,2026-08-29T19:23:31Z
Maserati,Ghibli,2025-09,6.163,google_trends,2026-08-29T19:23:31Z
Maserati,Ghibli,2025-10,5.8549,google_trends,2026-08-29T19:23:31Z
Maserati,Ghibli,2025-11,5.9165,google_trends,2026-08-29T19:23:31Z
Maserati,Ghibli,2025-12,4.9304,google_trends,2026-08-29T19:23:31Z
Maserati,Ghibli,2026-01,4.9304,google_trends,2026-08-29T19:23:31Z
Maserati,Ghibli,2026-02,7.0875,google_trends,2026-08-29T19:23:31Z
Maserati,Ghibli,2026-03,6.9026,google_trends,2026-08-29T19:23:31Z
Maserati,Ghibli,2026-04,7.3956,google_trends,2026-08-29T19:23:31Z
Maserati,Ghibli,2026-05,7.3956,google_trends,2026-08-29T19:23:31Z
Maserati,Ghibli,2026-06,6.4712,google_trends,2026-08-29T19:23:31Z
Maserati,Ghibli,2026-07,6.163,google_trends,2026-08-29T19:23:31Z
Maserati,GranTurismo,2025-08,4.6815,google_trends,2026-08-29T19:23:31Z
Maserati,GranTurismo,2025-09,3.6959,google_trends,2026-08-29T19:23:31Z
Maserati,GranTurismo,2025-10,3.6959,google_trends,2026-08-29T19:23:31Z
Maserati,GranTurismo,2025-11,3.6959,google_trends,2026-08-29T19:23:31Z
Maserati,GranTurismo,2025-12,3.0799,google_trends,2026-08-29T19:23:31Z
Maserati,GranTurismo,2026-01,3.3879,google_trends,2026-08-29T19:23:31Z
Maserati,GranTurismo,2026-02,4.3119,google_trends,2026-08-29T19:23:31Z
Maserati,GranTurismo,2026-03,4.9279,google_trends,2026-08-29T19:23:31Z
Maserati,GranTurismo,2026-04,5.2359,google_trends,2026-08-29T19:23:31Z
Maserati,GranTurismo,2026-05,5.6671,google_trends,2026-08-29T19:23:31Z
Maserati,GranTurismo,2026-06,6.1598,google_trends,2026-08-29T19:23:31Z
Maserati,GranTurismo,2026-07,4.9279,google_trends,2026-08-29T19:23:31Z
Maserati,LEVANTE,2025-08,5.3528,google_trends,2026-08-29T21:54:49Z
Maserati,LEVANTE,2025-09,4.8662,google_trends,2026-08-29T21:54:49Z
Maserati,LEVANTE,2025-10,4.8662,google_trends,2026-08-29T21:54:49Z
Maserati,LEVANTE,2025-11,4.8662,google_trends,2026-08-29T21:54:49Z
Maserati,LEVANTE,2025-12,4.2579,google_trends,2026-08-29T21:54:49Z
Maserati,LEVANTE,2026-01,4.562,google_trends,2026-08-29T21:54:49Z
Maserati,LEVANTE,2026-02,4.8662,google_trends,2026-08-29T21:54:49Z
Maserati,LEVANTE,2026-03,4.8662,google_trends,2026-08-29T21:54:49Z
Maserati,LEVANTE,2026-04,4.8662,google_trends,2026-08-29T21:54:49Z
Maserati,LEVANTE,2026-05,5.5961,google_trends,2026-08-29T21:54:49Z
Maserati,LEVANTE,2026-06,4.8662,google_trends,2026-08-29T21:54:49Z
Maserati,LEVANTE,2026-07,5.1703,google_trends,2026-08-29T21:54:49Z
Maserati,Levante,2025-08,5.4248,google_trends,2026-08-29T19:23:31Z
Maserati,Levante,2025-09,4.9317,google_trends,2026-08-29T19:23:31Z
Maserati,Levante,2025-10,4.6234,google_trends,2026-08-29T19:23:31Z
Maserati,Levante,2025-11,4.6851,google_trends,2026-08-29T19:23:31Z
Maserati,Levante,2025-12,4.3152,google_trends,2026-08-29T19:23:31Z
Maserati,Levante,2026-01,4.3152,google_trends,2026-08-29T19:23:31Z
Maserati,Levante,2026-02,4.9317,google_trends,2026-08-29T19:23:31Z
Maserati,Levante,2026-03,4.9317,google_trends,2026-08-29T19:23:31Z
Maserati,Levante,2026-04,4.9317,google_trends,2026-08-29T19:23:31Z
Maserati,Levante,2026-05,5.6714,google_trends,2026-08-29T19:23:31Z
Maserati,Levante,2026-06,5.2399,google_trends,2026-08-29T19:23:31Z
Maserati,Levante,2026-07,5.2399,google_trends,2026-08-29T19:23:31Z
Maserati,MC20,2025-08,2.6764,google_trends,2026-08-29T21:54:49Z
Maserati,MC20,2025-09,2.4331,google_trends,2026-08-29T21:54:49Z
Maserati,MC20,2025-10,2.4331,google_trends,2026-08-29T21:54:49Z
Maserati,MC20,2025-11,2.4331,google_trends,2026-08-29T21:54:49Z
Maserati,MC20,2025-12,2.4331,google_trends,2026-08-29T21:54:49Z
Maserati,MC20,2026-01,2.4331,google_trends,2026-08-29T21:54:49Z
Maserati,MC20,2026-02,2.4331,google_trends,2026-08-29T21:54:49Z
Maserati,MC20,2026-03,2.6764,google_trends,2026-08-29T21:54:49Z
Maserati,MC20,2026-04,3.3455,google_trends,2026-08-29T21:54:49Z
Maserati,MC20,2026-05,2.9197,google_trends,2026-08-29T21:54:49Z
Maserati,MC20,2026-06,2.4331,google_trends,2026-08-29T21:54:49Z
Maserati,MC20,2026-07,2.4331,google_trends,2026-08-29T21:54:49Z
Maserati,Quattroporte,2025-08,3.6978,google_trends,2026-08-29T19:23:31Z
Maserati,Quattroporte,2025-09,3.6978,google_trends,2026-08-29T19:23:31Z
Maserati,Quattroporte,2025-10,4.006,google_trends,2026-08-29T19:23:31Z
Maserati,Quattroporte,2025-11,3.2048,google_trends,2026-08-29T19:23:31Z
Maserati,Quattroporte,2025-12,2.7734,google_trends,2026-08-29T19:23:31Z
Maserati,Quattroporte,2026-01,2.4652,google_trends,2026-08-29T19:23:31Z
Maserati,Quattroporte,2026-02,3.3897,google_trends,2026-08-29T19:23:31Z
Maserati,Quattroporte,2026-03,3.9443,google_trends,2026-08-29T19:23:31Z
Maserati,Quattroporte,2026-04,4.006,google_trends,2026-08-29T19:23:31Z
Maserati,Quattroporte,2026-05,3.6978,google_trends,2026-08-29T19:23:31Z
Maserati,Quattroporte,2026-06,3.6978,google_trends,2026-08-29T19:23:31Z
Maserati,Quattroporte,2026-07,3.6978,google_trends,2026-08-29T19:23:31Z
Maybach,Maybach 57,2025-08,0.0,google_trends,2026-08-29T19:23:31Z
Maybach,Maybach 57,2025-09,0.0,google_trends,2026-08-29T19:23:31Z
Maybach,Maybach 57,2025-10,0.0,google_trends,2026-08-29T19:23:31Z
Maybach,Maybach 57,2025-11,0.0,google_trends,2026-08-29T19:23:31Z
Maybach,Maybach 57,2025-12,0.0,google_trends,2026-08-29T19:23:31Z
Maybach,Maybach 57,2026-01,0.0,google_trends,2026-08-29T19:23:31Z
Maybach,Maybach 57,2026-02,0.0,google_trends,2026-08-29T19:23:31Z
Maybach,Maybach 57,2026-03,0.0,google_trends,2026-08-29T19:23:31Z
Maybach,Maybach 57,2026-04,0.3082,google_trends,2026-08-29T19:23:31Z
Maybach,Maybach 57,2026-05,0.4932,google_trends,2026-08-29T19:23:31Z
Maybach,Maybach 57,2026-06,0.6165,google_trends,2026-08-29T19:23:31Z
Maybach,Maybach 57,2026-07,0.0,google_trends,2026-08-29T19:23:31Z
Maybach,Maybach 62,2025-08,0.0,google_trends,2026-08-29T21:54:49Z
Maybach,Maybach 62,2025-09,0.0,google_trends,2026-08-29T21:54:49Z
Maybach,Maybach 62,2025-10,0.0,google_trends,2026-08-29T21:54:49Z
Maybach,Maybach 62,2025-11,0.0,google_trends,2026-08-29T21:54:49Z
Maybach,Maybach 62,2025-12,0.0,google_trends,2026-08-29T21:54:49Z
Maybach,Maybach 62,2026-01,0.0,google_trends,2026-08-29T21:54:49Z
Maybach,Maybach 62,2026-02,0.0,google_trends,2026-08-29T21:54:49Z
Maybach,Maybach 62,2026-03,0.2433,google_trends,2026-08-29T21:54:49Z
Maybach,Maybach 62,2026-04,0.3041,google_trends,2026-08-29T21:54:49Z
Maybach,Maybach 62,2026-05,0.2433,google_trends,2026-08-29T21:54:49Z
Maybach,Maybach 62,2026-06,0.6083,google_trends,2026-08-29T21:54:49Z
Maybach,Maybach 62,2026-07,0.0,google_trends,2026-08-29T21:54:49Z
Mazda,MAZDA 323,2025-08,6.326,google_trends,2026-08-29T21:54:49Z
Mazda,MAZDA 323,2025-09,6.0827,google_trends,2026-08-29T21:54:49Z
Mazda,MAZDA 323,2025-10,6.0827,google_trends,2026-08-29T21:54:49Z
Mazda,MAZDA 323,2025-11,6.0827,google_trends,2026-08-29T21:54:49Z
Mazda,MAZDA 323,2025-12,5.4745,google_trends,2026-08-29T21:54:49Z
Mazda,MAZDA 323,2026-01,6.0827,google_trends,2026-08-29T21:54:49Z
Mazda,MAZDA 323,2026-02,6.9951,google_trends,2026-08-29T21:54:49Z
Mazda,MAZDA 323,2026-03,6.0827,google_trends,2026-08-29T21:54:49Z
Mazda,MAZDA 323,2026-04,6.0827,google_trends,2026-08-29T21:54:49Z
Mazda,MAZDA 323,2026-05,5.8394,google_trends,2026-08-29T21:54:49Z
Mazda,MAZDA 323,2026-06,5.4745,google_trends,2026-08-29T21:54:49Z
Mazda,MAZDA 323,2026-07,5.7786,google_trends,2026-08-29T21:54:49Z
Mazda,MAZDA 626,2025-08,3.6496,google_trends,2026-08-29T21:54:49Z
Mazda,MAZDA 626,2025-09,3.6496,google_trends,2026-08-29T21:54:49Z
Mazda,MAZDA 626,2025-10,3.6496,google_trends,2026-08-29T21:54:49Z
Mazda,MAZDA 626,2025-11,3.6496,google_trends,2026-08-29T21:54:49Z
Mazda,MAZDA 626,2025-12,3.6496,google_trends,2026-08-29T21:54:49Z
Mazda,MAZDA 626,2026-01,3.3455,google_trends,2026-08-29T21:54:49Z
Mazda,MAZDA 626,2026-02,5.1703,google_trends,2026-08-29T21:54:49Z
Mazda,MAZDA 626,2026-03,3.6496,google_trends,2026-08-29T21:54:49Z
Mazda,MAZDA 626,2026-04,3.6496,google_trends,2026-08-29T21:54:49Z
Mazda,MAZDA 626,2026-05,3.6496,google_trends,2026-08-29T21:54:49Z
Mazda,MAZDA 626,2026-06,3.6496,google_trends,2026-08-29T21:54:49Z
Mazda,MAZDA 626,2026-07,3.6496,google_trends,2026-08-29T21:54:49Z
Mazda,MAZDA 929,2025-08,0.0,google_trends,2026-08-29T21:54:49Z
Mazda,MAZDA 929,2025-09,0.0,google_trends,2026-08-29T21:54:49Z
Mazda,MAZDA 929,2025-10,0.0,google_trends,2026-08-29T21:54:49Z
Mazda,MAZDA 929,2025-11,0.0,google_trends,2026-08-29T21:54:49Z
Mazda,MAZDA 929,2025-12,0.0,google_trends,2026-08-29T21:54:49Z
Mazda,MAZDA 929,2026-01,0.0,google_trends,2026-08-29T21:54:49Z
Mazda,MAZDA 929,2026-02,0.9124,google_trends,2026-08-29T21:54:49Z
Mazda,MAZDA 929,2026-03,0.0,google_trends,2026-08-29T21:54:49Z
Mazda,MAZDA 929,2026-04,0.0,google_trends,2026-08-29T21:54:49Z
Mazda,MAZDA 929,2026-05,0.0,google_trends,2026-08-29T21:54:49Z
Mazda,MAZDA 929,2026-06,0.0,google_trends,2026-08-29T21:54:49Z
Mazda,MAZDA 929,2026-07,0.6083,google_trends,2026-08-29T21:54:49Z
Mazda,MAZDA MX,2025-08,8.5158,google_trends,2026-08-29T21:54:49Z
Mazda,MAZDA MX,2025-09,7.9075,google_trends,2026-08-29T21:54:49Z
Mazda,MAZDA MX,2025-10,8.2117,google_trends,2026-08-29T21:54:49Z
Mazda,MAZDA MX,2025-11,7.2993,google_trends,2026-08-29T21:54:49Z
Mazda,MAZDA MX,2025-12,6.691,google_trends,2026-08-29T21:54:49Z
Mazda,MAZDA MX,2026-01,7.2993,google_trends,2026-08-29T21:54:49Z
Mazda,MAZDA MX,2026-02,7.2993,google_trends,2026-08-29T21:54:49Z
Mazda,MAZDA MX,2026-03,8.7591,google_trends,2026-08-29T21:54:49Z
Mazda,MAZDA MX,2026-04,9.1241,google_trends,2026-08-29T21:54:49Z
Mazda,MAZDA MX,2026-05,9.2457,google_trends,2026-08-29T21:54:49Z
Mazda,MAZDA MX,2026-06,7.9075,google_trends,2026-08-29T21:54:49Z
Mazda,MAZDA MX,2026-07,8.2117,google_trends,2026-08-29T21:54:49Z
Mazda,MAZDA MX6,2025-08,0.9732,google_trends,2026-08-29T21:54:49Z
Mazda,MAZDA MX6,2025-09,0.6083,google_trends,2026-08-29T21:54:49Z
Mazda,MAZDA MX6,2025-10,0.0,google_trends,2026-08-29T21:54:49Z
Mazda,MAZDA MX6,2025-11,0.0,google_trends,2026-08-29T21:54:49Z
Mazda,MAZDA MX6,2025-12,0.0,google_trends,2026-08-29T21:54:49Z
Mazda,MAZDA MX6,2026-01,0.3041,google_trends,2026-08-29T21:54:49Z
Mazda,MAZDA MX6,2026-02,0.9124,google_trends,2026-08-29T21:54:49Z
Mazda,MAZDA MX6,2026-03,0.9732,google_trends,2026-08-29T21:54:49Z
Mazda,MAZDA MX6,2026-04,1.2165,google_trends,2026-08-29T21:54:49Z
Mazda,MAZDA MX6,2026-05,0.9732,google_trends,2026-08-29T21:54:49Z
Mazda,MAZDA MX6,2026-06,0.9124,google_trends,2026-08-29T21:54:49Z
Mazda,MAZDA MX6,2026-07,0.6083,google_trends,2026-08-29T21:54:49Z
Mazda,Mazda 3 & Mazdaspeed3,2025-08,122.2317,google_trends,2026-08-29T19:23:31Z
Mazda,Mazda 3 & Mazdaspeed3,2025-09,111.9485,google_trends,2026-08-29T19:23:31Z
Mazda,Mazda 3 & Mazdaspeed3,2025-10,109.3959,google_trends,2026-08-29T19:23:31Z
Mazda,Mazda 3 & Mazdaspeed3,2025-11,111.1462,google_trends,2026-08-29T19:23:31Z
Mazda,Mazda 3 & Mazdaspeed3,2025-12,107.9373,google_trends,2026-08-29T19:23:31Z
Mazda,Mazda 3 & Mazdaspeed3,2026-01,113.7717,google_trends,2026-08-29T19:23:31Z
Mazda,Mazda 3 & Mazdaspeed3,2026-02,121.4294,google_trends,2026-08-29T19:23:31Z
Mazda,Mazda 3 & Mazdaspeed3,2026-03,128.9413,google_trends,2026-08-29T19:23:31Z
Mazda,Mazda 3 & Mazdaspeed3,2026-04,133.463,google_trends,2026-08-29T19:23:31Z
Mazda,Mazda 3 & Mazdaspeed3,2026-05,129.233,google_trends,2026-08-29T19:23:31Z
Mazda,Mazda 3 & Mazdaspeed3,2026-06,123.2527,google_trends,2026-08-29T19:23:31Z
Mazda,Mazda 3 & Mazdaspeed3,2026-07,117.4183,google_trends,2026-08-29T19:23:31Z
Mazda,Mazda 6 & Mazdaspeed6,2025-08,50.365,google_trends,2026-08-29T21:54:49Z
Mazda,Mazda 6 & Mazdaspeed6,2025-09,45.0122,google_trends,2026-08-29T21:54:49Z
Mazda,Mazda 6 & Mazdaspeed6,2025-10,44.0998,google_trends,2026-08-29T21:54:49Z
Mazda,Mazda 6 & Mazdaspeed6,2025-11,44.0389,google_trends,2026-08-29T21:54:49Z
Mazda,Mazda 6 & Mazdaspeed6,2025-12,40.146,google_trends,2026-08-29T21:54:49Z
Mazda,Mazda 6 & Mazdaspeed6,2026-01,42.5791,google_trends,2026-08-29T21:54:49Z
Mazda,Mazda 6 & Mazdaspeed6,2026-02,51.7032,google_trends,2026-08-29T21:54:49Z
Mazda,Mazda 6 & Mazdaspeed6,2026-03,49.8783,google_trends,2026-08-29T21:54:49Z
Mazda,Mazda 6 & Mazdaspeed6,2026-04,52.0073,google_trends,2026-08-29T21:54:49Z
Mazda,Mazda 6 & Mazdaspeed6,2026-05,55.2311,google_trends,2026-08-29T21:54:49Z
Mazda,Mazda 6 & Mazdaspeed6,2026-06,51.7032,google_trends,2026-08-29T21:54:49Z
Mazda,Mazda 6 & Mazdaspeed6,2026-07,46.837,google_trends,2026-08-29T21:54:49Z
Mazda,Mazda Bongo,2025-08,1.4599,google_trends,2026-08-29T21:54:49Z
Mazda,Mazda Bongo,2025-09,1.2165,google_trends,2026-08-29T21:54:49Z
Mazda,Mazda Bongo,2025-10,1.2165,google_trends,2026-08-29T21:54:49Z
Mazda,Mazda Bongo,2025-11,1.2165,google_trends,2026-08-29T21:54:49Z
Mazda,Mazda Bongo,2025-12,1.2165,google_trends,2026-08-29T21:54:49Z
Mazda,Mazda Bongo,2026-01,1.2165,google_trends,2026-08-29T21:54:49Z
Mazda,Mazda Bongo,2026-02,1.2165,google_trends,2026-08-29T21:54:49Z
Mazda,Mazda Bongo,2026-03,1.4599,google_trends,2026-08-29T21:54:49Z
Mazda,Mazda Bongo,2026-04,2.129,google_trends,2026-08-29T21:54:49Z
Mazda,Mazda Bongo,2026-05,1.9465,google_trends,2026-08-29T21:54:49Z
Mazda,Mazda Bongo,2026-06,1.2165,google_trends,2026-08-29T21:54:49Z
Mazda,Mazda Bongo,2026-07,1.2165,google_trends,2026-08-29T21:54:49Z
Mazda,Mazda Cosmo,2025-08,0.2433,google_trends,2026-08-29T21:54:49Z
Mazda,Mazda Cosmo,2025-09,0.0,google_trends,2026-08-29T21:54:49Z
Mazda,Mazda Cosmo,2025-10,0.0,google_trends,2026-08-29T21:54:49Z
Mazda,Mazda Cosmo,2025-11,0.0,google_trends,2026-08-29T21:54:49Z
Mazda,Mazda Cosmo,2025-12,0.3041,google_trends,2026-08-29T21:54:49Z
Mazda,Mazda Cosmo,2026-01,0.0,google_trends,2026-08-29T21:54:49Z
Mazda,Mazda Cosmo,2026-02,0.0,google_trends,2026-08-29T21:54:49Z
Mazda,Mazda Cosmo,2026-03,0.4866,google_trends,2026-08-29T21:54:49Z
Mazda,Mazda Cosmo,2026-04,1.2165,google_trends,2026-08-29T21:54:49Z
Mazda,Mazda Cosmo,2026-05,1.4599,google_trends,2026-08-29T21:54:49Z
Mazda,Mazda Cosmo,2026-06,0.0,google_trends,2026-08-29T21:54:49Z
Mazda,Mazda Cosmo,2026-07,0.3041,google_trends,2026-08-29T21:54:49Z
Mazda,Mazda Pickup,2025-08,1.2326,google_trends,2026-08-29T19:23:31Z
Mazda,Mazda Pickup,2025-09,1.2326,google_trends,2026-08-29T19:23:31Z
Mazda,Mazda Pickup,2025-10,1.2326,google_trends,2026-08-29T19:23:31Z
Mazda,Mazda Pickup,2025-11,1.2326,google_trends,2026-08-29T19:23:31Z
Mazda,Mazda Pickup,2025-12,1.2326,google_trends,2026-08-29T19:23:31Z
Mazda,Mazda Pickup,2026-01,1.2326,google_trends,2026-08-29T19:23:31Z
Mazda,Mazda Pickup,2026-02,2.1571,google_trends,2026-08-29T19:23:31Z
Mazda,Mazda Pickup,2026-03,1.2326,google_trends,2026-08-29T19:23:31Z
Mazda,Mazda Pickup,2026-04,1.2326,google_trends,2026-08-29T19:23:31Z
Mazda,Mazda Pickup,2026-05,1.2326,google_trends,2026-08-29T19:23:31Z
Mazda,Mazda Pickup,2026-06,1.2326,google_trends,2026-08-29T19:23:31Z
Mazda,Mazda Pickup,2026-07,1.2326,google_trends,2026-08-29T19:23:31Z
Mazda,Mazda RX-8,2025-08,1.2326,google_trends,2026-08-29T19:23:31Z
Mazda,Mazda RX-8,2025-09,1.2326,google_trends,2026-08-29T19:23:31Z
Mazda,Mazda RX-8,2025-10,1.2326,google_trends,2026-08-29T19:23:31Z
Mazda,Mazda RX-8,2025-11,1.2326,google_trends,2026-08-29T19:23:31Z
Mazda,Mazda RX-8,2025-12,1.2326,google_trends,2026-08-29T19:23:31Z
Mazda,Mazda RX-8,2026-01,1.2326,google_trends,2026-08-29T19:23:31Z
Mazda,Mazda RX-8,2026-02,2.1571,google_trends,2026-08-29T19:23:31Z
Mazda,Mazda RX-8,2026-03,1.2326,google_trends,2026-08-29T19:23:31Z
Mazda,Mazda RX-8,2026-04,1.2326,google_trends,2026-08-29T19:23:31Z
Mazda,Mazda RX-8,2026-05,1.2326,google_trends,2026-08-29T19:23:31Z
Mazda,Mazda RX-8,2026-06,1.2326,google_trends,2026-08-29T19:23:31Z
Mazda,Mazda RX-8,2026-07,1.2326,google_trends,2026-08-29T19:23:31Z
McLaren,650S,2025-08,1.2165,google_trends,2026-08-29T21:54:49Z
McLaren,650S,2025-09,1.2165,google_trends,2026-08-29T21:54:49Z
McLaren,650S,2025-10,1.2165,google_trends,2026-08-29T21:54:49Z
McLaren,650S,2025-11,0.9732,google_trends,2026-08-29T21:54:49Z
McLaren,650S,2025-12,0.9124,google_trends,2026-08-29T21:54:49Z
McLaren,650S,2026-01,0.3041,google_trends,2026-08-29T21:54:49Z
McLaren,650S,2026-02,1.2165,google_trends,2026-08-29T21:54:49Z
McLaren,650S,2026-03,1.2165,google_trends,2026-08-29T21:54:49Z
McLaren,650S,2026-04,1.2165,google_trends,2026-08-29T21:54:49Z
McLaren,650S,2026-05,1.2165,google_trends,2026-08-29T21:54:49Z
McLaren,650S,2026-06,1.2165,google_trends,2026-08-29T21:54:49Z
McLaren,650S,2026-07,1.2165,google_trends,2026-08-29T21:54:49Z
McLaren,720S,2025-08,8.0292,google_trends,2026-08-29T21:54:49Z
McLaren,720S,2025-09,7.2993,google_trends,2026-08-29T21:54:49Z
McLaren,720S,2025-10,6.9951,google_trends,2026-08-29T21:54:49Z
McLaren,720S,2025-11,6.0827,google_trends,2026-08-29T21:54:49Z
McLaren,720S,2025-12,6.0827,google_trends,2026-08-29T21:54:49Z
McLaren,720S,2026-01,6.0827,google_trends,2026-08-29T21:54:49Z
McLaren,720S,2026-02,6.0827,google_trends,2026-08-29T21:54:49Z
McLaren,720S,2026-03,8.0292,google_trends,2026-08-29T21:54:49Z
McLaren,720S,2026-04,11.253,google_trends,2026-08-29T21:54:49Z
McLaren,720S,2026-05,9.2457,google_trends,2026-08-29T21:54:49Z
McLaren,720S,2026-06,6.691,google_trends,2026-08-29T21:54:49Z
McLaren,720S,2026-07,6.691,google_trends,2026-08-29T21:54:49Z
McLaren,750S,2025-08,1.4599,google_trends,2026-08-29T21:54:49Z
McLaren,750S,2025-09,1.2165,google_trends,2026-08-29T21:54:49Z
McLaren,750S,2025-10,1.2165,google_trends,2026-08-29T21:54:49Z
McLaren,750S,2025-11,1.2165,google_trends,2026-08-29T21:54:49Z
McLaren,750S,2025-12,1.2165,google_trends,2026-08-29T21:54:49Z
McLaren,750S,2026-01,1.2165,google_trends,2026-08-29T21:54:49Z
McLaren,750S,2026-02,1.2165,google_trends,2026-08-29T21:54:49Z
McLaren,750S,2026-03,1.4599,google_trends,2026-08-29T21:54:49Z
McLaren,750S,2026-04,1.8248,google_trends,2026-08-29T21:54:49Z
McLaren,750S,2026-05,1.7032,google_trends,2026-08-29T21:54:49Z
McLaren,750S,2026-06,1.8248,google_trends,2026-08-29T21:54:49Z
McLaren,750S,2026-07,1.2165,google_trends,2026-08-29T21:54:49Z
McLaren,Artura,2025-08,2.4658,google_trends,2026-08-29T19:23:31Z
McLaren,Artura,2025-09,1.8494,google_trends,2026-08-29T19:23:31Z
McLaren,Artura,2025-10,1.8494,google_trends,2026-08-29T19:23:31Z
McLaren,Artura,2025-11,1.2329,google_trends,2026-08-29T19:23:31Z
McLaren,Artura,2025-12,1.2329,google_trends,2026-08-29T19:23:31Z
McLaren,Artura,2026-01,1.2329,google_trends,2026-08-29T19:23:31Z
McLaren,Artura,2026-02,1.2329,google_trends,2026-08-29T19:23:31Z
McLaren,Artura,2026-03,1.7261,google_trends,2026-08-29T19:23:31Z
McLaren,Artura,2026-04,1.2329,google_trends,2026-08-29T19:23:31Z
McLaren,Artura,2026-05,2.2193,google_trends,2026-08-29T19:23:31Z
McLaren,Artura,2026-06,2.4658,google_trends,2026-08-29T19:23:31Z
McLaren,Artura,2026-07,2.1576,google_trends,2026-08-29T19:23:31Z
McLaren,GT,2025-08,2.7124,google_trends,2026-08-29T19:23:31Z
McLaren,GT,2025-09,2.4658,google_trends,2026-08-29T19:23:31Z
McLaren,GT,2025-10,2.4658,google_trends,2026-08-29T19:23:31Z
McLaren,GT,2025-11,2.4658,google_trends,2026-08-29T19:23:31Z
McLaren,GT,2025-12,2.4658,google_trends,2026-08-29T19:23:31Z
McLaren,GT,2026-01,2.4658,google_trends,2026-08-29T19:23:31Z
McLaren,GT,2026-02,2.4658,google_trends,2026-08-29T19:23:31Z
McLaren,GT,2026-03,2.7124,google_trends,2026-08-29T19:23:31Z
McLaren,GT,2026-04,2.7741,google_trends,2026-08-29T19:23:31Z
McLaren,GT,2026-05,3.2056,google_trends,2026-08-29T19:23:31Z
McLaren,GT,2026-06,2.4658,google_trends,2026-08-29T19:23:31Z
McLaren,GT,2026-07,2.4658,google_trends,2026-08-29T19:23:31Z
McLaren,Racing,2025-08,1.9465,google_trends,2026-08-29T21:54:49Z
McLaren,Racing,2025-09,2.4331,google_trends,2026-08-29T21:54:49Z
McLaren,Racing,2025-10,2.4331,google_trends,2026-08-29T21:54:49Z
McLaren,Racing,2025-11,1.7032,google_trends,2026-08-29T21:54:49Z
McLaren,Racing,2025-12,2.129,google_trends,2026-08-29T21:54:49Z
McLaren,Racing,2026-01,1.8248,google_trends,2026-08-29T21:54:49Z
McLaren,Racing,2026-02,1.5207,google_trends,2026-08-29T21:54:49Z
McLaren,Racing,2026-03,2.1898,google_trends,2026-08-29T21:54:49Z
McLaren,Racing,2026-04,2.129,google_trends,2026-08-29T21:54:49Z
McLaren,Racing,2026-05,2.4331,google_trends,2026-08-29T21:54:49Z
McLaren,Racing,2026-06,2.4331,google_trends,2026-08-29T21:54:49Z
McLaren,Racing,2026-07,1.8248,google_trends,2026-08-29T21:54:49Z
Mercedes-Benz,600,2025-08,0.2466,google_trends,2026-08-29T19:23:31Z
Mercedes-Benz,600,2025-09,0.0,google_trends,2026-08-29T19:23:31Z
Mercedes-Benz,600,2025-10,0.3082,google_trends,2026-08-29T19:23:31Z
Mercedes-Benz,600,2025-11,0.2466,google_trends,2026-08-29T19:23:31Z
Mercedes-Benz,600,2025-12,0.0,google_trends,2026-08-29T19:23:31Z
Mercedes-Benz,600,2026-01,0.3082,google_trends,2026-08-29T19:23:31Z
Mercedes-Benz,600,2026-02,1.2329,google_trends,2026-08-29T19:23:31Z
Mercedes-Benz,600,2026-03,0.4932,google_trends,2026-08-29T19:23:31Z
Mercedes-Benz,600,2026-04,1.2329,google_trends,2026-08-29T19:23:31Z
Mercedes-Benz,600,2026-05,1.2329,google_trends,2026-08-29T19:23:31Z
Mercedes-Benz,600,2026-06,1.2329,google_trends,2026-08-29T19:23:31Z
Mercedes-Benz,600,2026-07,0.3082,google_trends,2026-08-29T19:23:31Z
Mercedes-Benz,AMG G63,2025-08,0.0,google_trends,2026-08-29T19:23:31Z
Mercedes-Benz,AMG G63,2025-09,0.0,google_trends,2026-08-29T19:23:31Z
Mercedes-Benz,AMG G63,2025-10,0.0,google_trends,2026-08-29T19:23:31Z
Mercedes-Benz,AMG G63,2025-11,0.0,google_trends,2026-08-29T19:23:31Z
Mercedes-Benz,AMG G63,2025-12,0.0,google_trends,2026-08-29T19:23:31Z
Mercedes-Benz,AMG G63,2026-01,0.0,google_trends,2026-08-29T19:23:31Z
Mercedes-Benz,AMG G63,2026-02,0.0,google_trends,2026-08-29T19:23:31Z
Mercedes-Benz,AMG G63,2026-03,0.0,google_trends,2026-08-29T19:23:31Z
Mercedes-Benz,AMG G63,2026-04,0.3082,google_trends,2026-08-29T19:23:31Z
Mercedes-Benz,AMG G63,2026-05,0.0,google_trends,2026-08-29T19:23:31Z
Mercedes-Benz,AMG G63,2026-06,0.0,google_trends,2026-08-29T19:23:31Z
Mercedes-Benz,AMG G63,2026-07,0.0,google_trends,2026-08-29T19:23:31Z
Mercedes-Benz,AMG GLS63,2025-08,0.0,google_trends,2026-08-29T21:54:49Z
Mercedes-Benz,AMG GLS63,2025-09,0.0,google_trends,2026-08-29T21:54:49Z
Mercedes-Benz,AMG GLS63,2025-10,0.0,google_trends,2026-08-29T21:54:49Z
Mercedes-Benz,AMG GLS63,2025-11,0.0,google_trends,2026-08-29T21:54:49Z
Mercedes-Benz,AMG GLS63,2025-12,0.0,google_trends,2026-08-29T21:54:49Z
Mercedes-Benz,AMG GLS63,2026-01,0.0,google_trends,2026-08-29T21:54:49Z
Mercedes-Benz,AMG GLS63,2026-02,0.0,google_trends,2026-08-29T21:54:49Z
Mercedes-Benz,AMG GLS63,2026-03,0.2433,google_trends,2026-08-29T21:54:49Z
Mercedes-Benz,AMG GLS63,2026-04,1.2165,google_trends,2026-08-29T21:54:49Z
Mercedes-Benz,AMG GLS63,2026-05,0.2433,google_trends,2026-08-29T21:54:49Z
Mercedes-Benz,AMG GLS63,2026-06,0.0,google_trends,2026-08-29T21:54:49Z
Mercedes-Benz,AMG GLS63,2026-07,0.0,google_trends,2026-08-29T21:54:49Z
Mercedes-Benz,AMG GT,2025-08,1.2329,google_trends,2026-08-29T19:23:31Z
Mercedes-Benz,AMG GT,2025-09,0.9247,google_trends,2026-08-29T19:23:31Z
Mercedes-Benz,AMG GT,2025-10,1.2329,google_trends,2026-08-29T19:23:31Z
Mercedes-Benz,AMG GT,2025-11,0.4932,google_trends,2026-08-29T19:23:31Z
Mercedes-Benz,AMG GT,2025-12,0.9247,google_trends,2026-08-29T19:23:31Z
Mercedes-Benz,AMG GT,2026-01,1.2329,google_trends,2026-08-29T19:23:31Z
Mercedes-Benz,AMG GT,2026-02,1.2329,google_trends,2026-08-29T19:23:31Z
Mercedes-Benz,AMG GT,2026-03,1.2329,google_trends,2026-08-29T19:23:31Z
Mercedes-Benz,AMG GT,2026-04,1.2329,google_trends,2026-08-29T19:23:31Z
Mercedes-Benz,AMG GT,2026-05,1.2329,google_trends,2026-08-29T19:23:31Z
Mercedes-Benz,AMG GT,2026-06,1.2329,google_trends,2026-08-29T19:23:31Z
Mercedes-Benz,AMG GT,2026-07,1.2329,google_trends,2026-08-29T19:23:31Z
Mercedes-Benz,Benz AMG,2025-08,0.7396,google_trends,2026-08-29T19:23:31Z
Mercedes-Benz,Benz AMG,2025-09,1.2326,google_trends,2026-08-29T19:23:31Z
Mercedes-Benz,Benz AMG,2025-10,0.9245,google_trends,2026-08-29T19:23:31Z
Mercedes-Benz,Benz AMG,2025-11,0.2465,google_trends,2026-08-29T19:23:31Z
Mercedes-Benz,Benz AMG,2025-12,0.9245,google_trends,2026-08-29T19:23:31Z
Mercedes-Benz,Benz AMG,2026-01,1.2326,google_trends,2026-08-29T19:23:31Z
Mercedes-Benz,Benz AMG,2026-02,0.6163,google_trends,2026-08-29T19:23:31Z
Mercedes-Benz,Benz AMG,2026-03,0.493,google_trends,2026-08-29T19:23:31Z
Mercedes-Benz,Benz AMG,2026-04,0.9245,google_trends,2026-08-29T19:23:31Z
Mercedes-Benz,Benz AMG,2026-05,0.2465,google_trends,2026-08-29T19:23:31Z
Mercedes-Benz,Benz AMG,2026-06,0.0,google_trends,2026-08-29T19:23:31Z
Mercedes-Benz,Benz AMG,2026-07,0.3082,google_trends,2026-08-29T19:23:31Z
Mercedes-Benz,C63 AMG,2025-08,0.0,google_trends,2026-08-29T19:23:31Z
Mercedes-Benz,C63 AMG,2025-09,0.0,google_trends,2026-08-29T19:23:31Z
Mercedes-Benz,C63 AMG,2025-10,0.0,google_trends,2026-08-29T19:23:31Z
Mercedes-Benz,C63 AMG,2025-11,0.0,google_trends,2026-08-29T19:23:31Z
Mercedes-Benz,C63 AMG,2025-12,0.0,google_trends,2026-08-29T19:23:31Z
Mercedes-Benz,C63 AMG,2026-01,0.0,google_trends,2026-08-29T19:23:31Z
Mercedes-Benz,C63 AMG,2026-02,0.9245,google_trends,2026-08-29T19:23:31Z
Mercedes-Benz,C63 AMG,2026-03,0.0,google_trends,2026-08-29T19:23:31Z
Mercedes-Benz,C63 AMG,2026-04,0.6163,google_trends,2026-08-29T19:23:31Z
Mercedes-Benz,C63 AMG,2026-05,0.9861,google_trends,2026-08-29T19:23:31Z
Mercedes-Benz,C63 AMG,2026-06,0.3082,google_trends,2026-08-29T19:23:31Z
Mercedes-Benz,C63 AMG,2026-07,0.0,google_trends,2026-08-29T19:23:31Z
Mercedes-Benz,E63 AMG,2025-08,0.0,google_trends,2026-08-29T19:23:31Z
Mercedes-Benz,E63 AMG,2025-09,0.0,google_trends,2026-08-29T19:23:31Z
Mercedes-Benz,E63 AMG,2025-10,0.0,google_trends,2026-08-29T19:23:31Z
Mercedes-Benz,E63 AMG,2025-11,0.0,google_trends,2026-08-29T19:23:31Z
Mercedes-Benz,E63 AMG,2025-12,0.0,google_trends,2026-08-29T19:23:31Z
Mercedes-Benz,E63 AMG,2026-01,0.0,google_trends,2026-08-29T19:23:31Z
Mercedes-Benz,E63 AMG,2026-02,0.3082,google_trends,2026-08-29T19:23:31Z
Mercedes-Benz,E63 AMG,2026-03,0.0,google_trends,2026-08-29T19:23:31Z
Mercedes-Benz,E63 AMG,2026-04,0.0,google_trends,2026-08-29T19:23:31Z
Mercedes-Benz,E63 AMG,2026-05,0.0,google_trends,2026-08-29T19:23:31Z
Mercedes-Benz,E63 AMG,2026-06,0.0,google_trends,2026-08-29T19:23:31Z
Mercedes-Benz,E63 AMG,2026-07,0.0,google_trends,2026-08-29T19:23:31Z
Mercedes-Benz,G63,2025-08,0.2466,google_trends,2026-08-29T19:23:31Z
Mercedes-Benz,G63,2025-09,0.0,google_trends,2026-08-29T19:23:31Z
Mercedes-Benz,G63,2025-10,0.0,google_trends,2026-08-29T19:23:31Z
Mercedes-Benz,G63,2025-11,0.0,google_trends,2026-08-29T19:23:31Z
Mercedes-Benz,G63,2025-12,0.3082,google_trends,2026-08-29T19:23:31Z
Mercedes-Benz,G63,2026-01,0.0,google_trends,2026-08-29T19:23:31Z
Mercedes-Benz,G63,2026-02,0.9247,google_trends,2026-08-29T19:23:31Z
Mercedes-Benz,G63,2026-03,0.4932,google_trends,2026-08-29T19:23:31Z
Mercedes-Benz,G63,2026-04,1.2329,google_trends,2026-08-29T19:23:31Z
Mercedes-Benz,G63,2026-05,1.2329,google_trends,2026-08-29T19:23:31Z
Mercedes-Benz,G63,2026-06,1.2329,google_trends,2026-08-29T19:23:31Z
Mercedes-Benz,G63,2026-07,0.6165,google_trends,2026-08-29T19:23:31Z
Mercedes-Benz,G63 AMG,2025-08,0.0,google_trends,2026-08-29T19:23:31Z
Mercedes-Benz,G63 AMG,2025-09,0.0,google_trends,2026-08-29T19:23:31Z
Mercedes-Benz,G63 AMG,2025-10,0.0,google_trends,2026-08-29T19:23:31Z
Mercedes-Benz,G63 AMG,2025-11,0.0,google_trends,2026-08-29T19:23:31Z
Mercedes-Benz,G63 AMG,2025-12,0.0,google_trends,2026-08-29T19:23:31Z
Mercedes-Benz,G63 AMG,2026-01,0.0,google_trends,2026-08-29T19:23:31Z
Mercedes-Benz,G63 AMG,2026-02,0.0,google_trends,2026-08-29T19:23:31Z
Mercedes-Benz,G63 AMG,2026-03,0.0,google_trends,2026-08-29T19:23:31Z
Mercedes-Benz,G63 AMG,2026-04,0.3082,google_trends,2026-08-29T19:23:31Z
Mercedes-Benz,G63 AMG,2026-05,0.0,google_trends,2026-08-29T19:23:31Z
Mercedes-Benz,G63 AMG,2026-06,0.0,google_trends,2026-08-29T19:23:31Z
Mercedes-Benz,G63 AMG,2026-07,0.0,google_trends,2026-08-29T19:23:31Z
Mercedes-Benz,GL & GLS-Class,2025-08,0.0,google_trends,2026-08-29T21:54:49Z
Mercedes-Benz,GL & GLS-Class,2025-09,0.0,google_trends,2026-08-29T21:54:49Z
Mercedes-Benz,GL & GLS-Class,2025-10,0.0,google_trends,2026-08-29T21:54:49Z
Mercedes-Benz,GL & GLS-Class,2025-11,0.0,google_trends,2026-08-29T21:54:49Z
Mercedes-Benz,GL & GLS-Class,2025-12,0.0,google_trends,2026-08-29T21:54:49Z
Mercedes-Benz,GL & GLS-Class,2026-01,0.0,google_trends,2026-08-29T21:54:49Z
Mercedes-Benz,GL & GLS-Class,2026-02,0.9124,google_trends,2026-08-29T21:54:49Z
Mercedes-Benz,GL & GLS-Class,2026-03,0.0,google_trends,2026-08-29T21:54:49Z
Mercedes-Benz,GL & GLS-Class,2026-04,0.3041,google_trends,2026-08-29T21:54:49Z
Mercedes-Benz,GL & GLS-Class,2026-05,0.2433,google_trends,2026-08-29T21:54:49Z
Mercedes-Benz,GL & GLS-Class,2026-06,0.3041,google_trends,2026-08-29T21:54:49Z
Mercedes-Benz,GL & GLS-Class,2026-07,0.0,google_trends,2026-08-29T21:54:49Z
Mercedes-Benz,GLC300,2025-08,0.0,google_trends,2026-08-29T21:54:49Z
Mercedes-Benz,GLC300,2025-09,0.0,google_trends,2026-08-29T21:54:49Z
Mercedes-Benz,GLC300,2025-10,0.0,google_trends,2026-08-29T21:54:49Z
Mercedes-Benz,GLC300,2025-11,0.0,google_trends,2026-08-29T21:54:49Z
Mercedes-Benz,GLC300,2025-12,0.0,google_trends,2026-08-29T21:54:49Z
Mercedes-Benz,GLC300,2026-01,0.0,google_trends,2026-08-29T21:54:49Z
Mercedes-Benz,GLC300,2026-02,0.3041,google_trends,2026-08-29T21:54:49Z
Mercedes-Benz,GLC300,2026-03,0.0,google_trends,2026-08-29T21:54:49Z
Mercedes-Benz,GLC300,2026-04,0.0,google_trends,2026-08-29T21:54:49Z
Mercedes-Benz,GLC300,2026-05,0.0,google_trends,2026-08-29T21:54:49Z
Mercedes-Benz,GLC300,2026-06,0.0,google_trends,2026-08-29T21:54:49Z
Mercedes-Benz,GLC300,2026-07,0.0,google_trends,2026-08-29T21:54:49Z
Mercedes-Benz,GLS63 AMG,2025-08,0.0,google_trends,2026-08-29T19:23:31Z
Mercedes-Benz,GLS63 AMG,2025-09,0.0,google_trends,2026-08-29T19:23:31Z
Mercedes-Benz,GLS63 AMG,2025-10,0.0,google_trends,2026-08-29T19:23:31Z
Mercedes-Benz,GLS63 AMG,2025-11,0.0,google_trends,2026-08-29T19:23:31Z
Mercedes-Benz,GLS63 AMG,2025-12,0.0,google_trends,2026-08-29T19:23:31Z
Mercedes-Benz,GLS63 AMG,2026-01,0.0,google_trends,2026-08-29T19:23:31Z
Mercedes-Benz,GLS63 AMG,2026-02,0.0,google_trends,2026-08-29T19:23:31Z
Mercedes-Benz,GLS63 AMG,2026-03,0.2466,google_trends,2026-08-29T19:23:31Z
Mercedes-Benz,GLS63 AMG,2026-04,1.2329,google_trends,2026-08-29T19:23:31Z
Mercedes-Benz,GLS63 AMG,2026-05,0.2466,google_trends,2026-08-29T19:23:31Z
Mercedes-Benz,GLS63 AMG,2026-06,0.0,google_trends,2026-08-29T19:23:31Z
Mercedes-Benz,GLS63 AMG,2026-07,0.0,google_trends,2026-08-29T19:23:31Z
Mercedes-Benz,SLK & SLC-Class,2025-08,0.0,google_trends,2026-08-29T19:23:31Z
Mercedes-Benz,SLK & SLC-Class,2025-09,0.0,google_trends,2026-08-29T19:23:31Z
Mercedes-Benz,SLK & SLC-Class,2025-10,0.0,google_trends,2026-08-29T19:23:31Z
Mercedes-Benz,SLK & SLC-Class,2025-11,0.0,google_trends,2026-08-29T19:23:31Z
Mercedes-Benz,SLK & SLC-Class,2025-12,0.0,google_trends,2026-08-29T19:23:31Z
Mercedes-Benz,SLK & SLC-Class,2026-01,0.0,google_trends,2026-08-29T19:23:31Z
Mercedes-Benz,SLK & SLC-Class,2026-02,0.924,google_trends,2026-08-29T19:23:31Z
Mercedes-Benz,SLK & SLC-Class,2026-03,0.4928,google_trends,2026-08-29T19:23:31Z
Mercedes-Benz,SLK & SLC-Class,2026-04,1.232,google_trends,2026-08-29T19:23:31Z
Mercedes-Benz,SLK & SLC-Class,2026-05,1.232,google_trends,2026-08-29T19:23:31Z
Mercedes-Benz,SLK & SLC-Class,2026-06,1.232,google_trends,2026-08-29T19:23:31Z
Mercedes-Benz,SLK & SLC-Class,2026-07,0.924,google_trends,2026-08-29T19:23:31Z
Mercedes-Benz,Sprinter,2025-08,3.163,google_trends,2026-08-29T21:54:49Z
Mercedes-Benz,Sprinter,2025-09,3.3455,google_trends,2026-08-29T21:54:49Z
Mercedes-Benz,Sprinter,2025-10,3.3455,google_trends,2026-08-29T21:54:49Z
Mercedes-Benz,Sprinter,2025-11,3.6496,google_trends,2026-08-29T21:54:49Z
Mercedes-Benz,Sprinter,2025-12,3.3455,google_trends,2026-08-29T21:54:49Z
Mercedes-Benz,Sprinter,2026-01,4.2579,google_trends,2026-08-29T21:54:49Z
Mercedes-Benz,Sprinter,2026-02,6.0827,google_trends,2026-08-29T21:54:49Z
Mercedes-Benz,Sprinter,2026-03,4.3796,google_trends,2026-08-29T21:54:49Z
Mercedes-Benz,Sprinter,2026-04,5.1703,google_trends,2026-08-29T21:54:49Z
Mercedes-Benz,Sprinter,2026-05,5.5961,google_trends,2026-08-29T21:54:49Z
Mercedes-Benz,Sprinter,2026-06,4.8662,google_trends,2026-08-29T21:54:49Z
Mercedes-Benz,Sprinter,2026-07,3.9538,google_trends,2026-08-29T21:54:49Z
Mercury,MERCURY MILAN,2025-08,1.4599,google_trends,2026-08-29T21:54:49Z
Mercury,MERCURY MILAN,2025-09,1.2165,google_trends,2026-08-29T21:54:49Z
Mercury,MERCURY MILAN,2025-10,1.2165,google_trends,2026-08-29T21:54:49Z
Mercury,MERCURY MILAN,2025-11,1.2165,google_trends,2026-08-29T21:54:49Z
Mercury,MERCURY MILAN,2025-12,1.2165,google_trends,2026-08-29T21:54:49Z
Mercury,MERCURY MILAN,2026-01,1.2165,google_trends,2026-08-29T21:54:49Z
Mercury,MERCURY MILAN,2026-02,2.7372,google_trends,2026-08-29T21:54:49Z
Mercury,MERCURY MILAN,2026-03,1.2165,google_trends,2026-08-29T21:54:49Z
Mercury,MERCURY MILAN,2026-04,1.2165,google_trends,2026-08-29T21:54:49Z
Mercury,MERCURY MILAN,2026-05,1.2165,google_trends,2026-08-29T21:54:49Z
Mercury,MERCURY MILAN,2026-06,1.2165,google_trends,2026-08-29T21:54:49Z
Mercury,MERCURY MILAN,2026-07,1.2165,google_trends,2026-08-29T21:54:49Z
Mercury,MERCURY MONTEGO,2025-08,0.2433,google_trends,2026-08-29T21:54:49Z
Mercury,MERCURY MONTEGO,2025-09,0.3041,google_trends,2026-08-29T21:54:49Z
Mercury,MERCURY MONTEGO,2025-10,0.0,google_trends,2026-08-29T21:54:49Z
Mercury,MERCURY MONTEGO,2025-11,0.0,google_trends,2026-08-29T21:54:49Z
Mercury,MERCURY MONTEGO,2025-12,0.0,google_trends,2026-08-29T21:54:49Z
Mercury,MERCURY MONTEGO,2026-01,0.0,google_trends,2026-08-29T21:54:49Z
Mercury,MERCURY MONTEGO,2026-02,1.2165,google_trends,2026-08-29T21:54:49Z
Mercury,MERCURY MONTEGO,2026-03,0.4866,google_trends,2026-08-29T21:54:49Z
Mercury,MERCURY MONTEGO,2026-04,0.3041,google_trends,2026-08-29T21:54:49Z
Mercury,MERCURY MONTEGO,2026-05,0.2433,google_trends,2026-08-29T21:54:49Z
Mercury,MERCURY MONTEGO,2026-06,0.0,google_trends,2026-08-29T21:54:49Z
Mercury,MERCURY MONTEGO,2026-07,0.3041,google_trends,2026-08-29T21:54:49Z
Mercury,MERCURY MOUNTAINEER,2025-08,1.2165,google_trends,2026-08-29T21:54:49Z
Mercury,MERCURY MOUNTAINEER,2025-09,1.2165,google_trends,2026-08-29T21:54:49Z
Mercury,MERCURY MOUNTAINEER,2025-10,1.2165,google_trends,2026-08-29T21:54:49Z
Mercury,MERCURY MOUNTAINEER,2025-11,1.2165,google_trends,2026-08-29T21:54:49Z
Mercury,MERCURY MOUNTAINEER,2025-12,1.2165,google_trends,2026-08-29T21:54:49Z
Mercury,MERCURY MOUNTAINEER,2026-01,1.2165,google_trends,2026-08-29T21:54:49Z
Mercury,MERCURY MOUNTAINEER,2026-02,3.9538,google_trends,2026-08-29T21:54:49Z
Mercury,MERCURY MOUNTAINEER,2026-03,1.4599,google_trends,2026-08-29T21:54:49Z
Mercury,MERCURY MOUNTAINEER,2026-04,1.2165,google_trends,2026-08-29T21:54:49Z
Mercury,MERCURY MOUNTAINEER,2026-05,1.2165,google_trends,2026-08-29T21:54:49Z
Mercury,MERCURY MOUNTAINEER,2026-06,1.2165,google_trends,2026-08-29T21:54:49Z
Mercury,MERCURY MOUNTAINEER,2026-07,1.2165,google_trends,2026-08-29T21:54:49Z
Mercury,MERCURY TOPAZ,2025-08,0.0,google_trends,2026-08-29T21:54:49Z
Mercury,MERCURY TOPAZ,2025-09,0.0,google_trends,2026-08-29T21:54:49Z
Mercury,MERCURY TOPAZ,2025-10,0.0,google_trends,2026-08-29T21:54:49Z
Mercury,MERCURY TOPAZ,2025-11,0.0,google_trends,2026-08-29T21:54:49Z
Mercury,MERCURY TOPAZ,2025-12,0.0,google_trends,2026-08-29T21:54:49Z
Mercury,MERCURY TOPAZ,2026-01,0.0,google_trends,2026-08-29T21:54:49Z
Mercury,MERCURY TOPAZ,2026-02,0.9124,google_trends,2026-08-29T21:54:49Z
Mercury,MERCURY TOPAZ,2026-03,0.0,google_trends,2026-08-29T21:54:49Z
Mercury,MERCURY TOPAZ,2026-04,0.0,google_trends,2026-08-29T21:54:49Z
Mercury,MERCURY TOPAZ,2026-05,0.0,google_trends,2026-08-29T21:54:49Z
Mercury,MERCURY TOPAZ,2026-06,0.0,google_trends,2026-08-29T21:54:49Z
Mercury,MERCURY TOPAZ,2026-07,0.0,google_trends,2026-08-29T21:54:49Z
Mercury,MERCURY VILLAGER,2025-08,0.0,google_trends,2026-08-29T21:54:49Z
Mercury,MERCURY VILLAGER,2025-09,0.0,google_trends,2026-08-29T21:54:49Z
Mercury,MERCURY VILLAGER,2025-10,0.0,google_trends,2026-08-29T21:54:49Z
Mercury,MERCURY VILLAGER,2025-11,0.0,google_trends,2026-08-29T21:54:49Z
Mercury,MERCURY VILLAGER,2025-12,0.0,google_trends,2026-08-29T21:54:49Z
Mercury,MERCURY VILLAGER,2026-01,0.0,google_trends,2026-08-29T21:54:49Z
Mercury,MERCURY VILLAGER,2026-02,0.9124,google_trends,2026-08-29T21:54:49Z
Mercury,MERCURY VILLAGER,2026-03,0.0,google_trends,2026-08-29T21:54:49Z
Mercury,MERCURY VILLAGER,2026-04,0.0,google_trends,2026-08-29T21:54:49Z
Mercury,MERCURY VILLAGER,2026-05,0.2433,google_trends,2026-08-29T21:54:49Z
Mercury,MERCURY VILLAGER,2026-06,0.0,google_trends,2026-08-29T21:54:49Z
Mercury,MERCURY VILLAGER,2026-07,0.3041,google_trends,2026-08-29T21:54:49Z
Mercury,Mercury Capri,2025-08,0.493,google_trends,2026-08-29T19:23:31Z
Mercury,Mercury Capri,2025-09,0.3082,google_trends,2026-08-29T19:23:31Z
Mercury,Mercury Capri,2025-10,0.0,google_trends,2026-08-29T19:23:31Z
Mercury,Mercury Capri,2025-11,0.0,google_trends,2026-08-29T19:23:31Z
Mercury,Mercury Capri,2025-12,0.0,google_trends,2026-08-29T19:23:31Z
Mercury,Mercury Capri,2026-01,0.0,google_trends,2026-08-29T19:23:31Z
Mercury,Mercury Capri,2026-02,1.2326,google_trends,2026-08-29T19:23:31Z
Mercury,Mercury Capri,2026-03,0.493,google_trends,2026-08-29T19:23:31Z
Mercury,Mercury Capri,2026-04,1.2326,google_trends,2026-08-29T19:23:31Z
Mercury,Mercury Capri,2026-05,1.2326,google_trends,2026-08-29T19:23:31Z
Mercury,Mercury Capri,2026-06,0.9245,google_trends,2026-08-29T19:23:31Z
Mercury,Mercury Capri,2026-07,0.3082,google_trends,2026-08-29T19:23:31Z
Mercury,Mercury Colony Park,2025-08,0.0,google_trends,2026-08-29T21:54:49Z
Mercury,Mercury Colony Park,2025-09,0.0,google_trends,2026-08-29T21:54:49Z
Mercury,Mercury Colony Park,2025-10,0.0,google_trends,2026-08-29T21:54:49Z
Mercury,Mercury Colony Park,2025-11,0.0,google_trends,2026-08-29T21:54:49Z
Mercury,Mercury Colony Park,2025-12,0.0,google_trends,2026-08-29T21:54:49Z
Mercury,Mercury Colony Park,2026-01,0.0,google_trends,2026-08-29T21:54:49Z
Mercury,Mercury Colony Park,2026-02,0.6083,google_trends,2026-08-29T21:54:49Z
Mercury,Mercury Colony Park,2026-03,0.0,google_trends,2026-08-29T21:54:49Z
Mercury,Mercury Colony Park,2026-04,0.0,google_trends,2026-08-29T21:54:49Z
Mercury,Mercury Colony Park,2026-05,0.0,google_trends,2026-08-29T21:54:49Z
Mercury,Mercury Colony Park,2026-06,0.0,google_trends,2026-08-29T21:54:49Z
Mercury,Mercury Colony Park,2026-07,0.0,google_trends,2026-08-29T21:54:49Z
Mercury,Mercury Comet,2025-08,1.2329,google_trends,2026-08-29T19:23:31Z
Mercury,Mercury Comet,2025-09,1.2329,google_trends,2026-08-29T19:23:31Z
Mercury,Mercury Comet,2025-10,1.2329,google_trends,2026-08-29T19:23:31Z
Mercury,Mercury Comet,2025-11,0.9863,google_trends,2026-08-29T19:23:31Z
Mercury,Mercury Comet,2025-12,1.2329,google_trends,2026-08-29T19:23:31Z
Mercury,Mercury Comet,2026-01,1.2329,google_trends,2026-08-29T19:23:31Z
Mercury,Mercury Comet,2026-02,1.8494,google_trends,2026-08-29T19:23:31Z
Mercury,Mercury Comet,2026-03,1.2329,google_trends,2026-08-29T19:23:31Z
Mercury,Mercury Comet,2026-04,1.2329,google_trends,2026-08-29T19:23:31Z
Mercury,Mercury Comet,2026-05,1.2329,google_trends,2026-08-29T19:23:31Z
Mercury,Mercury Comet,2026-06,1.2329,google_trends,2026-08-29T19:23:31Z
Mercury,Mercury Comet,2026-07,0.9247,google_trends,2026-08-29T19:23:31Z
Mercury,Mercury Cougar,2025-08,2.4652,google_trends,2026-08-29T19:23:31Z
Mercury,Mercury Cougar,2025-09,2.4652,google_trends,2026-08-29T19:23:31Z
Mercury,Mercury Cougar,2025-10,2.1571,google_trends,2026-08-29T19:23:31Z
Mercury,Mercury Cougar,2025-11,1.9722,google_trends,2026-08-29T19:23:31Z
Mercury,Mercury Cougar,2025-12,1.5408,google_trends,2026-08-29T19:23:31Z
Mercury,Mercury Cougar,2026-01,1.5408,google_trends,2026-08-29T19:23:31Z
Mercury,Mercury Cougar,2026-02,4.6223,google_trends,2026-08-29T19:23:31Z
Mercury,Mercury Cougar,2026-03,2.4652,google_trends,2026-08-29T19:23:31Z
Mercury,Mercury Cougar,2026-04,2.4652,google_trends,2026-08-29T19:23:31Z
Mercury,Mercury Cougar,2026-05,2.4652,google_trends,2026-08-29T19:23:31Z
Mercury,Mercury Cougar,2026-06,2.4652,google_trends,2026-08-29T19:23:31Z
Mercury,Mercury Cougar,2026-07,2.4652,google_trends,2026-08-29T19:23:31Z
Mercury,Mercury Cyclone,2025-08,0.0,google_trends,2026-08-29T21:54:49Z
Mercury,Mercury Cyclone,2025-09,0.0,google_trends,2026-08-29T21:54:49Z
Mercury,Mercury Cyclone,2025-10,0.0,google_trends,2026-08-29T21:54:49Z
Mercury,Mercury Cyclone,2025-11,0.0,google_trends,2026-08-29T21:54:49Z
Mercury,Mercury Cyclone,2025-12,0.0,google_trends,2026-08-29T21:54:49Z
Mercury,Mercury Cyclone,2026-01,0.0,google_trends,2026-08-29T21:54:49Z
Mercury,Mercury Cyclone,2026-02,0.9124,google_trends,2026-08-29T21:54:49Z
Mercury,Mercury Cyclone,2026-03,0.0,google_trends,2026-08-29T21:54:49Z
Mercury,Mercury Cyclone,2026-04,0.0,google_trends,2026-08-29T21:54:49Z
Mercury,Mercury Cyclone,2026-05,0.0,google_trends,2026-08-29T21:54:49Z
Mercury,Mercury Cyclone,2026-06,0.0,google_trends,2026-08-29T21:54:49Z
Mercury,Mercury Cyclone,2026-07,0.0,google_trends,2026-08-29T21:54:49Z
Mercury,Mercury Eight,2025-08,0.0,google_trends,2026-08-29T19:23:31Z
Mercury,Mercury Eight,2025-09,0.0,google_trends,2026-08-29T19:23:31Z
Mercury,Mercury Eight,2025-10,0.0,google_trends,2026-08-29T19:23:31Z
Mercury,Mercury Eight,2025-11,0.0,google_trends,2026-08-29T19:23:31Z
Mercury,Mercury Eight,2025-12,0.0,google_trends,2026-08-29T19:23:31Z
Mercury,Mercury Eight,2026-01,0.0,google_trends,2026-08-29T19:23:31Z
Mercury,Mercury Eight,2026-02,0.0,google_trends,2026-08-29T19:23:31Z
Mercury,Mercury Eight,2026-03,0.0,google_trends,2026-08-29T19:23:31Z
Mercury,Mercury Eight,2026-04,0.0,google_trends,2026-08-29T19:23:31Z
Mercury,Mercury Eight,2026-05,0.2465,google_trends,2026-08-29T19:23:31Z
Mercury,Mercury Eight,2026-06,0.6163,google_trends,2026-08-29T19:23:31Z
Mercury,Mercury Eight,2026-07,0.3082,google_trends,2026-08-29T19:23:31Z
Mercury,Mercury Marauder,2025-08,0.9861,google_trends,2026-08-29T19:23:31Z
Mercury,Mercury Marauder,2025-09,0.6163,google_trends,2026-08-29T19:23:31Z
Mercury,Mercury Marauder,2025-10,1.2326,google_trends,2026-08-29T19:23:31Z
Mercury,Mercury Marauder,2025-11,0.493,google_trends,2026-08-29T19:23:31Z
Mercury,Mercury Marauder,2025-12,1.2326,google_trends,2026-08-29T19:23:31Z
Mercury,Mercury Marauder,2026-01,0.9245,google_trends,2026-08-29T19:23:31Z
Mercury,Mercury Marauder,2026-02,1.2326,google_trends,2026-08-29T19:23:31Z
Mercury,Mercury Marauder,2026-03,1.2326,google_trends,2026-08-29T19:23:31Z
Mercury,Mercury Marauder,2026-04,1.2326,google_trends,2026-08-29T19:23:31Z
Mercury,Mercury Marauder,2026-05,1.2326,google_trends,2026-08-29T19:23:31Z
Mercury,Mercury Marauder,2026-06,1.2326,google_trends,2026-08-29T19:23:31Z
Mercury,Mercury Marauder,2026-07,1.2326,google_trends,2026-08-29T19:23:31Z
Mercury,Mercury Marquis & Grand Marquis,2025-08,3.6978,google_trends,2026-08-29T19:23:31Z
Mercury,Mercury Marquis & Grand Marquis,2025-09,3.0815,google_trends,2026-08-29T19:23:31Z
Mercury,Mercury Marquis & Grand Marquis,2025-10,3.6978,google_trends,2026-08-29T19:23:31Z
Mercury,Mercury Marquis & Grand Marquis,2025-11,3.4513,google_trends,2026-08-29T19:23:31Z
Mercury,Mercury Marquis & Grand Marquis,2025-12,3.0815,google_trends,2026-08-29T19:23:31Z
Mercury,Mercury Marquis & Grand Marquis,2026-01,2.7734,google_trends,2026-08-29T19:23:31Z
Mercury,Mercury Marquis & Grand Marquis,2026-02,6.4712,google_trends,2026-08-29T19:23:31Z
Mercury,Mercury Marquis & Grand Marquis,2026-03,3.9443,google_trends,2026-08-29T19:23:31Z
Mercury,Mercury Marquis & Grand Marquis,2026-04,3.6978,google_trends,2026-08-29T19:23:31Z
Mercury,Mercury Marquis & Grand Marquis,2026-05,3.6978,google_trends,2026-08-29T19:23:31Z
Mercury,Mercury Marquis & Grand Marquis,2026-06,3.6978,google_trends,2026-08-29T19:23:31Z
Mercury,Mercury Marquis & Grand Marquis,2026-07,3.6978,google_trends,2026-08-29T19:23:31Z
Mercury,Mercury Montclair,2025-08,0.0,google_trends,2026-08-29T21:54:49Z
Mercury,Mercury Montclair,2025-09,0.0,google_trends,2026-08-29T21:54:49Z
Mercury,Mercury Montclair,2025-10,0.0,google_trends,2026-08-29T21:54:49Z
Mercury,Mercury Montclair,2025-11,0.0,google_trends,2026-08-29T21:54:49Z
Mercury,Mercury Montclair,2025-12,0.0,google_trends,2026-08-29T21:54:49Z
Mercury,Mercury Montclair,2026-01,0.0,google_trends,2026-08-29T21:54:49Z
Mercury,Mercury Montclair,2026-02,0.3041,google_trends,2026-08-29T21:54:49Z
Mercury,Mercury Montclair,2026-03,0.0,google_trends,2026-08-29T21:54:49Z
Mercury,Mercury Montclair,2026-04,0.0,google_trends,2026-08-29T21:54:49Z
Mercury,Mercury Montclair,2026-05,0.0,google_trends,2026-08-29T21:54:49Z
Mercury,Mercury Montclair,2026-06,0.0,google_trends,2026-08-29T21:54:49Z
Mercury,Mercury Montclair,2026-07,0.0,google_trends,2026-08-29T21:54:49Z
Mercury,Mercury Monterey,2025-08,0.2465,google_trends,2026-08-29T19:23:31Z
Mercury,Mercury Monterey,2025-09,0.0,google_trends,2026-08-29T19:23:31Z
Mercury,Mercury Monterey,2025-10,0.0,google_trends,2026-08-29T19:23:31Z
Mercury,Mercury Monterey,2025-11,0.0,google_trends,2026-08-29T19:23:31Z
Mercury,Mercury Monterey,2025-12,0.0,google_trends,2026-08-29T19:23:31Z
Mercury,Mercury Monterey,2026-01,0.0,google_trends,2026-08-29T19:23:31Z
Mercury,Mercury Monterey,2026-02,1.5408,google_trends,2026-08-29T19:23:31Z
Mercury,Mercury Monterey,2026-03,0.0,google_trends,2026-08-29T19:23:31Z
Mercury,Mercury Monterey,2026-04,0.3082,google_trends,2026-08-29T19:23:31Z
Mercury,Mercury Monterey,2026-05,0.493,google_trends,2026-08-29T19:23:31Z
Mercury,Mercury Monterey,2026-06,0.6163,google_trends,2026-08-29T19:23:31Z
Mercury,Mercury Monterey,2026-07,0.6163,google_trends,2026-08-29T19:23:31Z
Meyers,Meyers Manx,2025-08,0.7396,google_trends,2026-08-29T19:23:31Z
Meyers,Meyers Manx,2025-09,0.0,google_trends,2026-08-29T19:23:31Z
Meyers,Meyers Manx,2025-10,0.0,google_trends,2026-08-29T19:23:31Z
Meyers,Meyers Manx,2025-11,0.0,google_trends,2026-08-29T19:23:31Z
Meyers,Meyers Manx,2025-12,0.0,google_trends,2026-08-29T19:23:31Z
Meyers,Meyers Manx,2026-01,0.0,google_trends,2026-08-29T19:23:31Z
Meyers,Meyers Manx,2026-02,0.0,google_trends,2026-08-29T19:23:31Z
Meyers,Meyers Manx,2026-03,0.0,google_trends,2026-08-29T19:23:31Z
Meyers,Meyers Manx,2026-04,0.0,google_trends,2026-08-29T19:23:31Z
Meyers,Meyers Manx,2026-05,0.0,google_trends,2026-08-29T19:23:31Z
Meyers,Meyers Manx,2026-06,0.0,google_trends,2026-08-29T19:23:31Z
Meyers,Meyers Manx,2026-07,0.0,google_trends,2026-08-29T19:23:31Z
Mini,"Mini F55 & F56 Cooper, Cooper S, & John Cooper Works",2025-08,1.2326,google_trends,2026-08-29T19:23:31Z
Mini,"Mini F55 & F56 Cooper, Cooper S, & John Cooper Works",2025-09,1.2326,google_trends,2026-08-29T19:23:31Z
Mini,"Mini F55 & F56 Cooper, Cooper S, & John Cooper Works",2025-10,1.2326,google_trends,2026-08-29T19:23:31Z
Mini,"Mini F55 & F56 Cooper, Cooper S, & John Cooper Works",2025-11,1.2326,google_trends,2026-08-29T19:23:31Z
Mini,"Mini F55 & F56 Cooper, Cooper S, & John Cooper Works",2025-12,1.2326,google_trends,2026-08-29T19:23:31Z
Mini,"Mini F55 & F56 Cooper, Cooper S, & John Cooper Works",2026-01,1.2326,google_trends,2026-08-29T19:23:31Z
Mini,"Mini F55 & F56 Cooper, Cooper S, & John Cooper Works",2026-02,1.5408,google_trends,2026-08-29T19:23:31Z
Mini,"Mini F55 & F56 Cooper, Cooper S, & John Cooper Works",2026-03,1.2326,google_trends,2026-08-29T19:23:31Z
Mini,"Mini F55 & F56 Cooper, Cooper S, & John Cooper Works",2026-04,1.2326,google_trends,2026-08-29T19:23:31Z
Mini,"Mini F55 & F56 Cooper, Cooper S, & John Cooper Works",2026-05,1.2326,google_trends,2026-08-29T19:23:31Z
Mini,"Mini F55 & F56 Cooper, Cooper S, & John Cooper Works",2026-06,1.2326,google_trends,2026-08-29T19:23:31Z
Mini,"Mini F55 & F56 Cooper, Cooper S, & John Cooper Works",2026-07,1.2326,google_trends,2026-08-29T19:23:31Z
Mini,Mini F60 Countryman,2025-08,0.4866,google_trends,2026-08-29T21:54:49Z
Mini,Mini F60 Countryman,2025-09,0.3041,google_trends,2026-08-29T21:54:49Z
Mini,Mini F60 Countryman,2025-10,0.0,google_trends,2026-08-29T21:54:49Z
Mini,Mini F60 Countryman,2025-11,0.4866,google_trends,2026-08-29T21:54:49Z
Mini,Mini F60 Countryman,2025-12,0.3041,google_trends,2026-08-29T21:54:49Z
Mini,Mini F60 Countryman,2026-01,0.9124,google_trends,2026-08-29T21:54:49Z
Mini,Mini F60 Countryman,2026-02,0.9124,google_trends,2026-08-29T21:54:49Z
Mini,Mini F60 Countryman,2026-03,0.9732,google_trends,2026-08-29T21:54:49Z
Mini,Mini F60 Countryman,2026-04,0.6083,google_trends,2026-08-29T21:54:49Z
Mini,Mini F60 Countryman,2026-05,0.7299,google_trends,2026-08-29T21:54:49Z
Mini,Mini F60 Countryman,2026-06,0.3041,google_trends,2026-08-29T21:54:49Z
Mini,Mini F60 Countryman,2026-07,0.3041,google_trends,2026-08-29T21:54:49Z
Mini,Mini R50 Cooper,2025-08,1.2329,google_trends,2026-08-29T19:23:31Z
Mini,Mini R50 Cooper,2025-09,1.2329,google_trends,2026-08-29T19:23:31Z
Mini,Mini R50 Cooper,2025-10,1.2329,google_trends,2026-08-29T19:23:31Z
Mini,Mini R50 Cooper,2025-11,1.2329,google_trends,2026-08-29T19:23:31Z
Mini,Mini R50 Cooper,2025-12,1.2329,google_trends,2026-08-29T19:23:31Z
Mini,Mini R50 Cooper,2026-01,1.2329,google_trends,2026-08-29T19:23:31Z
Mini,Mini R50 Cooper,2026-02,1.2329,google_trends,2026-08-29T19:23:31Z
Mini,Mini R50 Cooper,2026-03,1.2329,google_trends,2026-08-29T19:23:31Z
Mini,Mini R50 Cooper,2026-04,1.2329,google_trends,2026-08-29T19:23:31Z
Mini,Mini R50 Cooper,2026-05,1.2329,google_trends,2026-08-29T19:23:31Z
Mini,Mini R50 Cooper,2026-06,1.2329,google_trends,2026-08-29T19:23:31Z
Mini,Mini R50 Cooper,2026-07,1.2329,google_trends,2026-08-29T19:23:31Z
Mini,Mini R53 Cooper S,2025-08,1.232,google_trends,2026-08-29T19:23:31Z
Mini,Mini R53 Cooper S,2025-09,1.232,google_trends,2026-08-29T19:23:31Z
Mini,Mini R53 Cooper S,2025-10,1.232,google_trends,2026-08-29T19:23:31Z
Mini,Mini R53 Cooper S,2025-11,1.232,google_trends,2026-08-29T19:23:31Z
Mini,Mini R53 Cooper S,2025-12,1.232,google_trends,2026-08-29T19:23:31Z
Mini,Mini R53 Cooper S,2026-01,1.232,google_trends,2026-08-29T19:23:31Z
Mini,Mini R53 Cooper S,2026-02,1.232,google_trends,2026-08-29T19:23:31Z
Mini,Mini R53 Cooper S,2026-03,1.232,google_trends,2026-08-29T19:23:31Z
Mini,Mini R53 Cooper S,2026-04,1.232,google_trends,2026-08-29T19:23:31Z
Mini,Mini R53 Cooper S,2026-05,1.232,google_trends,2026-08-29T19:23:31Z
Mini,Mini R53 Cooper S,2026-06,1.232,google_trends,2026-08-29T19:23:31Z
Mini,Mini R53 Cooper S,2026-07,1.232,google_trends,2026-08-29T19:23:31Z
Mini,Mini R58 & R59 Coupe & Roadster,2025-08,0.0,google_trends,2026-08-29T19:23:31Z
Mini,Mini R58 & R59 Coupe & Roadster,2025-09,0.0,google_trends,2026-08-29T19:23:31Z
Mini,Mini R58 & R59 Coupe & Roadster,2025-10,0.0,google_trends,2026-08-29T19:23:31Z
Mini,Mini R58 & R59 Coupe & Roadster,2025-11,0.0,google_trends,2026-08-29T19:23:31Z
Mini,Mini R58 & R59 Coupe & Roadster,2025-12,0.0,google_trends,2026-08-29T19:23:31Z
Mini,Mini R58 & R59 Coupe & Roadster,2026-01,0.0,google_trends,2026-08-29T19:23:31Z
Mini,Mini R58 & R59 Coupe & Roadster,2026-02,0.6163,google_trends,2026-08-29T19:23:31Z
Mini,Mini R58 & R59 Coupe & Roadster,2026-03,0.0,google_trends,2026-08-29T19:23:31Z
Mini,Mini R58 & R59 Coupe & Roadster,2026-04,0.0,google_trends,2026-08-29T19:23:31Z
Mini,Mini R58 & R59 Coupe & Roadster,2026-05,0.0,google_trends,2026-08-29T19:23:31Z
Mini,Mini R58 & R59 Coupe & Roadster,2026-06,0.0,google_trends,2026-08-29T19:23:31Z
Mini,Mini R58 & R59 Coupe & Roadster,2026-07,0.0,google_trends,2026-08-29T19:23:31Z
Mini,Mini R60 Countryman,2025-08,1.2326,google_trends,2026-08-29T19:23:31Z
Mini,Mini R60 Countryman,2025-09,1.2326,google_trends,2026-08-29T19:23:31Z
Mini,Mini R60 Countryman,2025-10,1.2326,google_trends,2026-08-29T19:23:31Z
Mini,Mini R60 Countryman,2025-11,1.2326,google_trends,2026-08-29T19:23:31Z
Mini,Mini R60 Countryman,2025-12,1.2326,google_trends,2026-08-29T19:23:31Z
Mini,Mini R60 Countryman,2026-01,1.2326,google_trends,2026-08-29T19:23:31Z
Mini,Mini R60 Countryman,2026-02,1.2326,google_trends,2026-08-29T19:23:31Z
Mini,Mini R60 Countryman,2026-03,1.2326,google_trends,2026-08-29T19:23:31Z
Mini,Mini R60 Countryman,2026-04,1.2326,google_trends,2026-08-29T19:23:31Z
Mini,Mini R60 Countryman,2026-05,1.2326,google_trends,2026-08-29T19:23:31Z
Mini,Mini R60 Countryman,2026-06,1.2326,google_trends,2026-08-29T19:23:31Z
Mini,Mini R60 Countryman,2026-07,1.2326,google_trends,2026-08-29T19:23:31Z
Mitsubishi,MITSUBISHI LANCER GSR,2025-08,0.0,google_trends,2026-08-29T21:54:49Z
Mitsubishi,MITSUBISHI LANCER GSR,2025-09,0.0,google_trends,2026-08-29T21:54:49Z
Mitsubishi,MITSUBISHI LANCER GSR,2025-10,0.0,google_trends,2026-08-29T21:54:49Z
Mitsubishi,MITSUBISHI LANCER GSR,2025-11,0.0,google_trends,2026-08-29T21:54:49Z
Mitsubishi,MITSUBISHI LANCER GSR,2025-12,0.0,google_trends,2026-08-29T21:54:49Z
Mitsubishi,MITSUBISHI LANCER GSR,2026-01,0.0,google_trends,2026-08-29T21:54:49Z
Mitsubishi,MITSUBISHI LANCER GSR,2026-02,0.0,google_trends,2026-08-29T21:54:49Z
Mitsubishi,MITSUBISHI LANCER GSR,2026-03,0.0,google_trends,2026-08-29T21:54:49Z
Mitsubishi,MITSUBISHI LANCER GSR,2026-04,0.0,google_trends,2026-08-29T21:54:49Z
Mitsubishi,MITSUBISHI LANCER GSR,2026-05,0.4866,google_trends,2026-08-29T21:54:49Z
Mitsubishi,MITSUBISHI LANCER GSR,2026-06,0.0,google_trends,2026-08-29T21:54:49Z
Mitsubishi,MITSUBISHI LANCER GSR,2026-07,0.0,google_trends,2026-08-29T21:54:49Z
Mitsubishi,MITSUBISHI MIGHTY MAX,2025-08,0.0,google_trends,2026-08-29T21:54:49Z
Mitsubishi,MITSUBISHI MIGHTY MAX,2025-09,0.0,google_trends,2026-08-29T21:54:49Z
Mitsubishi,MITSUBISHI MIGHTY MAX,2025-10,0.0,google_trends,2026-08-29T21:54:49Z
Mitsubishi,MITSUBISHI MIGHTY MAX,2025-11,0.0,google_trends,2026-08-29T21:54:49Z
Mitsubishi,MITSUBISHI MIGHTY MAX,2025-12,0.0,google_trends,2026-08-29T21:54:49Z
Mitsubishi,MITSUBISHI MIGHTY MAX,2026-01,0.0,google_trends,2026-08-29T21:54:49Z
Mitsubishi,MITSUBISHI MIGHTY MAX,2026-02,0.9124,google_trends,2026-08-29T21:54:49Z
Mitsubishi,MITSUBISHI MIGHTY MAX,2026-03,0.0,google_trends,2026-08-29T21:54:49Z
Mitsubishi,MITSUBISHI MIGHTY MAX,2026-04,0.0,google_trends,2026-08-29T21:54:49Z
Mitsubishi,MITSUBISHI MIGHTY MAX,2026-05,0.0,google_trends,2026-08-29T21:54:49Z
Mitsubishi,MITSUBISHI MIGHTY MAX,2026-06,0.0,google_trends,2026-08-29T21:54:49Z
Mitsubishi,MITSUBISHI MIGHTY MAX,2026-07,0.0,google_trends,2026-08-29T21:54:49Z
Mitsubishi,Mitsubishi 3000GT,2025-08,2.4652,google_trends,2026-08-29T19:23:31Z
Mitsubishi,Mitsubishi 3000GT,2025-09,2.4652,google_trends,2026-08-29T19:23:31Z
Mitsubishi,Mitsubishi 3000GT,2025-10,2.4652,google_trends,2026-08-29T19:23:31Z
Mitsubishi,Mitsubishi 3000GT,2025-11,2.2187,google_trends,2026-08-29T19:23:31Z
Mitsubishi,Mitsubishi 3000GT,2025-12,1.8489,google_trends,2026-08-29T19:23:31Z
Mitsubishi,Mitsubishi 3000GT,2026-01,2.1571,google_trends,2026-08-29T19:23:31Z
Mitsubishi,Mitsubishi 3000GT,2026-02,2.7734,google_trends,2026-08-29T19:23:31Z
Mitsubishi,Mitsubishi 3000GT,2026-03,2.4652,google_trends,2026-08-29T19:23:31Z
Mitsubishi,Mitsubishi 3000GT,2026-04,2.4652,google_trends,2026-08-29T19:23:31Z
Mitsubishi,Mitsubishi 3000GT,2026-05,2.4652,google_trends,2026-08-29T19:23:31Z
Mitsubishi,Mitsubishi 3000GT,2026-06,2.4652,google_trends,2026-08-29T19:23:31Z
Mitsubishi,Mitsubishi 3000GT,2026-07,2.4652,google_trends,2026-08-29T19:23:31Z
Mitsubishi,Mitsubishi Canter,2025-08,3.6496,google_trends,2026-08-29T21:54:49Z
Mitsubishi,Mitsubishi Canter,2025-09,3.6496,google_trends,2026-08-29T21:54:49Z
Mitsubishi,Mitsubishi Canter,2025-10,3.3455,google_trends,2026-08-29T21:54:49Z
Mitsubishi,Mitsubishi Canter,2025-11,3.4063,google_trends,2026-08-29T21:54:49Z
Mitsubishi,Mitsubishi Canter,2025-12,3.0414,google_trends,2026-08-29T21:54:49Z
Mitsubishi,Mitsubishi Canter,2026-01,3.6496,google_trends,2026-08-29T21:54:49Z
Mitsubishi,Mitsubishi Canter,2026-02,3.6496,google_trends,2026-08-29T21:54:49Z
Mitsubishi,Mitsubishi Canter,2026-03,3.4063,google_trends,2026-08-29T21:54:49Z
Mitsubishi,Mitsubishi Canter,2026-04,3.6496,google_trends,2026-08-29T21:54:49Z
Mitsubishi,Mitsubishi Canter,2026-05,3.6496,google_trends,2026-08-29T21:54:49Z
Mitsubishi,Mitsubishi Canter,2026-06,3.6496,google_trends,2026-08-29T21:54:49Z
Mitsubishi,Mitsubishi Canter,2026-07,3.6496,google_trends,2026-08-29T21:54:49Z
Mitsubishi,Mitsubishi Delica,2025-08,2.4652,google_trends,2026-08-29T19:23:31Z
Mitsubishi,Mitsubishi Delica,2025-09,2.4652,google_trends,2026-08-29T19:23:31Z
Mitsubishi,Mitsubishi Delica,2025-10,2.4652,google_trends,2026-08-29T19:23:31Z
Mitsubishi,Mitsubishi Delica,2025-11,2.7117,google_trends,2026-08-29T19:23:31Z
Mitsubishi,Mitsubishi Delica,2025-12,2.4652,google_trends,2026-08-29T19:23:31Z
Mitsubishi,Mitsubishi Delica,2026-01,2.4652,google_trends,2026-08-29T19:23:31Z
Mitsubishi,Mitsubishi Delica,2026-02,2.4652,google_trends,2026-08-29T19:23:31Z
Mitsubishi,Mitsubishi Delica,2026-03,2.4652,google_trends,2026-08-29T19:23:31Z
Mitsubishi,Mitsubishi Delica,2026-04,2.4652,google_trends,2026-08-29T19:23:31Z
Mitsubishi,Mitsubishi Delica,2026-05,2.4652,google_trends,2026-08-29T19:23:31Z
Mitsubishi,Mitsubishi Delica,2026-06,2.4652,google_trends,2026-08-29T19:23:31Z
Mitsubishi,Mitsubishi Delica,2026-07,2.4652,google_trends,2026-08-29T19:23:31Z
Mitsubishi,Mitsubishi Lancer Evolution,2025-08,2.4652,google_trends,2026-08-29T19:23:31Z
Mitsubishi,Mitsubishi Lancer Evolution,2025-09,2.4652,google_trends,2026-08-29T19:23:31Z
Mitsubishi,Mitsubishi Lancer Evolution,2025-10,2.4652,google_trends,2026-08-29T19:23:31Z
Mitsubishi,Mitsubishi Lancer Evolution,2025-11,2.4652,google_trends,2026-08-29T19:23:31Z
Mitsubishi,Mitsubishi Lancer Evolution,2025-12,2.1571,google_trends,2026-08-29T19:23:31Z
Mitsubishi,Mitsubishi Lancer Evolution,2026-01,2.4652,google_trends,2026-08-29T19:23:31Z
Mitsubishi,Mitsubishi Lancer Evolution,2026-02,2.7734,google_trends,2026-08-29T19:23:31Z
Mitsubishi,Mitsubishi Lancer Evolution,2026-03,2.4652,google_trends,2026-08-29T19:23:31Z
Mitsubishi,Mitsubishi Lancer Evolution,2026-04,2.4652,google_trends,2026-08-29T19:23:31Z
Mitsubishi,Mitsubishi Lancer Evolution,2026-05,3.4513,google_trends,2026-08-29T19:23:31Z
Mitsubishi,Mitsubishi Lancer Evolution,2026-06,2.4652,google_trends,2026-08-29T19:23:31Z
Mitsubishi,Mitsubishi Lancer Evolution,2026-07,2.4652,google_trends,2026-08-29T19:23:31Z
Mitsubishi,Mitsubishi Pajero & Montero,2025-08,16.2704,google_trends,2026-08-29T19:23:31Z
Mitsubishi,Mitsubishi Pajero & Montero,2025-09,16.0238,google_trends,2026-08-29T19:23:31Z
Mitsubishi,Mitsubishi Pajero & Montero,2025-10,16.0238,google_trends,2026-08-29T19:23:31Z
Mitsubishi,Mitsubishi Pajero & Montero,2025-11,16.2704,google_trends,2026-08-29T19:23:31Z
Mitsubishi,Mitsubishi Pajero & Montero,2025-12,16.6401,google_trends,2026-08-29T19:23:31Z
Mitsubishi,Mitsubishi Pajero & Montero,2026-01,20.0298,google_trends,2026-08-29T19:23:31Z
Mitsubishi,Mitsubishi Pajero & Montero,2026-02,19.1053,google_trends,2026-08-29T19:23:31Z
Mitsubishi,Mitsubishi Pajero & Montero,2026-03,16.0238,google_trends,2026-08-29T19:23:31Z
Mitsubishi,Mitsubishi Pajero & Montero,2026-04,17.2564,google_trends,2026-08-29T19:23:31Z
Mitsubishi,Mitsubishi Pajero & Montero,2026-05,20.7077,google_trends,2026-08-29T19:23:31Z
Mitsubishi,Mitsubishi Pajero & Montero,2026-06,19.4135,google_trends,2026-08-29T19:23:31Z
Mitsubishi,Mitsubishi Pajero & Montero,2026-07,18.1809,google_trends,2026-08-29T19:23:31Z
Mitsubishi,Mitsubishi Pajero Mini,2025-08,0.0,google_trends,2026-08-29T19:23:31Z
Mitsubishi,Mitsubishi Pajero Mini,2025-09,0.0,google_trends,2026-08-29T19:23:31Z
Mitsubishi,Mitsubishi Pajero Mini,2025-10,0.3082,google_trends,2026-08-29T19:23:31Z
Mitsubishi,Mitsubishi Pajero Mini,2025-11,0.0,google_trends,2026-08-29T19:23:31Z
Mitsubishi,Mitsubishi Pajero Mini,2025-12,0.0,google_trends,2026-08-29T19:23:31Z
Mitsubishi,Mitsubishi Pajero Mini,2026-01,0.0,google_trends,2026-08-29T19:23:31Z
Mitsubishi,Mitsubishi Pajero Mini,2026-02,0.0,google_trends,2026-08-29T19:23:31Z
Mitsubishi,Mitsubishi Pajero Mini,2026-03,0.0,google_trends,2026-08-29T19:23:31Z
Mitsubishi,Mitsubishi Pajero Mini,2026-04,0.0,google_trends,2026-08-29T19:23:31Z
Mitsubishi,Mitsubishi Pajero Mini,2026-05,0.2466,google_trends,2026-08-29T19:23:31Z
Mitsubishi,Mitsubishi Pajero Mini,2026-06,0.0,google_trends,2026-08-29T19:23:31Z
Mitsubishi,Mitsubishi Pajero Mini,2026-07,0.3082,google_trends,2026-08-29T19:23:31Z
Morgan,Morgan Plus 4,2025-08,0.2465,google_trends,2026-08-29T19:23:31Z
Morgan,Morgan Plus 4,2025-09,0.0,google_trends,2026-08-29T19:23:31Z
Morgan,Morgan Plus 4,2025-10,0.0,google_trends,2026-08-29T19:23:31Z
Morgan,Morgan Plus 4,2025-11,0.0,google_trends,2026-08-29T19:23:31Z
Morgan,Morgan Plus 4,2025-12,0.0,google_trends,2026-08-29T19:23:31Z
Morgan,Morgan Plus 4,2026-01,0.0,google_trends,2026-08-29T19:23:31Z
Morgan,Morgan Plus 4,2026-02,0.0,google_trends,2026-08-29T19:23:31Z
Morgan,Morgan Plus 4,2026-03,0.2465,google_trends,2026-08-29T19:23:31Z
Morgan,Morgan Plus 4,2026-04,0.6163,google_trends,2026-08-29T19:23:31Z
Morgan,Morgan Plus 4,2026-05,0.9861,google_trends,2026-08-29T19:23:31Z
Morgan,Morgan Plus 4,2026-06,0.3082,google_trends,2026-08-29T19:23:31Z
Morgan,Morgan Plus 4,2026-07,0.0,google_trends,2026-08-29T19:23:31Z
Morris,Morris Minor,2025-08,2.4652,google_trends,2026-08-29T19:23:31Z
Morris,Morris Minor,2025-09,2.4652,google_trends,2026-08-29T19:23:31Z
Morris,Morris Minor,2025-10,2.4652,google_trends,2026-08-29T19:23:31Z
Morris,Morris Minor,2025-11,1.7256,google_trends,2026-08-29T19:23:31Z
Morris,Morris Minor,2025-12,1.8489,google_trends,2026-08-29T19:23:31Z
Morris,Morris Minor,2026-01,2.4652,google_trends,2026-08-29T19:23:31Z
Morris,Morris Minor,2026-02,2.4652,google_trends,2026-08-29T19:23:31Z
Morris,Morris Minor,2026-03,2.4652,google_trends,2026-08-29T19:23:31Z
Morris,Morris Minor,2026-04,2.4652,google_trends,2026-08-29T19:23:31Z
Morris,Morris Minor,2026-05,2.7117,google_trends,2026-08-29T19:23:31Z
Morris,Morris Minor,2026-06,2.7734,google_trends,2026-08-29T19:23:31Z
Morris,Morris Minor,2026-07,2.4652,google_trends,2026-08-29T19:23:31Z
Moto Guzzi,Moto Guzzi California,2025-08,1.2165,google_trends,2026-08-29T21:54:49Z
Moto Guzzi,Moto Guzzi California,2025-09,1.2165,google_trends,2026-08-29T21:54:49Z
Moto Guzzi,Moto Guzzi California,2025-10,0.9124,google_trends,2026-08-29T21:54:49Z
Moto Guzzi,Moto Guzzi California,2025-11,0.0,google_trends,2026-08-29T21:54:49Z
Moto Guzzi,Moto Guzzi California,2025-12,0.0,google_trends,2026-08-29T21:54:49Z
Moto Guzzi,Moto Guzzi California,2026-01,0.0,google_trends,2026-08-29T21:54:49Z
Moto Guzzi,Moto Guzzi California,2026-02,0.9124,google_trends,2026-08-29T21:54:49Z
Moto Guzzi,Moto Guzzi California,2026-03,1.2165,google_trends,2026-08-29T21:54:49Z
Moto Guzzi,Moto Guzzi California,2026-04,1.2165,google_trends,2026-08-29T21:54:49Z
Moto Guzzi,Moto Guzzi California,2026-05,1.2165,google_trends,2026-08-29T21:54:49Z
Moto Guzzi,Moto Guzzi California,2026-06,1.2165,google_trends,2026-08-29T21:54:49Z
Moto Guzzi,Moto Guzzi California,2026-07,1.2165,google_trends,2026-08-29T21:54:49Z
Moto Guzzi,Moto Guzzi V7,2025-08,3.4063,google_trends,2026-08-29T21:54:49Z
Moto Guzzi,Moto Guzzi V7,2025-09,2.4331,google_trends,2026-08-29T21:54:49Z
Moto Guzzi,Moto Guzzi V7,2025-10,2.4331,google_trends,2026-08-29T21:54:49Z
Moto Guzzi,Moto Guzzi V7,2025-11,2.4331,google_trends,2026-08-29T21:54:49Z
Moto Guzzi,Moto Guzzi V7,2025-12,1.5207,google_trends,2026-08-29T21:54:49Z
Moto Guzzi,Moto Guzzi V7,2026-01,1.8248,google_trends,2026-08-29T21:54:49Z
Moto Guzzi,Moto Guzzi V7,2026-02,2.129,google_trends,2026-08-29T21:54:49Z
Moto Guzzi,Moto Guzzi V7,2026-03,2.4331,google_trends,2026-08-29T21:54:49Z
Moto Guzzi,Moto Guzzi V7,2026-04,3.0414,google_trends,2026-08-29T21:54:49Z
Moto Guzzi,Moto Guzzi V7,2026-05,2.9197,google_trends,2026-08-29T21:54:49Z
Moto Guzzi,Moto Guzzi V7,2026-06,2.4331,google_trends,2026-08-29T21:54:49Z
Moto Guzzi,Moto Guzzi V7,2026-07,2.4331,google_trends,2026-08-29T21:54:49Z
Mv Agusta,MV AGUSTA,2025-08,8.6207,google_trends,2026-08-29T21:54:49Z
Mv Agusta,MV AGUSTA,2025-09,8.6207,google_trends,2026-08-29T21:54:49Z
Mv Agusta,MV AGUSTA,2025-10,7.1839,google_trends,2026-08-29T21:54:49Z
Mv Agusta,MV AGUSTA,2025-11,7.4713,google_trends,2026-08-29T21:54:49Z
Mv Agusta,MV AGUSTA,2025-12,5.7471,google_trends,2026-08-29T21:54:49Z
Mv Agusta,MV AGUSTA,2026-01,5.7471,google_trends,2026-08-29T21:54:49Z
Mv Agusta,MV AGUSTA,2026-02,8.6207,google_trends,2026-08-29T21:54:49Z
Mv Agusta,MV AGUSTA,2026-03,8.6207,google_trends,2026-08-29T21:54:49Z
Mv Agusta,MV AGUSTA,2026-04,8.6207,google_trends,2026-08-29T21:54:49Z
Mv Agusta,MV AGUSTA,2026-05,8.6207,google_trends,2026-08-29T21:54:49Z
Mv Agusta,MV AGUSTA,2026-06,8.6207,google_trends,2026-08-29T21:54:49Z
Mv Agusta,MV AGUSTA,2026-07,7.9023,google_trends,2026-08-29T21:54:49Z
Mv Agusta,MV AGUSTA F3,2025-08,1.2165,google_trends,2026-08-29T21:54:49Z
Mv Agusta,MV AGUSTA F3,2025-09,1.2165,google_trends,2026-08-29T21:54:49Z
Mv Agusta,MV AGUSTA F3,2025-10,0.9124,google_trends,2026-08-29T21:54:49Z
Mv Agusta,MV AGUSTA F3,2025-11,1.2165,google_trends,2026-08-29T21:54:49Z
Mv Agusta,MV AGUSTA F3,2025-12,0.3041,google_trends,2026-08-29T21:54:49Z
Mv Agusta,MV AGUSTA F3,2026-01,0.6083,google_trends,2026-08-29T21:54:49Z
Mv Agusta,MV AGUSTA F3,2026-02,1.2165,google_trends,2026-08-29T21:54:49Z
Mv Agusta,MV AGUSTA F3,2026-03,1.2165,google_trends,2026-08-29T21:54:49Z
Mv Agusta,MV AGUSTA F3,2026-04,1.2165,google_trends,2026-08-29T21:54:49Z
Mv Agusta,MV AGUSTA F3,2026-05,1.2165,google_trends,2026-08-29T21:54:49Z
Mv Agusta,MV AGUSTA F3,2026-06,1.2165,google_trends,2026-08-29T21:54:49Z
Mv Agusta,MV AGUSTA F3,2026-07,1.2165,google_trends,2026-08-29T21:54:49Z
Mv Agusta,MV Agusta Brutale,2025-08,1.9722,google_trends,2026-08-29T19:23:31Z
Mv Agusta,MV Agusta Brutale,2025-09,1.2326,google_trends,2026-08-29T19:23:31Z
Mv Agusta,MV Agusta Brutale,2025-10,1.2326,google_trends,2026-08-29T19:23:31Z
Mv Agusta,MV Agusta Brutale,2025-11,1.4791,google_trends,2026-08-29T19:23:31Z
Mv Agusta,MV Agusta Brutale,2025-12,1.2326,google_trends,2026-08-29T19:23:31Z
Mv Agusta,MV Agusta Brutale,2026-01,1.2326,google_trends,2026-08-29T19:23:31Z
Mv Agusta,MV Agusta Brutale,2026-02,1.5408,google_trends,2026-08-29T19:23:31Z
Mv Agusta,MV Agusta Brutale,2026-03,2.2187,google_trends,2026-08-29T19:23:31Z
Mv Agusta,MV Agusta Brutale,2026-04,2.1571,google_trends,2026-08-29T19:23:31Z
Mv Agusta,MV Agusta Brutale,2026-05,2.2187,google_trends,2026-08-29T19:23:31Z
Mv Agusta,MV Agusta Brutale,2026-06,1.5408,google_trends,2026-08-29T19:23:31Z
Mv Agusta,MV Agusta Brutale,2026-07,1.2326,google_trends,2026-08-29T19:23:31Z
Mv Agusta,MV Agusta F4,2025-08,1.2329,google_trends,2026-08-29T19:23:31Z
Mv Agusta,MV Agusta F4,2025-09,1.2329,google_trends,2026-08-29T19:23:31Z
Mv Agusta,MV Agusta F4,2025-10,1.2329,google_trends,2026-08-29T19:23:31Z
Mv Agusta,MV Agusta F4,2025-11,1.2329,google_trends,2026-08-29T19:23:31Z
Mv Agusta,MV Agusta F4,2025-12,0.9247,google_trends,2026-08-29T19:23:31Z
Mv Agusta,MV Agusta F4,2026-01,0.9247,google_trends,2026-08-29T19:23:31Z
Mv Agusta,MV Agusta F4,2026-02,1.2329,google_trends,2026-08-29T19:23:31Z
Mv Agusta,MV Agusta F4,2026-03,1.2329,google_trends,2026-08-29T19:23:31Z
Mv Agusta,MV Agusta F4,2026-04,1.2329,google_trends,2026-08-29T19:23:31Z
Mv Agusta,MV Agusta F4,2026-05,1.2329,google_trends,2026-08-29T19:23:31Z
Mv Agusta,MV Agusta F4,2026-06,1.2329,google_trends,2026-08-29T19:23:31Z
Mv Agusta,MV Agusta F4,2026-07,1.2329,google_trends,2026-08-29T19:23:31Z
Nash,Nash Metropolitan,2025-08,0.0,google_trends,2026-08-29T19:23:31Z
Nash,Nash Metropolitan,2025-09,0.0,google_trends,2026-08-29T19:23:31Z
Nash,Nash Metropolitan,2025-10,0.0,google_trends,2026-08-29T19:23:31Z
Nash,Nash Metropolitan,2025-11,0.0,google_trends,2026-08-29T19:23:31Z
Nash,Nash Metropolitan,2025-12,0.0,google_trends,2026-08-29T19:23:31Z
Nash,Nash Metropolitan,2026-01,0.0,google_trends,2026-08-29T19:23:31Z
Nash,Nash Metropolitan,2026-02,0.3082,google_trends,2026-08-29T19:23:31Z
Nash,Nash Metropolitan,2026-03,0.0,google_trends,2026-08-29T19:23:31Z
Nash,Nash Metropolitan,2026-04,0.0,google_trends,2026-08-29T19:23:31Z
Nash,Nash Metropolitan,2026-05,0.0,google_trends,2026-08-29T19:23:31Z
Nash,Nash Metropolitan,2026-06,0.0,google_trends,2026-08-29T19:23:31Z
Nash,Nash Metropolitan,2026-07,0.0,google_trends,2026-08-29T19:23:31Z
Nissan,240SX,2025-08,2.4652,google_trends,2026-08-29T19:23:31Z
Nissan,240SX,2025-09,2.4652,google_trends,2026-08-29T19:23:31Z
Nissan,240SX,2025-10,2.4652,google_trends,2026-08-29T19:23:31Z
Nissan,240SX,2025-11,2.4652,google_trends,2026-08-29T19:23:31Z
Nissan,240SX,2025-12,2.4652,google_trends,2026-08-29T19:23:31Z
Nissan,240SX,2026-01,2.4652,google_trends,2026-08-29T19:23:31Z
Nissan,240SX,2026-02,3.3897,google_trends,2026-08-29T19:23:31Z
Nissan,240SX,2026-03,2.4652,google_trends,2026-08-29T19:23:31Z
Nissan,240SX,2026-04,2.4652,google_trends,2026-08-29T19:23:31Z
Nissan,240SX,2026-05,2.7117,google_trends,2026-08-29T19:23:31Z
Nissan,240SX,2026-06,2.4652,google_trends,2026-08-29T19:23:31Z
Nissan,240SX,2026-07,2.4652,google_trends,2026-08-29T19:23:31Z
Nissan,350Z,2025-08,11.833,google_trends,2026-08-29T19:23:31Z
Nissan,350Z,2025-09,10.4771,google_trends,2026-08-29T19:23:31Z
Nissan,350Z,2025-10,9.8608,google_trends,2026-08-29T19:23:31Z
Nissan,350Z,2025-11,9.6143,google_trends,2026-08-29T19:23:31Z
Nissan,350Z,2025-12,8.6282,google_trends,2026-08-29T19:23:31Z
Nissan,350Z,2026-01,8.6282,google_trends,2026-08-29T19:23:31Z
Nissan,350Z,2026-02,11.4016,google_trends,2026-08-29T19:23:31Z
Nissan,350Z,2026-03,10.8469,google_trends,2026-08-29T19:23:31Z
Nissan,350Z,2026-04,13.5586,google_trends,2026-08-29T19:23:31Z
Nissan,350Z,2026-05,11.3399,google_trends,2026-08-29T19:23:31Z
Nissan,350Z,2026-06,10.169,google_trends,2026-08-29T19:23:31Z
Nissan,350Z,2026-07,9.8608,google_trends,2026-08-29T19:23:31Z
Nissan,370Z,2025-08,7.6441,google_trends,2026-08-29T19:23:31Z
Nissan,370Z,2025-09,6.7811,google_trends,2026-08-29T19:23:31Z
Nissan,370Z,2025-10,6.7811,google_trends,2026-08-29T19:23:31Z
Nissan,370Z,2025-11,6.1646,google_trends,2026-08-29T19:23:31Z
Nissan,370Z,2025-12,6.1646,google_trends,2026-08-29T19:23:31Z
Nissan,370Z,2026-01,5.8564,google_trends,2026-08-29T19:23:31Z
Nissan,370Z,2026-02,8.3222,google_trends,2026-08-29T19:23:31Z
Nissan,370Z,2026-03,8.1373,google_trends,2026-08-29T19:23:31Z
Nissan,370Z,2026-04,9.5551,google_trends,2026-08-29T19:23:31Z
Nissan,370Z,2026-05,8.6304,google_trends,2026-08-29T19:23:31Z
Nissan,370Z,2026-06,7.7057,google_trends,2026-08-29T19:23:31Z
Nissan,370Z,2026-07,7.3975,google_trends,2026-08-29T19:23:31Z
Nissan,ALTIMA,2025-08,57.6642,google_trends,2026-08-29T21:54:49Z
Nissan,ALTIMA,2025-09,51.0949,google_trends,2026-08-29T21:54:49Z
Nissan,ALTIMA,2025-10,50.1825,google_trends,2026-08-29T21:54:49Z
Nissan,ALTIMA,2025-11,51.5815,google_trends,2026-08-29T21:54:49Z
Nissan,ALTIMA,2025-12,48.6618,google_trends,2026-08-29T21:54:49Z
Nissan,ALTIMA,2026-01,48.9659,google_trends,2026-08-29T21:54:49Z
Nissan,ALTIMA,2026-02,59.9148,google_trends,2026-08-29T21:54:49Z
Nissan,ALTIMA,2026-03,64.2336,google_trends,2026-08-29T21:54:49Z
Nissan,ALTIMA,2026-04,68.1265,google_trends,2026-08-29T21:54:49Z
Nissan,ALTIMA,2026-05,66.18,google_trends,2026-08-29T21:54:49Z
Nissan,ALTIMA,2026-06,63.2603,google_trends,2026-08-29T21:54:49Z
Nissan,ALTIMA,2026-07,63.8686,google_trends,2026-08-29T21:54:49Z
Nissan,ARMADA,2025-08,13.8686,google_trends,2026-08-29T21:54:49Z
Nissan,ARMADA,2025-09,12.7737,google_trends,2026-08-29T21:54:49Z
Nissan,ARMADA,2025-10,12.7737,google_trends,2026-08-29T21:54:49Z
Nissan,ARMADA,2025-11,12.8954,google_trends,2026-08-29T21:54:49Z
Nissan,ARMADA,2025-12,13.0779,google_trends,2026-08-29T21:54:49Z
Nissan,ARMADA,2026-01,12.4696,google_trends,2026-08-29T21:54:49Z
Nissan,ARMADA,2026-02,17.0316,google_trends,2026-08-29T21:54:49Z
Nissan,ARMADA,2026-03,15.3285,google_trends,2026-08-29T21:54:49Z
Nissan,ARMADA,2026-04,15.2068,google_trends,2026-08-29T21:54:49Z
Nissan,ARMADA,2026-05,15.5718,google_trends,2026-08-29T21:54:49Z
Nissan,ARMADA,2026-06,14.5985,google_trends,2026-08-29T21:54:49Z
Nissan,ARMADA,2026-07,15.8151,google_trends,2026-08-29T21:54:49Z
Nissan,ARMADA PLATINUM,2025-08,1.2165,google_trends,2026-08-29T21:54:49Z
Nissan,ARMADA PLATINUM,2025-09,1.2165,google_trends,2026-08-29T21:54:49Z
Nissan,ARMADA PLATINUM,2025-10,1.2165,google_trends,2026-08-29T21:54:49Z
Nissan,ARMADA PLATINUM,2025-11,1.2165,google_trends,2026-08-29T21:54:49Z
Nissan,ARMADA PLATINUM,2025-12,1.2165,google_trends,2026-08-29T21:54:49Z
Nissan,ARMADA PLATINUM,2026-01,1.2165,google_trends,2026-08-29T21:54:49Z
Nissan,ARMADA PLATINUM,2026-02,1.2165,google_trends,2026-08-29T21:54:49Z
Nissan,ARMADA PLATINUM,2026-03,1.2165,google_trends,2026-08-29T21:54:49Z
Nissan,ARMADA PLATINUM,2026-04,1.2165,google_trends,2026-08-29T21:54:49Z
Nissan,ARMADA PLATINUM,2026-05,1.2165,google_trends,2026-08-29T21:54:49Z
Nissan,ARMADA PLATINUM,2026-06,1.2165,google_trends,2026-08-29T21:54:49Z
Nissan,ARMADA PLATINUM,2026-07,1.2165,google_trends,2026-08-29T21:54:49Z
Nissan,ATLAS,2025-08,1.4599,google_trends,2026-08-29T21:54:49Z
Nissan,ATLAS,2025-09,1.5207,google_trends,2026-08-29T21:54:49Z
Nissan,ATLAS,2025-10,1.8248,google_trends,2026-08-29T21:54:49Z
Nissan,ATLAS,2025-11,1.2165,google_trends,2026-08-29T21:54:49Z
Nissan,ATLAS,2025-12,1.2165,google_trends,2026-08-29T21:54:49Z
Nissan,ATLAS,2026-01,1.5207,google_trends,2026-08-29T21:54:49Z
Nissan,ATLAS,2026-02,1.2165,google_trends,2026-08-29T21:54:49Z
Nissan,ATLAS,2026-03,1.2165,google_trends,2026-08-29T21:54:49Z
Nissan,ATLAS,2026-04,1.2165,google_trends,2026-08-29T21:54:49Z
Nissan,ATLAS,2026-05,1.4599,google_trends,2026-08-29T21:54:49Z
Nissan,ATLAS,2026-06,1.2165,google_trends,2026-08-29T21:54:49Z
Nissan,ATLAS,2026-07,1.2165,google_trends,2026-08-29T21:54:49Z
Nissan,Altima,2025-08,57.6642,google_trends,2026-08-29T21:54:49Z
Nissan,Altima,2025-09,51.0949,google_trends,2026-08-29T21:54:49Z
Nissan,Altima,2025-10,50.1825,google_trends,2026-08-29T21:54:49Z
Nissan,Altima,2025-11,51.5815,google_trends,2026-08-29T21:54:49Z
Nissan,Altima,2025-12,48.6618,google_trends,2026-08-29T21:54:49Z
Nissan,Altima,2026-01,48.9659,google_trends,2026-08-29T21:54:49Z
Nissan,Altima,2026-02,59.9148,google_trends,2026-08-29T21:54:49Z
Nissan,Altima,2026-03,64.2336,google_trends,2026-08-29T21:54:49Z
Nissan,Altima,2026-04,68.1265,google_trends,2026-08-29T21:54:49Z
Nissan,Altima,2026-05,66.18,google_trends,2026-08-29T21:54:49Z
Nissan,Altima,2026-06,63.2603,google_trends,2026-08-29T21:54:49Z
Nissan,Altima,2026-07,63.8686,google_trends,2026-08-29T21:54:49Z
Nissan,CEDRIC,2025-08,0.0,google_trends,2026-08-29T21:54:49Z
Nissan,CEDRIC,2025-09,0.0,google_trends,2026-08-29T21:54:49Z
Nissan,CEDRIC,2025-10,0.0,google_trends,2026-08-29T21:54:49Z
Nissan,CEDRIC,2025-11,0.0,google_trends,2026-08-29T21:54:49Z
Nissan,CEDRIC,2025-12,0.0,google_trends,2026-08-29T21:54:49Z
Nissan,CEDRIC,2026-01,0.0,google_trends,2026-08-29T21:54:49Z
Nissan,CEDRIC,2026-02,0.0,google_trends,2026-08-29T21:54:49Z
Nissan,CEDRIC,2026-03,0.0,google_trends,2026-08-29T21:54:49Z
Nissan,CEDRIC,2026-04,0.3041,google_trends,2026-08-29T21:54:49Z
Nissan,CEDRIC,2026-05,0.0,google_trends,2026-08-29T21:54:49Z
Nissan,CEDRIC,2026-06,0.0,google_trends,2026-08-29T21:54:49Z
Nissan,CEDRIC,2026-07,0.0,google_trends,2026-08-29T21:54:49Z
Nissan,Figaro,2025-08,1.2326,google_trends,2026-08-29T19:23:31Z
Nissan,Figaro,2025-09,0.9245,google_trends,2026-08-29T19:23:31Z
Nissan,Figaro,2025-10,0.3082,google_trends,2026-08-29T19:23:31Z
Nissan,Figaro,2025-11,0.0,google_trends,2026-08-29T19:23:31Z
Nissan,Figaro,2025-12,0.3082,google_trends,2026-08-29T19:23:31Z
Nissan,Figaro,2026-01,0.0,google_trends,2026-08-29T19:23:31Z
Nissan,Figaro,2026-02,0.6163,google_trends,2026-08-29T19:23:31Z
Nissan,Figaro,2026-03,1.2326,google_trends,2026-08-29T19:23:31Z
Nissan,Figaro,2026-04,1.2326,google_trends,2026-08-29T19:23:31Z
Nissan,Figaro,2026-05,1.4791,google_trends,2026-08-29T19:23:31Z
Nissan,Figaro,2026-06,1.2326,google_trends,2026-08-29T19:23:31Z
Nissan,Figaro,2026-07,1.2326,google_trends,2026-08-29T19:23:31Z
Nissan,GLORIA,2025-08,0.0,google_trends,2026-08-29T21:54:49Z
Nissan,GLORIA,2025-09,0.0,google_trends,2026-08-29T21:54:49Z
Nissan,GLORIA,2025-10,0.0,google_trends,2026-08-29T21:54:49Z
Nissan,GLORIA,2025-11,0.0,google_trends,2026-08-29T21:54:49Z
Nissan,GLORIA,2025-12,0.0,google_trends,2026-08-29T21:54:49Z
Nissan,GLORIA,2026-01,0.0,google_trends,2026-08-29T21:54:49Z
Nissan,GLORIA,2026-02,0.0,google_trends,2026-08-29T21:54:49Z
Nissan,GLORIA,2026-03,0.0,google_trends,2026-08-29T21:54:49Z
Nissan,GLORIA,2026-04,0.0,google_trends,2026-08-29T21:54:49Z
Nissan,GLORIA,2026-05,0.7299,google_trends,2026-08-29T21:54:49Z
Nissan,GLORIA,2026-06,0.0,google_trends,2026-08-29T21:54:49Z
Nissan,GLORIA,2026-07,0.0,google_trends,2026-08-29T21:54:49Z
Nissan,GT-R R35,2025-08,1.4791,google_trends,2026-08-29T19:23:31Z
Nissan,GT-R R35,2025-09,1.2326,google_trends,2026-08-29T19:23:31Z
Nissan,GT-R R35,2025-10,1.2326,google_trends,2026-08-29T19:23:31Z
Nissan,GT-R R35,2025-11,1.2326,google_trends,2026-08-29T19:23:31Z
Nissan,GT-R R35,2025-12,1.2326,google_trends,2026-08-29T19:23:31Z
Nissan,GT-R R35,2026-01,1.2326,google_trends,2026-08-29T19:23:31Z
Nissan,GT-R R35,2026-02,1.2326,google_trends,2026-08-29T19:23:31Z
Nissan,GT-R R35,2026-03,1.2326,google_trends,2026-08-29T19:23:31Z
Nissan,GT-R R35,2026-04,1.2326,google_trends,2026-08-29T19:23:31Z
Nissan,GT-R R35,2026-05,1.4791,google_trends,2026-08-29T19:23:31Z
Nissan,GT-R R35,2026-06,1.2326,google_trends,2026-08-29T19:23:31Z
Nissan,GT-R R35,2026-07,1.2326,google_trends,2026-08-29T19:23:31Z
Nissan,Maxima,2025-08,17.2564,google_trends,2026-08-29T19:23:31Z
Nissan,Maxima,2025-09,15.7157,google_trends,2026-08-29T19:23:31Z
Nissan,Maxima,2025-10,15.0994,google_trends,2026-08-29T19:23:31Z
Nissan,Maxima,2025-11,14.7912,google_trends,2026-08-29T19:23:31Z
Nissan,Maxima,2025-12,15.0994,google_trends,2026-08-29T19:23:31Z
Nissan,Maxima,2026-01,16.332,google_trends,2026-08-29T19:23:31Z
Nissan,Maxima,2026-02,24.0357,google_trends,2026-08-29T19:23:31Z
Nissan,Maxima,2026-03,18.9821,google_trends,2026-08-29T19:23:31Z
Nissan,Maxima,2026-04,20.6461,google_trends,2026-08-29T19:23:31Z
Nissan,Maxima,2026-05,20.9542,google_trends,2026-08-29T19:23:31Z
Nissan,Maxima,2026-06,19.1053,google_trends,2026-08-29T19:23:31Z
Nissan,Maxima,2026-07,19.1053,google_trends,2026-08-29T19:23:31Z
Nissan,NV2500,2025-08,0.0,google_trends,2026-08-29T21:54:49Z
Nissan,NV2500,2025-09,0.0,google_trends,2026-08-29T21:54:49Z
Nissan,NV2500,2025-10,0.0,google_trends,2026-08-29T21:54:49Z
Nissan,NV2500,2025-11,0.0,google_trends,2026-08-29T21:54:49Z
Nissan,NV2500,2025-12,0.0,google_trends,2026-08-29T21:54:49Z
Nissan,NV2500,2026-01,0.0,google_trends,2026-08-29T21:54:49Z
Nissan,NV2500,2026-02,0.9124,google_trends,2026-08-29T21:54:49Z
Nissan,NV2500,2026-03,0.4866,google_trends,2026-08-29T21:54:49Z
Nissan,NV2500,2026-04,0.6083,google_trends,2026-08-29T21:54:49Z
Nissan,NV2500,2026-05,0.7299,google_trends,2026-08-29T21:54:49Z
Nissan,NV2500,2026-06,0.0,google_trends,2026-08-29T21:54:49Z
Nissan,NV2500,2026-07,0.0,google_trends,2026-08-29T21:54:49Z
Nissan,NV3500,2025-08,0.9732,google_trends,2026-08-29T21:54:49Z
Nissan,NV3500,2025-09,0.3041,google_trends,2026-08-29T21:54:49Z
Nissan,NV3500,2025-10,0.0,google_trends,2026-08-29T21:54:49Z
Nissan,NV3500,2025-11,0.0,google_trends,2026-08-29T21:54:49Z
Nissan,NV3500,2025-12,0.0,google_trends,2026-08-29T21:54:49Z
Nissan,NV3500,2026-01,0.0,google_trends,2026-08-29T21:54:49Z
Nissan,NV3500,2026-02,0.9124,google_trends,2026-08-29T21:54:49Z
Nissan,NV3500,2026-03,0.0,google_trends,2026-08-29T21:54:49Z
Nissan,NV3500,2026-04,0.6083,google_trends,2026-08-29T21:54:49Z
Nissan,NV3500,2026-05,0.4866,google_trends,2026-08-29T21:54:49Z
Nissan,NV3500,2026-06,0.0,google_trends,2026-08-29T21:54:49Z
Nissan,NV3500,2026-07,0.0,google_trends,2026-08-29T21:54:49Z
Nissan,PRESIDENT,2025-08,1.2165,google_trends,2026-08-29T21:54:49Z
Nissan,PRESIDENT,2025-09,1.2165,google_trends,2026-08-29T21:54:49Z
Nissan,PRESIDENT,2025-10,1.2165,google_trends,2026-08-29T21:54:49Z
Nissan,PRESIDENT,2025-11,1.2165,google_trends,2026-08-29T21:54:49Z
Nissan,PRESIDENT,2025-12,1.2165,google_trends,2026-08-29T21:54:49Z
Nissan,PRESIDENT,2026-01,1.2165,google_trends,2026-08-29T21:54:49Z
Nissan,PRESIDENT,2026-02,1.8248,google_trends,2026-08-29T21:54:49Z
Nissan,PRESIDENT,2026-03,1.7032,google_trends,2026-08-29T21:54:49Z
Nissan,PRESIDENT,2026-04,1.2165,google_trends,2026-08-29T21:54:49Z
Nissan,PRESIDENT,2026-05,2.1898,google_trends,2026-08-29T21:54:49Z
Nissan,PRESIDENT,2026-06,1.8248,google_trends,2026-08-29T21:54:49Z
Nissan,PRESIDENT,2026-07,1.8248,google_trends,2026-08-29T21:54:49Z
Nissan,PRIMERA,2025-08,4.8662,google_trends,2026-08-29T21:54:49Z
Nissan,PRIMERA,2025-09,4.2579,google_trends,2026-08-29T21:54:49Z
Nissan,PRIMERA,2025-10,4.562,google_trends,2026-08-29T21:54:49Z
Nissan,PRIMERA,2025-11,4.1363,google_trends,2026-08-29T21:54:49Z
Nissan,PRIMERA,2025-12,3.6496,google_trends,2026-08-29T21:54:49Z
Nissan,PRIMERA,2026-01,3.6496,google_trends,2026-08-29T21:54:49Z
Nissan,PRIMERA,2026-02,4.2579,google_trends,2026-08-29T21:54:49Z
Nissan,PRIMERA,2026-03,3.8929,google_trends,2026-08-29T21:54:49Z
Nissan,PRIMERA,2026-04,4.2579,google_trends,2026-08-29T21:54:49Z
Nissan,PRIMERA,2026-05,3.8929,google_trends,2026-08-29T21:54:49Z
Nissan,PRIMERA,2026-06,3.9538,google_trends,2026-08-29T21:54:49Z
Nissan,PRIMERA,2026-07,3.6496,google_trends,2026-08-29T21:54:49Z
Nissan,Pao,2025-08,0.0,google_trends,2026-08-29T19:23:31Z
Nissan,Pao,2025-09,0.0,google_trends,2026-08-29T19:23:31Z
Nissan,Pao,2025-10,0.0,google_trends,2026-08-29T19:23:31Z
Nissan,Pao,2025-11,0.0,google_trends,2026-08-29T19:23:31Z
Nissan,Pao,2025-12,0.0,google_trends,2026-08-29T19:23:31Z
Nissan,Pao,2026-01,0.0,google_trends,2026-08-29T19:23:31Z
Nissan,Pao,2026-02,0.0,google_trends,2026-08-29T19:23:31Z
Nissan,Pao,2026-03,0.0,google_trends,2026-08-29T19:23:31Z
Nissan,Pao,2026-04,0.0,google_trends,2026-08-29T19:23:31Z
Nissan,Pao,2026-05,0.4932,google_trends,2026-08-29T19:23:31Z
Nissan,Pao,2026-06,0.0,google_trends,2026-08-29T19:23:31Z
Nissan,Pao,2026-07,0.0,google_trends,2026-08-29T19:23:31Z
Nissan,Pathfinder,2025-08,33.0337,google_trends,2026-08-29T19:23:31Z
Nissan,Pathfinder,2025-09,30.5069,google_trends,2026-08-29T19:23:31Z
Nissan,Pathfinder,2025-10,30.8151,google_trends,2026-08-29T19:23:31Z
Nissan,Pathfinder,2025-11,31.5546,google_trends,2026-08-29T19:23:31Z
Nissan,Pathfinder,2025-12,30.5069,google_trends,2026-08-29T19:23:31Z
Nissan,Pathfinder,2026-01,30.5069,google_trends,2026-08-29T19:23:31Z
Nissan,Pathfinder,2026-02,41.2922,google_trends,2026-08-29T19:23:31Z
Nissan,Pathfinder,2026-03,37.9642,google_trends,2026-08-29T19:23:31Z
Nissan,Pathfinder,2026-04,39.4433,google_trends,2026-08-29T19:23:31Z
Nissan,Pathfinder,2026-05,38.4572,google_trends,2026-08-29T19:23:31Z
Nissan,Pathfinder,2026-06,38.827,google_trends,2026-08-29T19:23:31Z
Nissan,Pathfinder,2026-07,41.2922,google_trends,2026-08-29T19:23:31Z
Nissan,Patrol,2025-08,21.4473,google_trends,2026-08-29T19:23:31Z
Nissan,Patrol,2025-09,20.0298,google_trends,2026-08-29T19:23:31Z
Nissan,Patrol,2025-10,19.7216,google_trends,2026-08-29T19:23:31Z
Nissan,Patrol,2025-11,20.9542,google_trends,2026-08-29T19:23:31Z
Nissan,Patrol,2025-12,20.6461,google_trends,2026-08-29T19:23:31Z
Nissan,Patrol,2026-01,21.8787,google_trends,2026-08-29T19:23:31Z
Nissan,Patrol,2026-02,22.8031,google_trends,2026-08-29T19:23:31Z
Nissan,Patrol,2026-03,18.489,google_trends,2026-08-29T19:23:31Z
Nissan,Patrol,2026-04,18.7972,google_trends,2026-08-29T19:23:31Z
Nissan,Patrol,2026-05,18.2425,google_trends,2026-08-29T19:23:31Z
Nissan,Patrol,2026-06,18.1809,google_trends,2026-08-29T19:23:31Z
Nissan,Patrol,2026-07,18.489,google_trends,2026-08-29T19:23:31Z
Nissan,Pickup,2025-08,4.9304,google_trends,2026-08-29T19:23:31Z
Nissan,Pickup,2025-09,4.9304,google_trends,2026-08-29T19:23:31Z
Nissan,Pickup,2025-10,4.6223,google_trends,2026-08-29T19:23:31Z
Nissan,Pickup,2025-11,4.9304,google_trends,2026-08-29T19:23:31Z
Nissan,Pickup,2025-12,5.2386,google_trends,2026-08-29T19:23:31Z
Nissan,Pickup,2026-01,5.5467,google_trends,2026-08-29T19:23:31Z
Nissan,Pickup,2026-02,8.6282,google_trends,2026-08-29T19:23:31Z
Nissan,Pickup,2026-03,7.3956,google_trends,2026-08-29T19:23:31Z
Nissan,Pickup,2026-04,7.3956,google_trends,2026-08-29T19:23:31Z
Nissan,Pickup,2026-05,7.6421,google_trends,2026-08-29T19:23:31Z
Nissan,Pickup,2026-06,7.3956,google_trends,2026-08-29T19:23:31Z
Nissan,Pickup,2026-07,6.7793,google_trends,2026-08-29T19:23:31Z
Nissan,R32 Skyline,2025-08,1.2326,google_trends,2026-08-29T19:23:31Z
Nissan,R32 Skyline,2025-09,1.2326,google_trends,2026-08-29T19:23:31Z
Nissan,R32 Skyline,2025-10,1.2326,google_trends,2026-08-29T19:23:31Z
Nissan,R32 Skyline,2025-11,1.2326,google_trends,2026-08-29T19:23:31Z
Nissan,R32 Skyline,2025-12,1.2326,google_trends,2026-08-29T19:23:31Z
Nissan,R32 Skyline,2026-01,1.2326,google_trends,2026-08-29T19:23:31Z
Nissan,R32 Skyline,2026-02,1.2326,google_trends,2026-08-29T19:23:31Z
Nissan,R32 Skyline,2026-03,1.2326,google_trends,2026-08-29T19:23:31Z
Nissan,R32 Skyline,2026-04,1.5408,google_trends,2026-08-29T19:23:31Z
Nissan,R32 Skyline,2026-05,1.2326,google_trends,2026-08-29T19:23:31Z
Nissan,R32 Skyline,2026-06,1.2326,google_trends,2026-08-29T19:23:31Z
Nissan,R32 Skyline,2026-07,1.2326,google_trends,2026-08-29T19:23:31Z
Nissan,R33 Skyline,2025-08,1.2326,google_trends,2026-08-29T19:23:31Z
Nissan,R33 Skyline,2025-09,1.2326,google_trends,2026-08-29T19:23:31Z
Nissan,R33 Skyline,2025-10,1.2326,google_trends,2026-08-29T19:23:31Z
Nissan,R33 Skyline,2025-11,1.2326,google_trends,2026-08-29T19:23:31Z
Nissan,R33 Skyline,2025-12,1.2326,google_trends,2026-08-29T19:23:31Z
Nissan,R33 Skyline,2026-01,1.2326,google_trends,2026-08-29T19:23:31Z
Nissan,R33 Skyline,2026-02,1.2326,google_trends,2026-08-29T19:23:31Z
Nissan,R33 Skyline,2026-03,1.2326,google_trends,2026-08-29T19:23:31Z
Nissan,R33 Skyline,2026-04,1.2326,google_trends,2026-08-29T19:23:31Z
Nissan,R33 Skyline,2026-05,1.2326,google_trends,2026-08-29T19:23:31Z
Nissan,R33 Skyline,2026-06,1.2326,google_trends,2026-08-29T19:23:31Z
Nissan,R33 Skyline,2026-07,1.2326,google_trends,2026-08-29T19:23:31Z
Nissan,R34 Skyline,2025-08,7.8887,google_trends,2026-08-29T19:23:31Z
Nissan,R34 Skyline,2025-09,7.0875,google_trends,2026-08-29T19:23:31Z
Nissan,R34 Skyline,2025-10,6.7793,google_trends,2026-08-29T19:23:31Z
Nissan,R34 Skyline,2025-11,7.1491,google_trends,2026-08-29T19:23:31Z
Nissan,R34 Skyline,2025-12,7.7038,google_trends,2026-08-29T19:23:31Z
Nissan,R34 Skyline,2026-01,6.163,google_trends,2026-08-29T19:23:31Z
Nissan,R34 Skyline,2026-02,6.7793,google_trends,2026-08-29T19:23:31Z
Nissan,R34 Skyline,2026-03,6.9026,google_trends,2026-08-29T19:23:31Z
Nissan,R34 Skyline,2026-04,6.7793,google_trends,2026-08-29T19:23:31Z
Nissan,R34 Skyline,2026-05,6.9026,google_trends,2026-08-29T19:23:31Z
Nissan,R34 Skyline,2026-06,5.8549,google_trends,2026-08-29T19:23:31Z
Nissan,R34 Skyline,2026-07,6.163,google_trends,2026-08-29T19:23:31Z
Nissan,RZ34 Z,2025-08,0.0,google_trends,2026-08-29T19:23:31Z
Nissan,RZ34 Z,2025-09,0.0,google_trends,2026-08-29T19:23:31Z
Nissan,RZ34 Z,2025-10,0.0,google_trends,2026-08-29T19:23:31Z
Nissan,RZ34 Z,2025-11,0.0,google_trends,2026-08-29T19:23:31Z
Nissan,RZ34 Z,2025-12,0.0,google_trends,2026-08-29T19:23:31Z
Nissan,RZ34 Z,2026-01,0.0,google_trends,2026-08-29T19:23:31Z
Nissan,RZ34 Z,2026-02,0.0,google_trends,2026-08-29T19:23:31Z
Nissan,RZ34 Z,2026-03,0.0,google_trends,2026-08-29T19:23:31Z
Nissan,RZ34 Z,2026-04,0.3082,google_trends,2026-08-29T19:23:31Z
Nissan,RZ34 Z,2026-05,0.0,google_trends,2026-08-29T19:23:31Z
Nissan,RZ34 Z,2026-06,0.0,google_trends,2026-08-29T19:23:31Z
Nissan,RZ34 Z,2026-07,0.0,google_trends,2026-08-29T19:23:31Z
Nissan,S CARGO,2025-08,0.0,google_trends,2026-08-29T21:54:49Z
Nissan,S CARGO,2025-09,0.0,google_trends,2026-08-29T21:54:49Z
Nissan,S CARGO,2025-10,0.0,google_trends,2026-08-29T21:54:49Z
Nissan,S CARGO,2025-11,0.0,google_trends,2026-08-29T21:54:49Z
Nissan,S CARGO,2025-12,0.0,google_trends,2026-08-29T21:54:49Z
Nissan,S CARGO,2026-01,0.0,google_trends,2026-08-29T21:54:49Z
Nissan,S CARGO,2026-02,0.0,google_trends,2026-08-29T21:54:49Z
Nissan,S CARGO,2026-03,0.0,google_trends,2026-08-29T21:54:49Z
Nissan,S CARGO,2026-04,0.0,google_trends,2026-08-29T21:54:49Z
Nissan,S CARGO,2026-05,0.4866,google_trends,2026-08-29T21:54:49Z
Nissan,S CARGO,2026-06,0.0,google_trends,2026-08-29T21:54:49Z
Nissan,S CARGO,2026-07,0.0,google_trends,2026-08-29T21:54:49Z
Nissan,SENTRA,2025-08,53.0414,google_trends,2026-08-29T21:54:49Z
Nissan,SENTRA,2025-09,50.4866,google_trends,2026-08-29T21:54:49Z
Nissan,SENTRA,2025-10,45.9246,google_trends,2026-08-29T21:54:49Z
Nissan,SENTRA,2025-11,48.4185,google_trends,2026-08-29T21:54:49Z
Nissan,SENTRA,2025-12,46.837,google_trends,2026-08-29T21:54:49Z
Nissan,SENTRA,2026-01,49.5742,google_trends,2026-08-29T21:54:49Z
Nissan,SENTRA,2026-02,60.5231,google_trends,2026-08-29T21:54:49Z
Nissan,SENTRA,2026-03,58.6375,google_trends,2026-08-29T21:54:49Z
Nissan,SENTRA,2026-04,60.219,google_trends,2026-08-29T21:54:49Z
Nissan,SENTRA,2026-05,57.1776,google_trends,2026-08-29T21:54:49Z
Nissan,SENTRA,2026-06,56.2652,google_trends,2026-08-29T21:54:49Z
Nissan,SENTRA,2026-07,55.6569,google_trends,2026-08-29T21:54:49Z
Nissan,Silvia,2025-08,6.0827,google_trends,2026-08-29T21:54:49Z
Nissan,Silvia,2025-09,5.1703,google_trends,2026-08-29T21:54:49Z
Nissan,Silvia,2025-10,5.4745,google_trends,2026-08-29T21:54:49Z
Nissan,Silvia,2025-11,5.1095,google_trends,2026-08-29T21:54:49Z
Nissan,Silvia,2025-12,5.4745,google_trends,2026-08-29T21:54:49Z
Nissan,Silvia,2026-01,5.4745,google_trends,2026-08-29T21:54:49Z
Nissan,Silvia,2026-02,6.0827,google_trends,2026-08-29T21:54:49Z
Nissan,Silvia,2026-03,5.8394,google_trends,2026-08-29T21:54:49Z
Nissan,Silvia,2026-04,6.3869,google_trends,2026-08-29T21:54:49Z
Nissan,Silvia,2026-05,8.5158,google_trends,2026-08-29T21:54:49Z
Nissan,Silvia,2026-06,6.3869,google_trends,2026-08-29T21:54:49Z
Nissan,Silvia,2026-07,5.4745,google_trends,2026-08-29T21:54:49Z
Nissan,Stagea,2025-08,1.2165,google_trends,2026-08-29T21:54:49Z
Nissan,Stagea,2025-09,0.9124,google_trends,2026-08-29T21:54:49Z
Nissan,Stagea,2025-10,0.9124,google_trends,2026-08-29T21:54:49Z
Nissan,Stagea,2025-11,0.9732,google_trends,2026-08-29T21:54:49Z
Nissan,Stagea,2025-12,1.2165,google_trends,2026-08-29T21:54:49Z
Nissan,Stagea,2026-01,1.2165,google_trends,2026-08-29T21:54:49Z
Nissan,Stagea,2026-02,1.2165,google_trends,2026-08-29T21:54:49Z
Nissan,Stagea,2026-03,1.2165,google_trends,2026-08-29T21:54:49Z
Nissan,Stagea,2026-04,1.2165,google_trends,2026-08-29T21:54:49Z
Nissan,Stagea,2026-05,1.2165,google_trends,2026-08-29T21:54:49Z
Nissan,Stagea,2026-06,1.2165,google_trends,2026-08-29T21:54:49Z
Nissan,Stagea,2026-07,1.2165,google_trends,2026-08-29T21:54:49Z
Nissan,Xterra,2025-08,7.6441,google_trends,2026-08-29T19:23:31Z
Nissan,Xterra,2025-09,7.3975,google_trends,2026-08-29T19:23:31Z
Nissan,Xterra,2025-10,7.3975,google_trends,2026-08-29T19:23:31Z
Nissan,Xterra,2025-11,7.1509,google_trends,2026-08-29T19:23:31Z
Nissan,Xterra,2025-12,6.4728,google_trends,2026-08-29T19:23:31Z
Nissan,Xterra,2026-01,7.0893,google_trends,2026-08-29T19:23:31Z
Nissan,Xterra,2026-02,10.788,google_trends,2026-08-29T19:23:31Z
Nissan,Xterra,2026-03,9.3702,google_trends,2026-08-29T19:23:31Z
Nissan,Xterra,2026-04,11.7127,google_trends,2026-08-29T19:23:31Z
Nissan,Xterra,2026-05,9.8634,google_trends,2026-08-29T19:23:31Z
Nissan,Xterra,2026-06,8.6304,google_trends,2026-08-29T19:23:31Z
Nissan,Xterra,2026-07,8.6304,google_trends,2026-08-29T19:23:31Z
Norton,NORTON MODEL,2025-08,1.2165,google_trends,2026-08-29T21:54:49Z
Norton,NORTON MODEL,2025-09,1.2165,google_trends,2026-08-29T21:54:49Z
Norton,NORTON MODEL,2025-10,1.2165,google_trends,2026-08-29T21:54:49Z
Norton,NORTON MODEL,2025-11,1.2165,google_trends,2026-08-29T21:54:49Z
Norton,NORTON MODEL,2025-12,1.2165,google_trends,2026-08-29T21:54:49Z
Norton,NORTON MODEL,2026-01,1.2165,google_trends,2026-08-29T21:54:49Z
Norton,NORTON MODEL,2026-02,1.2165,google_trends,2026-08-29T21:54:49Z
Norton,NORTON MODEL,2026-03,1.2165,google_trends,2026-08-29T21:54:49Z
Norton,NORTON MODEL,2026-04,1.8248,google_trends,2026-08-29T21:54:49Z
Norton,NORTON MODEL,2026-05,2.1898,google_trends,2026-08-29T21:54:49Z
Norton,NORTON MODEL,2026-06,2.129,google_trends,2026-08-29T21:54:49Z
Norton,NORTON MODEL,2026-07,1.2165,google_trends,2026-08-29T21:54:49Z
Norton,Norton Atlas,2025-08,0.0,google_trends,2026-08-29T19:23:31Z
Norton,Norton Atlas,2025-09,0.0,google_trends,2026-08-29T19:23:31Z
Norton,Norton Atlas,2025-10,0.0,google_trends,2026-08-29T19:23:31Z
Norton,Norton Atlas,2025-11,0.2466,google_trends,2026-08-29T19:23:31Z
Norton,Norton Atlas,2025-12,0.0,google_trends,2026-08-29T19:23:31Z
Norton,Norton Atlas,2026-01,0.0,google_trends,2026-08-29T19:23:31Z
Norton,Norton Atlas,2026-02,0.0,google_trends,2026-08-29T19:23:31Z
Norton,Norton Atlas,2026-03,0.0,google_trends,2026-08-29T19:23:31Z
Norton,Norton Atlas,2026-04,0.3082,google_trends,2026-08-29T19:23:31Z
Norton,Norton Atlas,2026-05,0.2466,google_trends,2026-08-29T19:23:31Z
Norton,Norton Atlas,2026-06,1.2329,google_trends,2026-08-29T19:23:31Z
Norton,Norton Atlas,2026-07,1.2329,google_trends,2026-08-29T19:23:31Z
Norton,Norton Commando,2025-08,1.2326,google_trends,2026-08-29T19:23:31Z
Norton,Norton Commando,2025-09,1.2326,google_trends,2026-08-29T19:23:31Z
Norton,Norton Commando,2025-10,1.2326,google_trends,2026-08-29T19:23:31Z
Norton,Norton Commando,2025-11,0.9861,google_trends,2026-08-29T19:23:31Z
Norton,Norton Commando,2025-12,0.9245,google_trends,2026-08-29T19:23:31Z
Norton,Norton Commando,2026-01,1.2326,google_trends,2026-08-29T19:23:31Z
Norton,Norton Commando,2026-02,1.2326,google_trends,2026-08-29T19:23:31Z
Norton,Norton Commando,2026-03,1.2326,google_trends,2026-08-29T19:23:31Z
Norton,Norton Commando,2026-04,1.2326,google_trends,2026-08-29T19:23:31Z
Norton,Norton Commando,2026-05,1.2326,google_trends,2026-08-29T19:23:31Z
Norton,Norton Commando,2026-06,1.2326,google_trends,2026-08-29T19:23:31Z
Norton,Norton Commando,2026-07,1.2326,google_trends,2026-08-29T19:23:31Z
Oldsmobile,OLDSMOBILE,2025-08,14.3678,google_trends,2026-08-29T21:54:49Z
Oldsmobile,OLDSMOBILE,2025-09,12.2126,google_trends,2026-08-29T21:54:49Z
Oldsmobile,OLDSMOBILE,2025-10,12.2126,google_trends,2026-08-29T21:54:49Z
Oldsmobile,OLDSMOBILE,2025-11,12.069,google_trends,2026-08-29T21:54:49Z
Oldsmobile,OLDSMOBILE,2025-12,12.2126,google_trends,2026-08-29T21:54:49Z
Oldsmobile,OLDSMOBILE,2026-01,11.4943,google_trends,2026-08-29T21:54:49Z
Oldsmobile,OLDSMOBILE,2026-02,33.7644,google_trends,2026-08-29T21:54:49Z
Oldsmobile,OLDSMOBILE,2026-03,13.2184,google_trends,2026-08-29T21:54:49Z
Oldsmobile,OLDSMOBILE,2026-04,14.3678,google_trends,2026-08-29T21:54:49Z
Oldsmobile,OLDSMOBILE,2026-05,14.3678,google_trends,2026-08-29T21:54:49Z
Oldsmobile,OLDSMOBILE,2026-06,13.6494,google_trends,2026-08-29T21:54:49Z
Oldsmobile,OLDSMOBILE,2026-07,15.0862,google_trends,2026-08-29T21:54:49Z
Oldsmobile,OLDSMOBILE ALERO,2025-08,0.0,google_trends,2026-08-29T21:54:49Z
Oldsmobile,OLDSMOBILE ALERO,2025-09,0.0,google_trends,2026-08-29T21:54:49Z
Oldsmobile,OLDSMOBILE ALERO,2025-10,0.9124,google_trends,2026-08-29T21:54:49Z
Oldsmobile,OLDSMOBILE ALERO,2025-11,0.4866,google_trends,2026-08-29T21:54:49Z
Oldsmobile,OLDSMOBILE ALERO,2025-12,0.0,google_trends,2026-08-29T21:54:49Z
Oldsmobile,OLDSMOBILE ALERO,2026-01,0.0,google_trends,2026-08-29T21:54:49Z
Oldsmobile,OLDSMOBILE ALERO,2026-02,1.2165,google_trends,2026-08-29T21:54:49Z
Oldsmobile,OLDSMOBILE ALERO,2026-03,0.7299,google_trends,2026-08-29T21:54:49Z
Oldsmobile,OLDSMOBILE ALERO,2026-04,0.6083,google_trends,2026-08-29T21:54:49Z
Oldsmobile,OLDSMOBILE ALERO,2026-05,1.2165,google_trends,2026-08-29T21:54:49Z
Oldsmobile,OLDSMOBILE ALERO,2026-06,0.0,google_trends,2026-08-29T21:54:49Z
Oldsmobile,OLDSMOBILE ALERO,2026-07,0.6083,google_trends,2026-08-29T21:54:49Z
Oldsmobile,OLDSMOBILE AURORA,2025-08,0.0,google_trends,2026-08-29T19:23:31Z
Oldsmobile,OLDSMOBILE AURORA,2025-09,0.0,google_trends,2026-08-29T19:23:31Z
Oldsmobile,OLDSMOBILE AURORA,2025-10,0.0,google_trends,2026-08-29T19:23:31Z
Oldsmobile,OLDSMOBILE AURORA,2025-11,0.0,google_trends,2026-08-29T19:23:31Z
Oldsmobile,OLDSMOBILE AURORA,2025-12,0.0,google_trends,2026-08-29T19:23:31Z
Oldsmobile,OLDSMOBILE AURORA,2026-01,0.0,google_trends,2026-08-29T19:23:31Z
Oldsmobile,OLDSMOBILE AURORA,2026-02,0.9247,google_trends,2026-08-29T19:23:31Z
Oldsmobile,OLDSMOBILE AURORA,2026-03,0.0,google_trends,2026-08-29T19:23:31Z
Oldsmobile,OLDSMOBILE AURORA,2026-04,0.0,google_trends,2026-08-29T19:23:31Z
Oldsmobile,OLDSMOBILE AURORA,2026-05,0.0,google_trends,2026-08-29T19:23:31Z
Oldsmobile,OLDSMOBILE AURORA,2026-06,0.0,google_trends,2026-08-29T19:23:31Z
Oldsmobile,OLDSMOBILE AURORA,2026-07,0.0,google_trends,2026-08-29T19:23:31Z
Oldsmobile,OLDSMOBILE BRAVADA,2025-08,0.0,google_trends,2026-08-29T21:54:49Z
Oldsmobile,OLDSMOBILE BRAVADA,2025-09,0.0,google_trends,2026-08-29T21:54:49Z
Oldsmobile,OLDSMOBILE BRAVADA,2025-10,0.0,google_trends,2026-08-29T21:54:49Z
Oldsmobile,OLDSMOBILE BRAVADA,2025-11,0.0,google_trends,2026-08-29T21:54:49Z
Oldsmobile,OLDSMOBILE BRAVADA,2025-12,0.0,google_trends,2026-08-29T21:54:49Z
Oldsmobile,OLDSMOBILE BRAVADA,2026-01,0.0,google_trends,2026-08-29T21:54:49Z
Oldsmobile,OLDSMOBILE BRAVADA,2026-02,1.5207,google_trends,2026-08-29T21:54:49Z
Oldsmobile,OLDSMOBILE BRAVADA,2026-03,0.0,google_trends,2026-08-29T21:54:49Z
Oldsmobile,OLDSMOBILE BRAVADA,2026-04,0.0,google_trends,2026-08-29T21:54:49Z
Oldsmobile,OLDSMOBILE BRAVADA,2026-05,0.0,google_trends,2026-08-29T21:54:49Z
Oldsmobile,OLDSMOBILE BRAVADA,2026-06,0.0,google_trends,2026-08-29T21:54:49Z
Oldsmobile,OLDSMOBILE BRAVADA,2026-07,0.0,google_trends,2026-08-29T21:54:49Z
Oldsmobile,Oldsmobile 442,2025-08,1.2326,google_trends,2026-08-29T19:23:31Z
Oldsmobile,Oldsmobile 442,2025-09,1.2326,google_trends,2026-08-29T19:23:31Z
Oldsmobile,Oldsmobile 442,2025-10,1.2326,google_trends,2026-08-29T19:23:31Z
Oldsmobile,Oldsmobile 442,2025-11,1.2326,google_trends,2026-08-29T19:23:31Z
Oldsmobile,Oldsmobile 442,2025-12,1.2326,google_trends,2026-08-29T19:23:31Z
Oldsmobile,Oldsmobile 442,2026-01,1.2326,google_trends,2026-08-29T19:23:31Z
Oldsmobile,Oldsmobile 442,2026-02,1.5408,google_trends,2026-08-29T19:23:31Z
Oldsmobile,Oldsmobile 442,2026-03,1.2326,google_trends,2026-08-29T19:23:31Z
Oldsmobile,Oldsmobile 442,2026-04,1.2326,google_trends,2026-08-29T19:23:31Z
Oldsmobile,Oldsmobile 442,2026-05,1.2326,google_trends,2026-08-29T19:23:31Z
Oldsmobile,Oldsmobile 442,2026-06,1.2326,google_trends,2026-08-29T19:23:31Z
Oldsmobile,Oldsmobile 442,2026-07,1.2326,google_trends,2026-08-29T19:23:31Z
Oldsmobile,Oldsmobile 88,2025-08,1.2326,google_trends,2026-08-29T19:23:31Z
Oldsmobile,Oldsmobile 88,2025-09,1.2326,google_trends,2026-08-29T19:23:31Z
Oldsmobile,Oldsmobile 88,2025-10,1.2326,google_trends,2026-08-29T19:23:31Z
Oldsmobile,Oldsmobile 88,2025-11,1.2326,google_trends,2026-08-29T19:23:31Z
Oldsmobile,Oldsmobile 88,2025-12,1.2326,google_trends,2026-08-29T19:23:31Z
Oldsmobile,Oldsmobile 88,2026-01,1.2326,google_trends,2026-08-29T19:23:31Z
Oldsmobile,Oldsmobile 88,2026-02,3.0815,google_trends,2026-08-29T19:23:31Z
Oldsmobile,Oldsmobile 88,2026-03,1.2326,google_trends,2026-08-29T19:23:31Z
Oldsmobile,Oldsmobile 88,2026-04,1.2326,google_trends,2026-08-29T19:23:31Z
Oldsmobile,Oldsmobile 88,2026-05,1.2326,google_trends,2026-08-29T19:23:31Z
Oldsmobile,Oldsmobile 88,2026-06,1.2326,google_trends,2026-08-29T19:23:31Z
Oldsmobile,Oldsmobile 88,2026-07,1.2326,google_trends,2026-08-29T19:23:31Z
Oldsmobile,Oldsmobile 98,2025-08,1.2329,google_trends,2026-08-29T19:23:31Z
Oldsmobile,Oldsmobile 98,2025-09,0.9247,google_trends,2026-08-29T19:23:31Z
Oldsmobile,Oldsmobile 98,2025-10,0.3082,google_trends,2026-08-29T19:23:31Z
Oldsmobile,Oldsmobile 98,2025-11,0.4932,google_trends,2026-08-29T19:23:31Z
Oldsmobile,Oldsmobile 98,2025-12,0.3082,google_trends,2026-08-29T19:23:31Z
Oldsmobile,Oldsmobile 98,2026-01,0.6165,google_trends,2026-08-29T19:23:31Z
Oldsmobile,Oldsmobile 98,2026-02,1.8494,google_trends,2026-08-29T19:23:31Z
Oldsmobile,Oldsmobile 98,2026-03,0.7398,google_trends,2026-08-29T19:23:31Z
Oldsmobile,Oldsmobile 98,2026-04,1.2329,google_trends,2026-08-29T19:23:31Z
Oldsmobile,Oldsmobile 98,2026-05,0.7398,google_trends,2026-08-29T19:23:31Z
Oldsmobile,Oldsmobile 98,2026-06,0.6165,google_trends,2026-08-29T19:23:31Z
Oldsmobile,Oldsmobile 98,2026-07,0.6165,google_trends,2026-08-29T19:23:31Z
Oldsmobile,Oldsmobile Custom Cruiser,2025-08,0.0,google_trends,2026-08-29T21:54:49Z
Oldsmobile,Oldsmobile Custom Cruiser,2025-09,0.0,google_trends,2026-08-29T21:54:49Z
Oldsmobile,Oldsmobile Custom Cruiser,2025-10,0.0,google_trends,2026-08-29T21:54:49Z
Oldsmobile,Oldsmobile Custom Cruiser,2025-11,0.0,google_trends,2026-08-29T21:54:49Z
Oldsmobile,Oldsmobile Custom Cruiser,2025-12,0.0,google_trends,2026-08-29T21:54:49Z
Oldsmobile,Oldsmobile Custom Cruiser,2026-01,0.0,google_trends,2026-08-29T21:54:49Z
Oldsmobile,Oldsmobile Custom Cruiser,2026-02,0.6083,google_trends,2026-08-29T21:54:49Z
Oldsmobile,Oldsmobile Custom Cruiser,2026-03,0.0,google_trends,2026-08-29T21:54:49Z
Oldsmobile,Oldsmobile Custom Cruiser,2026-04,0.0,google_trends,2026-08-29T21:54:49Z
Oldsmobile,Oldsmobile Custom Cruiser,2026-05,0.0,google_trends,2026-08-29T21:54:49Z
Oldsmobile,Oldsmobile Custom Cruiser,2026-06,0.0,google_trends,2026-08-29T21:54:49Z
Oldsmobile,Oldsmobile Custom Cruiser,2026-07,0.0,google_trends,2026-08-29T21:54:49Z
Oldsmobile,Oldsmobile Cutlass,2025-08,2.4639,google_trends,2026-08-29T19:23:31Z
Oldsmobile,Oldsmobile Cutlass,2025-09,2.4639,google_trends,2026-08-29T19:23:31Z
Oldsmobile,Oldsmobile Cutlass,2025-10,2.4639,google_trends,2026-08-29T19:23:31Z
Oldsmobile,Oldsmobile Cutlass,2025-11,2.4639,google_trends,2026-08-29T19:23:31Z
Oldsmobile,Oldsmobile Cutlass,2025-12,2.7719,google_trends,2026-08-29T19:23:31Z
Oldsmobile,Oldsmobile Cutlass,2026-01,2.4639,google_trends,2026-08-29T19:23:31Z
Oldsmobile,Oldsmobile Cutlass,2026-02,8.0078,google_trends,2026-08-29T19:23:31Z
Oldsmobile,Oldsmobile Cutlass,2026-03,2.4639,google_trends,2026-08-29T19:23:31Z
Oldsmobile,Oldsmobile Cutlass,2026-04,2.7719,google_trends,2026-08-29T19:23:31Z
Oldsmobile,Oldsmobile Cutlass,2026-05,2.4639,google_trends,2026-08-29T19:23:31Z
Oldsmobile,Oldsmobile Cutlass,2026-06,2.4639,google_trends,2026-08-29T19:23:31Z
Oldsmobile,Oldsmobile Cutlass,2026-07,3.3879,google_trends,2026-08-29T19:23:31Z
Oldsmobile,Oldsmobile Starfire,2025-08,0.0,google_trends,2026-08-29T21:54:49Z
Oldsmobile,Oldsmobile Starfire,2025-09,0.0,google_trends,2026-08-29T21:54:49Z
Oldsmobile,Oldsmobile Starfire,2025-10,0.0,google_trends,2026-08-29T21:54:49Z
Oldsmobile,Oldsmobile Starfire,2025-11,0.0,google_trends,2026-08-29T21:54:49Z
Oldsmobile,Oldsmobile Starfire,2025-12,0.0,google_trends,2026-08-29T21:54:49Z
Oldsmobile,Oldsmobile Starfire,2026-01,0.0,google_trends,2026-08-29T21:54:49Z
Oldsmobile,Oldsmobile Starfire,2026-02,0.6083,google_trends,2026-08-29T21:54:49Z
Oldsmobile,Oldsmobile Starfire,2026-03,0.0,google_trends,2026-08-29T21:54:49Z
Oldsmobile,Oldsmobile Starfire,2026-04,0.0,google_trends,2026-08-29T21:54:49Z
Oldsmobile,Oldsmobile Starfire,2026-05,0.0,google_trends,2026-08-29T21:54:49Z
Oldsmobile,Oldsmobile Starfire,2026-06,0.0,google_trends,2026-08-29T21:54:49Z
Oldsmobile,Oldsmobile Starfire,2026-07,0.0,google_trends,2026-08-29T21:54:49Z
Oldsmobile,Oldsmobile Toronado,2025-08,0.0,google_trends,2026-08-29T19:23:31Z
Oldsmobile,Oldsmobile Toronado,2025-09,0.6163,google_trends,2026-08-29T19:23:31Z
Oldsmobile,Oldsmobile Toronado,2025-10,0.0,google_trends,2026-08-29T19:23:31Z
Oldsmobile,Oldsmobile Toronado,2025-11,0.0,google_trends,2026-08-29T19:23:31Z
Oldsmobile,Oldsmobile Toronado,2025-12,0.0,google_trends,2026-08-29T19:23:31Z
Oldsmobile,Oldsmobile Toronado,2026-01,0.0,google_trends,2026-08-29T19:23:31Z
Oldsmobile,Oldsmobile Toronado,2026-02,1.8489,google_trends,2026-08-29T19:23:31Z
Oldsmobile,Oldsmobile Toronado,2026-03,0.7396,google_trends,2026-08-29T19:23:31Z
Oldsmobile,Oldsmobile Toronado,2026-04,0.6163,google_trends,2026-08-29T19:23:31Z
Oldsmobile,Oldsmobile Toronado,2026-05,0.7396,google_trends,2026-08-29T19:23:31Z
Oldsmobile,Oldsmobile Toronado,2026-06,0.0,google_trends,2026-08-29T19:23:31Z
Oldsmobile,Oldsmobile Toronado,2026-07,0.9245,google_trends,2026-08-29T19:23:31Z
Opel,OPEL MANTA,2025-08,2.4331,google_trends,2026-08-29T21:54:49Z
Opel,OPEL MANTA,2025-09,2.4331,google_trends,2026-08-29T21:54:49Z
Opel,OPEL MANTA,2025-10,2.129,google_trends,2026-08-29T21:54:49Z
Opel,OPEL MANTA,2025-11,1.7032,google_trends,2026-08-29T21:54:49Z
Opel,OPEL MANTA,2025-12,2.129,google_trends,2026-08-29T21:54:49Z
Opel,OPEL MANTA,2026-01,1.8248,google_trends,2026-08-29T21:54:49Z
Opel,OPEL MANTA,2026-02,2.129,google_trends,2026-08-29T21:54:49Z
Opel,OPEL MANTA,2026-03,2.4331,google_trends,2026-08-29T21:54:49Z
Opel,OPEL MANTA,2026-04,2.129,google_trends,2026-08-29T21:54:49Z
Opel,OPEL MANTA,2026-05,2.4331,google_trends,2026-08-29T21:54:49Z
Opel,OPEL MANTA,2026-06,3.0414,google_trends,2026-08-29T21:54:49Z
Opel,OPEL MANTA,2026-07,2.4331,google_trends,2026-08-29T21:54:49Z
Opel,Opel GT,2025-08,2.4652,google_trends,2026-08-29T19:23:31Z
Opel,Opel GT,2025-09,2.4652,google_trends,2026-08-29T19:23:31Z
Opel,Opel GT,2025-10,2.4652,google_trends,2026-08-29T19:23:31Z
Opel,Opel GT,2025-11,2.4652,google_trends,2026-08-29T19:23:31Z
Opel,Opel GT,2025-12,2.4652,google_trends,2026-08-29T19:23:31Z
Opel,Opel GT,2026-01,2.4652,google_trends,2026-08-29T19:23:31Z
Opel,Opel GT,2026-02,2.4652,google_trends,2026-08-29T19:23:31Z
Opel,Opel GT,2026-03,2.4652,google_trends,2026-08-29T19:23:31Z
Opel,Opel GT,2026-04,2.4652,google_trends,2026-08-29T19:23:31Z
Opel,Opel GT,2026-05,2.4652,google_trends,2026-08-29T19:23:31Z
Opel,Opel GT,2026-06,2.4652,google_trends,2026-08-29T19:23:31Z
Opel,Opel GT,2026-07,2.4652,google_trends,2026-08-29T19:23:31Z
Peugeot,PEUGEOT 103,2025-08,1.9465,google_trends,2026-08-29T21:54:49Z
Peugeot,PEUGEOT 103,2025-09,1.8248,google_trends,2026-08-29T21:54:49Z
Peugeot,PEUGEOT 103,2025-10,1.2165,google_trends,2026-08-29T21:54:49Z
Peugeot,PEUGEOT 103,2025-11,1.7032,google_trends,2026-08-29T21:54:49Z
Peugeot,PEUGEOT 103,2025-12,1.8248,google_trends,2026-08-29T21:54:49Z
Peugeot,PEUGEOT 103,2026-01,1.2165,google_trends,2026-08-29T21:54:49Z
Peugeot,PEUGEOT 103,2026-02,1.2165,google_trends,2026-08-29T21:54:49Z
Peugeot,PEUGEOT 103,2026-03,1.7032,google_trends,2026-08-29T21:54:49Z
Peugeot,PEUGEOT 103,2026-04,1.5207,google_trends,2026-08-29T21:54:49Z
Peugeot,PEUGEOT 103,2026-05,2.4331,google_trends,2026-08-29T21:54:49Z
Peugeot,PEUGEOT 103,2026-06,1.2165,google_trends,2026-08-29T21:54:49Z
Peugeot,PEUGEOT 103,2026-07,1.2165,google_trends,2026-08-29T21:54:49Z
Peugeot,PEUGEOT 306,2025-08,6.0827,google_trends,2026-08-29T21:54:49Z
Peugeot,PEUGEOT 306,2025-09,5.4745,google_trends,2026-08-29T21:54:49Z
Peugeot,PEUGEOT 306,2025-10,5.1703,google_trends,2026-08-29T21:54:49Z
Peugeot,PEUGEOT 306,2025-11,5.3528,google_trends,2026-08-29T21:54:49Z
Peugeot,PEUGEOT 306,2025-12,4.8662,google_trends,2026-08-29T21:54:49Z
Peugeot,PEUGEOT 306,2026-01,4.8662,google_trends,2026-08-29T21:54:49Z
Peugeot,PEUGEOT 306,2026-02,5.7786,google_trends,2026-08-29T21:54:49Z
Peugeot,PEUGEOT 306,2026-03,5.5961,google_trends,2026-08-29T21:54:49Z
Peugeot,PEUGEOT 306,2026-04,5.1703,google_trends,2026-08-29T21:54:49Z
Peugeot,PEUGEOT 306,2026-05,5.5961,google_trends,2026-08-29T21:54:49Z
Peugeot,PEUGEOT 306,2026-06,4.8662,google_trends,2026-08-29T21:54:49Z
Peugeot,PEUGEOT 306,2026-07,5.4745,google_trends,2026-08-29T21:54:49Z
Peugeot,PEUGEOT 404,2025-08,1.2165,google_trends,2026-08-29T21:54:49Z
Peugeot,PEUGEOT 404,2025-09,1.2165,google_trends,2026-08-29T21:54:49Z
Peugeot,PEUGEOT 404,2025-10,1.2165,google_trends,2026-08-29T21:54:49Z
Peugeot,PEUGEOT 404,2025-11,1.2165,google_trends,2026-08-29T21:54:49Z
Peugeot,PEUGEOT 404,2025-12,1.2165,google_trends,2026-08-29T21:54:49Z
Peugeot,PEUGEOT 404,2026-01,1.2165,google_trends,2026-08-29T21:54:49Z
Peugeot,PEUGEOT 404,2026-02,1.2165,google_trends,2026-08-29T21:54:49Z
Peugeot,PEUGEOT 404,2026-03,1.2165,google_trends,2026-08-29T21:54:49Z
Peugeot,PEUGEOT 404,2026-04,1.2165,google_trends,2026-08-29T21:54:49Z
Peugeot,PEUGEOT 404,2026-05,1.2165,google_trends,2026-08-29T21:54:49Z
Peugeot,PEUGEOT 404,2026-06,1.2165,google_trends,2026-08-29T21:54:49Z
Peugeot,PEUGEOT 404,2026-07,1.2165,google_trends,2026-08-29T21:54:49Z
Peugeot,PEUGEOT 505,2025-08,1.2165,google_trends,2026-08-29T21:54:49Z
Peugeot,PEUGEOT 505,2025-09,1.2165,google_trends,2026-08-29T21:54:49Z
Peugeot,PEUGEOT 505,2025-10,1.2165,google_trends,2026-08-29T21:54:49Z
Peugeot,PEUGEOT 505,2025-11,1.2165,google_trends,2026-08-29T21:54:49Z
Peugeot,PEUGEOT 505,2025-12,1.2165,google_trends,2026-08-29T21:54:49Z
Peugeot,PEUGEOT 505,2026-01,1.2165,google_trends,2026-08-29T21:54:49Z
Peugeot,PEUGEOT 505,2026-02,1.2165,google_trends,2026-08-29T21:54:49Z
Peugeot,PEUGEOT 505,2026-03,1.2165,google_trends,2026-08-29T21:54:49Z
Peugeot,PEUGEOT 505,2026-04,1.2165,google_trends,2026-08-29T21:54:49Z
Peugeot,PEUGEOT 505,2026-05,1.2165,google_trends,2026-08-29T21:54:49Z
Peugeot,PEUGEOT 505,2026-06,1.2165,google_trends,2026-08-29T21:54:49Z
Peugeot,PEUGEOT 505,2026-07,1.5207,google_trends,2026-08-29T21:54:49Z
Peugeot,Peugeot 205,2025-08,6.0827,google_trends,2026-08-29T21:54:49Z
Peugeot,Peugeot 205,2025-09,5.4745,google_trends,2026-08-29T21:54:49Z
Peugeot,Peugeot 205,2025-10,4.8662,google_trends,2026-08-29T21:54:49Z
Peugeot,Peugeot 205,2025-11,5.1095,google_trends,2026-08-29T21:54:49Z
Peugeot,Peugeot 205,2025-12,4.8662,google_trends,2026-08-29T21:54:49Z
Peugeot,Peugeot 205,2026-01,5.1703,google_trends,2026-08-29T21:54:49Z
Peugeot,Peugeot 205,2026-02,5.1703,google_trends,2026-08-29T21:54:49Z
Peugeot,Peugeot 205,2026-03,5.1095,google_trends,2026-08-29T21:54:49Z
Peugeot,Peugeot 205,2026-04,5.4745,google_trends,2026-08-29T21:54:49Z
Peugeot,Peugeot 205,2026-05,5.1095,google_trends,2026-08-29T21:54:49Z
Peugeot,Peugeot 205,2026-06,4.8662,google_trends,2026-08-29T21:54:49Z
Peugeot,Peugeot 205,2026-07,4.8662,google_trends,2026-08-29T21:54:49Z
Peugeot,Peugeot 404,2025-08,1.2165,google_trends,2026-08-29T21:54:49Z
Peugeot,Peugeot 404,2025-09,1.2165,google_trends,2026-08-29T21:54:49Z
Peugeot,Peugeot 404,2025-10,1.2165,google_trends,2026-08-29T21:54:49Z
Peugeot,Peugeot 404,2025-11,1.2165,google_trends,2026-08-29T21:54:49Z
Peugeot,Peugeot 404,2025-12,1.2165,google_trends,2026-08-29T21:54:49Z
Peugeot,Peugeot 404,2026-01,1.2165,google_trends,2026-08-29T21:54:49Z
Peugeot,Peugeot 404,2026-02,1.2165,google_trends,2026-08-29T21:54:49Z
Peugeot,Peugeot 404,2026-03,1.2165,google_trends,2026-08-29T21:54:49Z
Peugeot,Peugeot 404,2026-04,1.2165,google_trends,2026-08-29T21:54:49Z
Peugeot,Peugeot 404,2026-05,1.2165,google_trends,2026-08-29T21:54:49Z
Peugeot,Peugeot 404,2026-06,1.2165,google_trends,2026-08-29T21:54:49Z
Peugeot,Peugeot 404,2026-07,1.2165,google_trends,2026-08-29T21:54:49Z
Peugeot,Peugeot 504,2025-08,2.7124,google_trends,2026-08-29T19:23:31Z
Peugeot,Peugeot 504,2025-09,2.4658,google_trends,2026-08-29T19:23:31Z
Peugeot,Peugeot 504,2025-10,2.4658,google_trends,2026-08-29T19:23:31Z
Peugeot,Peugeot 504,2025-11,2.4658,google_trends,2026-08-29T19:23:31Z
Peugeot,Peugeot 504,2025-12,2.4658,google_trends,2026-08-29T19:23:31Z
Peugeot,Peugeot 504,2026-01,2.4658,google_trends,2026-08-29T19:23:31Z
Peugeot,Peugeot 504,2026-02,2.4658,google_trends,2026-08-29T19:23:31Z
Peugeot,Peugeot 504,2026-03,2.4658,google_trends,2026-08-29T19:23:31Z
Peugeot,Peugeot 504,2026-04,2.4658,google_trends,2026-08-29T19:23:31Z
Peugeot,Peugeot 504,2026-05,2.4658,google_trends,2026-08-29T19:23:31Z
Peugeot,Peugeot 504,2026-06,2.4658,google_trends,2026-08-29T19:23:31Z
Peugeot,Peugeot 504,2026-07,2.4658,google_trends,2026-08-29T19:23:31Z
Plymouth,PLYMOUTH COUPE,2025-08,0.0,google_trends,2026-08-29T21:54:49Z
Plymouth,PLYMOUTH COUPE,2025-09,0.0,google_trends,2026-08-29T21:54:49Z
Plymouth,PLYMOUTH COUPE,2025-10,0.0,google_trends,2026-08-29T21:54:49Z
Plymouth,PLYMOUTH COUPE,2025-11,0.0,google_trends,2026-08-29T21:54:49Z
Plymouth,PLYMOUTH COUPE,2025-12,0.0,google_trends,2026-08-29T21:54:49Z
Plymouth,PLYMOUTH COUPE,2026-01,0.0,google_trends,2026-08-29T21:54:49Z
Plymouth,PLYMOUTH COUPE,2026-02,0.3041,google_trends,2026-08-29T21:54:49Z
Plymouth,PLYMOUTH COUPE,2026-03,0.0,google_trends,2026-08-29T21:54:49Z
Plymouth,PLYMOUTH COUPE,2026-04,0.0,google_trends,2026-08-29T21:54:49Z
Plymouth,PLYMOUTH COUPE,2026-05,0.0,google_trends,2026-08-29T21:54:49Z
Plymouth,PLYMOUTH COUPE,2026-06,1.2165,google_trends,2026-08-29T21:54:49Z
Plymouth,PLYMOUTH COUPE,2026-07,0.6083,google_trends,2026-08-29T21:54:49Z
Plymouth,PLYMOUTH PLAZA,2025-08,0.0,google_trends,2026-08-29T21:54:49Z
Plymouth,PLYMOUTH PLAZA,2025-09,0.0,google_trends,2026-08-29T21:54:49Z
Plymouth,PLYMOUTH PLAZA,2025-10,0.0,google_trends,2026-08-29T21:54:49Z
Plymouth,PLYMOUTH PLAZA,2025-11,0.0,google_trends,2026-08-29T21:54:49Z
Plymouth,PLYMOUTH PLAZA,2025-12,0.0,google_trends,2026-08-29T21:54:49Z
Plymouth,PLYMOUTH PLAZA,2026-01,0.0,google_trends,2026-08-29T21:54:49Z
Plymouth,PLYMOUTH PLAZA,2026-02,0.6083,google_trends,2026-08-29T21:54:49Z
Plymouth,PLYMOUTH PLAZA,2026-03,0.0,google_trends,2026-08-29T21:54:49Z
Plymouth,PLYMOUTH PLAZA,2026-04,0.6083,google_trends,2026-08-29T21:54:49Z
Plymouth,PLYMOUTH PLAZA,2026-05,0.4866,google_trends,2026-08-29T21:54:49Z
Plymouth,PLYMOUTH PLAZA,2026-06,0.9124,google_trends,2026-08-29T21:54:49Z
Plymouth,PLYMOUTH PLAZA,2026-07,0.0,google_trends,2026-08-29T21:54:49Z
Plymouth,PLYMOUTH VOYAGER,2025-08,0.0,google_trends,2026-08-29T21:54:49Z
Plymouth,PLYMOUTH VOYAGER,2025-09,0.0,google_trends,2026-08-29T21:54:49Z
Plymouth,PLYMOUTH VOYAGER,2025-10,0.0,google_trends,2026-08-29T21:54:49Z
Plymouth,PLYMOUTH VOYAGER,2025-11,0.0,google_trends,2026-08-29T21:54:49Z
Plymouth,PLYMOUTH VOYAGER,2025-12,0.0,google_trends,2026-08-29T21:54:49Z
Plymouth,PLYMOUTH VOYAGER,2026-01,0.0,google_trends,2026-08-29T21:54:49Z
Plymouth,PLYMOUTH VOYAGER,2026-02,2.129,google_trends,2026-08-29T21:54:49Z
Plymouth,PLYMOUTH VOYAGER,2026-03,0.0,google_trends,2026-08-29T21:54:49Z
Plymouth,PLYMOUTH VOYAGER,2026-04,0.0,google_trends,2026-08-29T21:54:49Z
Plymouth,PLYMOUTH VOYAGER,2026-05,0.2433,google_trends,2026-08-29T21:54:49Z
Plymouth,PLYMOUTH VOYAGER,2026-06,0.0,google_trends,2026-08-29T21:54:49Z
Plymouth,PLYMOUTH VOYAGER,2026-07,0.6083,google_trends,2026-08-29T21:54:49Z
Plymouth,Plymouth Barracuda,2025-08,1.2326,google_trends,2026-08-29T19:23:31Z
Plymouth,Plymouth Barracuda,2025-09,3.0815,google_trends,2026-08-29T19:23:31Z
Plymouth,Plymouth Barracuda,2025-10,1.5408,google_trends,2026-08-29T19:23:31Z
Plymouth,Plymouth Barracuda,2025-11,1.2326,google_trends,2026-08-29T19:23:31Z
Plymouth,Plymouth Barracuda,2025-12,1.2326,google_trends,2026-08-29T19:23:31Z
Plymouth,Plymouth Barracuda,2026-01,2.4652,google_trends,2026-08-29T19:23:31Z
Plymouth,Plymouth Barracuda,2026-02,3.0815,google_trends,2026-08-29T19:23:31Z
Plymouth,Plymouth Barracuda,2026-03,2.2187,google_trends,2026-08-29T19:23:31Z
Plymouth,Plymouth Barracuda,2026-04,1.5408,google_trends,2026-08-29T19:23:31Z
Plymouth,Plymouth Barracuda,2026-05,2.4652,google_trends,2026-08-29T19:23:31Z
Plymouth,Plymouth Barracuda,2026-06,2.4652,google_trends,2026-08-29T19:23:31Z
Plymouth,Plymouth Barracuda,2026-07,3.0815,google_trends,2026-08-29T19:23:31Z
Plymouth,Plymouth Belvedere,2025-08,0.0,google_trends,2026-08-29T19:23:31Z
Plymouth,Plymouth Belvedere,2025-09,0.0,google_trends,2026-08-29T19:23:31Z
Plymouth,Plymouth Belvedere,2025-10,0.0,google_trends,2026-08-29T19:23:31Z
Plymouth,Plymouth Belvedere,2025-11,0.0,google_trends,2026-08-29T19:23:31Z
Plymouth,Plymouth Belvedere,2025-12,0.0,google_trends,2026-08-29T19:23:31Z
Plymouth,Plymouth Belvedere,2026-01,0.0,google_trends,2026-08-29T19:23:31Z
Plymouth,Plymouth Belvedere,2026-02,0.9245,google_trends,2026-08-29T19:23:31Z
Plymouth,Plymouth Belvedere,2026-03,0.2465,google_trends,2026-08-29T19:23:31Z
Plymouth,Plymouth Belvedere,2026-04,1.2326,google_trends,2026-08-29T19:23:31Z
Plymouth,Plymouth Belvedere,2026-05,0.493,google_trends,2026-08-29T19:23:31Z
Plymouth,Plymouth Belvedere,2026-06,0.0,google_trends,2026-08-29T19:23:31Z
Plymouth,Plymouth Belvedere,2026-07,0.0,google_trends,2026-08-29T19:23:31Z
Plymouth,Plymouth Duster,2025-08,1.2326,google_trends,2026-08-29T19:23:31Z
Plymouth,Plymouth Duster,2025-09,1.2326,google_trends,2026-08-29T19:23:31Z
Plymouth,Plymouth Duster,2025-10,1.2326,google_trends,2026-08-29T19:23:31Z
Plymouth,Plymouth Duster,2025-11,1.2326,google_trends,2026-08-29T19:23:31Z
Plymouth,Plymouth Duster,2025-12,1.2326,google_trends,2026-08-29T19:23:31Z
Plymouth,Plymouth Duster,2026-01,1.2326,google_trends,2026-08-29T19:23:31Z
Plymouth,Plymouth Duster,2026-02,1.2326,google_trends,2026-08-29T19:23:31Z
Plymouth,Plymouth Duster,2026-03,1.2326,google_trends,2026-08-29T19:23:31Z
Plymouth,Plymouth Duster,2026-04,1.2326,google_trends,2026-08-29T19:23:31Z
Plymouth,Plymouth Duster,2026-05,1.2326,google_trends,2026-08-29T19:23:31Z
Plymouth,Plymouth Duster,2026-06,1.2326,google_trends,2026-08-29T19:23:31Z
Plymouth,Plymouth Duster,2026-07,1.2326,google_trends,2026-08-29T19:23:31Z
Plymouth,Plymouth Fury,2025-08,1.2326,google_trends,2026-08-29T19:23:31Z
Plymouth,Plymouth Fury,2025-09,1.2326,google_trends,2026-08-29T19:23:31Z
Plymouth,Plymouth Fury,2025-10,1.2326,google_trends,2026-08-29T19:23:31Z
Plymouth,Plymouth Fury,2025-11,1.2326,google_trends,2026-08-29T19:23:31Z
Plymouth,Plymouth Fury,2025-12,1.2326,google_trends,2026-08-29T19:23:31Z
Plymouth,Plymouth Fury,2026-01,1.2326,google_trends,2026-08-29T19:23:31Z
Plymouth,Plymouth Fury,2026-02,3.0815,google_trends,2026-08-29T19:23:31Z
Plymouth,Plymouth Fury,2026-03,1.2326,google_trends,2026-08-29T19:23:31Z
Plymouth,Plymouth Fury,2026-04,1.8489,google_trends,2026-08-29T19:23:31Z
Plymouth,Plymouth Fury,2026-05,1.2326,google_trends,2026-08-29T19:23:31Z
Plymouth,Plymouth Fury,2026-06,1.2326,google_trends,2026-08-29T19:23:31Z
Plymouth,Plymouth Fury,2026-07,1.2326,google_trends,2026-08-29T19:23:31Z
Plymouth,Plymouth GTX,2025-08,1.2329,google_trends,2026-08-29T19:23:31Z
Plymouth,Plymouth GTX,2025-09,0.9247,google_trends,2026-08-29T19:23:31Z
Plymouth,Plymouth GTX,2025-10,0.3082,google_trends,2026-08-29T19:23:31Z
Plymouth,Plymouth GTX,2025-11,0.4932,google_trends,2026-08-29T19:23:31Z
Plymouth,Plymouth GTX,2025-12,0.6165,google_trends,2026-08-29T19:23:31Z
Plymouth,Plymouth GTX,2026-01,0.3082,google_trends,2026-08-29T19:23:31Z
Plymouth,Plymouth GTX,2026-02,1.2329,google_trends,2026-08-29T19:23:31Z
Plymouth,Plymouth GTX,2026-03,0.7398,google_trends,2026-08-29T19:23:31Z
Plymouth,Plymouth GTX,2026-04,0.9247,google_trends,2026-08-29T19:23:31Z
Plymouth,Plymouth GTX,2026-05,0.9863,google_trends,2026-08-29T19:23:31Z
Plymouth,Plymouth GTX,2026-06,0.9247,google_trends,2026-08-29T19:23:31Z
Plymouth,Plymouth GTX,2026-07,1.2329,google_trends,2026-08-29T19:23:31Z
Plymouth,Plymouth Prowler,2025-08,1.2326,google_trends,2026-08-29T19:23:31Z
Plymouth,Plymouth Prowler,2025-09,1.2326,google_trends,2026-08-29T19:23:31Z
Plymouth,Plymouth Prowler,2025-10,1.2326,google_trends,2026-08-29T19:23:31Z
Plymouth,Plymouth Prowler,2025-11,0.493,google_trends,2026-08-29T19:23:31Z
Plymouth,Plymouth Prowler,2025-12,0.3082,google_trends,2026-08-29T19:23:31Z
Plymouth,Plymouth Prowler,2026-01,0.0,google_trends,2026-08-29T19:23:31Z
Plymouth,Plymouth Prowler,2026-02,0.9245,google_trends,2026-08-29T19:23:31Z
Plymouth,Plymouth Prowler,2026-03,1.2326,google_trends,2026-08-29T19:23:31Z
Plymouth,Plymouth Prowler,2026-04,1.2326,google_trends,2026-08-29T19:23:31Z
Plymouth,Plymouth Prowler,2026-05,1.2326,google_trends,2026-08-29T19:23:31Z
Plymouth,Plymouth Prowler,2026-06,1.2326,google_trends,2026-08-29T19:23:31Z
Plymouth,Plymouth Prowler,2026-07,1.2326,google_trends,2026-08-29T19:23:31Z
Plymouth,Plymouth Road Runner,2025-08,0.493,google_trends,2026-08-29T19:23:31Z
Plymouth,Plymouth Road Runner,2025-09,0.0,google_trends,2026-08-29T19:23:31Z
Plymouth,Plymouth Road Runner,2025-10,0.0,google_trends,2026-08-29T19:23:31Z
Plymouth,Plymouth Road Runner,2025-11,0.0,google_trends,2026-08-29T19:23:31Z
Plymouth,Plymouth Road Runner,2025-12,0.0,google_trends,2026-08-29T19:23:31Z
Plymouth,Plymouth Road Runner,2026-01,0.0,google_trends,2026-08-29T19:23:31Z
Plymouth,Plymouth Road Runner,2026-02,1.2326,google_trends,2026-08-29T19:23:31Z
Plymouth,Plymouth Road Runner,2026-03,0.0,google_trends,2026-08-29T19:23:31Z
Plymouth,Plymouth Road Runner,2026-04,0.0,google_trends,2026-08-29T19:23:31Z
Plymouth,Plymouth Road Runner,2026-05,0.2465,google_trends,2026-08-29T19:23:31Z
Plymouth,Plymouth Road Runner,2026-06,0.6163,google_trends,2026-08-29T19:23:31Z
Plymouth,Plymouth Road Runner,2026-07,0.0,google_trends,2026-08-29T19:23:31Z
Plymouth,Plymouth Satellite,2025-08,0.493,google_trends,2026-08-29T19:23:31Z
Plymouth,Plymouth Satellite,2025-09,0.0,google_trends,2026-08-29T19:23:31Z
Plymouth,Plymouth Satellite,2025-10,0.0,google_trends,2026-08-29T19:23:31Z
Plymouth,Plymouth Satellite,2025-11,0.0,google_trends,2026-08-29T19:23:31Z
Plymouth,Plymouth Satellite,2025-12,0.0,google_trends,2026-08-29T19:23:31Z
Plymouth,Plymouth Satellite,2026-01,0.0,google_trends,2026-08-29T19:23:31Z
Plymouth,Plymouth Satellite,2026-02,0.9245,google_trends,2026-08-29T19:23:31Z
Plymouth,Plymouth Satellite,2026-03,0.493,google_trends,2026-08-29T19:23:31Z
Plymouth,Plymouth Satellite,2026-04,0.9245,google_trends,2026-08-29T19:23:31Z
Plymouth,Plymouth Satellite,2026-05,1.2326,google_trends,2026-08-29T19:23:31Z
Plymouth,Plymouth Satellite,2026-06,0.9245,google_trends,2026-08-29T19:23:31Z
Plymouth,Plymouth Satellite,2026-07,0.6163,google_trends,2026-08-29T19:23:31Z
Plymouth,Plymouth Superbird & Dodge Charger Daytona,2025-08,1.2329,google_trends,2026-08-29T19:23:31Z
Plymouth,Plymouth Superbird & Dodge Charger Daytona,2025-09,1.2329,google_trends,2026-08-29T19:23:31Z
Plymouth,Plymouth Superbird & Dodge Charger Daytona,2025-10,1.2329,google_trends,2026-08-29T19:23:31Z
Plymouth,Plymouth Superbird & Dodge Charger Daytona,2025-11,0.7398,google_trends,2026-08-29T19:23:31Z
Plymouth,Plymouth Superbird & Dodge Charger Daytona,2025-12,1.2329,google_trends,2026-08-29T19:23:31Z
Plymouth,Plymouth Superbird & Dodge Charger Daytona,2026-01,1.2329,google_trends,2026-08-29T19:23:31Z
Plymouth,Plymouth Superbird & Dodge Charger Daytona,2026-02,1.2329,google_trends,2026-08-29T19:23:31Z
Plymouth,Plymouth Superbird & Dodge Charger Daytona,2026-03,1.2329,google_trends,2026-08-29T19:23:31Z
Plymouth,Plymouth Superbird & Dodge Charger Daytona,2026-04,1.2329,google_trends,2026-08-29T19:23:31Z
Plymouth,Plymouth Superbird & Dodge Charger Daytona,2026-05,1.2329,google_trends,2026-08-29T19:23:31Z
Plymouth,Plymouth Superbird & Dodge Charger Daytona,2026-06,1.2329,google_trends,2026-08-29T19:23:31Z
Plymouth,Plymouth Superbird & Dodge Charger Daytona,2026-07,1.2329,google_trends,2026-08-29T19:23:31Z
Plymouth,Plymouth Valiant,2025-08,0.7398,google_trends,2026-08-29T19:23:31Z
Plymouth,Plymouth Valiant,2025-09,0.0,google_trends,2026-08-29T19:23:31Z
Plymouth,Plymouth Valiant,2025-10,0.0,google_trends,2026-08-29T19:23:31Z
Plymouth,Plymouth Valiant,2025-11,0.0,google_trends,2026-08-29T19:23:31Z
Plymouth,Plymouth Valiant,2025-12,0.0,google_trends,2026-08-29T19:23:31Z
Plymouth,Plymouth Valiant,2026-01,0.0,google_trends,2026-08-29T19:23:31Z
Plymouth,Plymouth Valiant,2026-02,0.9247,google_trends,2026-08-29T19:23:31Z
Plymouth,Plymouth Valiant,2026-03,0.4932,google_trends,2026-08-29T19:23:31Z
Plymouth,Plymouth Valiant,2026-04,0.3082,google_trends,2026-08-29T19:23:31Z
Plymouth,Plymouth Valiant,2026-05,0.7398,google_trends,2026-08-29T19:23:31Z
Plymouth,Plymouth Valiant,2026-06,0.0,google_trends,2026-08-29T19:23:31Z
Plymouth,Plymouth Valiant,2026-07,0.3082,google_trends,2026-08-29T19:23:31Z
Plymouth,Plymouth Voyager & Grand Voyager,2025-08,0.0,google_trends,2026-08-29T21:54:49Z
Plymouth,Plymouth Voyager & Grand Voyager,2025-09,0.0,google_trends,2026-08-29T21:54:49Z
Plymouth,Plymouth Voyager & Grand Voyager,2025-10,0.0,google_trends,2026-08-29T21:54:49Z
Plymouth,Plymouth Voyager & Grand Voyager,2025-11,0.0,google_trends,2026-08-29T21:54:49Z
Plymouth,Plymouth Voyager & Grand Voyager,2025-12,0.0,google_trends,2026-08-29T21:54:49Z
Plymouth,Plymouth Voyager & Grand Voyager,2026-01,0.0,google_trends,2026-08-29T21:54:49Z
Plymouth,Plymouth Voyager & Grand Voyager,2026-02,2.129,google_trends,2026-08-29T21:54:49Z
Plymouth,Plymouth Voyager & Grand Voyager,2026-03,0.0,google_trends,2026-08-29T21:54:49Z
Plymouth,Plymouth Voyager & Grand Voyager,2026-04,0.0,google_trends,2026-08-29T21:54:49Z
Plymouth,Plymouth Voyager & Grand Voyager,2026-05,0.2433,google_trends,2026-08-29T21:54:49Z
Plymouth,Plymouth Voyager & Grand Voyager,2026-06,0.0,google_trends,2026-08-29T21:54:49Z
Plymouth,Plymouth Voyager & Grand Voyager,2026-07,0.6083,google_trends,2026-08-29T21:54:49Z
Polaris,POLARIS INDY,2025-08,0.2433,google_trends,2026-08-29T21:54:49Z
Polaris,POLARIS INDY,2025-09,1.2165,google_trends,2026-08-29T21:54:49Z
Polaris,POLARIS INDY,2025-10,1.2165,google_trends,2026-08-29T21:54:49Z
Polaris,POLARIS INDY,2025-11,1.9465,google_trends,2026-08-29T21:54:49Z
Polaris,POLARIS INDY,2025-12,3.3455,google_trends,2026-08-29T21:54:49Z
Polaris,POLARIS INDY,2026-01,3.3455,google_trends,2026-08-29T21:54:49Z
Polaris,POLARIS INDY,2026-02,3.9538,google_trends,2026-08-29T21:54:49Z
Polaris,POLARIS INDY,2026-03,1.4599,google_trends,2026-08-29T21:54:49Z
Polaris,POLARIS INDY,2026-04,1.2165,google_trends,2026-08-29T21:54:49Z
Polaris,POLARIS INDY,2026-05,0.7299,google_trends,2026-08-29T21:54:49Z
Polaris,POLARIS INDY,2026-06,0.3041,google_trends,2026-08-29T21:54:49Z
Polaris,POLARIS INDY,2026-07,0.0,google_trends,2026-08-29T21:54:49Z
Polaris,POLARIS RANGER CREW XP 1000 PREMIUM,2025-08,0.0,google_trends,2026-08-29T21:54:49Z
Polaris,POLARIS RANGER CREW XP 1000 PREMIUM,2025-09,0.0,google_trends,2026-08-29T21:54:49Z
Polaris,POLARIS RANGER CREW XP 1000 PREMIUM,2025-10,0.0,google_trends,2026-08-29T21:54:49Z
Polaris,POLARIS RANGER CREW XP 1000 PREMIUM,2025-11,0.0,google_trends,2026-08-29T21:54:49Z
Polaris,POLARIS RANGER CREW XP 1000 PREMIUM,2025-12,0.0,google_trends,2026-08-29T21:54:49Z
Polaris,POLARIS RANGER CREW XP 1000 PREMIUM,2026-01,0.0,google_trends,2026-08-29T21:54:49Z
Polaris,POLARIS RANGER CREW XP 1000 PREMIUM,2026-02,0.0,google_trends,2026-08-29T21:54:49Z
Polaris,POLARIS RANGER CREW XP 1000 PREMIUM,2026-03,0.0,google_trends,2026-08-29T21:54:49Z
Polaris,POLARIS RANGER CREW XP 1000 PREMIUM,2026-04,0.6083,google_trends,2026-08-29T21:54:49Z
Polaris,POLARIS RANGER CREW XP 1000 PREMIUM,2026-05,0.0,google_trends,2026-08-29T21:54:49Z
Polaris,POLARIS RANGER CREW XP 1000 PREMIUM,2026-06,0.0,google_trends,2026-08-29T21:54:49Z
Polaris,POLARIS RANGER CREW XP 1000 PREMIUM,2026-07,0.0,google_trends,2026-08-29T21:54:49Z
Polaris,POLARIS SPORTSMAN XP,2025-08,0.2433,google_trends,2026-08-29T21:54:49Z
Polaris,POLARIS SPORTSMAN XP,2025-09,0.0,google_trends,2026-08-29T21:54:49Z
Polaris,POLARIS SPORTSMAN XP,2025-10,0.0,google_trends,2026-08-29T21:54:49Z
Polaris,POLARIS SPORTSMAN XP,2025-11,0.0,google_trends,2026-08-29T21:54:49Z
Polaris,POLARIS SPORTSMAN XP,2025-12,0.0,google_trends,2026-08-29T21:54:49Z
Polaris,POLARIS SPORTSMAN XP,2026-01,0.0,google_trends,2026-08-29T21:54:49Z
Polaris,POLARIS SPORTSMAN XP,2026-02,0.9124,google_trends,2026-08-29T21:54:49Z
Polaris,POLARIS SPORTSMAN XP,2026-03,0.4866,google_trends,2026-08-29T21:54:49Z
Polaris,POLARIS SPORTSMAN XP,2026-04,0.9124,google_trends,2026-08-29T21:54:49Z
Polaris,POLARIS SPORTSMAN XP,2026-05,0.4866,google_trends,2026-08-29T21:54:49Z
Polaris,POLARIS SPORTSMAN XP,2026-06,0.6083,google_trends,2026-08-29T21:54:49Z
Polaris,POLARIS SPORTSMAN XP,2026-07,0.0,google_trends,2026-08-29T21:54:49Z
Polaris,Polaris RZR,2025-08,11.836,google_trends,2026-08-29T19:23:31Z
Polaris,Polaris RZR,2025-09,10.4798,google_trends,2026-08-29T19:23:31Z
Polaris,Polaris RZR,2025-10,10.788,google_trends,2026-08-29T19:23:31Z
Polaris,Polaris RZR,2025-11,9.8634,google_trends,2026-08-29T19:23:31Z
Polaris,Polaris RZR,2025-12,9.5551,google_trends,2026-08-29T19:23:31Z
Polaris,Polaris RZR,2026-01,9.2469,google_trends,2026-08-29T19:23:31Z
Polaris,Polaris RZR,2026-02,21.2679,google_trends,2026-08-29T19:23:31Z
Polaris,Polaris RZR,2026-03,13.5621,google_trends,2026-08-29T19:23:31Z
Polaris,Polaris RZR,2026-04,16.3362,google_trends,2026-08-29T19:23:31Z
Polaris,Polaris RZR,2026-05,14.795,google_trends,2026-08-29T19:23:31Z
Polaris,Polaris RZR,2026-06,13.5621,google_trends,2026-08-29T19:23:31Z
Polaris,Polaris RZR,2026-07,11.0963,google_trends,2026-08-29T19:23:31Z
Polestar,POLESTAR 1 POLESTAR,2025-08,2.1898,google_trends,2026-08-29T21:54:49Z
Polestar,POLESTAR 1 POLESTAR,2025-09,1.5207,google_trends,2026-08-29T21:54:49Z
Polestar,POLESTAR 1 POLESTAR,2025-10,1.2165,google_trends,2026-08-29T21:54:49Z
Polestar,POLESTAR 1 POLESTAR,2025-11,1.9465,google_trends,2026-08-29T21:54:49Z
Polestar,POLESTAR 1 POLESTAR,2025-12,1.5207,google_trends,2026-08-29T21:54:49Z
Polestar,POLESTAR 1 POLESTAR,2026-01,1.8248,google_trends,2026-08-29T21:54:49Z
Polestar,POLESTAR 1 POLESTAR,2026-02,1.5207,google_trends,2026-08-29T21:54:49Z
Polestar,POLESTAR 1 POLESTAR,2026-03,2.1898,google_trends,2026-08-29T21:54:49Z
Polestar,POLESTAR 1 POLESTAR,2026-04,2.129,google_trends,2026-08-29T21:54:49Z
Polestar,POLESTAR 1 POLESTAR,2026-05,2.1898,google_trends,2026-08-29T21:54:49Z
Polestar,POLESTAR 1 POLESTAR,2026-06,2.4331,google_trends,2026-08-29T21:54:49Z
Polestar,POLESTAR 1 POLESTAR,2026-07,1.5207,google_trends,2026-08-29T21:54:49Z
Pontiac,PONTIAC AZTEK,2025-08,1.2165,google_trends,2026-08-29T21:54:49Z
Pontiac,PONTIAC AZTEK,2025-09,1.2165,google_trends,2026-08-29T21:54:49Z
Pontiac,PONTIAC AZTEK,2025-10,1.2165,google_trends,2026-08-29T21:54:49Z
Pontiac,PONTIAC AZTEK,2025-11,1.2165,google_trends,2026-08-29T21:54:49Z
Pontiac,PONTIAC AZTEK,2025-12,1.2165,google_trends,2026-08-29T21:54:49Z
Pontiac,PONTIAC AZTEK,2026-01,1.2165,google_trends,2026-08-29T21:54:49Z
Pontiac,PONTIAC AZTEK,2026-02,1.8248,google_trends,2026-08-29T21:54:49Z
Pontiac,PONTIAC AZTEK,2026-03,1.2165,google_trends,2026-08-29T21:54:49Z
Pontiac,PONTIAC AZTEK,2026-04,1.2165,google_trends,2026-08-29T21:54:49Z
Pontiac,PONTIAC AZTEK,2026-05,1.2165,google_trends,2026-08-29T21:54:49Z
Pontiac,PONTIAC AZTEK,2026-06,1.2165,google_trends,2026-08-29T21:54:49Z
Pontiac,PONTIAC AZTEK,2026-07,1.2165,google_trends,2026-08-29T21:54:49Z
Pontiac,PONTIAC G6,2025-08,4.8662,google_trends,2026-08-29T21:54:49Z
Pontiac,PONTIAC G6,2025-09,3.6496,google_trends,2026-08-29T21:54:49Z
Pontiac,PONTIAC G6,2025-10,3.6496,google_trends,2026-08-29T21:54:49Z
Pontiac,PONTIAC G6,2025-11,3.8929,google_trends,2026-08-29T21:54:49Z
Pontiac,PONTIAC G6,2025-12,3.6496,google_trends,2026-08-29T21:54:49Z
Pontiac,PONTIAC G6,2026-01,3.6496,google_trends,2026-08-29T21:54:49Z
Pontiac,PONTIAC G6,2026-02,5.1703,google_trends,2026-08-29T21:54:49Z
Pontiac,PONTIAC G6,2026-03,4.8662,google_trends,2026-08-29T21:54:49Z
Pontiac,PONTIAC G6,2026-04,4.562,google_trends,2026-08-29T21:54:49Z
Pontiac,PONTIAC G6,2026-05,4.8662,google_trends,2026-08-29T21:54:49Z
Pontiac,PONTIAC G6,2026-06,4.2579,google_trends,2026-08-29T21:54:49Z
Pontiac,PONTIAC G6,2026-07,4.8662,google_trends,2026-08-29T21:54:49Z
Pontiac,PONTIAC GRAND AM,2025-08,1.2165,google_trends,2026-08-29T21:54:49Z
Pontiac,PONTIAC GRAND AM,2025-09,1.2165,google_trends,2026-08-29T21:54:49Z
Pontiac,PONTIAC GRAND AM,2025-10,1.2165,google_trends,2026-08-29T21:54:49Z
Pontiac,PONTIAC GRAND AM,2025-11,1.4599,google_trends,2026-08-29T21:54:49Z
Pontiac,PONTIAC GRAND AM,2025-12,1.2165,google_trends,2026-08-29T21:54:49Z
Pontiac,PONTIAC GRAND AM,2026-01,1.2165,google_trends,2026-08-29T21:54:49Z
Pontiac,PONTIAC GRAND AM,2026-02,3.6496,google_trends,2026-08-29T21:54:49Z
Pontiac,PONTIAC GRAND AM,2026-03,1.4599,google_trends,2026-08-29T21:54:49Z
Pontiac,PONTIAC GRAND AM,2026-04,1.8248,google_trends,2026-08-29T21:54:49Z
Pontiac,PONTIAC GRAND AM,2026-05,1.4599,google_trends,2026-08-29T21:54:49Z
Pontiac,PONTIAC GRAND AM,2026-06,1.2165,google_trends,2026-08-29T21:54:49Z
Pontiac,PONTIAC GRAND AM,2026-07,1.5207,google_trends,2026-08-29T21:54:49Z
Pontiac,PONTIAC GRAND PRIX,2025-08,4.3796,google_trends,2026-08-29T21:54:49Z
Pontiac,PONTIAC GRAND PRIX,2025-09,3.6496,google_trends,2026-08-29T21:54:49Z
Pontiac,PONTIAC GRAND PRIX,2025-10,3.9538,google_trends,2026-08-29T21:54:49Z
Pontiac,PONTIAC GRAND PRIX,2025-11,3.6496,google_trends,2026-08-29T21:54:49Z
Pontiac,PONTIAC GRAND PRIX,2025-12,3.6496,google_trends,2026-08-29T21:54:49Z
Pontiac,PONTIAC GRAND PRIX,2026-01,3.3455,google_trends,2026-08-29T21:54:49Z
Pontiac,PONTIAC GRAND PRIX,2026-02,7.6034,google_trends,2026-08-29T21:54:49Z
Pontiac,PONTIAC GRAND PRIX,2026-03,4.1363,google_trends,2026-08-29T21:54:49Z
Pontiac,PONTIAC GRAND PRIX,2026-04,4.8662,google_trends,2026-08-29T21:54:49Z
Pontiac,PONTIAC GRAND PRIX,2026-05,4.8662,google_trends,2026-08-29T21:54:49Z
Pontiac,PONTIAC GRAND PRIX,2026-06,3.9538,google_trends,2026-08-29T21:54:49Z
Pontiac,PONTIAC GRAND PRIX,2026-07,4.2579,google_trends,2026-08-29T21:54:49Z
Pontiac,PONTIAC SUNFIRE,2025-08,1.2165,google_trends,2026-08-29T21:54:49Z
Pontiac,PONTIAC SUNFIRE,2025-09,1.2165,google_trends,2026-08-29T21:54:49Z
Pontiac,PONTIAC SUNFIRE,2025-10,1.2165,google_trends,2026-08-29T21:54:49Z
Pontiac,PONTIAC SUNFIRE,2025-11,1.2165,google_trends,2026-08-29T21:54:49Z
Pontiac,PONTIAC SUNFIRE,2025-12,1.2165,google_trends,2026-08-29T21:54:49Z
Pontiac,PONTIAC SUNFIRE,2026-01,1.2165,google_trends,2026-08-29T21:54:49Z
Pontiac,PONTIAC SUNFIRE,2026-02,2.129,google_trends,2026-08-29T21:54:49Z
Pontiac,PONTIAC SUNFIRE,2026-03,1.2165,google_trends,2026-08-29T21:54:49Z
Pontiac,PONTIAC SUNFIRE,2026-04,1.2165,google_trends,2026-08-29T21:54:49Z
Pontiac,PONTIAC SUNFIRE,2026-05,1.2165,google_trends,2026-08-29T21:54:49Z
Pontiac,PONTIAC SUNFIRE,2026-06,1.2165,google_trends,2026-08-29T21:54:49Z
Pontiac,PONTIAC SUNFIRE,2026-07,1.2165,google_trends,2026-08-29T21:54:49Z
Pontiac,PONTIAC TRANS SPORT,2025-08,0.0,google_trends,2026-08-29T21:54:49Z
Pontiac,PONTIAC TRANS SPORT,2025-09,0.0,google_trends,2026-08-29T21:54:49Z
Pontiac,PONTIAC TRANS SPORT,2025-10,0.0,google_trends,2026-08-29T21:54:49Z
Pontiac,PONTIAC TRANS SPORT,2025-11,0.0,google_trends,2026-08-29T21:54:49Z
Pontiac,PONTIAC TRANS SPORT,2025-12,0.0,google_trends,2026-08-29T21:54:49Z
Pontiac,PONTIAC TRANS SPORT,2026-01,0.0,google_trends,2026-08-29T21:54:49Z
Pontiac,PONTIAC TRANS SPORT,2026-02,0.9124,google_trends,2026-08-29T21:54:49Z
Pontiac,PONTIAC TRANS SPORT,2026-03,0.0,google_trends,2026-08-29T21:54:49Z
Pontiac,PONTIAC TRANS SPORT,2026-04,0.0,google_trends,2026-08-29T21:54:49Z
Pontiac,PONTIAC TRANS SPORT,2026-05,0.0,google_trends,2026-08-29T21:54:49Z
Pontiac,PONTIAC TRANS SPORT,2026-06,0.0,google_trends,2026-08-29T21:54:49Z
Pontiac,PONTIAC TRANS SPORT,2026-07,0.0,google_trends,2026-08-29T21:54:49Z
Pontiac,PONTIAC VIBE,2025-08,3.6496,google_trends,2026-08-29T21:54:49Z
Pontiac,PONTIAC VIBE,2025-09,3.3455,google_trends,2026-08-29T21:54:49Z
Pontiac,PONTIAC VIBE,2025-10,3.3455,google_trends,2026-08-29T21:54:49Z
Pontiac,PONTIAC VIBE,2025-11,2.6764,google_trends,2026-08-29T21:54:49Z
Pontiac,PONTIAC VIBE,2025-12,2.4331,google_trends,2026-08-29T21:54:49Z
Pontiac,PONTIAC VIBE,2026-01,2.7372,google_trends,2026-08-29T21:54:49Z
Pontiac,PONTIAC VIBE,2026-02,4.562,google_trends,2026-08-29T21:54:49Z
Pontiac,PONTIAC VIBE,2026-03,3.8929,google_trends,2026-08-29T21:54:49Z
Pontiac,PONTIAC VIBE,2026-04,4.2579,google_trends,2026-08-29T21:54:49Z
Pontiac,PONTIAC VIBE,2026-05,3.8929,google_trends,2026-08-29T21:54:49Z
Pontiac,PONTIAC VIBE,2026-06,3.6496,google_trends,2026-08-29T21:54:49Z
Pontiac,PONTIAC VIBE,2026-07,3.6496,google_trends,2026-08-29T21:54:49Z
Pontiac,Pontiac Bonneville,2025-08,1.2326,google_trends,2026-08-29T19:23:31Z
Pontiac,Pontiac Bonneville,2025-09,1.2326,google_trends,2026-08-29T19:23:31Z
Pontiac,Pontiac Bonneville,2025-10,1.2326,google_trends,2026-08-29T19:23:31Z
Pontiac,Pontiac Bonneville,2025-11,1.2326,google_trends,2026-08-29T19:23:31Z
Pontiac,Pontiac Bonneville,2025-12,1.2326,google_trends,2026-08-29T19:23:31Z
Pontiac,Pontiac Bonneville,2026-01,1.2326,google_trends,2026-08-29T19:23:31Z
Pontiac,Pontiac Bonneville,2026-02,2.4652,google_trends,2026-08-29T19:23:31Z
Pontiac,Pontiac Bonneville,2026-03,1.4791,google_trends,2026-08-29T19:23:31Z
Pontiac,Pontiac Bonneville,2026-04,2.4652,google_trends,2026-08-29T19:23:31Z
Pontiac,Pontiac Bonneville,2026-05,2.4652,google_trends,2026-08-29T19:23:31Z
Pontiac,Pontiac Bonneville,2026-06,1.5408,google_trends,2026-08-29T19:23:31Z
Pontiac,Pontiac Bonneville,2026-07,1.2326,google_trends,2026-08-29T19:23:31Z
Pontiac,Pontiac Catalina,2025-08,0.7396,google_trends,2026-08-29T19:23:31Z
Pontiac,Pontiac Catalina,2025-09,0.0,google_trends,2026-08-29T19:23:31Z
Pontiac,Pontiac Catalina,2025-10,0.3082,google_trends,2026-08-29T19:23:31Z
Pontiac,Pontiac Catalina,2025-11,0.2465,google_trends,2026-08-29T19:23:31Z
Pontiac,Pontiac Catalina,2025-12,0.3082,google_trends,2026-08-29T19:23:31Z
Pontiac,Pontiac Catalina,2026-01,0.0,google_trends,2026-08-29T19:23:31Z
Pontiac,Pontiac Catalina,2026-02,1.5408,google_trends,2026-08-29T19:23:31Z
Pontiac,Pontiac Catalina,2026-03,0.9861,google_trends,2026-08-29T19:23:31Z
Pontiac,Pontiac Catalina,2026-04,1.5408,google_trends,2026-08-29T19:23:31Z
Pontiac,Pontiac Catalina,2026-05,1.2326,google_trends,2026-08-29T19:23:31Z
Pontiac,Pontiac Catalina,2026-06,0.9245,google_trends,2026-08-29T19:23:31Z
Pontiac,Pontiac Catalina,2026-07,0.9245,google_trends,2026-08-29T19:23:31Z
Pontiac,Pontiac Fiero,2025-08,1.2326,google_trends,2026-08-29T19:23:31Z
Pontiac,Pontiac Fiero,2025-09,1.2326,google_trends,2026-08-29T19:23:31Z
Pontiac,Pontiac Fiero,2025-10,1.2326,google_trends,2026-08-29T19:23:31Z
Pontiac,Pontiac Fiero,2025-11,1.2326,google_trends,2026-08-29T19:23:31Z
Pontiac,Pontiac Fiero,2025-12,1.2326,google_trends,2026-08-29T19:23:31Z
Pontiac,Pontiac Fiero,2026-01,1.2326,google_trends,2026-08-29T19:23:31Z
Pontiac,Pontiac Fiero,2026-02,1.5408,google_trends,2026-08-29T19:23:31Z
Pontiac,Pontiac Fiero,2026-03,1.2326,google_trends,2026-08-29T19:23:31Z
Pontiac,Pontiac Fiero,2026-04,1.2326,google_trends,2026-08-29T19:23:31Z
Pontiac,Pontiac Fiero,2026-05,1.4791,google_trends,2026-08-29T19:23:31Z
Pontiac,Pontiac Fiero,2026-06,1.2326,google_trends,2026-08-29T19:23:31Z
Pontiac,Pontiac Fiero,2026-07,1.2326,google_trends,2026-08-29T19:23:31Z
Pontiac,Pontiac Firebird,2025-08,6.899,google_trends,2026-08-29T19:23:31Z
Pontiac,Pontiac Firebird,2025-09,7.3918,google_trends,2026-08-29T19:23:31Z
Pontiac,Pontiac Firebird,2025-10,6.1598,google_trends,2026-08-29T19:23:31Z
Pontiac,Pontiac Firebird,2025-11,6.1598,google_trends,2026-08-29T19:23:31Z
Pontiac,Pontiac Firebird,2025-12,5.8519,google_trends,2026-08-29T19:23:31Z
Pontiac,Pontiac Firebird,2026-01,7.3918,google_trends,2026-08-29T19:23:31Z
Pontiac,Pontiac Firebird,2026-02,12.0117,google_trends,2026-08-29T19:23:31Z
Pontiac,Pontiac Firebird,2026-03,9.363,google_trends,2026-08-29T19:23:31Z
Pontiac,Pontiac Firebird,2026-04,8.9318,google_trends,2026-08-29T19:23:31Z
Pontiac,Pontiac Firebird,2026-05,9.363,google_trends,2026-08-29T19:23:31Z
Pontiac,Pontiac Firebird,2026-06,8.3158,google_trends,2026-08-29T19:23:31Z
Pontiac,Pontiac Firebird,2026-07,8.3158,google_trends,2026-08-29T19:23:31Z
Pontiac,Pontiac G8,2025-08,2.4652,google_trends,2026-08-29T19:23:31Z
Pontiac,Pontiac G8,2025-09,2.4652,google_trends,2026-08-29T19:23:31Z
Pontiac,Pontiac G8,2025-10,2.4652,google_trends,2026-08-29T19:23:31Z
Pontiac,Pontiac G8,2025-11,2.4652,google_trends,2026-08-29T19:23:31Z
Pontiac,Pontiac G8,2025-12,2.1571,google_trends,2026-08-29T19:23:31Z
Pontiac,Pontiac G8,2026-01,2.4652,google_trends,2026-08-29T19:23:31Z
Pontiac,Pontiac G8,2026-02,2.7734,google_trends,2026-08-29T19:23:31Z
Pontiac,Pontiac G8,2026-03,2.4652,google_trends,2026-08-29T19:23:31Z
Pontiac,Pontiac G8,2026-04,2.4652,google_trends,2026-08-29T19:23:31Z
Pontiac,Pontiac G8,2026-05,2.4652,google_trends,2026-08-29T19:23:31Z
Pontiac,Pontiac G8,2026-06,2.4652,google_trends,2026-08-29T19:23:31Z
Pontiac,Pontiac G8,2026-07,2.4652,google_trends,2026-08-29T19:23:31Z
Pontiac,Pontiac GTO,2025-08,4.1363,google_trends,2026-08-29T21:54:49Z
Pontiac,Pontiac GTO,2025-09,3.6496,google_trends,2026-08-29T21:54:49Z
Pontiac,Pontiac GTO,2025-10,3.9538,google_trends,2026-08-29T21:54:49Z
Pontiac,Pontiac GTO,2025-11,3.8929,google_trends,2026-08-29T21:54:49Z
Pontiac,Pontiac GTO,2025-12,3.6496,google_trends,2026-08-29T21:54:49Z
Pontiac,Pontiac GTO,2026-01,3.6496,google_trends,2026-08-29T21:54:49Z
Pontiac,Pontiac GTO,2026-02,6.0827,google_trends,2026-08-29T21:54:49Z
Pontiac,Pontiac GTO,2026-03,4.1363,google_trends,2026-08-29T21:54:49Z
Pontiac,Pontiac GTO,2026-04,5.1703,google_trends,2026-08-29T21:54:49Z
Pontiac,Pontiac GTO,2026-05,5.1095,google_trends,2026-08-29T21:54:49Z
Pontiac,Pontiac GTO,2026-06,3.9538,google_trends,2026-08-29T21:54:49Z
Pontiac,Pontiac GTO,2026-07,3.9538,google_trends,2026-08-29T21:54:49Z
Pontiac,Pontiac Grand Am,2025-08,1.2165,google_trends,2026-08-29T21:54:49Z
Pontiac,Pontiac Grand Am,2025-09,1.2165,google_trends,2026-08-29T21:54:49Z
Pontiac,Pontiac Grand Am,2025-10,1.2165,google_trends,2026-08-29T21:54:49Z
Pontiac,Pontiac Grand Am,2025-11,1.4599,google_trends,2026-08-29T21:54:49Z
Pontiac,Pontiac Grand Am,2025-12,1.2165,google_trends,2026-08-29T21:54:49Z
Pontiac,Pontiac Grand Am,2026-01,1.2165,google_trends,2026-08-29T21:54:49Z
Pontiac,Pontiac Grand Am,2026-02,3.6496,google_trends,2026-08-29T21:54:49Z
Pontiac,Pontiac Grand Am,2026-03,1.4599,google_trends,2026-08-29T21:54:49Z
Pontiac,Pontiac Grand Am,2026-04,1.8248,google_trends,2026-08-29T21:54:49Z
Pontiac,Pontiac Grand Am,2026-05,1.4599,google_trends,2026-08-29T21:54:49Z
Pontiac,Pontiac Grand Am,2026-06,1.2165,google_trends,2026-08-29T21:54:49Z
Pontiac,Pontiac Grand Am,2026-07,1.5207,google_trends,2026-08-29T21:54:49Z
Pontiac,Pontiac Grand Prix,2025-08,4.1908,google_trends,2026-08-29T19:23:31Z
Pontiac,Pontiac Grand Prix,2025-09,3.6978,google_trends,2026-08-29T19:23:31Z
Pontiac,Pontiac Grand Prix,2025-10,4.006,google_trends,2026-08-29T19:23:31Z
Pontiac,Pontiac Grand Prix,2025-11,3.6978,google_trends,2026-08-29T19:23:31Z
Pontiac,Pontiac Grand Prix,2025-12,3.6978,google_trends,2026-08-29T19:23:31Z
Pontiac,Pontiac Grand Prix,2026-01,3.3897,google_trends,2026-08-29T19:23:31Z
Pontiac,Pontiac Grand Prix,2026-02,7.7038,google_trends,2026-08-29T19:23:31Z
Pontiac,Pontiac Grand Prix,2026-03,4.1908,google_trends,2026-08-29T19:23:31Z
Pontiac,Pontiac Grand Prix,2026-04,4.9304,google_trends,2026-08-29T19:23:31Z
Pontiac,Pontiac Grand Prix,2026-05,4.6839,google_trends,2026-08-29T19:23:31Z
Pontiac,Pontiac Grand Prix,2026-06,4.006,google_trends,2026-08-29T19:23:31Z
Pontiac,Pontiac Grand Prix,2026-07,4.3141,google_trends,2026-08-29T19:23:31Z
Pontiac,Pontiac Parisienne,2025-08,0.0,google_trends,2026-08-29T21:54:49Z
Pontiac,Pontiac Parisienne,2025-09,0.0,google_trends,2026-08-29T21:54:49Z
Pontiac,Pontiac Parisienne,2025-10,0.0,google_trends,2026-08-29T21:54:49Z
Pontiac,Pontiac Parisienne,2025-11,0.0,google_trends,2026-08-29T21:54:49Z
Pontiac,Pontiac Parisienne,2025-12,0.0,google_trends,2026-08-29T21:54:49Z
Pontiac,Pontiac Parisienne,2026-01,0.0,google_trends,2026-08-29T21:54:49Z
Pontiac,Pontiac Parisienne,2026-02,0.9124,google_trends,2026-08-29T21:54:49Z
Pontiac,Pontiac Parisienne,2026-03,0.0,google_trends,2026-08-29T21:54:49Z
Pontiac,Pontiac Parisienne,2026-04,0.0,google_trends,2026-08-29T21:54:49Z
Pontiac,Pontiac Parisienne,2026-05,0.0,google_trends,2026-08-29T21:54:49Z
Pontiac,Pontiac Parisienne,2026-06,0.0,google_trends,2026-08-29T21:54:49Z
Pontiac,Pontiac Parisienne,2026-07,0.0,google_trends,2026-08-29T21:54:49Z
Pontiac,Pontiac Safari,2025-08,0.0,google_trends,2026-08-29T19:23:31Z
Pontiac,Pontiac Safari,2025-09,0.0,google_trends,2026-08-29T19:23:31Z
Pontiac,Pontiac Safari,2025-10,0.0,google_trends,2026-08-29T19:23:31Z
Pontiac,Pontiac Safari,2025-11,0.0,google_trends,2026-08-29T19:23:31Z
Pontiac,Pontiac Safari,2025-12,0.0,google_trends,2026-08-29T19:23:31Z
Pontiac,Pontiac Safari,2026-01,0.0,google_trends,2026-08-29T19:23:31Z
Pontiac,Pontiac Safari,2026-02,0.6165,google_trends,2026-08-29T19:23:31Z
Pontiac,Pontiac Safari,2026-03,0.0,google_trends,2026-08-29T19:23:31Z
Pontiac,Pontiac Safari,2026-04,0.0,google_trends,2026-08-29T19:23:31Z
Pontiac,Pontiac Safari,2026-05,0.0,google_trends,2026-08-29T19:23:31Z
Pontiac,Pontiac Safari,2026-06,0.0,google_trends,2026-08-29T19:23:31Z
Pontiac,Pontiac Safari,2026-07,0.0,google_trends,2026-08-29T19:23:31Z
Pontiac,Pontiac Solstice,2025-08,2.2187,google_trends,2026-08-29T19:23:31Z
Pontiac,Pontiac Solstice,2025-09,1.5408,google_trends,2026-08-29T19:23:31Z
Pontiac,Pontiac Solstice,2025-10,1.2326,google_trends,2026-08-29T19:23:31Z
Pontiac,Pontiac Solstice,2025-11,1.2326,google_trends,2026-08-29T19:23:31Z
Pontiac,Pontiac Solstice,2025-12,1.2326,google_trends,2026-08-29T19:23:31Z
Pontiac,Pontiac Solstice,2026-01,1.2326,google_trends,2026-08-29T19:23:31Z
Pontiac,Pontiac Solstice,2026-02,2.1571,google_trends,2026-08-29T19:23:31Z
Pontiac,Pontiac Solstice,2026-03,1.9722,google_trends,2026-08-29T19:23:31Z
Pontiac,Pontiac Solstice,2026-04,2.4652,google_trends,2026-08-29T19:23:31Z
Pontiac,Pontiac Solstice,2026-05,2.7117,google_trends,2026-08-29T19:23:31Z
Pontiac,Pontiac Solstice,2026-06,2.4652,google_trends,2026-08-29T19:23:31Z
Pontiac,Pontiac Solstice,2026-07,2.1571,google_trends,2026-08-29T19:23:31Z
Porsche,356 Speedster,2025-08,0.493,google_trends,2026-08-29T19:23:31Z
Porsche,356 Speedster,2025-09,0.3082,google_trends,2026-08-29T19:23:31Z
Porsche,356 Speedster,2025-10,0.0,google_trends,2026-08-29T19:23:31Z
Porsche,356 Speedster,2025-11,0.0,google_trends,2026-08-29T19:23:31Z
Porsche,356 Speedster,2025-12,0.0,google_trends,2026-08-29T19:23:31Z
Porsche,356 Speedster,2026-01,0.0,google_trends,2026-08-29T19:23:31Z
Porsche,356 Speedster,2026-02,0.0,google_trends,2026-08-29T19:23:31Z
Porsche,356 Speedster,2026-03,0.493,google_trends,2026-08-29T19:23:31Z
Porsche,356 Speedster,2026-04,1.2326,google_trends,2026-08-29T19:23:31Z
Porsche,356 Speedster,2026-05,0.7396,google_trends,2026-08-29T19:23:31Z
Porsche,356 Speedster,2026-06,0.6163,google_trends,2026-08-29T19:23:31Z
Porsche,356 Speedster,2026-07,0.0,google_trends,2026-08-29T19:23:31Z
Porsche,912,2025-08,1.232,google_trends,2026-08-29T19:23:31Z
Porsche,912,2025-09,1.232,google_trends,2026-08-29T19:23:31Z
Porsche,912,2025-10,1.232,google_trends,2026-08-29T19:23:31Z
Porsche,912,2025-11,1.232,google_trends,2026-08-29T19:23:31Z
Porsche,912,2025-12,1.232,google_trends,2026-08-29T19:23:31Z
Porsche,912,2026-01,1.848,google_trends,2026-08-29T19:23:31Z
Porsche,912,2026-02,1.848,google_trends,2026-08-29T19:23:31Z
Porsche,912,2026-03,1.4784,google_trends,2026-08-29T19:23:31Z
Porsche,912,2026-04,1.54,google_trends,2026-08-29T19:23:31Z
Porsche,912,2026-05,1.232,google_trends,2026-08-29T19:23:31Z
Porsche,912,2026-06,1.232,google_trends,2026-08-29T19:23:31Z
Porsche,912,2026-07,1.232,google_trends,2026-08-29T19:23:31Z
Porsche,924,2025-08,2.4652,google_trends,2026-08-29T19:23:31Z
Porsche,924,2025-09,2.4652,google_trends,2026-08-29T19:23:31Z
Porsche,924,2025-10,2.4652,google_trends,2026-08-29T19:23:31Z
Porsche,924,2025-11,2.4652,google_trends,2026-08-29T19:23:31Z
Porsche,924,2025-12,2.4652,google_trends,2026-08-29T19:23:31Z
Porsche,924,2026-01,2.4652,google_trends,2026-08-29T19:23:31Z
Porsche,924,2026-02,2.4652,google_trends,2026-08-29T19:23:31Z
Porsche,924,2026-03,2.4652,google_trends,2026-08-29T19:23:31Z
Porsche,924,2026-04,2.4652,google_trends,2026-08-29T19:23:31Z
Porsche,924,2026-05,2.4652,google_trends,2026-08-29T19:23:31Z
Porsche,924,2026-06,2.4652,google_trends,2026-08-29T19:23:31Z
Porsche,924,2026-07,2.7734,google_trends,2026-08-29T19:23:31Z
Porsche,928,2025-08,2.9567,google_trends,2026-08-29T19:23:31Z
Porsche,928,2025-09,3.3879,google_trends,2026-08-29T19:23:31Z
Porsche,928,2025-10,2.7719,google_trends,2026-08-29T19:23:31Z
Porsche,928,2025-11,2.9567,google_trends,2026-08-29T19:23:31Z
Porsche,928,2025-12,2.7719,google_trends,2026-08-29T19:23:31Z
Porsche,928,2026-01,3.0799,google_trends,2026-08-29T19:23:31Z
Porsche,928,2026-02,3.6959,google_trends,2026-08-29T19:23:31Z
Porsche,928,2026-03,2.7103,google_trends,2026-08-29T19:23:31Z
Porsche,928,2026-04,2.7719,google_trends,2026-08-29T19:23:31Z
Porsche,928,2026-05,3.6959,google_trends,2026-08-29T19:23:31Z
Porsche,928,2026-06,3.6959,google_trends,2026-08-29T19:23:31Z
Porsche,928,2026-07,3.3879,google_trends,2026-08-29T19:23:31Z
Porsche,930 Turbo,2025-08,1.232,google_trends,2026-08-29T19:23:31Z
Porsche,930 Turbo,2025-09,1.232,google_trends,2026-08-29T19:23:31Z
Porsche,930 Turbo,2025-10,1.232,google_trends,2026-08-29T19:23:31Z
Porsche,930 Turbo,2025-11,1.232,google_trends,2026-08-29T19:23:31Z
Porsche,930 Turbo,2025-12,1.232,google_trends,2026-08-29T19:23:31Z
Porsche,930 Turbo,2026-01,1.232,google_trends,2026-08-29T19:23:31Z
Porsche,930 Turbo,2026-02,1.232,google_trends,2026-08-29T19:23:31Z
Porsche,930 Turbo,2026-03,1.232,google_trends,2026-08-29T19:23:31Z
Porsche,930 Turbo,2026-04,1.232,google_trends,2026-08-29T19:23:31Z
Porsche,930 Turbo,2026-05,1.232,google_trends,2026-08-29T19:23:31Z
Porsche,930 Turbo,2026-06,1.232,google_trends,2026-08-29T19:23:31Z
Porsche,930 Turbo,2026-07,1.232,google_trends,2026-08-29T19:23:31Z
Porsche,934 & 935,2025-08,0.0,google_trends,2026-08-29T21:54:49Z
Porsche,934 & 935,2025-09,0.0,google_trends,2026-08-29T21:54:49Z
Porsche,934 & 935,2025-10,0.0,google_trends,2026-08-29T21:54:49Z
Porsche,934 & 935,2025-11,0.0,google_trends,2026-08-29T21:54:49Z
Porsche,934 & 935,2025-12,0.0,google_trends,2026-08-29T21:54:49Z
Porsche,934 & 935,2026-01,0.3041,google_trends,2026-08-29T21:54:49Z
Porsche,934 & 935,2026-02,0.0,google_trends,2026-08-29T21:54:49Z
Porsche,934 & 935,2026-03,0.2433,google_trends,2026-08-29T21:54:49Z
Porsche,934 & 935,2026-04,0.0,google_trends,2026-08-29T21:54:49Z
Porsche,934 & 935,2026-05,0.0,google_trends,2026-08-29T21:54:49Z
Porsche,934 & 935,2026-06,0.0,google_trends,2026-08-29T21:54:49Z
Porsche,934 & 935,2026-07,0.0,google_trends,2026-08-29T21:54:49Z
Porsche,944,2025-08,6.1598,google_trends,2026-08-29T19:23:31Z
Porsche,944,2025-09,6.1598,google_trends,2026-08-29T19:23:31Z
Porsche,944,2025-10,5.8519,google_trends,2026-08-29T19:23:31Z
Porsche,944,2025-11,4.9279,google_trends,2026-08-29T19:23:31Z
Porsche,944,2025-12,5.2359,google_trends,2026-08-29T19:23:31Z
Porsche,944,2026-01,4.9279,google_trends,2026-08-29T19:23:31Z
Porsche,944,2026-02,5.8519,google_trends,2026-08-29T19:23:31Z
Porsche,944,2026-03,5.1743,google_trends,2026-08-29T19:23:31Z
Porsche,944,2026-04,6.1598,google_trends,2026-08-29T19:23:31Z
Porsche,944,2026-05,6.4062,google_trends,2026-08-29T19:23:31Z
Porsche,944,2026-06,6.1598,google_trends,2026-08-29T19:23:31Z
Porsche,944,2026-07,6.4678,google_trends,2026-08-29T19:23:31Z
Porsche,944 Turbo,2025-08,1.232,google_trends,2026-08-29T19:23:31Z
Porsche,944 Turbo,2025-09,1.232,google_trends,2026-08-29T19:23:31Z
Porsche,944 Turbo,2025-10,1.232,google_trends,2026-08-29T19:23:31Z
Porsche,944 Turbo,2025-11,1.232,google_trends,2026-08-29T19:23:31Z
Porsche,944 Turbo,2025-12,0.616,google_trends,2026-08-29T19:23:31Z
Porsche,944 Turbo,2026-01,0.616,google_trends,2026-08-29T19:23:31Z
Porsche,944 Turbo,2026-02,1.232,google_trends,2026-08-29T19:23:31Z
Porsche,944 Turbo,2026-03,0.9856,google_trends,2026-08-29T19:23:31Z
Porsche,944 Turbo,2026-04,1.232,google_trends,2026-08-29T19:23:31Z
Porsche,944 Turbo,2026-05,1.232,google_trends,2026-08-29T19:23:31Z
Porsche,944 Turbo,2026-06,1.232,google_trends,2026-08-29T19:23:31Z
Porsche,944 Turbo,2026-07,1.232,google_trends,2026-08-29T19:23:31Z
Porsche,958 Cayenne,2025-08,1.1317,google_trends,2026-08-29T21:54:49Z
Porsche,958 Cayenne,2025-09,0.7073,google_trends,2026-08-29T21:54:49Z
Porsche,958 Cayenne,2025-10,0.0,google_trends,2026-08-29T21:54:49Z
Porsche,958 Cayenne,2025-11,1.1317,google_trends,2026-08-29T21:54:49Z
Porsche,958 Cayenne,2025-12,1.0609,google_trends,2026-08-29T21:54:49Z
Porsche,958 Cayenne,2026-01,1.0609,google_trends,2026-08-29T21:54:49Z
Porsche,958 Cayenne,2026-02,1.4146,google_trends,2026-08-29T21:54:49Z
Porsche,958 Cayenne,2026-03,1.4146,google_trends,2026-08-29T21:54:49Z
Porsche,958 Cayenne,2026-04,1.4146,google_trends,2026-08-29T21:54:49Z
Porsche,958 Cayenne,2026-05,1.4146,google_trends,2026-08-29T21:54:49Z
Porsche,958 Cayenne,2026-06,1.4146,google_trends,2026-08-29T21:54:49Z
Porsche,958 Cayenne,2026-07,1.4146,google_trends,2026-08-29T21:54:49Z
Porsche,964 Turbo,2025-08,0.7396,google_trends,2026-08-29T19:23:31Z
Porsche,964 Turbo,2025-09,0.3082,google_trends,2026-08-29T19:23:31Z
Porsche,964 Turbo,2025-10,0.9245,google_trends,2026-08-29T19:23:31Z
Porsche,964 Turbo,2025-11,0.7396,google_trends,2026-08-29T19:23:31Z
Porsche,964 Turbo,2025-12,0.9245,google_trends,2026-08-29T19:23:31Z
Porsche,964 Turbo,2026-01,0.6163,google_trends,2026-08-29T19:23:31Z
Porsche,964 Turbo,2026-02,0.3082,google_trends,2026-08-29T19:23:31Z
Porsche,964 Turbo,2026-03,0.2465,google_trends,2026-08-29T19:23:31Z
Porsche,964 Turbo,2026-04,0.9245,google_trends,2026-08-29T19:23:31Z
Porsche,964 Turbo,2026-05,0.2465,google_trends,2026-08-29T19:23:31Z
Porsche,964 Turbo,2026-06,0.3082,google_trends,2026-08-29T19:23:31Z
Porsche,964 Turbo,2026-07,0.6163,google_trends,2026-08-29T19:23:31Z
Porsche,968,2025-08,1.2326,google_trends,2026-08-29T19:23:31Z
Porsche,968,2025-09,1.2326,google_trends,2026-08-29T19:23:31Z
Porsche,968,2025-10,1.2326,google_trends,2026-08-29T19:23:31Z
Porsche,968,2025-11,1.2326,google_trends,2026-08-29T19:23:31Z
Porsche,968,2025-12,1.2326,google_trends,2026-08-29T19:23:31Z
Porsche,968,2026-01,1.2326,google_trends,2026-08-29T19:23:31Z
Porsche,968,2026-02,1.2326,google_trends,2026-08-29T19:23:31Z
Porsche,968,2026-03,1.2326,google_trends,2026-08-29T19:23:31Z
Porsche,968,2026-04,1.8489,google_trends,2026-08-29T19:23:31Z
Porsche,968,2026-05,1.2326,google_trends,2026-08-29T19:23:31Z
Porsche,968,2026-06,1.2326,google_trends,2026-08-29T19:23:31Z
Porsche,968,2026-07,1.2326,google_trends,2026-08-29T19:23:31Z
Porsche,981 Boxster,2025-08,1.232,google_trends,2026-08-29T19:23:31Z
Porsche,981 Boxster,2025-09,0.616,google_trends,2026-08-29T19:23:31Z
Porsche,981 Boxster,2025-10,0.0,google_trends,2026-08-29T19:23:31Z
Porsche,981 Boxster,2025-11,0.7392,google_trends,2026-08-29T19:23:31Z
Porsche,981 Boxster,2025-12,0.0,google_trends,2026-08-29T19:23:31Z
Porsche,981 Boxster,2026-01,0.0,google_trends,2026-08-29T19:23:31Z
Porsche,981 Boxster,2026-02,0.924,google_trends,2026-08-29T19:23:31Z
Porsche,981 Boxster,2026-03,1.232,google_trends,2026-08-29T19:23:31Z
Porsche,981 Boxster,2026-04,1.232,google_trends,2026-08-29T19:23:31Z
Porsche,981 Boxster,2026-05,1.232,google_trends,2026-08-29T19:23:31Z
Porsche,981 Boxster,2026-06,1.54,google_trends,2026-08-29T19:23:31Z
Porsche,981 Boxster,2026-07,0.308,google_trends,2026-08-29T19:23:31Z
Porsche,981 Cayman,2025-08,1.2326,google_trends,2026-08-29T19:23:31Z
Porsche,981 Cayman,2025-09,1.2326,google_trends,2026-08-29T19:23:31Z
Porsche,981 Cayman,2025-10,1.2326,google_trends,2026-08-29T19:23:31Z
Porsche,981 Cayman,2025-11,1.2326,google_trends,2026-08-29T19:23:31Z
Porsche,981 Cayman,2025-12,1.2326,google_trends,2026-08-29T19:23:31Z
Porsche,981 Cayman,2026-01,1.2326,google_trends,2026-08-29T19:23:31Z
Porsche,981 Cayman,2026-02,1.2326,google_trends,2026-08-29T19:23:31Z
Porsche,981 Cayman,2026-03,1.2326,google_trends,2026-08-29T19:23:31Z
Porsche,981 Cayman,2026-04,1.2326,google_trends,2026-08-29T19:23:31Z
Porsche,981 Cayman,2026-05,1.2326,google_trends,2026-08-29T19:23:31Z
Porsche,981 Cayman,2026-06,1.2326,google_trends,2026-08-29T19:23:31Z
Porsche,981 Cayman,2026-07,1.2326,google_trends,2026-08-29T19:23:31Z
Porsche,986 Boxster,2025-08,1.2165,google_trends,2026-08-29T21:54:49Z
Porsche,986 Boxster,2025-09,1.2165,google_trends,2026-08-29T21:54:49Z
Porsche,986 Boxster,2025-10,1.2165,google_trends,2026-08-29T21:54:49Z
Porsche,986 Boxster,2025-11,1.2165,google_trends,2026-08-29T21:54:49Z
Porsche,986 Boxster,2025-12,1.2165,google_trends,2026-08-29T21:54:49Z
Porsche,986 Boxster,2026-01,1.2165,google_trends,2026-08-29T21:54:49Z
Porsche,986 Boxster,2026-02,1.2165,google_trends,2026-08-29T21:54:49Z
Porsche,986 Boxster,2026-03,1.2165,google_trends,2026-08-29T21:54:49Z
Porsche,986 Boxster,2026-04,1.2165,google_trends,2026-08-29T21:54:49Z
Porsche,986 Boxster,2026-05,1.2165,google_trends,2026-08-29T21:54:49Z
Porsche,986 Boxster,2026-06,1.2165,google_trends,2026-08-29T21:54:49Z
Porsche,986 Boxster,2026-07,1.2165,google_trends,2026-08-29T21:54:49Z
Porsche,987 Boxster,2025-08,1.232,google_trends,2026-08-29T19:23:31Z
Porsche,987 Boxster,2025-09,1.232,google_trends,2026-08-29T19:23:31Z
Porsche,987 Boxster,2025-10,1.232,google_trends,2026-08-29T19:23:31Z
Porsche,987 Boxster,2025-11,0.9856,google_trends,2026-08-29T19:23:31Z
Porsche,987 Boxster,2025-12,0.924,google_trends,2026-08-29T19:23:31Z
Porsche,987 Boxster,2026-01,0.308,google_trends,2026-08-29T19:23:31Z
Porsche,987 Boxster,2026-02,1.232,google_trends,2026-08-29T19:23:31Z
Porsche,987 Boxster,2026-03,1.232,google_trends,2026-08-29T19:23:31Z
Porsche,987 Boxster,2026-04,1.232,google_trends,2026-08-29T19:23:31Z
Porsche,987 Boxster,2026-05,1.232,google_trends,2026-08-29T19:23:31Z
Porsche,987 Boxster,2026-06,1.232,google_trends,2026-08-29T19:23:31Z
Porsche,987 Boxster,2026-07,1.232,google_trends,2026-08-29T19:23:31Z
Porsche,987 Cayman,2025-08,1.2165,google_trends,2026-08-29T21:54:49Z
Porsche,987 Cayman,2025-09,1.2165,google_trends,2026-08-29T21:54:49Z
Porsche,987 Cayman,2025-10,1.2165,google_trends,2026-08-29T21:54:49Z
Porsche,987 Cayman,2025-11,1.2165,google_trends,2026-08-29T21:54:49Z
Porsche,987 Cayman,2025-12,1.2165,google_trends,2026-08-29T21:54:49Z
Porsche,987 Cayman,2026-01,1.2165,google_trends,2026-08-29T21:54:49Z
Porsche,987 Cayman,2026-02,1.2165,google_trends,2026-08-29T21:54:49Z
Porsche,987 Cayman,2026-03,1.2165,google_trends,2026-08-29T21:54:49Z
Porsche,987 Cayman,2026-04,1.2165,google_trends,2026-08-29T21:54:49Z
Porsche,987 Cayman,2026-05,1.2165,google_trends,2026-08-29T21:54:49Z
Porsche,987 Cayman,2026-06,1.2165,google_trends,2026-08-29T21:54:49Z
Porsche,987 Cayman,2026-07,1.2165,google_trends,2026-08-29T21:54:49Z
Porsche,991 GT3,2025-08,1.2326,google_trends,2026-08-29T19:23:31Z
Porsche,991 GT3,2025-09,0.9245,google_trends,2026-08-29T19:23:31Z
Porsche,991 GT3,2025-10,0.9245,google_trends,2026-08-29T19:23:31Z
Porsche,991 GT3,2025-11,0.7396,google_trends,2026-08-29T19:23:31Z
Porsche,991 GT3,2025-12,1.2326,google_trends,2026-08-29T19:23:31Z
Porsche,991 GT3,2026-01,0.9245,google_trends,2026-08-29T19:23:31Z
Porsche,991 GT3,2026-02,0.6163,google_trends,2026-08-29T19:23:31Z
Porsche,991 GT3,2026-03,0.9861,google_trends,2026-08-29T19:23:31Z
Porsche,991 GT3,2026-04,1.2326,google_trends,2026-08-29T19:23:31Z
Porsche,991 GT3,2026-05,0.9861,google_trends,2026-08-29T19:23:31Z
Porsche,991 GT3,2026-06,0.6163,google_trends,2026-08-29T19:23:31Z
Porsche,991 GT3,2026-07,0.3082,google_trends,2026-08-29T19:23:31Z
Porsche,992 911 Carrera,2025-08,0.493,google_trends,2026-08-29T19:23:31Z
Porsche,992 911 Carrera,2025-09,0.0,google_trends,2026-08-29T19:23:31Z
Porsche,992 911 Carrera,2025-10,0.0,google_trends,2026-08-29T19:23:31Z
Porsche,992 911 Carrera,2025-11,0.7396,google_trends,2026-08-29T19:23:31Z
Porsche,992 911 Carrera,2025-12,0.3082,google_trends,2026-08-29T19:23:31Z
Porsche,992 911 Carrera,2026-01,0.0,google_trends,2026-08-29T19:23:31Z
Porsche,992 911 Carrera,2026-02,0.9245,google_trends,2026-08-29T19:23:31Z
Porsche,992 911 Carrera,2026-03,0.2465,google_trends,2026-08-29T19:23:31Z
Porsche,992 911 Carrera,2026-04,0.6163,google_trends,2026-08-29T19:23:31Z
Porsche,992 911 Carrera,2026-05,0.7396,google_trends,2026-08-29T19:23:31Z
Porsche,992 911 Carrera,2026-06,0.9245,google_trends,2026-08-29T19:23:31Z
Porsche,992 911 Carrera,2026-07,0.0,google_trends,2026-08-29T19:23:31Z
Porsche,992 911 GT3,2025-08,1.232,google_trends,2026-08-29T19:23:31Z
Porsche,992 911 GT3,2025-09,1.232,google_trends,2026-08-29T19:23:31Z
Porsche,992 911 GT3,2025-10,1.232,google_trends,2026-08-29T19:23:31Z
Porsche,992 911 GT3,2025-11,1.232,google_trends,2026-08-29T19:23:31Z
Porsche,992 911 GT3,2025-12,1.232,google_trends,2026-08-29T19:23:31Z
Porsche,992 911 GT3,2026-01,0.924,google_trends,2026-08-29T19:23:31Z
Porsche,992 911 GT3,2026-02,1.232,google_trends,2026-08-29T19:23:31Z
Porsche,992 911 GT3,2026-03,1.232,google_trends,2026-08-29T19:23:31Z
Porsche,992 911 GT3,2026-04,1.232,google_trends,2026-08-29T19:23:31Z
Porsche,992 911 GT3,2026-05,1.232,google_trends,2026-08-29T19:23:31Z
Porsche,992 911 GT3,2026-06,1.232,google_trends,2026-08-29T19:23:31Z
Porsche,992 911 GT3,2026-07,0.924,google_trends,2026-08-29T19:23:31Z
Porsche,992 911 Turbo,2025-08,0.493,google_trends,2026-08-29T19:23:31Z
Porsche,992 911 Turbo,2025-09,0.3082,google_trends,2026-08-29T19:23:31Z
Porsche,992 911 Turbo,2025-10,0.3082,google_trends,2026-08-29T19:23:31Z
Porsche,992 911 Turbo,2025-11,0.2465,google_trends,2026-08-29T19:23:31Z
Porsche,992 911 Turbo,2025-12,0.0,google_trends,2026-08-29T19:23:31Z
Porsche,992 911 Turbo,2026-01,0.0,google_trends,2026-08-29T19:23:31Z
Porsche,992 911 Turbo,2026-02,0.6163,google_trends,2026-08-29T19:23:31Z
Porsche,992 911 Turbo,2026-03,0.0,google_trends,2026-08-29T19:23:31Z
Porsche,992 911 Turbo,2026-04,0.0,google_trends,2026-08-29T19:23:31Z
Porsche,992 911 Turbo,2026-05,0.0,google_trends,2026-08-29T19:23:31Z
Porsche,992 911 Turbo,2026-06,0.0,google_trends,2026-08-29T19:23:31Z
Porsche,992 911 Turbo,2026-07,0.0,google_trends,2026-08-29T19:23:31Z
Porsche,992 GT3,2025-08,2.0119,google_trends,2026-08-29T19:23:31Z
Porsche,992 GT3,2025-09,2.0119,google_trends,2026-08-29T19:23:31Z
Porsche,992 GT3,2025-10,2.0119,google_trends,2026-08-29T19:23:31Z
Porsche,992 GT3,2025-11,2.0119,google_trends,2026-08-29T19:23:31Z
Porsche,992 GT3,2025-12,2.0119,google_trends,2026-08-29T19:23:31Z
Porsche,992 GT3,2026-01,2.0119,google_trends,2026-08-29T19:23:31Z
Porsche,992 GT3,2026-02,2.0119,google_trends,2026-08-29T19:23:31Z
Porsche,992 GT3,2026-03,2.0119,google_trends,2026-08-29T19:23:31Z
Porsche,992 GT3,2026-04,2.0119,google_trends,2026-08-29T19:23:31Z
Porsche,992 GT3,2026-05,2.0119,google_trends,2026-08-29T19:23:31Z
Porsche,992 GT3,2026-06,2.0119,google_trends,2026-08-29T19:23:31Z
Porsche,992 GT3,2026-07,2.0119,google_trends,2026-08-29T19:23:31Z
Porsche,992 Turbo,2025-08,1.2326,google_trends,2026-08-29T19:23:31Z
Porsche,992 Turbo,2025-09,1.5408,google_trends,2026-08-29T19:23:31Z
Porsche,992 Turbo,2025-10,1.2326,google_trends,2026-08-29T19:23:31Z
Porsche,992 Turbo,2025-11,1.2326,google_trends,2026-08-29T19:23:31Z
Porsche,992 Turbo,2025-12,1.2326,google_trends,2026-08-29T19:23:31Z
Porsche,992 Turbo,2026-01,1.2326,google_trends,2026-08-29T19:23:31Z
Porsche,992 Turbo,2026-02,1.2326,google_trends,2026-08-29T19:23:31Z
Porsche,992 Turbo,2026-03,1.2326,google_trends,2026-08-29T19:23:31Z
Porsche,992 Turbo,2026-04,1.2326,google_trends,2026-08-29T19:23:31Z
Porsche,992 Turbo,2026-05,1.2326,google_trends,2026-08-29T19:23:31Z
Porsche,992 Turbo,2026-06,1.2326,google_trends,2026-08-29T19:23:31Z
Porsche,992 Turbo,2026-07,1.2326,google_trends,2026-08-29T19:23:31Z
Porsche,993 Turbo,2025-08,0.2465,google_trends,2026-08-29T19:23:31Z
Porsche,993 Turbo,2025-09,0.0,google_trends,2026-08-29T19:23:31Z
Porsche,993 Turbo,2025-10,0.6163,google_trends,2026-08-29T19:23:31Z
Porsche,993 Turbo,2025-11,0.493,google_trends,2026-08-29T19:23:31Z
Porsche,993 Turbo,2025-12,0.3082,google_trends,2026-08-29T19:23:31Z
Porsche,993 Turbo,2026-01,0.0,google_trends,2026-08-29T19:23:31Z
Porsche,993 Turbo,2026-02,0.3082,google_trends,2026-08-29T19:23:31Z
Porsche,993 Turbo,2026-03,0.493,google_trends,2026-08-29T19:23:31Z
Porsche,993 Turbo,2026-04,0.9245,google_trends,2026-08-29T19:23:31Z
Porsche,993 Turbo,2026-05,0.7396,google_trends,2026-08-29T19:23:31Z
Porsche,993 Turbo,2026-06,0.0,google_trends,2026-08-29T19:23:31Z
Porsche,993 Turbo,2026-07,0.0,google_trends,2026-08-29T19:23:31Z
Porsche,996 Turbo,2025-08,1.2326,google_trends,2026-08-29T19:23:31Z
Porsche,996 Turbo,2025-09,1.2326,google_trends,2026-08-29T19:23:31Z
Porsche,996 Turbo,2025-10,1.2326,google_trends,2026-08-29T19:23:31Z
Porsche,996 Turbo,2025-11,1.2326,google_trends,2026-08-29T19:23:31Z
Porsche,996 Turbo,2025-12,1.2326,google_trends,2026-08-29T19:23:31Z
Porsche,996 Turbo,2026-01,1.2326,google_trends,2026-08-29T19:23:31Z
Porsche,996 Turbo,2026-02,1.2326,google_trends,2026-08-29T19:23:31Z
Porsche,996 Turbo,2026-03,1.2326,google_trends,2026-08-29T19:23:31Z
Porsche,996 Turbo,2026-04,1.2326,google_trends,2026-08-29T19:23:31Z
Porsche,996 Turbo,2026-05,1.2326,google_trends,2026-08-29T19:23:31Z
Porsche,996 Turbo,2026-06,1.2326,google_trends,2026-08-29T19:23:31Z
Porsche,996 Turbo,2026-07,1.2326,google_trends,2026-08-29T19:23:31Z
Porsche,997 GT3,2025-08,0.7398,google_trends,2026-08-29T19:23:31Z
Porsche,997 GT3,2025-09,0.3082,google_trends,2026-08-29T19:23:31Z
Porsche,997 GT3,2025-10,0.0,google_trends,2026-08-29T19:23:31Z
Porsche,997 GT3,2025-11,0.2466,google_trends,2026-08-29T19:23:31Z
Porsche,997 GT3,2025-12,0.0,google_trends,2026-08-29T19:23:31Z
Porsche,997 GT3,2026-01,0.3082,google_trends,2026-08-29T19:23:31Z
Porsche,997 GT3,2026-02,0.3082,google_trends,2026-08-29T19:23:31Z
Porsche,997 GT3,2026-03,0.7398,google_trends,2026-08-29T19:23:31Z
Porsche,997 GT3,2026-04,0.9247,google_trends,2026-08-29T19:23:31Z
Porsche,997 GT3,2026-05,0.9863,google_trends,2026-08-29T19:23:31Z
Porsche,997 GT3,2026-06,1.2329,google_trends,2026-08-29T19:23:31Z
Porsche,997 GT3,2026-07,0.0,google_trends,2026-08-29T19:23:31Z
Porsche,997 Turbo,2025-08,1.2326,google_trends,2026-08-29T19:23:31Z
Porsche,997 Turbo,2025-09,1.2326,google_trends,2026-08-29T19:23:31Z
Porsche,997 Turbo,2025-10,1.2326,google_trends,2026-08-29T19:23:31Z
Porsche,997 Turbo,2025-11,1.2326,google_trends,2026-08-29T19:23:31Z
Porsche,997 Turbo,2025-12,1.2326,google_trends,2026-08-29T19:23:31Z
Porsche,997 Turbo,2026-01,1.2326,google_trends,2026-08-29T19:23:31Z
Porsche,997 Turbo,2026-02,0.9245,google_trends,2026-08-29T19:23:31Z
Porsche,997 Turbo,2026-03,1.2326,google_trends,2026-08-29T19:23:31Z
Porsche,997 Turbo,2026-04,1.2326,google_trends,2026-08-29T19:23:31Z
Porsche,997 Turbo,2026-05,1.2326,google_trends,2026-08-29T19:23:31Z
Porsche,997 Turbo,2026-06,1.2326,google_trends,2026-08-29T19:23:31Z
Porsche,997 Turbo,2026-07,1.2326,google_trends,2026-08-29T19:23:31Z
Porsche,Carrera GT,2025-08,2.9197,google_trends,2026-08-29T21:54:49Z
Porsche,Carrera GT,2025-09,3.0414,google_trends,2026-08-29T21:54:49Z
Porsche,Carrera GT,2025-10,2.4331,google_trends,2026-08-29T21:54:49Z
Porsche,Carrera GT,2025-11,2.4331,google_trends,2026-08-29T21:54:49Z
Porsche,Carrera GT,2025-12,3.6496,google_trends,2026-08-29T21:54:49Z
Porsche,Carrera GT,2026-01,2.4331,google_trends,2026-08-29T21:54:49Z
Porsche,Carrera GT,2026-02,2.4331,google_trends,2026-08-29T21:54:49Z
Porsche,Carrera GT,2026-03,3.6496,google_trends,2026-08-29T21:54:49Z
Porsche,Carrera GT,2026-04,6.0827,google_trends,2026-08-29T21:54:49Z
Porsche,Carrera GT,2026-05,4.8662,google_trends,2026-08-29T21:54:49Z
Porsche,Carrera GT,2026-06,3.0414,google_trends,2026-08-29T21:54:49Z
Porsche,Carrera GT,2026-07,2.7372,google_trends,2026-08-29T21:54:49Z
Porsche,Cayman GT4,2025-08,1.6833,google_trends,2026-08-29T19:23:31Z
Porsche,Cayman GT4,2025-09,3.1562,google_trends,2026-08-29T19:23:31Z
Porsche,Cayman GT4,2025-10,2.1042,google_trends,2026-08-29T19:23:31Z
Porsche,Cayman GT4,2025-11,1.6833,google_trends,2026-08-29T19:23:31Z
Porsche,Cayman GT4,2025-12,0.0,google_trends,2026-08-29T19:23:31Z
Porsche,Cayman GT4,2026-01,0.0,google_trends,2026-08-29T19:23:31Z
Porsche,Cayman GT4,2026-02,0.0,google_trends,2026-08-29T19:23:31Z
Porsche,Cayman GT4,2026-03,0.8417,google_trends,2026-08-29T19:23:31Z
Porsche,Cayman GT4,2026-04,3.1562,google_trends,2026-08-29T19:23:31Z
Porsche,Cayman GT4,2026-05,3.3666,google_trends,2026-08-29T19:23:31Z
Porsche,Cayman GT4,2026-06,1.0521,google_trends,2026-08-29T19:23:31Z
Porsche,Cayman GT4,2026-07,0.0,google_trends,2026-08-29T19:23:31Z
Porsche,Macan,2025-08,41.6406,google_trends,2026-08-29T19:23:31Z
Porsche,Macan,2025-09,35.7271,google_trends,2026-08-29T19:23:31Z
Porsche,Macan,2025-10,36.9591,google_trends,2026-08-29T19:23:31Z
Porsche,Macan,2025-11,35.7271,google_trends,2026-08-29T19:23:31Z
Porsche,Macan,2025-12,36.3431,google_trends,2026-08-29T19:23:31Z
Porsche,Macan,2026-01,35.4191,google_trends,2026-08-29T19:23:31Z
Porsche,Macan,2026-02,37.2671,google_trends,2026-08-29T19:23:31Z
Porsche,Macan,2026-03,40.9014,google_trends,2026-08-29T19:23:31Z
Porsche,Macan,2026-04,40.655,google_trends,2026-08-29T19:23:31Z
Porsche,Macan,2026-05,43.1189,google_trends,2026-08-29T19:23:31Z
Porsche,Macan,2026-06,37.2671,google_trends,2026-08-29T19:23:31Z
Porsche,Macan,2026-07,35.1111,google_trends,2026-08-29T19:23:31Z
Porsche,Panamera,2025-08,24.5742,google_trends,2026-08-29T21:54:49Z
Porsche,Panamera,2025-09,20.3771,google_trends,2026-08-29T21:54:49Z
Porsche,Panamera,2025-10,19.4647,google_trends,2026-08-29T21:54:49Z
Porsche,Panamera,2025-11,19.4647,google_trends,2026-08-29T21:54:49Z
Porsche,Panamera,2025-12,19.1606,google_trends,2026-08-29T21:54:49Z
Porsche,Panamera,2026-01,18.2482,google_trends,2026-08-29T21:54:49Z
Porsche,Panamera,2026-02,22.8102,google_trends,2026-08-29T21:54:49Z
Porsche,Panamera,2026-03,24.0876,google_trends,2026-08-29T21:54:49Z
Porsche,Panamera,2026-04,27.6764,google_trends,2026-08-29T21:54:49Z
Porsche,Panamera,2026-05,26.5207,google_trends,2026-08-29T21:54:49Z
Porsche,Panamera,2026-06,20.3771,google_trends,2026-08-29T21:54:49Z
Porsche,Panamera,2026-07,19.1606,google_trends,2026-08-29T21:54:49Z
Porsche,Singer,2025-08,2.4658,google_trends,2026-08-29T19:23:31Z
Porsche,Singer,2025-09,2.1576,google_trends,2026-08-29T19:23:31Z
Porsche,Singer,2025-10,1.5411,google_trends,2026-08-29T19:23:31Z
Porsche,Singer,2025-11,1.4795,google_trends,2026-08-29T19:23:31Z
Porsche,Singer,2025-12,1.5411,google_trends,2026-08-29T19:23:31Z
Porsche,Singer,2026-01,1.2329,google_trends,2026-08-29T19:23:31Z
Porsche,Singer,2026-02,1.8494,google_trends,2026-08-29T19:23:31Z
Porsche,Singer,2026-03,1.7261,google_trends,2026-08-29T19:23:31Z
Porsche,Singer,2026-04,1.8494,google_trends,2026-08-29T19:23:31Z
Porsche,Singer,2026-05,2.4658,google_trends,2026-08-29T19:23:31Z
Porsche,Singer,2026-06,1.5411,google_trends,2026-08-29T19:23:31Z
Porsche,Singer,2026-07,1.8494,google_trends,2026-08-29T19:23:31Z
Porsche,Taycan,2025-08,24.159,google_trends,2026-08-29T19:23:31Z
Porsche,Taycan,2025-09,20.3379,google_trends,2026-08-29T19:23:31Z
Porsche,Taycan,2025-10,19.7216,google_trends,2026-08-29T19:23:31Z
Porsche,Taycan,2025-11,18.7356,google_trends,2026-08-29T19:23:31Z
Porsche,Taycan,2025-12,17.8727,google_trends,2026-08-29T19:23:31Z
Porsche,Taycan,2026-01,17.8727,google_trends,2026-08-29T19:23:31Z
Porsche,Taycan,2026-02,17.8727,google_trends,2026-08-29T19:23:31Z
Porsche,Taycan,2026-03,22.4334,google_trends,2026-08-29T19:23:31Z
Porsche,Taycan,2026-04,26.1928,google_trends,2026-08-29T19:23:31Z
Porsche,Taycan,2026-05,27.6103,google_trends,2026-08-29T19:23:31Z
Porsche,Taycan,2026-06,21.5705,google_trends,2026-08-29T19:23:31Z
Porsche,Taycan,2026-07,19.4135,google_trends,2026-08-29T19:23:31Z
Radical,Radical SR3,2025-08,0.0,google_trends,2026-08-29T19:23:31Z
Radical,Radical SR3,2025-09,0.0,google_trends,2026-08-29T19:23:31Z
Radical,Radical SR3,2025-10,0.0,google_trends,2026-08-29T19:23:31Z
Radical,Radical SR3,2025-11,0.0,google_trends,2026-08-29T19:23:31Z
Radical,Radical SR3,2025-12,0.0,google_trends,2026-08-29T19:23:31Z
Radical,Radical SR3,2026-01,0.0,google_trends,2026-08-29T19:23:31Z
Radical,Radical SR3,2026-02,0.0,google_trends,2026-08-29T19:23:31Z
Radical,Radical SR3,2026-03,0.0,google_trends,2026-08-29T19:23:31Z
Radical,Radical SR3,2026-04,0.0,google_trends,2026-08-29T19:23:31Z
Radical,Radical SR3,2026-05,0.2466,google_trends,2026-08-29T19:23:31Z
Radical,Radical SR3,2026-06,0.0,google_trends,2026-08-29T19:23:31Z
Radical,Radical SR3,2026-07,0.0,google_trends,2026-08-29T19:23:31Z
Rambler,Rambler American,2025-08,0.4932,google_trends,2026-08-29T19:23:31Z
Rambler,Rambler American,2025-09,0.6165,google_trends,2026-08-29T19:23:31Z
Rambler,Rambler American,2025-10,0.0,google_trends,2026-08-29T19:23:31Z
Rambler,Rambler American,2025-11,0.4932,google_trends,2026-08-29T19:23:31Z
Rambler,Rambler American,2025-12,0.0,google_trends,2026-08-29T19:23:31Z
Rambler,Rambler American,2026-01,0.0,google_trends,2026-08-29T19:23:31Z
Rambler,Rambler American,2026-02,0.3082,google_trends,2026-08-29T19:23:31Z
Rambler,Rambler American,2026-03,0.2466,google_trends,2026-08-29T19:23:31Z
Rambler,Rambler American,2026-04,1.2329,google_trends,2026-08-29T19:23:31Z
Rambler,Rambler American,2026-05,1.2329,google_trends,2026-08-29T19:23:31Z
Rambler,Rambler American,2026-06,0.9247,google_trends,2026-08-29T19:23:31Z
Rambler,Rambler American,2026-07,0.0,google_trends,2026-08-29T19:23:31Z
Renault,FORMULA RENAULT,2025-08,1.4599,google_trends,2026-08-29T21:54:49Z
Renault,FORMULA RENAULT,2025-09,1.5207,google_trends,2026-08-29T21:54:49Z
Renault,FORMULA RENAULT,2025-10,1.2165,google_trends,2026-08-29T21:54:49Z
Renault,FORMULA RENAULT,2025-11,2.1898,google_trends,2026-08-29T21:54:49Z
Renault,FORMULA RENAULT,2025-12,1.5207,google_trends,2026-08-29T21:54:49Z
Renault,FORMULA RENAULT,2026-01,1.2165,google_trends,2026-08-29T21:54:49Z
Renault,FORMULA RENAULT,2026-02,1.5207,google_trends,2026-08-29T21:54:49Z
Renault,FORMULA RENAULT,2026-03,1.7032,google_trends,2026-08-29T21:54:49Z
Renault,FORMULA RENAULT,2026-04,1.8248,google_trends,2026-08-29T21:54:49Z
Renault,FORMULA RENAULT,2026-05,2.4331,google_trends,2026-08-29T21:54:49Z
Renault,FORMULA RENAULT,2026-06,2.129,google_trends,2026-08-29T21:54:49Z
Renault,FORMULA RENAULT,2026-07,1.5207,google_trends,2026-08-29T21:54:49Z
Renault,RENAULT,2025-08,724.159,google_trends,2026-08-29T21:54:49Z
Renault,RENAULT,2025-09,707.4414,google_trends,2026-08-29T21:54:49Z
Renault,RENAULT,2025-10,685.0153,google_trends,2026-08-29T21:54:49Z
Renault,RENAULT,2025-11,702.9562,google_trends,2026-08-29T21:54:49Z
Renault,RENAULT,2025-12,623.8532,google_trends,2026-08-29T21:54:49Z
Renault,RENAULT,2026-01,744.1386,google_trends,2026-08-29T21:54:49Z
Renault,RENAULT,2026-02,733.945,google_trends,2026-08-29T21:54:49Z
Renault,RENAULT,2026-03,764.9337,google_trends,2026-08-29T21:54:49Z
Renault,RENAULT,2026-04,752.2936,google_trends,2026-08-29T21:54:49Z
Renault,RENAULT,2026-05,725.79,google_trends,2026-08-29T21:54:49Z
Renault,RENAULT,2026-06,695.209,google_trends,2026-08-29T21:54:49Z
Renault,RENAULT,2026-07,682.9766,google_trends,2026-08-29T21:54:49Z
Renault,RENAULT 4,2025-08,27.7372,google_trends,2026-08-29T21:54:49Z
Renault,RENAULT 4,2025-09,31.9343,google_trends,2026-08-29T21:54:49Z
Renault,RENAULT 4,2025-10,28.8929,google_trends,2026-08-29T21:54:49Z
Renault,RENAULT 4,2025-11,26.764,google_trends,2026-08-29T21:54:49Z
Renault,RENAULT 4,2025-12,22.5061,google_trends,2026-08-29T21:54:49Z
Renault,RENAULT 4,2026-01,25.8516,google_trends,2026-08-29T21:54:49Z
Renault,RENAULT 4,2026-02,26.4599,google_trends,2026-08-29T21:54:49Z
Renault,RENAULT 4,2026-03,27.7372,google_trends,2026-08-29T21:54:49Z
Renault,RENAULT 4,2026-04,27.6764,google_trends,2026-08-29T21:54:49Z
Renault,RENAULT 4,2026-05,28.4672,google_trends,2026-08-29T21:54:49Z
Renault,RENAULT 4,2026-06,28.5888,google_trends,2026-08-29T21:54:49Z
Renault,RENAULT 4,2026-07,24.0268,google_trends,2026-08-29T21:54:49Z
Renault,RENAULT TWINGO,2025-08,11.4355,google_trends,2026-08-29T21:54:49Z
Renault,RENAULT TWINGO,2025-09,11.5572,google_trends,2026-08-29T21:54:49Z
Renault,RENAULT TWINGO,2025-10,12.4696,google_trends,2026-08-29T21:54:49Z
Renault,RENAULT TWINGO,2025-11,15.8151,google_trends,2026-08-29T21:54:49Z
Renault,RENAULT TWINGO,2025-12,10.9489,google_trends,2026-08-29T21:54:49Z
Renault,RENAULT TWINGO,2026-01,12.7737,google_trends,2026-08-29T21:54:49Z
Renault,RENAULT TWINGO,2026-02,13.0779,google_trends,2026-08-29T21:54:49Z
Renault,RENAULT TWINGO,2026-03,14.8418,google_trends,2026-08-29T21:54:49Z
Renault,RENAULT TWINGO,2026-04,16.7275,google_trends,2026-08-29T21:54:49Z
Renault,RENAULT TWINGO,2026-05,15.0852,google_trends,2026-08-29T21:54:49Z
Renault,RENAULT TWINGO,2026-06,13.6861,google_trends,2026-08-29T21:54:49Z
Renault,RENAULT TWINGO,2026-07,13.6861,google_trends,2026-08-29T21:54:49Z
Renault,Renault Clio,2025-08,71.2895,google_trends,2026-08-29T21:54:49Z
Renault,Renault Clio,2025-09,77.8589,google_trends,2026-08-29T21:54:49Z
Renault,Renault Clio,2025-10,66.91,google_trends,2026-08-29T21:54:49Z
Renault,Renault Clio,2025-11,68.3698,google_trends,2026-08-29T21:54:49Z
Renault,Renault Clio,2025-12,62.3479,google_trends,2026-08-29T21:54:49Z
Renault,Renault Clio,2026-01,72.3844,google_trends,2026-08-29T21:54:49Z
Renault,Renault Clio,2026-02,75.7299,google_trends,2026-08-29T21:54:49Z
Renault,Renault Clio,2026-03,72.0195,google_trends,2026-08-29T21:54:49Z
Renault,Renault Clio,2026-04,68.7348,google_trends,2026-08-29T21:54:49Z
Renault,Renault Clio,2026-05,67.6399,google_trends,2026-08-29T21:54:49Z
Renault,Renault Clio,2026-06,65.6934,google_trends,2026-08-29T21:54:49Z
Renault,Renault Clio,2026-07,65.3893,google_trends,2026-08-29T21:54:49Z
Renault,Renault Dauphine,2025-08,0.0,google_trends,2026-08-29T21:54:49Z
Renault,Renault Dauphine,2025-09,0.0,google_trends,2026-08-29T21:54:49Z
Renault,Renault Dauphine,2025-10,0.0,google_trends,2026-08-29T21:54:49Z
Renault,Renault Dauphine,2025-11,0.0,google_trends,2026-08-29T21:54:49Z
Renault,Renault Dauphine,2025-12,0.0,google_trends,2026-08-29T21:54:49Z
Renault,Renault Dauphine,2026-01,0.0,google_trends,2026-08-29T21:54:49Z
Renault,Renault Dauphine,2026-02,0.0,google_trends,2026-08-29T21:54:49Z
Renault,Renault Dauphine,2026-03,0.0,google_trends,2026-08-29T21:54:49Z
Renault,Renault Dauphine,2026-04,0.0,google_trends,2026-08-29T21:54:49Z
Renault,Renault Dauphine,2026-05,0.2433,google_trends,2026-08-29T21:54:49Z
Renault,Renault Dauphine,2026-06,0.3041,google_trends,2026-08-29T21:54:49Z
Renault,Renault Dauphine,2026-07,0.3041,google_trends,2026-08-29T21:54:49Z
Renault,Renault R5 Turbo,2025-08,0.0,google_trends,2026-08-29T21:54:49Z
Renault,Renault R5 Turbo,2025-09,0.0,google_trends,2026-08-29T21:54:49Z
Renault,Renault R5 Turbo,2025-10,0.0,google_trends,2026-08-29T21:54:49Z
Renault,Renault R5 Turbo,2025-11,0.0,google_trends,2026-08-29T21:54:49Z
Renault,Renault R5 Turbo,2025-12,0.0,google_trends,2026-08-29T21:54:49Z
Renault,Renault R5 Turbo,2026-01,0.0,google_trends,2026-08-29T21:54:49Z
Renault,Renault R5 Turbo,2026-02,0.0,google_trends,2026-08-29T21:54:49Z
Renault,Renault R5 Turbo,2026-03,0.0,google_trends,2026-08-29T21:54:49Z
Renault,Renault R5 Turbo,2026-04,0.0,google_trends,2026-08-29T21:54:49Z
Renault,Renault R5 Turbo,2026-05,0.2433,google_trends,2026-08-29T21:54:49Z
Renault,Renault R5 Turbo,2026-06,0.0,google_trends,2026-08-29T21:54:49Z
Renault,Renault R5 Turbo,2026-07,0.0,google_trends,2026-08-29T21:54:49Z
Reo,REO SPEEDWAGON,2025-08,3.4063,google_trends,2026-08-29T21:54:49Z
Reo,REO SPEEDWAGON,2025-09,3.0414,google_trends,2026-08-29T21:54:49Z
Reo,REO SPEEDWAGON,2025-10,2.7372,google_trends,2026-08-29T21:54:49Z
Reo,REO SPEEDWAGON,2025-11,2.9197,google_trends,2026-08-29T21:54:49Z
Reo,REO SPEEDWAGON,2025-12,3.0414,google_trends,2026-08-29T21:54:49Z
Reo,REO SPEEDWAGON,2026-01,2.4331,google_trends,2026-08-29T21:54:49Z
Reo,REO SPEEDWAGON,2026-02,2.4331,google_trends,2026-08-29T21:54:49Z
Reo,REO SPEEDWAGON,2026-03,2.9197,google_trends,2026-08-29T21:54:49Z
Reo,REO SPEEDWAGON,2026-04,2.4331,google_trends,2026-08-29T21:54:49Z
Reo,REO SPEEDWAGON,2026-05,2.4331,google_trends,2026-08-29T21:54:49Z
Reo,REO SPEEDWAGON,2026-06,2.4331,google_trends,2026-08-29T21:54:49Z
Reo,REO SPEEDWAGON,2026-07,2.7372,google_trends,2026-08-29T21:54:49Z
Rimac,Rimac Nevera,2025-08,3.4063,google_trends,2026-08-29T21:54:49Z
Rimac,Rimac Nevera,2025-09,2.4331,google_trends,2026-08-29T21:54:49Z
Rimac,Rimac Nevera,2025-10,2.129,google_trends,2026-08-29T21:54:49Z
Rimac,Rimac Nevera,2025-11,1.7032,google_trends,2026-08-29T21:54:49Z
Rimac,Rimac Nevera,2025-12,1.8248,google_trends,2026-08-29T21:54:49Z
Rimac,Rimac Nevera,2026-01,2.129,google_trends,2026-08-29T21:54:49Z
Rimac,Rimac Nevera,2026-02,2.129,google_trends,2026-08-29T21:54:49Z
Rimac,Rimac Nevera,2026-03,1.9465,google_trends,2026-08-29T21:54:49Z
Rimac,Rimac Nevera,2026-04,2.129,google_trends,2026-08-29T21:54:49Z
Rimac,Rimac Nevera,2026-05,2.4331,google_trends,2026-08-29T21:54:49Z
Rimac,Rimac Nevera,2026-06,1.8248,google_trends,2026-08-29T21:54:49Z
Rimac,Rimac Nevera,2026-07,1.2165,google_trends,2026-08-29T21:54:49Z
Rivian,Rivian R1T,2025-08,3.9453,google_trends,2026-08-29T19:23:31Z
Rivian,Rivian R1T,2025-09,2.7741,google_trends,2026-08-29T19:23:31Z
Rivian,Rivian R1T,2025-10,2.4658,google_trends,2026-08-29T19:23:31Z
Rivian,Rivian R1T,2025-11,2.4658,google_trends,2026-08-29T19:23:31Z
Rivian,Rivian R1T,2025-12,2.7741,google_trends,2026-08-29T19:23:31Z
Rivian,Rivian R1T,2026-01,2.4658,google_trends,2026-08-29T19:23:31Z
Rivian,Rivian R1T,2026-02,3.6988,google_trends,2026-08-29T19:23:31Z
Rivian,Rivian R1T,2026-03,3.9453,google_trends,2026-08-29T19:23:31Z
Rivian,Rivian R1T,2026-04,4.6234,google_trends,2026-08-29T19:23:31Z
Rivian,Rivian R1T,2026-05,3.6988,google_trends,2026-08-29T19:23:31Z
Rivian,Rivian R1T,2026-06,3.6988,google_trends,2026-08-29T19:23:31Z
Rivian,Rivian R1T,2026-07,3.0823,google_trends,2026-08-29T19:23:31Z
Rolls-Royce,Cullinan,2025-08,2.2193,google_trends,2026-08-29T19:23:31Z
Rolls-Royce,Cullinan,2025-09,1.2329,google_trends,2026-08-29T19:23:31Z
Rolls-Royce,Cullinan,2025-10,1.5411,google_trends,2026-08-29T19:23:31Z
Rolls-Royce,Cullinan,2025-11,1.4795,google_trends,2026-08-29T19:23:31Z
Rolls-Royce,Cullinan,2025-12,1.8494,google_trends,2026-08-29T19:23:31Z
Rolls-Royce,Cullinan,2026-01,1.2329,google_trends,2026-08-29T19:23:31Z
Rolls-Royce,Cullinan,2026-02,1.5411,google_trends,2026-08-29T19:23:31Z
Rolls-Royce,Cullinan,2026-03,1.9727,google_trends,2026-08-29T19:23:31Z
Rolls-Royce,Cullinan,2026-04,3.6988,google_trends,2026-08-29T19:23:31Z
Rolls-Royce,Cullinan,2026-05,3.2056,google_trends,2026-08-29T19:23:31Z
Rolls-Royce,Cullinan,2026-06,2.1576,google_trends,2026-08-29T19:23:31Z
Rolls-Royce,Cullinan,2026-07,2.1576,google_trends,2026-08-29T19:23:31Z
Rolls-Royce,Ghost,2025-08,1.2329,google_trends,2026-08-29T19:23:31Z
Rolls-Royce,Ghost,2025-09,1.2329,google_trends,2026-08-29T19:23:31Z
Rolls-Royce,Ghost,2025-10,1.2329,google_trends,2026-08-29T19:23:31Z
Rolls-Royce,Ghost,2025-11,1.2329,google_trends,2026-08-29T19:23:31Z
Rolls-Royce,Ghost,2025-12,1.2329,google_trends,2026-08-29T19:23:31Z
Rolls-Royce,Ghost,2026-01,1.2329,google_trends,2026-08-29T19:23:31Z
Rolls-Royce,Ghost,2026-02,1.2329,google_trends,2026-08-29T19:23:31Z
Rolls-Royce,Ghost,2026-03,1.2329,google_trends,2026-08-29T19:23:31Z
Rolls-Royce,Ghost,2026-04,1.2329,google_trends,2026-08-29T19:23:31Z
Rolls-Royce,Ghost,2026-05,1.9727,google_trends,2026-08-29T19:23:31Z
Rolls-Royce,Ghost,2026-06,1.8494,google_trends,2026-08-29T19:23:31Z
Rolls-Royce,Ghost,2026-07,1.2329,google_trends,2026-08-29T19:23:31Z
Rolls-Royce,Wraith,2025-08,0.0,google_trends,2026-08-29T19:23:31Z
Rolls-Royce,Wraith,2025-09,0.0,google_trends,2026-08-29T19:23:31Z
Rolls-Royce,Wraith,2025-10,0.0,google_trends,2026-08-29T19:23:31Z
Rolls-Royce,Wraith,2025-11,0.2466,google_trends,2026-08-29T19:23:31Z
Rolls-Royce,Wraith,2025-12,0.0,google_trends,2026-08-29T19:23:31Z
Rolls-Royce,Wraith,2026-01,0.0,google_trends,2026-08-29T19:23:31Z
Rolls-Royce,Wraith,2026-02,0.0,google_trends,2026-08-29T19:23:31Z
Rolls-Royce,Wraith,2026-03,0.0,google_trends,2026-08-29T19:23:31Z
Rolls-Royce,Wraith,2026-04,0.3082,google_trends,2026-08-29T19:23:31Z
Rolls-Royce,Wraith,2026-05,0.2466,google_trends,2026-08-29T19:23:31Z
Rolls-Royce,Wraith,2026-06,0.0,google_trends,2026-08-29T19:23:31Z
Rolls-Royce,Wraith,2026-07,0.0,google_trends,2026-08-29T19:23:31Z
Rover,ROVER,2025-08,430.581,google_trends,2026-08-29T21:54:49Z
Rover,ROVER,2025-09,417.9409,google_trends,2026-08-29T21:54:49Z
Rover,ROVER,2025-10,391.4373,google_trends,2026-08-29T21:54:49Z
Rover,ROVER,2025-11,394.6993,google_trends,2026-08-29T21:54:49Z
Rover,ROVER,2025-12,383.2824,google_trends,2026-08-29T21:54:49Z
Rover,ROVER,2026-01,401.631,google_trends,2026-08-29T21:54:49Z
Rover,ROVER,2026-02,452.5994,google_trends,2026-08-29T21:54:49Z
Rover,ROVER,2026-03,432.212,google_trends,2026-08-29T21:54:49Z
Rover,ROVER,2026-04,458.7156,google_trends,2026-08-29T21:54:49Z
Rover,ROVER,2026-05,450.1529,google_trends,2026-08-29T21:54:49Z
Rover,ROVER,2026-06,422.0183,google_trends,2026-08-29T21:54:49Z
Rover,ROVER,2026-07,426.0958,google_trends,2026-08-29T21:54:49Z
Rover,Rover Cooper,2025-08,1.2326,google_trends,2026-08-29T19:23:31Z
Rover,Rover Cooper,2025-09,0.9245,google_trends,2026-08-29T19:23:31Z
Rover,Rover Cooper,2025-10,0.9245,google_trends,2026-08-29T19:23:31Z
Rover,Rover Cooper,2025-11,1.2326,google_trends,2026-08-29T19:23:31Z
Rover,Rover Cooper,2025-12,0.6163,google_trends,2026-08-29T19:23:31Z
Rover,Rover Cooper,2026-01,0.9245,google_trends,2026-08-29T19:23:31Z
Rover,Rover Cooper,2026-02,1.2326,google_trends,2026-08-29T19:23:31Z
Rover,Rover Cooper,2026-03,1.2326,google_trends,2026-08-29T19:23:31Z
Rover,Rover Cooper,2026-04,1.2326,google_trends,2026-08-29T19:23:31Z
Rover,Rover Cooper,2026-05,1.2326,google_trends,2026-08-29T19:23:31Z
Rover,Rover Cooper,2026-06,1.2326,google_trends,2026-08-29T19:23:31Z
Rover,Rover Cooper,2026-07,1.2326,google_trends,2026-08-29T19:23:31Z
Royal Enfield,ROYAL ENFIELD CLASSIC 350,2025-08,18.4915,google_trends,2026-08-29T21:54:49Z
Royal Enfield,ROYAL ENFIELD CLASSIC 350,2025-09,29.1971,google_trends,2026-08-29T21:54:49Z
Royal Enfield,ROYAL ENFIELD CLASSIC 350,2025-10,24.3309,google_trends,2026-08-29T21:54:49Z
Royal Enfield,ROYAL ENFIELD CLASSIC 350,2025-11,18.4915,google_trends,2026-08-29T21:54:49Z
Royal Enfield,ROYAL ENFIELD CLASSIC 350,2025-12,19.4647,google_trends,2026-08-29T21:54:49Z
Royal Enfield,ROYAL ENFIELD CLASSIC 350,2026-01,19.4647,google_trends,2026-08-29T21:54:49Z
Royal Enfield,ROYAL ENFIELD CLASSIC 350,2026-02,18.5523,google_trends,2026-08-29T21:54:49Z
Royal Enfield,ROYAL ENFIELD CLASSIC 350,2026-03,17.7616,google_trends,2026-08-29T21:54:49Z
Royal Enfield,ROYAL ENFIELD CLASSIC 350,2026-04,16.7275,google_trends,2026-08-29T21:54:49Z
Royal Enfield,ROYAL ENFIELD CLASSIC 350,2026-05,15.5718,google_trends,2026-08-29T21:54:49Z
Royal Enfield,ROYAL ENFIELD CLASSIC 350,2026-06,15.8151,google_trends,2026-08-29T21:54:49Z
Royal Enfield,ROYAL ENFIELD CLASSIC 350,2026-07,16.4234,google_trends,2026-08-29T21:54:49Z
Saab,Saab 9-3,2025-08,6.4095,google_trends,2026-08-29T19:23:31Z
Saab,Saab 9-3,2025-09,6.163,google_trends,2026-08-29T19:23:31Z
Saab,Saab 9-3,2025-10,5.5467,google_trends,2026-08-29T19:23:31Z
Saab,Saab 9-3,2025-11,5.4235,google_trends,2026-08-29T19:23:31Z
Saab,Saab 9-3,2025-12,4.9304,google_trends,2026-08-29T19:23:31Z
Saab,Saab 9-3,2026-01,4.9304,google_trends,2026-08-29T19:23:31Z
Saab,Saab 9-3,2026-02,6.163,google_trends,2026-08-29T19:23:31Z
Saab,Saab 9-3,2026-03,5.67,google_trends,2026-08-29T19:23:31Z
Saab,Saab 9-3,2026-04,5.8549,google_trends,2026-08-29T19:23:31Z
Saab,Saab 9-3,2026-05,5.67,google_trends,2026-08-29T19:23:31Z
Saab,Saab 9-3,2026-06,5.5467,google_trends,2026-08-29T19:23:31Z
Saab,Saab 9-3,2026-07,5.5467,google_trends,2026-08-29T19:23:31Z
Saab,Saab 9-5,2025-08,2.9582,google_trends,2026-08-29T19:23:31Z
Saab,Saab 9-5,2025-09,2.4652,google_trends,2026-08-29T19:23:31Z
Saab,Saab 9-5,2025-10,2.4652,google_trends,2026-08-29T19:23:31Z
Saab,Saab 9-5,2025-11,2.7117,google_trends,2026-08-29T19:23:31Z
Saab,Saab 9-5,2025-12,2.4652,google_trends,2026-08-29T19:23:31Z
Saab,Saab 9-5,2026-01,2.4652,google_trends,2026-08-29T19:23:31Z
Saab,Saab 9-5,2026-02,3.3897,google_trends,2026-08-29T19:23:31Z
Saab,Saab 9-5,2026-03,2.7117,google_trends,2026-08-29T19:23:31Z
Saab,Saab 9-5,2026-04,2.7734,google_trends,2026-08-29T19:23:31Z
Saab,Saab 9-5,2026-05,2.7117,google_trends,2026-08-29T19:23:31Z
Saab,Saab 9-5,2026-06,2.4652,google_trends,2026-08-29T19:23:31Z
Saab,Saab 9-5,2026-07,2.4652,google_trends,2026-08-29T19:23:31Z
Saab,Saab 900,2025-08,3.6978,google_trends,2026-08-29T19:23:31Z
Saab,Saab 900,2025-09,2.4652,google_trends,2026-08-29T19:23:31Z
Saab,Saab 900,2025-10,2.4652,google_trends,2026-08-29T19:23:31Z
Saab,Saab 900,2025-11,2.4652,google_trends,2026-08-29T19:23:31Z
Saab,Saab 900,2025-12,2.4652,google_trends,2026-08-29T19:23:31Z
Saab,Saab 900,2026-01,2.4652,google_trends,2026-08-29T19:23:31Z
Saab,Saab 900,2026-02,3.3897,google_trends,2026-08-29T19:23:31Z
Saab,Saab 900,2026-03,2.9582,google_trends,2026-08-29T19:23:31Z
Saab,Saab 900,2026-04,3.0815,google_trends,2026-08-29T19:23:31Z
Saab,Saab 900,2026-05,3.4513,google_trends,2026-08-29T19:23:31Z
Saab,Saab 900,2026-06,2.7734,google_trends,2026-08-29T19:23:31Z
Saab,Saab 900,2026-07,2.7734,google_trends,2026-08-29T19:23:31Z
Saab,Saab 9000,2025-08,1.4599,google_trends,2026-08-29T21:54:49Z
Saab,Saab 9000,2025-09,1.2165,google_trends,2026-08-29T21:54:49Z
Saab,Saab 9000,2025-10,1.2165,google_trends,2026-08-29T21:54:49Z
Saab,Saab 9000,2025-11,1.2165,google_trends,2026-08-29T21:54:49Z
Saab,Saab 9000,2025-12,1.2165,google_trends,2026-08-29T21:54:49Z
Saab,Saab 9000,2026-01,1.2165,google_trends,2026-08-29T21:54:49Z
Saab,Saab 9000,2026-02,1.2165,google_trends,2026-08-29T21:54:49Z
Saab,Saab 9000,2026-03,1.2165,google_trends,2026-08-29T21:54:49Z
Saab,Saab 9000,2026-04,1.2165,google_trends,2026-08-29T21:54:49Z
Saab,Saab 9000,2026-05,1.2165,google_trends,2026-08-29T21:54:49Z
Saab,Saab 9000,2026-06,1.2165,google_trends,2026-08-29T21:54:49Z
Saab,Saab 9000,2026-07,1.2165,google_trends,2026-08-29T21:54:49Z
Saab,Saab 96,2025-08,0.0,google_trends,2026-08-29T19:23:31Z
Saab,Saab 96,2025-09,0.0,google_trends,2026-08-29T19:23:31Z
Saab,Saab 96,2025-10,0.0,google_trends,2026-08-29T19:23:31Z
Saab,Saab 96,2025-11,0.0,google_trends,2026-08-29T19:23:31Z
Saab,Saab 96,2025-12,0.0,google_trends,2026-08-29T19:23:31Z
Saab,Saab 96,2026-01,0.0,google_trends,2026-08-29T19:23:31Z
Saab,Saab 96,2026-02,0.6165,google_trends,2026-08-29T19:23:31Z
Saab,Saab 96,2026-03,0.0,google_trends,2026-08-29T19:23:31Z
Saab,Saab 96,2026-04,0.3082,google_trends,2026-08-29T19:23:31Z
Saab,Saab 96,2026-05,0.0,google_trends,2026-08-29T19:23:31Z
Saab,Saab 96,2026-06,0.6165,google_trends,2026-08-29T19:23:31Z
Saab,Saab 96,2026-07,0.9247,google_trends,2026-08-29T19:23:31Z
Saab,Saab 99,2025-08,0.0,google_trends,2026-08-29T19:23:31Z
Saab,Saab 99,2025-09,0.0,google_trends,2026-08-29T19:23:31Z
Saab,Saab 99,2025-10,0.0,google_trends,2026-08-29T19:23:31Z
Saab,Saab 99,2025-11,0.0,google_trends,2026-08-29T19:23:31Z
Saab,Saab 99,2025-12,0.0,google_trends,2026-08-29T19:23:31Z
Saab,Saab 99,2026-01,0.0,google_trends,2026-08-29T19:23:31Z
Saab,Saab 99,2026-02,0.3082,google_trends,2026-08-29T19:23:31Z
Saab,Saab 99,2026-03,0.2466,google_trends,2026-08-29T19:23:31Z
Saab,Saab 99,2026-04,0.0,google_trends,2026-08-29T19:23:31Z
Saab,Saab 99,2026-05,0.4932,google_trends,2026-08-29T19:23:31Z
Saab,Saab 99,2026-06,0.0,google_trends,2026-08-29T19:23:31Z
Saab,Saab 99,2026-07,0.0,google_trends,2026-08-29T19:23:31Z
Saleen,Saleen S7,2025-08,0.9732,google_trends,2026-08-29T21:54:49Z
Saleen,Saleen S7,2025-09,0.3041,google_trends,2026-08-29T21:54:49Z
Saleen,Saleen S7,2025-10,0.9124,google_trends,2026-08-29T21:54:49Z
Saleen,Saleen S7,2025-11,1.2165,google_trends,2026-08-29T21:54:49Z
Saleen,Saleen S7,2025-12,0.9124,google_trends,2026-08-29T21:54:49Z
Saleen,Saleen S7,2026-01,1.2165,google_trends,2026-08-29T21:54:49Z
Saleen,Saleen S7,2026-02,0.9124,google_trends,2026-08-29T21:54:49Z
Saleen,Saleen S7,2026-03,1.2165,google_trends,2026-08-29T21:54:49Z
Saleen,Saleen S7,2026-04,1.2165,google_trends,2026-08-29T21:54:49Z
Saleen,Saleen S7,2026-05,1.2165,google_trends,2026-08-29T21:54:49Z
Saleen,Saleen S7,2026-06,1.2165,google_trends,2026-08-29T21:54:49Z
Saleen,Saleen S7,2026-07,1.2165,google_trends,2026-08-29T21:54:49Z
Saturn,SATURN L200,2025-08,0.0,google_trends,2026-08-29T21:54:49Z
Saturn,SATURN L200,2025-09,0.0,google_trends,2026-08-29T21:54:49Z
Saturn,SATURN L200,2025-10,0.0,google_trends,2026-08-29T21:54:49Z
Saturn,SATURN L200,2025-11,0.0,google_trends,2026-08-29T21:54:49Z
Saturn,SATURN L200,2025-12,0.0,google_trends,2026-08-29T21:54:49Z
Saturn,SATURN L200,2026-01,0.0,google_trends,2026-08-29T21:54:49Z
Saturn,SATURN L200,2026-02,0.3041,google_trends,2026-08-29T21:54:49Z
Saturn,SATURN L200,2026-03,0.0,google_trends,2026-08-29T21:54:49Z
Saturn,SATURN L200,2026-04,0.0,google_trends,2026-08-29T21:54:49Z
Saturn,SATURN L200,2026-05,0.0,google_trends,2026-08-29T21:54:49Z
Saturn,SATURN L200,2026-06,0.0,google_trends,2026-08-29T21:54:49Z
Saturn,SATURN L200,2026-07,0.0,google_trends,2026-08-29T21:54:49Z
Saturn,SATURN SC,2025-08,0.0,google_trends,2026-08-29T21:54:49Z
Saturn,SATURN SC,2025-09,0.0,google_trends,2026-08-29T21:54:49Z
Saturn,SATURN SC,2025-10,0.0,google_trends,2026-08-29T21:54:49Z
Saturn,SATURN SC,2025-11,0.0,google_trends,2026-08-29T21:54:49Z
Saturn,SATURN SC,2025-12,0.0,google_trends,2026-08-29T21:54:49Z
Saturn,SATURN SC,2026-01,0.0,google_trends,2026-08-29T21:54:49Z
Saturn,SATURN SC,2026-02,0.9124,google_trends,2026-08-29T21:54:49Z
Saturn,SATURN SC,2026-03,0.0,google_trends,2026-08-29T21:54:49Z
Saturn,SATURN SC,2026-04,0.0,google_trends,2026-08-29T21:54:49Z
Saturn,SATURN SC,2026-05,0.0,google_trends,2026-08-29T21:54:49Z
Saturn,SATURN SC,2026-06,0.0,google_trends,2026-08-29T21:54:49Z
Saturn,SATURN SC,2026-07,0.0,google_trends,2026-08-29T21:54:49Z
Saturn,SATURN SL,2025-08,0.0,google_trends,2026-08-29T21:54:49Z
Saturn,SATURN SL,2025-09,0.0,google_trends,2026-08-29T21:54:49Z
Saturn,SATURN SL,2025-10,0.0,google_trends,2026-08-29T21:54:49Z
Saturn,SATURN SL,2025-11,0.0,google_trends,2026-08-29T21:54:49Z
Saturn,SATURN SL,2025-12,0.0,google_trends,2026-08-29T21:54:49Z
Saturn,SATURN SL,2026-01,0.0,google_trends,2026-08-29T21:54:49Z
Saturn,SATURN SL,2026-02,0.9124,google_trends,2026-08-29T21:54:49Z
Saturn,SATURN SL,2026-03,0.0,google_trends,2026-08-29T21:54:49Z
Saturn,SATURN SL,2026-04,0.0,google_trends,2026-08-29T21:54:49Z
Saturn,SATURN SL,2026-05,0.0,google_trends,2026-08-29T21:54:49Z
Saturn,SATURN SL,2026-06,0.0,google_trends,2026-08-29T21:54:49Z
Saturn,SATURN SL,2026-07,0.0,google_trends,2026-08-29T21:54:49Z
Saturn,Saturn Sky,2025-08,2.4652,google_trends,2026-08-29T19:23:31Z
Saturn,Saturn Sky,2025-09,3.3897,google_trends,2026-08-29T19:23:31Z
Saturn,Saturn Sky,2025-10,1.5408,google_trends,2026-08-29T19:23:31Z
Saturn,Saturn Sky,2025-11,1.7256,google_trends,2026-08-29T19:23:31Z
Saturn,Saturn Sky,2025-12,1.2326,google_trends,2026-08-29T19:23:31Z
Saturn,Saturn Sky,2026-01,1.2326,google_trends,2026-08-29T19:23:31Z
Saturn,Saturn Sky,2026-02,2.4652,google_trends,2026-08-29T19:23:31Z
Saturn,Saturn Sky,2026-03,2.7117,google_trends,2026-08-29T19:23:31Z
Saturn,Saturn Sky,2026-04,2.4652,google_trends,2026-08-29T19:23:31Z
Saturn,Saturn Sky,2026-05,2.4652,google_trends,2026-08-29T19:23:31Z
Saturn,Saturn Sky,2026-06,2.4652,google_trends,2026-08-29T19:23:31Z
Saturn,Saturn Sky,2026-07,2.4652,google_trends,2026-08-29T19:23:31Z
Scion,SCION IQ,2025-08,0.4932,google_trends,2026-08-29T19:23:31Z
Scion,SCION IQ,2025-09,0.3082,google_trends,2026-08-29T19:23:31Z
Scion,SCION IQ,2025-10,0.0,google_trends,2026-08-29T19:23:31Z
Scion,SCION IQ,2025-11,0.2466,google_trends,2026-08-29T19:23:31Z
Scion,SCION IQ,2025-12,0.0,google_trends,2026-08-29T19:23:31Z
Scion,SCION IQ,2026-01,0.0,google_trends,2026-08-29T19:23:31Z
Scion,SCION IQ,2026-02,0.9247,google_trends,2026-08-29T19:23:31Z
Scion,SCION IQ,2026-03,0.7398,google_trends,2026-08-29T19:23:31Z
Scion,SCION IQ,2026-04,1.2329,google_trends,2026-08-29T19:23:31Z
Scion,SCION IQ,2026-05,1.2329,google_trends,2026-08-29T19:23:31Z
Scion,SCION IQ,2026-06,0.9247,google_trends,2026-08-29T19:23:31Z
Scion,SCION IQ,2026-07,0.6165,google_trends,2026-08-29T19:23:31Z
Scion,SCION TC,2025-08,6.8127,google_trends,2026-08-29T21:54:49Z
Scion,SCION TC,2025-09,6.0827,google_trends,2026-08-29T21:54:49Z
Scion,SCION TC,2025-10,5.4745,google_trends,2026-08-29T21:54:49Z
Scion,SCION TC,2025-11,5.3528,google_trends,2026-08-29T21:54:49Z
Scion,SCION TC,2025-12,5.1703,google_trends,2026-08-29T21:54:49Z
Scion,SCION TC,2026-01,5.1703,google_trends,2026-08-29T21:54:49Z
Scion,SCION TC,2026-02,7.9075,google_trends,2026-08-29T21:54:49Z
Scion,SCION TC,2026-03,7.5426,google_trends,2026-08-29T21:54:49Z
Scion,SCION TC,2026-04,7.9075,google_trends,2026-08-29T21:54:49Z
Scion,SCION TC,2026-05,7.5426,google_trends,2026-08-29T21:54:49Z
Scion,SCION TC,2026-06,6.3869,google_trends,2026-08-29T21:54:49Z
Scion,SCION TC,2026-07,6.3869,google_trends,2026-08-29T21:54:49Z
Scion,SCION XA,2025-08,1.2165,google_trends,2026-08-29T21:54:49Z
Scion,SCION XA,2025-09,1.2165,google_trends,2026-08-29T21:54:49Z
Scion,SCION XA,2025-10,1.2165,google_trends,2026-08-29T21:54:49Z
Scion,SCION XA,2025-11,1.2165,google_trends,2026-08-29T21:54:49Z
Scion,SCION XA,2025-12,1.2165,google_trends,2026-08-29T21:54:49Z
Scion,SCION XA,2026-01,1.2165,google_trends,2026-08-29T21:54:49Z
Scion,SCION XA,2026-02,1.5207,google_trends,2026-08-29T21:54:49Z
Scion,SCION XA,2026-03,1.2165,google_trends,2026-08-29T21:54:49Z
Scion,SCION XA,2026-04,1.2165,google_trends,2026-08-29T21:54:49Z
Scion,SCION XA,2026-05,1.2165,google_trends,2026-08-29T21:54:49Z
Scion,SCION XA,2026-06,1.2165,google_trends,2026-08-29T21:54:49Z
Scion,SCION XA,2026-07,1.2165,google_trends,2026-08-29T21:54:49Z
Scion,SCION XB,2025-08,4.8662,google_trends,2026-08-29T21:54:49Z
Scion,SCION XB,2025-09,4.8662,google_trends,2026-08-29T21:54:49Z
Scion,SCION XB,2025-10,4.8662,google_trends,2026-08-29T21:54:49Z
Scion,SCION XB,2025-11,4.3796,google_trends,2026-08-29T21:54:49Z
Scion,SCION XB,2025-12,3.9538,google_trends,2026-08-29T21:54:49Z
Scion,SCION XB,2026-01,4.562,google_trends,2026-08-29T21:54:49Z
Scion,SCION XB,2026-02,6.691,google_trends,2026-08-29T21:54:49Z
Scion,SCION XB,2026-03,6.326,google_trends,2026-08-29T21:54:49Z
Scion,SCION XB,2026-04,6.691,google_trends,2026-08-29T21:54:49Z
Scion,SCION XB,2026-05,6.5693,google_trends,2026-08-29T21:54:49Z
Scion,SCION XB,2026-06,5.7786,google_trends,2026-08-29T21:54:49Z
Scion,SCION XB,2026-07,5.4745,google_trends,2026-08-29T21:54:49Z
Scion,Scion FR-S,2025-08,1.2165,google_trends,2026-08-29T21:54:49Z
Scion,Scion FR-S,2025-09,1.2165,google_trends,2026-08-29T21:54:49Z
Scion,Scion FR-S,2025-10,1.2165,google_trends,2026-08-29T21:54:49Z
Scion,Scion FR-S,2025-11,0.9732,google_trends,2026-08-29T21:54:49Z
Scion,Scion FR-S,2025-12,0.3041,google_trends,2026-08-29T21:54:49Z
Scion,Scion FR-S,2026-01,0.3041,google_trends,2026-08-29T21:54:49Z
Scion,Scion FR-S,2026-02,1.2165,google_trends,2026-08-29T21:54:49Z
Scion,Scion FR-S,2026-03,1.2165,google_trends,2026-08-29T21:54:49Z
Scion,Scion FR-S,2026-04,1.2165,google_trends,2026-08-29T21:54:49Z
Scion,Scion FR-S,2026-05,1.2165,google_trends,2026-08-29T21:54:49Z
Scion,Scion FR-S,2026-06,1.2165,google_trends,2026-08-29T21:54:49Z
Scion,Scion FR-S,2026-07,0.6083,google_trends,2026-08-29T21:54:49Z
Shelby,Shelby Mustang GT350 & GT500,2025-08,0.9861,google_trends,2026-08-29T19:23:31Z
Shelby,Shelby Mustang GT350 & GT500,2025-09,0.0,google_trends,2026-08-29T19:23:31Z
Shelby,Shelby Mustang GT350 & GT500,2025-10,0.0,google_trends,2026-08-29T19:23:31Z
Shelby,Shelby Mustang GT350 & GT500,2025-11,0.493,google_trends,2026-08-29T19:23:31Z
Shelby,Shelby Mustang GT350 & GT500,2025-12,0.6163,google_trends,2026-08-29T19:23:31Z
Shelby,Shelby Mustang GT350 & GT500,2026-01,1.2326,google_trends,2026-08-29T19:23:31Z
Shelby,Shelby Mustang GT350 & GT500,2026-02,1.2326,google_trends,2026-08-29T19:23:31Z
Shelby,Shelby Mustang GT350 & GT500,2026-03,0.9861,google_trends,2026-08-29T19:23:31Z
Shelby,Shelby Mustang GT350 & GT500,2026-04,1.2326,google_trends,2026-08-29T19:23:31Z
Shelby,Shelby Mustang GT350 & GT500,2026-05,1.2326,google_trends,2026-08-29T19:23:31Z
Shelby,Shelby Mustang GT350 & GT500,2026-06,1.2326,google_trends,2026-08-29T19:23:31Z
Shelby,Shelby Mustang GT350 & GT500,2026-07,0.9245,google_trends,2026-08-29T19:23:31Z
Simca,SIMCA,2025-08,4.6816,google_trends,2026-08-29T21:54:49Z
Simca,SIMCA,2025-09,4.6816,google_trends,2026-08-29T21:54:49Z
Simca,SIMCA,2025-10,4.6816,google_trends,2026-08-29T21:54:49Z
Simca,SIMCA,2025-11,4.6816,google_trends,2026-08-29T21:54:49Z
Simca,SIMCA,2025-12,4.0964,google_trends,2026-08-29T21:54:49Z
Simca,SIMCA,2026-01,4.0964,google_trends,2026-08-29T21:54:49Z
Simca,SIMCA,2026-02,4.6816,google_trends,2026-08-29T21:54:49Z
Simca,SIMCA,2026-03,4.6816,google_trends,2026-08-29T21:54:49Z
Simca,SIMCA,2026-04,4.6816,google_trends,2026-08-29T21:54:49Z
Simca,SIMCA,2026-05,4.6816,google_trends,2026-08-29T21:54:49Z
Simca,SIMCA,2026-06,3.5112,google_trends,2026-08-29T21:54:49Z
Simca,SIMCA,2026-07,4.6816,google_trends,2026-08-29T21:54:49Z
Smart,SMART FORTWO,2025-08,10.219,google_trends,2026-08-29T21:54:49Z
Smart,SMART FORTWO,2025-09,10.0365,google_trends,2026-08-29T21:54:49Z
Smart,SMART FORTWO,2025-10,9.7324,google_trends,2026-08-29T21:54:49Z
Smart,SMART FORTWO,2025-11,9.7324,google_trends,2026-08-29T21:54:49Z
Smart,SMART FORTWO,2025-12,7.9075,google_trends,2026-08-29T21:54:49Z
Smart,SMART FORTWO,2026-01,9.1241,google_trends,2026-08-29T21:54:49Z
Smart,SMART FORTWO,2026-02,10.6448,google_trends,2026-08-29T21:54:49Z
Smart,SMART FORTWO,2026-03,11.1922,google_trends,2026-08-29T21:54:49Z
Smart,SMART FORTWO,2026-04,10.9489,google_trends,2026-08-29T21:54:49Z
Smart,SMART FORTWO,2026-05,10.9489,google_trends,2026-08-29T21:54:49Z
Smart,SMART FORTWO,2026-06,10.0365,google_trends,2026-08-29T21:54:49Z
Smart,SMART FORTWO,2026-07,9.4282,google_trends,2026-08-29T21:54:49Z
Smart,Smart Fortwo,2025-08,10.1099,google_trends,2026-08-29T19:23:31Z
Smart,Smart Fortwo,2025-09,10.1716,google_trends,2026-08-29T19:23:31Z
Smart,Smart Fortwo,2025-10,9.8634,google_trends,2026-08-29T19:23:31Z
Smart,Smart Fortwo,2025-11,9.8634,google_trends,2026-08-29T19:23:31Z
Smart,Smart Fortwo,2025-12,8.014,google_trends,2026-08-29T19:23:31Z
Smart,Smart Fortwo,2026-01,9.2469,google_trends,2026-08-29T19:23:31Z
Smart,Smart Fortwo,2026-02,11.0963,google_trends,2026-08-29T19:23:31Z
Smart,Smart Fortwo,2026-03,11.3429,google_trends,2026-08-29T19:23:31Z
Smart,Smart Fortwo,2026-04,11.4045,google_trends,2026-08-29T19:23:31Z
Smart,Smart Fortwo,2026-05,10.8497,google_trends,2026-08-29T19:23:31Z
Smart,Smart Fortwo,2026-06,10.1716,google_trends,2026-08-29T19:23:31Z
Smart,Smart Fortwo,2026-07,9.2469,google_trends,2026-08-29T19:23:31Z
Stutz,STUTZ BLACKHAWK,2025-08,0.0,google_trends,2026-08-29T21:54:49Z
Stutz,STUTZ BLACKHAWK,2025-09,0.0,google_trends,2026-08-29T21:54:49Z
Stutz,STUTZ BLACKHAWK,2025-10,0.0,google_trends,2026-08-29T21:54:49Z
Stutz,STUTZ BLACKHAWK,2025-11,0.0,google_trends,2026-08-29T21:54:49Z
Stutz,STUTZ BLACKHAWK,2025-12,0.3041,google_trends,2026-08-29T21:54:49Z
Stutz,STUTZ BLACKHAWK,2026-01,0.0,google_trends,2026-08-29T21:54:49Z
Stutz,STUTZ BLACKHAWK,2026-02,0.0,google_trends,2026-08-29T21:54:49Z
Stutz,STUTZ BLACKHAWK,2026-03,0.0,google_trends,2026-08-29T21:54:49Z
Stutz,STUTZ BLACKHAWK,2026-04,0.0,google_trends,2026-08-29T21:54:49Z
Stutz,STUTZ BLACKHAWK,2026-05,0.0,google_trends,2026-08-29T21:54:49Z
Stutz,STUTZ BLACKHAWK,2026-06,0.0,google_trends,2026-08-29T21:54:49Z
Stutz,STUTZ BLACKHAWK,2026-07,0.0,google_trends,2026-08-29T21:54:49Z
Subaru,Subaru BRAT,2025-08,1.4795,google_trends,2026-08-29T19:23:31Z
Subaru,Subaru BRAT,2025-09,1.2329,google_trends,2026-08-29T19:23:31Z
Subaru,Subaru BRAT,2025-10,1.2329,google_trends,2026-08-29T19:23:31Z
Subaru,Subaru BRAT,2025-11,1.2329,google_trends,2026-08-29T19:23:31Z
Subaru,Subaru BRAT,2025-12,2.7741,google_trends,2026-08-29T19:23:31Z
Subaru,Subaru BRAT,2026-01,1.2329,google_trends,2026-08-29T19:23:31Z
Subaru,Subaru BRAT,2026-02,1.2329,google_trends,2026-08-29T19:23:31Z
Subaru,Subaru BRAT,2026-03,1.2329,google_trends,2026-08-29T19:23:31Z
Subaru,Subaru BRAT,2026-04,1.2329,google_trends,2026-08-29T19:23:31Z
Subaru,Subaru BRAT,2026-05,1.2329,google_trends,2026-08-29T19:23:31Z
Subaru,Subaru BRAT,2026-06,1.2329,google_trends,2026-08-29T19:23:31Z
Subaru,Subaru BRAT,2026-07,1.2329,google_trends,2026-08-29T19:23:31Z
Subaru,Subaru BRZ,2025-08,11.5865,google_trends,2026-08-29T19:23:31Z
Subaru,Subaru BRZ,2025-09,10.7853,google_trends,2026-08-29T19:23:31Z
Subaru,Subaru BRZ,2025-10,11.0934,google_trends,2026-08-29T19:23:31Z
Subaru,Subaru BRZ,2025-11,10.1073,google_trends,2026-08-29T19:23:31Z
Subaru,Subaru BRZ,2025-12,9.5527,google_trends,2026-08-29T19:23:31Z
Subaru,Subaru BRZ,2026-01,9.8608,google_trends,2026-08-29T19:23:31Z
Subaru,Subaru BRZ,2026-02,13.2505,google_trends,2026-08-29T19:23:31Z
Subaru,Subaru BRZ,2026-03,12.326,google_trends,2026-08-29T19:23:31Z
Subaru,Subaru BRZ,2026-04,13.8668,google_trends,2026-08-29T19:23:31Z
Subaru,Subaru BRZ,2026-05,13.5586,google_trends,2026-08-29T19:23:31Z
Subaru,Subaru BRZ,2026-06,12.6342,google_trends,2026-08-29T19:23:31Z
Subaru,Subaru BRZ,2026-07,12.326,google_trends,2026-08-29T19:23:31Z
Subaru,Subaru Baja,2025-08,2.2187,google_trends,2026-08-29T19:23:31Z
Subaru,Subaru Baja,2025-09,1.2326,google_trends,2026-08-29T19:23:31Z
Subaru,Subaru Baja,2025-10,2.4652,google_trends,2026-08-29T19:23:31Z
Subaru,Subaru Baja,2025-11,2.4652,google_trends,2026-08-29T19:23:31Z
Subaru,Subaru Baja,2025-12,2.7734,google_trends,2026-08-29T19:23:31Z
Subaru,Subaru Baja,2026-01,2.1571,google_trends,2026-08-29T19:23:31Z
Subaru,Subaru Baja,2026-02,2.7734,google_trends,2026-08-29T19:23:31Z
Subaru,Subaru Baja,2026-03,2.2187,google_trends,2026-08-29T19:23:31Z
Subaru,Subaru Baja,2026-04,2.4652,google_trends,2026-08-29T19:23:31Z
Subaru,Subaru Baja,2026-05,2.4652,google_trends,2026-08-29T19:23:31Z
Subaru,Subaru Baja,2026-06,2.4652,google_trends,2026-08-29T19:23:31Z
Subaru,Subaru Baja,2026-07,2.1571,google_trends,2026-08-29T19:23:31Z
Subaru,Subaru Forester,2025-08,65.0814,google_trends,2026-08-29T19:23:31Z
Subaru,Subaru Forester,2025-09,59.4731,google_trends,2026-08-29T19:23:31Z
Subaru,Subaru Forester,2025-10,61.9383,google_trends,2026-08-29T19:23:31Z
Subaru,Subaru Forester,2025-11,63.8488,google_trends,2026-08-29T19:23:31Z
Subaru,Subaru Forester,2025-12,58.5486,google_trends,2026-08-29T19:23:31Z
Subaru,Subaru Forester,2026-01,61.322,google_trends,2026-08-29T19:23:31Z
Subaru,Subaru Forester,2026-02,71.7991,google_trends,2026-08-29T19:23:31Z
Subaru,Subaru Forester,2026-03,67.7931,google_trends,2026-08-29T19:23:31Z
Subaru,Subaru Forester,2026-04,71.7991,google_trends,2026-08-29T19:23:31Z
Subaru,Subaru Forester,2026-05,71.7375,google_trends,2026-08-29T19:23:31Z
Subaru,Subaru Forester,2026-06,68.4094,google_trends,2026-08-29T19:23:31Z
Subaru,Subaru Forester,2026-07,69.3339,google_trends,2026-08-29T19:23:31Z
Subaru,Subaru GL & GLF,2025-08,0.0,google_trends,2026-08-29T21:54:49Z
Subaru,Subaru GL & GLF,2025-09,0.0,google_trends,2026-08-29T21:54:49Z
Subaru,Subaru GL & GLF,2025-10,0.0,google_trends,2026-08-29T21:54:49Z
Subaru,Subaru GL & GLF,2025-11,0.0,google_trends,2026-08-29T21:54:49Z
Subaru,Subaru GL & GLF,2025-12,0.0,google_trends,2026-08-29T21:54:49Z
Subaru,Subaru GL & GLF,2026-01,0.0,google_trends,2026-08-29T21:54:49Z
Subaru,Subaru GL & GLF,2026-02,0.6083,google_trends,2026-08-29T21:54:49Z
Subaru,Subaru GL & GLF,2026-03,0.0,google_trends,2026-08-29T21:54:49Z
Subaru,Subaru GL & GLF,2026-04,0.0,google_trends,2026-08-29T21:54:49Z
Subaru,Subaru GL & GLF,2026-05,0.0,google_trends,2026-08-29T21:54:49Z
Subaru,Subaru GL & GLF,2026-06,0.3041,google_trends,2026-08-29T21:54:49Z
Subaru,Subaru GL & GLF,2026-07,0.0,google_trends,2026-08-29T21:54:49Z
Subaru,Subaru Impreza,2025-08,35.5081,google_trends,2026-08-29T19:23:31Z
Subaru,Subaru Impreza,2025-09,32.9806,google_trends,2026-08-29T19:23:31Z
Subaru,Subaru Impreza,2025-10,34.2135,google_trends,2026-08-29T19:23:31Z
Subaru,Subaru Impreza,2025-11,34.5217,google_trends,2026-08-29T19:23:31Z
Subaru,Subaru Impreza,2025-12,31.4394,google_trends,2026-08-29T19:23:31Z
Subaru,Subaru Impreza,2026-01,33.2888,google_trends,2026-08-29T19:23:31Z
Subaru,Subaru Impreza,2026-02,41.9192,google_trends,2026-08-29T19:23:31Z
Subaru,Subaru Impreza,2026-03,36.741,google_trends,2026-08-29T19:23:31Z
Subaru,Subaru Impreza,2026-04,40.3781,google_trends,2026-08-29T19:23:31Z
Subaru,Subaru Impreza,2026-05,38.9602,google_trends,2026-08-29T19:23:31Z
Subaru,Subaru Impreza,2026-06,36.3711,google_trends,2026-08-29T19:23:31Z
Subaru,Subaru Impreza,2026-07,36.0629,google_trends,2026-08-29T19:23:31Z
Subaru,Subaru Impreza WRX,2025-08,4.9304,google_trends,2026-08-29T19:23:31Z
Subaru,Subaru Impreza WRX,2025-09,4.9304,google_trends,2026-08-29T19:23:31Z
Subaru,Subaru Impreza WRX,2025-10,5.2386,google_trends,2026-08-29T19:23:31Z
Subaru,Subaru Impreza WRX,2025-11,4.9304,google_trends,2026-08-29T19:23:31Z
Subaru,Subaru Impreza WRX,2025-12,4.9304,google_trends,2026-08-29T19:23:31Z
Subaru,Subaru Impreza WRX,2026-01,4.9304,google_trends,2026-08-29T19:23:31Z
Subaru,Subaru Impreza WRX,2026-02,7.0875,google_trends,2026-08-29T19:23:31Z
Subaru,Subaru Impreza WRX,2026-03,5.1769,google_trends,2026-08-29T19:23:31Z
Subaru,Subaru Impreza WRX,2026-04,6.7793,google_trends,2026-08-29T19:23:31Z
Subaru,Subaru Impreza WRX,2026-05,6.4095,google_trends,2026-08-29T19:23:31Z
Subaru,Subaru Impreza WRX,2026-06,5.5467,google_trends,2026-08-29T19:23:31Z
Subaru,Subaru Impreza WRX,2026-07,4.9304,google_trends,2026-08-29T19:23:31Z
Subaru,Subaru Legacy,2025-08,18.7356,google_trends,2026-08-29T19:23:31Z
Subaru,Subaru Legacy,2025-09,17.8727,google_trends,2026-08-29T19:23:31Z
Subaru,Subaru Legacy,2025-10,16.9483,google_trends,2026-08-29T19:23:31Z
Subaru,Subaru Legacy,2025-11,17.996,google_trends,2026-08-29T19:23:31Z
Subaru,Subaru Legacy,2025-12,16.332,google_trends,2026-08-29T19:23:31Z
Subaru,Subaru Legacy,2026-01,16.332,google_trends,2026-08-29T19:23:31Z
Subaru,Subaru Legacy,2026-02,26.501,google_trends,2026-08-29T19:23:31Z
Subaru,Subaru Legacy,2026-03,19.4751,google_trends,2026-08-29T19:23:31Z
Subaru,Subaru Legacy,2026-04,21.2624,google_trends,2026-08-29T19:23:31Z
Subaru,Subaru Legacy,2026-05,20.4612,google_trends,2026-08-29T19:23:31Z
Subaru,Subaru Legacy,2026-06,18.7972,google_trends,2026-08-29T19:23:31Z
Subaru,Subaru Legacy,2026-07,18.7972,google_trends,2026-08-29T19:23:31Z
Subaru,Subaru Outback,2025-08,58.9184,google_trends,2026-08-29T19:23:31Z
Subaru,Subaru Outback,2025-09,51.4611,google_trends,2026-08-29T19:23:31Z
Subaru,Subaru Outback,2025-10,55.159,google_trends,2026-08-29T19:23:31Z
Subaru,Subaru Outback,2025-11,58.1788,google_trends,2026-08-29T19:23:31Z
Subaru,Subaru Outback,2025-12,53.9264,google_trends,2026-08-29T19:23:31Z
Subaru,Subaru Outback,2026-01,55.4671,google_trends,2026-08-29T19:23:31Z
Subaru,Subaru Outback,2026-02,63.7872,google_trends,2026-08-29T19:23:31Z
Subaru,Subaru Outback,2026-03,63.3558,google_trends,2026-08-29T19:23:31Z
Subaru,Subaru Outback,2026-04,66.2524,google_trends,2026-08-29T19:23:31Z
Subaru,Subaru Outback,2026-05,66.5605,google_trends,2026-08-29T19:23:31Z
Subaru,Subaru Outback,2026-06,63.1709,google_trends,2026-08-29T19:23:31Z
Subaru,Subaru Outback,2026-07,62.8627,google_trends,2026-08-29T19:23:31Z
Subaru,Subaru SVX,2025-08,1.2165,google_trends,2026-08-29T21:54:49Z
Subaru,Subaru SVX,2025-09,0.3041,google_trends,2026-08-29T21:54:49Z
Subaru,Subaru SVX,2025-10,0.0,google_trends,2026-08-29T21:54:49Z
Subaru,Subaru SVX,2025-11,0.2433,google_trends,2026-08-29T21:54:49Z
Subaru,Subaru SVX,2025-12,0.0,google_trends,2026-08-29T21:54:49Z
Subaru,Subaru SVX,2026-01,0.6083,google_trends,2026-08-29T21:54:49Z
Subaru,Subaru SVX,2026-02,1.2165,google_trends,2026-08-29T21:54:49Z
Subaru,Subaru SVX,2026-03,0.4866,google_trends,2026-08-29T21:54:49Z
Subaru,Subaru SVX,2026-04,0.9124,google_trends,2026-08-29T21:54:49Z
Subaru,Subaru SVX,2026-05,1.2165,google_trends,2026-08-29T21:54:49Z
Subaru,Subaru SVX,2026-06,0.6083,google_trends,2026-08-29T21:54:49Z
Subaru,Subaru SVX,2026-07,0.6083,google_trends,2026-08-29T21:54:49Z
Subaru,Subaru Sambar,2025-08,1.2326,google_trends,2026-08-29T19:23:31Z
Subaru,Subaru Sambar,2025-09,1.2326,google_trends,2026-08-29T19:23:31Z
Subaru,Subaru Sambar,2025-10,1.2326,google_trends,2026-08-29T19:23:31Z
Subaru,Subaru Sambar,2025-11,1.2326,google_trends,2026-08-29T19:23:31Z
Subaru,Subaru Sambar,2025-12,1.2326,google_trends,2026-08-29T19:23:31Z
Subaru,Subaru Sambar,2026-01,1.2326,google_trends,2026-08-29T19:23:31Z
Subaru,Subaru Sambar,2026-02,1.2326,google_trends,2026-08-29T19:23:31Z
Subaru,Subaru Sambar,2026-03,1.2326,google_trends,2026-08-29T19:23:31Z
Subaru,Subaru Sambar,2026-04,1.2326,google_trends,2026-08-29T19:23:31Z
Subaru,Subaru Sambar,2026-05,1.2326,google_trends,2026-08-29T19:23:31Z
Subaru,Subaru Sambar,2026-06,1.2326,google_trends,2026-08-29T19:23:31Z
Subaru,Subaru Sambar,2026-07,1.2326,google_trends,2026-08-29T19:23:31Z
Subaru,Subaru WRX STi,2025-08,8.3774,google_trends,2026-08-29T19:23:31Z
Subaru,Subaru WRX STi,2025-09,7.3918,google_trends,2026-08-29T19:23:31Z
Subaru,Subaru WRX STi,2025-10,8.0078,google_trends,2026-08-29T19:23:31Z
Subaru,Subaru WRX STi,2025-11,7.3918,google_trends,2026-08-29T19:23:31Z
Subaru,Subaru WRX STi,2025-12,7.3918,google_trends,2026-08-29T19:23:31Z
Subaru,Subaru WRX STi,2026-01,8.3158,google_trends,2026-08-29T19:23:31Z
Subaru,Subaru WRX STi,2026-02,10.4717,google_trends,2026-08-29T19:23:31Z
Subaru,Subaru WRX STi,2026-03,8.6238,google_trends,2026-08-29T19:23:31Z
Subaru,Subaru WRX STi,2026-04,11.0877,google_trends,2026-08-29T19:23:31Z
Subaru,Subaru WRX STi,2026-05,10.3485,google_trends,2026-08-29T19:23:31Z
Subaru,Subaru WRX STi,2026-06,8.9318,google_trends,2026-08-29T19:23:31Z
Subaru,Subaru WRX STi,2026-07,7.6998,google_trends,2026-08-29T19:23:31Z
Suzuki,SUZUKI CAPPUCCINO,2025-08,1.4599,google_trends,2026-08-29T21:54:49Z
Suzuki,SUZUKI CAPPUCCINO,2025-09,1.2165,google_trends,2026-08-29T21:54:49Z
Suzuki,SUZUKI CAPPUCCINO,2025-10,1.2165,google_trends,2026-08-29T21:54:49Z
Suzuki,SUZUKI CAPPUCCINO,2025-11,1.7032,google_trends,2026-08-29T21:54:49Z
Suzuki,SUZUKI CAPPUCCINO,2025-12,1.2165,google_trends,2026-08-29T21:54:49Z
Suzuki,SUZUKI CAPPUCCINO,2026-01,1.2165,google_trends,2026-08-29T21:54:49Z
Suzuki,SUZUKI CAPPUCCINO,2026-02,1.2165,google_trends,2026-08-29T21:54:49Z
Suzuki,SUZUKI CAPPUCCINO,2026-03,1.4599,google_trends,2026-08-29T21:54:49Z
Suzuki,SUZUKI CAPPUCCINO,2026-04,1.5207,google_trends,2026-08-29T21:54:49Z
Suzuki,SUZUKI CAPPUCCINO,2026-05,1.7032,google_trends,2026-08-29T21:54:49Z
Suzuki,SUZUKI CAPPUCCINO,2026-06,1.2165,google_trends,2026-08-29T21:54:49Z
Suzuki,SUZUKI CAPPUCCINO,2026-07,1.2165,google_trends,2026-08-29T21:54:49Z
Suzuki,SUZUKI SX4,2025-08,9.9757,google_trends,2026-08-29T21:54:49Z
Suzuki,SUZUKI SX4,2025-09,9.4282,google_trends,2026-08-29T21:54:49Z
Suzuki,SUZUKI SX4,2025-10,9.7324,google_trends,2026-08-29T21:54:49Z
Suzuki,SUZUKI SX4,2025-11,9.7324,google_trends,2026-08-29T21:54:49Z
Suzuki,SUZUKI SX4,2025-12,8.5158,google_trends,2026-08-29T21:54:49Z
Suzuki,SUZUKI SX4,2026-01,9.7324,google_trends,2026-08-29T21:54:49Z
Suzuki,SUZUKI SX4,2026-02,10.9489,google_trends,2026-08-29T21:54:49Z
Suzuki,SUZUKI SX4,2026-03,9.9757,google_trends,2026-08-29T21:54:49Z
Suzuki,SUZUKI SX4,2026-04,10.0365,google_trends,2026-08-29T21:54:49Z
Suzuki,SUZUKI SX4,2026-05,9.9757,google_trends,2026-08-29T21:54:49Z
Suzuki,SUZUKI SX4,2026-06,9.7324,google_trends,2026-08-29T21:54:49Z
Suzuki,SUZUKI SX4,2026-07,9.7324,google_trends,2026-08-29T21:54:49Z
Suzuki,Suzuki Alto,2025-08,13.382,google_trends,2026-08-29T21:54:49Z
Suzuki,Suzuki Alto,2025-09,14.5985,google_trends,2026-08-29T21:54:49Z
Suzuki,Suzuki Alto,2025-10,13.0779,google_trends,2026-08-29T21:54:49Z
Suzuki,Suzuki Alto,2025-11,13.1387,google_trends,2026-08-29T21:54:49Z
Suzuki,Suzuki Alto,2025-12,13.382,google_trends,2026-08-29T21:54:49Z
Suzuki,Suzuki Alto,2026-01,13.6861,google_trends,2026-08-29T21:54:49Z
Suzuki,Suzuki Alto,2026-02,12.7737,google_trends,2026-08-29T21:54:49Z
Suzuki,Suzuki Alto,2026-03,13.1387,google_trends,2026-08-29T21:54:49Z
Suzuki,Suzuki Alto,2026-04,13.6861,google_trends,2026-08-29T21:54:49Z
Suzuki,Suzuki Alto,2026-05,14.3552,google_trends,2026-08-29T21:54:49Z
Suzuki,Suzuki Alto,2026-06,13.0779,google_trends,2026-08-29T21:54:49Z
Suzuki,Suzuki Alto,2026-07,12.7737,google_trends,2026-08-29T21:54:49Z
Suzuki,Suzuki Carry,2025-08,4.9279,google_trends,2026-08-29T19:23:31Z
Suzuki,Suzuki Carry,2025-09,4.9279,google_trends,2026-08-29T19:23:31Z
Suzuki,Suzuki Carry,2025-10,4.9279,google_trends,2026-08-29T19:23:31Z
Suzuki,Suzuki Carry,2025-11,5.1743,google_trends,2026-08-29T19:23:31Z
Suzuki,Suzuki Carry,2025-12,5.8519,google_trends,2026-08-29T19:23:31Z
Suzuki,Suzuki Carry,2026-01,5.5439,google_trends,2026-08-29T19:23:31Z
Suzuki,Suzuki Carry,2026-02,5.8519,google_trends,2026-08-29T19:23:31Z
Suzuki,Suzuki Carry,2026-03,5.4207,google_trends,2026-08-29T19:23:31Z
Suzuki,Suzuki Carry,2026-04,6.1598,google_trends,2026-08-29T19:23:31Z
Suzuki,Suzuki Carry,2026-05,6.1598,google_trends,2026-08-29T19:23:31Z
Suzuki,Suzuki Carry,2026-06,5.2359,google_trends,2026-08-29T19:23:31Z
Suzuki,Suzuki Carry,2026-07,4.9279,google_trends,2026-08-29T19:23:31Z
Suzuki,Suzuki Every,2025-08,2.4652,google_trends,2026-08-29T19:23:31Z
Suzuki,Suzuki Every,2025-09,2.4652,google_trends,2026-08-29T19:23:31Z
Suzuki,Suzuki Every,2025-10,2.4652,google_trends,2026-08-29T19:23:31Z
Suzuki,Suzuki Every,2025-11,2.4652,google_trends,2026-08-29T19:23:31Z
Suzuki,Suzuki Every,2025-12,3.0815,google_trends,2026-08-29T19:23:31Z
Suzuki,Suzuki Every,2026-01,2.7734,google_trends,2026-08-29T19:23:31Z
Suzuki,Suzuki Every,2026-02,3.3897,google_trends,2026-08-29T19:23:31Z
Suzuki,Suzuki Every,2026-03,3.2048,google_trends,2026-08-29T19:23:31Z
Suzuki,Suzuki Every,2026-04,3.6978,google_trends,2026-08-29T19:23:31Z
Suzuki,Suzuki Every,2026-05,3.9443,google_trends,2026-08-29T19:23:31Z
Suzuki,Suzuki Every,2026-06,3.6978,google_trends,2026-08-29T19:23:31Z
Suzuki,Suzuki Every,2026-07,2.4652,google_trends,2026-08-29T19:23:31Z
Suzuki,Suzuki GS,2025-08,3.6978,google_trends,2026-08-29T19:23:31Z
Suzuki,Suzuki GS,2025-09,3.6978,google_trends,2026-08-29T19:23:31Z
Suzuki,Suzuki GS,2025-10,2.4652,google_trends,2026-08-29T19:23:31Z
Suzuki,Suzuki GS,2025-11,2.4652,google_trends,2026-08-29T19:23:31Z
Suzuki,Suzuki GS,2025-12,2.4652,google_trends,2026-08-29T19:23:31Z
Suzuki,Suzuki GS,2026-01,2.4652,google_trends,2026-08-29T19:23:31Z
Suzuki,Suzuki GS,2026-02,3.0815,google_trends,2026-08-29T19:23:31Z
Suzuki,Suzuki GS,2026-03,3.6978,google_trends,2026-08-29T19:23:31Z
Suzuki,Suzuki GS,2026-04,3.6978,google_trends,2026-08-29T19:23:31Z
Suzuki,Suzuki GS,2026-05,3.6978,google_trends,2026-08-29T19:23:31Z
Suzuki,Suzuki GS,2026-06,3.6978,google_trends,2026-08-29T19:23:31Z
Suzuki,Suzuki GS,2026-07,3.6978,google_trends,2026-08-29T19:23:31Z
Suzuki,Suzuki GT,2025-08,2.4658,google_trends,2026-08-29T19:23:31Z
Suzuki,Suzuki GT,2025-09,2.4658,google_trends,2026-08-29T19:23:31Z
Suzuki,Suzuki GT,2025-10,2.4658,google_trends,2026-08-29T19:23:31Z
Suzuki,Suzuki GT,2025-11,2.4658,google_trends,2026-08-29T19:23:31Z
Suzuki,Suzuki GT,2025-12,1.8494,google_trends,2026-08-29T19:23:31Z
Suzuki,Suzuki GT,2026-01,1.8494,google_trends,2026-08-29T19:23:31Z
Suzuki,Suzuki GT,2026-02,2.4658,google_trends,2026-08-29T19:23:31Z
Suzuki,Suzuki GT,2026-03,2.4658,google_trends,2026-08-29T19:23:31Z
Suzuki,Suzuki GT,2026-04,2.4658,google_trends,2026-08-29T19:23:31Z
Suzuki,Suzuki GT,2026-05,2.4658,google_trends,2026-08-29T19:23:31Z
Suzuki,Suzuki GT,2026-06,2.4658,google_trends,2026-08-29T19:23:31Z
Suzuki,Suzuki GT,2026-07,2.4658,google_trends,2026-08-29T19:23:31Z
Suzuki,Suzuki Hayabusa,2025-08,4.9317,google_trends,2026-08-29T19:23:31Z
Suzuki,Suzuki Hayabusa,2025-09,4.007,google_trends,2026-08-29T19:23:31Z
Suzuki,Suzuki Hayabusa,2025-10,4.3152,google_trends,2026-08-29T19:23:31Z
Suzuki,Suzuki Hayabusa,2025-11,3.6988,google_trends,2026-08-29T19:23:31Z
Suzuki,Suzuki Hayabusa,2025-12,3.6988,google_trends,2026-08-29T19:23:31Z
Suzuki,Suzuki Hayabusa,2026-01,3.6988,google_trends,2026-08-29T19:23:31Z
Suzuki,Suzuki Hayabusa,2026-02,4.6234,google_trends,2026-08-29T19:23:31Z
Suzuki,Suzuki Hayabusa,2026-03,4.6851,google_trends,2026-08-29T19:23:31Z
Suzuki,Suzuki Hayabusa,2026-04,5.8564,google_trends,2026-08-29T19:23:31Z
Suzuki,Suzuki Hayabusa,2026-05,4.9317,google_trends,2026-08-29T19:23:31Z
Suzuki,Suzuki Hayabusa,2026-06,4.6234,google_trends,2026-08-29T19:23:31Z
Suzuki,Suzuki Hayabusa,2026-07,4.3152,google_trends,2026-08-29T19:23:31Z
Suzuki,Suzuki Jimny,2025-08,37.7176,google_trends,2026-08-29T19:23:31Z
Suzuki,Suzuki Jimny,2025-09,33.2803,google_trends,2026-08-29T19:23:31Z
Suzuki,Suzuki Jimny,2025-10,31.1232,google_trends,2026-08-29T19:23:31Z
Suzuki,Suzuki Jimny,2025-11,32.7872,google_trends,2026-08-29T19:23:31Z
Suzuki,Suzuki Jimny,2025-12,33.2803,google_trends,2026-08-29T19:23:31Z
Suzuki,Suzuki Jimny,2026-01,37.2862,google_trends,2026-08-29T19:23:31Z
Suzuki,Suzuki Jimny,2026-02,35.1292,google_trends,2026-08-29T19:23:31Z
Suzuki,Suzuki Jimny,2026-03,33.2803,google_trends,2026-08-29T19:23:31Z
Suzuki,Suzuki Jimny,2026-04,33.8966,google_trends,2026-08-29T19:23:31Z
Suzuki,Suzuki Jimny,2026-05,33.5268,google_trends,2026-08-29T19:23:31Z
Suzuki,Suzuki Jimny,2026-06,30.8151,google_trends,2026-08-29T19:23:31Z
Suzuki,Suzuki Jimny,2026-07,30.5069,google_trends,2026-08-29T19:23:31Z
Suzuki,Suzuki Katana,2025-08,2.4331,google_trends,2026-08-29T21:54:49Z
Suzuki,Suzuki Katana,2025-09,2.4331,google_trends,2026-08-29T21:54:49Z
Suzuki,Suzuki Katana,2025-10,2.4331,google_trends,2026-08-29T21:54:49Z
Suzuki,Suzuki Katana,2025-11,2.4331,google_trends,2026-08-29T21:54:49Z
Suzuki,Suzuki Katana,2025-12,2.129,google_trends,2026-08-29T21:54:49Z
Suzuki,Suzuki Katana,2026-01,2.4331,google_trends,2026-08-29T21:54:49Z
Suzuki,Suzuki Katana,2026-02,3.0414,google_trends,2026-08-29T21:54:49Z
Suzuki,Suzuki Katana,2026-03,2.4331,google_trends,2026-08-29T21:54:49Z
Suzuki,Suzuki Katana,2026-04,2.4331,google_trends,2026-08-29T21:54:49Z
Suzuki,Suzuki Katana,2026-05,2.4331,google_trends,2026-08-29T21:54:49Z
Suzuki,Suzuki Katana,2026-06,2.4331,google_trends,2026-08-29T21:54:49Z
Suzuki,Suzuki Katana,2026-07,2.4331,google_trends,2026-08-29T21:54:49Z
Suzuki,Suzuki Samurai,2025-08,7.1491,google_trends,2026-08-29T19:23:31Z
Suzuki,Suzuki Samurai,2025-09,6.7793,google_trends,2026-08-29T19:23:31Z
Suzuki,Suzuki Samurai,2025-10,7.0875,google_trends,2026-08-29T19:23:31Z
Suzuki,Suzuki Samurai,2025-11,6.9026,google_trends,2026-08-29T19:23:31Z
Suzuki,Suzuki Samurai,2025-12,6.7793,google_trends,2026-08-29T19:23:31Z
Suzuki,Suzuki Samurai,2026-01,8.0119,google_trends,2026-08-29T19:23:31Z
Suzuki,Suzuki Samurai,2026-02,8.3201,google_trends,2026-08-29T19:23:31Z
Suzuki,Suzuki Samurai,2026-03,7.1491,google_trends,2026-08-29T19:23:31Z
Suzuki,Suzuki Samurai,2026-04,7.0875,google_trends,2026-08-29T19:23:31Z
Suzuki,Suzuki Samurai,2026-05,6.9026,google_trends,2026-08-29T19:23:31Z
Suzuki,Suzuki Samurai,2026-06,6.163,google_trends,2026-08-29T19:23:31Z
Suzuki,Suzuki Samurai,2026-07,6.4712,google_trends,2026-08-29T19:23:31Z
Suzuki,Suzuki TS & TC,2025-08,1.2326,google_trends,2026-08-29T19:23:31Z
Suzuki,Suzuki TS & TC,2025-09,1.2326,google_trends,2026-08-29T19:23:31Z
Suzuki,Suzuki TS & TC,2025-10,1.2326,google_trends,2026-08-29T19:23:31Z
Suzuki,Suzuki TS & TC,2025-11,1.2326,google_trends,2026-08-29T19:23:31Z
Suzuki,Suzuki TS & TC,2025-12,1.2326,google_trends,2026-08-29T19:23:31Z
Suzuki,Suzuki TS & TC,2026-01,1.2326,google_trends,2026-08-29T19:23:31Z
Suzuki,Suzuki TS & TC,2026-02,1.2326,google_trends,2026-08-29T19:23:31Z
Suzuki,Suzuki TS & TC,2026-03,1.2326,google_trends,2026-08-29T19:23:31Z
Suzuki,Suzuki TS & TC,2026-04,1.2326,google_trends,2026-08-29T19:23:31Z
Suzuki,Suzuki TS & TC,2026-05,1.2326,google_trends,2026-08-29T19:23:31Z
Suzuki,Suzuki TS & TC,2026-06,1.2326,google_trends,2026-08-29T19:23:31Z
Suzuki,Suzuki TS & TC,2026-07,1.2326,google_trends,2026-08-29T19:23:31Z
TVR,TVR GRIFFITH,2025-08,0.0,google_trends,2026-08-29T21:54:49Z
TVR,TVR GRIFFITH,2025-09,0.0,google_trends,2026-08-29T21:54:49Z
TVR,TVR GRIFFITH,2025-10,0.0,google_trends,2026-08-29T21:54:49Z
TVR,TVR GRIFFITH,2025-11,0.0,google_trends,2026-08-29T21:54:49Z
TVR,TVR GRIFFITH,2025-12,0.0,google_trends,2026-08-29T21:54:49Z
TVR,TVR GRIFFITH,2026-01,0.0,google_trends,2026-08-29T21:54:49Z
TVR,TVR GRIFFITH,2026-02,0.0,google_trends,2026-08-29T21:54:49Z
TVR,TVR GRIFFITH,2026-03,0.0,google_trends,2026-08-29T21:54:49Z
TVR,TVR GRIFFITH,2026-04,0.3041,google_trends,2026-08-29T21:54:49Z
TVR,TVR GRIFFITH,2026-05,0.4866,google_trends,2026-08-29T21:54:49Z
TVR,TVR GRIFFITH,2026-06,0.0,google_trends,2026-08-29T21:54:49Z
TVR,TVR GRIFFITH,2026-07,0.0,google_trends,2026-08-29T21:54:49Z
Tesla,Cybertruck,2025-08,19.1279,google_trends,2026-08-29T21:54:49Z
Tesla,Cybertruck,2025-09,14.7138,google_trends,2026-08-29T21:54:49Z
Tesla,Cybertruck,2025-10,13.3344,google_trends,2026-08-29T21:54:49Z
Tesla,Cybertruck,2025-11,14.3459,google_trends,2026-08-29T21:54:49Z
Tesla,Cybertruck,2025-12,15.1736,google_trends,2026-08-29T21:54:49Z
Tesla,Cybertruck,2026-01,12.8745,google_trends,2026-08-29T21:54:49Z
Tesla,Cybertruck,2026-02,14.7138,google_trends,2026-08-29T21:54:49Z
Tesla,Cybertruck,2026-03,16.553,google_trends,2026-08-29T21:54:49Z
Tesla,Cybertruck,2026-04,18.852,google_trends,2026-08-29T21:54:49Z
Tesla,Cybertruck,2026-05,18.0244,google_trends,2026-08-29T21:54:49Z
Tesla,Cybertruck,2026-06,15.6334,google_trends,2026-08-29T21:54:49Z
Tesla,Cybertruck,2026-07,17.4726,google_trends,2026-08-29T21:54:49Z
Tesla,MODEL Y,2025-08,126.1706,google_trends,2026-08-29T21:54:49Z
Tesla,MODEL Y,2025-09,107.1346,google_trends,2026-08-29T21:54:49Z
Tesla,MODEL Y,2025-10,95.1797,google_trends,2026-08-29T21:54:49Z
Tesla,MODEL Y,2025-11,90.4897,google_trends,2026-08-29T21:54:49Z
Tesla,MODEL Y,2025-12,91.9611,google_trends,2026-08-29T21:54:49Z
Tesla,MODEL Y,2026-01,93.3405,google_trends,2026-08-29T21:54:49Z
Tesla,MODEL Y,2026-02,97.4787,google_trends,2026-08-29T21:54:49Z
Tesla,MODEL Y,2026-03,146.402,google_trends,2026-08-29T21:54:49Z
Tesla,MODEL Y,2026-04,162.3113,google_trends,2026-08-29T21:54:49Z
Tesla,MODEL Y,2026-05,151.5518,google_trends,2026-08-29T21:54:49Z
Tesla,MODEL Y,2026-06,144.8387,google_trends,2026-08-29T21:54:49Z
Tesla,MODEL Y,2026-07,133.3436,google_trends,2026-08-29T21:54:49Z
Tesla,Roadster,2025-08,4.9304,google_trends,2026-08-29T19:23:31Z
Tesla,Roadster,2025-09,4.6223,google_trends,2026-08-29T19:23:31Z
Tesla,Roadster,2025-10,4.9304,google_trends,2026-08-29T19:23:31Z
Tesla,Roadster,2025-11,5.1769,google_trends,2026-08-29T19:23:31Z
Tesla,Roadster,2025-12,4.006,google_trends,2026-08-29T19:23:31Z
Tesla,Roadster,2026-01,5.2386,google_trends,2026-08-29T19:23:31Z
Tesla,Roadster,2026-02,5.2386,google_trends,2026-08-29T19:23:31Z
Tesla,Roadster,2026-03,5.67,google_trends,2026-08-29T19:23:31Z
Tesla,Roadster,2026-04,6.7793,google_trends,2026-08-29T19:23:31Z
Tesla,Roadster,2026-05,6.9026,google_trends,2026-08-29T19:23:31Z
Tesla,Roadster,2026-06,6.163,google_trends,2026-08-29T19:23:31Z
Tesla,Roadster,2026-07,4.9304,google_trends,2026-08-29T19:23:31Z
Tesla,S,2025-08,39.9363,google_trends,2026-08-29T19:23:31Z
Tesla,S,2025-09,36.3618,google_trends,2026-08-29T19:23:31Z
Tesla,S,2025-10,32.664,google_trends,2026-08-29T19:23:31Z
Tesla,S,2025-11,32.2942,google_trends,2026-08-29T19:23:31Z
Tesla,S,2025-12,32.0477,google_trends,2026-08-29T19:23:31Z
Tesla,S,2026-01,36.3618,google_trends,2026-08-29T19:23:31Z
Tesla,S,2026-02,37.2862,google_trends,2026-08-29T19:23:31Z
Tesla,S,2026-03,44.6202,google_trends,2026-08-29T19:23:31Z
Tesla,S,2026-04,52.3856,google_trends,2026-08-29T19:23:31Z
Tesla,S,2026-05,49.0576,google_trends,2026-08-29T19:23:31Z
Tesla,S,2026-06,42.5248,google_trends,2026-08-29T19:23:31Z
Tesla,S,2026-07,36.3618,google_trends,2026-08-29T19:23:31Z
Tesla,X,2025-08,39.9466,google_trends,2026-08-29T19:23:31Z
Tesla,X,2025-09,34.5217,google_trends,2026-08-29T19:23:31Z
Tesla,X,2025-10,32.3641,google_trends,2026-08-29T19:23:31Z
Tesla,X,2025-11,29.5901,google_trends,2026-08-29T19:23:31Z
Tesla,X,2025-12,29.5901,google_trends,2026-08-29T19:23:31Z
Tesla,X,2026-01,34.2135,google_trends,2026-08-29T19:23:31Z
Tesla,X,2026-02,31.7477,google_trends,2026-08-29T19:23:31Z
Tesla,X,2026-03,42.4124,google_trends,2026-08-29T19:23:31Z
Tesla,X,2026-04,52.7073,google_trends,2026-08-29T19:23:31Z
Tesla,X,2026-05,50.3031,google_trends,2026-08-29T19:23:31Z
Tesla,X,2026-06,50.8579,google_trends,2026-08-29T19:23:31Z
Tesla,X,2026-07,39.4534,google_trends,2026-08-29T19:23:31Z
Toyota,2000GT,2025-08,0.0,google_trends,2026-08-29T21:54:49Z
Toyota,2000GT,2025-09,0.0,google_trends,2026-08-29T21:54:49Z
Toyota,2000GT,2025-10,0.0,google_trends,2026-08-29T21:54:49Z
Toyota,2000GT,2025-11,0.3678,google_trends,2026-08-29T21:54:49Z
Toyota,2000GT,2025-12,0.0,google_trends,2026-08-29T21:54:49Z
Toyota,2000GT,2026-01,0.0,google_trends,2026-08-29T21:54:49Z
Toyota,2000GT,2026-02,0.0,google_trends,2026-08-29T21:54:49Z
Toyota,2000GT,2026-03,0.0,google_trends,2026-08-29T21:54:49Z
Toyota,2000GT,2026-04,0.0,google_trends,2026-08-29T21:54:49Z
Toyota,2000GT,2026-05,0.7357,google_trends,2026-08-29T21:54:49Z
Toyota,2000GT,2026-06,0.0,google_trends,2026-08-29T21:54:49Z
Toyota,2000GT,2026-07,0.4598,google_trends,2026-08-29T21:54:49Z
Toyota,4RUNNER,2025-08,51.5815,google_trends,2026-08-29T21:54:49Z
Toyota,4RUNNER,2025-09,43.4915,google_trends,2026-08-29T21:54:49Z
Toyota,4RUNNER,2025-10,44.0998,google_trends,2026-08-29T21:54:49Z
Toyota,4RUNNER,2025-11,45.0122,google_trends,2026-08-29T21:54:49Z
Toyota,4RUNNER,2025-12,45.0122,google_trends,2026-08-29T21:54:49Z
Toyota,4RUNNER,2026-01,43.1873,google_trends,2026-08-29T21:54:49Z
Toyota,4RUNNER,2026-02,64.1727,google_trends,2026-08-29T21:54:49Z
Toyota,4RUNNER,2026-03,67.6399,google_trends,2026-08-29T21:54:49Z
Toyota,4RUNNER,2026-04,78.163,google_trends,2026-08-29T21:54:49Z
Toyota,4RUNNER,2026-05,71.7762,google_trends,2026-08-29T21:54:49Z
Toyota,4RUNNER,2026-06,72.3844,google_trends,2026-08-29T21:54:49Z
Toyota,4RUNNER,2026-07,70.5596,google_trends,2026-08-29T21:54:49Z
Toyota,AE86,2025-08,2.959,google_trends,2026-08-29T19:23:31Z
Toyota,AE86,2025-09,2.7741,google_trends,2026-08-29T19:23:31Z
Toyota,AE86,2025-10,2.4658,google_trends,2026-08-29T19:23:31Z
Toyota,AE86,2025-11,2.4658,google_trends,2026-08-29T19:23:31Z
Toyota,AE86,2025-12,2.4658,google_trends,2026-08-29T19:23:31Z
Toyota,AE86,2026-01,3.0823,google_trends,2026-08-29T19:23:31Z
Toyota,AE86,2026-02,3.0823,google_trends,2026-08-29T19:23:31Z
Toyota,AE86,2026-03,3.9453,google_trends,2026-08-29T19:23:31Z
Toyota,AE86,2026-04,10.1716,google_trends,2026-08-29T19:23:31Z
Toyota,AE86,2026-05,9.3702,google_trends,2026-08-29T19:23:31Z
Toyota,AE86,2026-06,3.6988,google_trends,2026-08-29T19:23:31Z
Toyota,AE86,2026-07,2.4658,google_trends,2026-08-29T19:23:31Z
Toyota,ARISTO,2025-08,1.2165,google_trends,2026-08-29T21:54:49Z
Toyota,ARISTO,2025-09,0.9124,google_trends,2026-08-29T21:54:49Z
Toyota,ARISTO,2025-10,1.2165,google_trends,2026-08-29T21:54:49Z
Toyota,ARISTO,2025-11,1.2165,google_trends,2026-08-29T21:54:49Z
Toyota,ARISTO,2025-12,1.2165,google_trends,2026-08-29T21:54:49Z
Toyota,ARISTO,2026-01,0.9124,google_trends,2026-08-29T21:54:49Z
Toyota,ARISTO,2026-02,1.2165,google_trends,2026-08-29T21:54:49Z
Toyota,ARISTO,2026-03,1.2165,google_trends,2026-08-29T21:54:49Z
Toyota,ARISTO,2026-04,1.2165,google_trends,2026-08-29T21:54:49Z
Toyota,ARISTO,2026-05,1.2165,google_trends,2026-08-29T21:54:49Z
Toyota,ARISTO,2026-06,1.2165,google_trends,2026-08-29T21:54:49Z
Toyota,ARISTO,2026-07,1.2165,google_trends,2026-08-29T21:54:49Z
Toyota,AVALON,2025-08,15.5718,google_trends,2026-08-29T21:54:49Z
Toyota,AVALON,2025-09,13.6861,google_trends,2026-08-29T21:54:49Z
Toyota,AVALON,2025-10,13.0779,google_trends,2026-08-29T21:54:49Z
Toyota,AVALON,2025-11,13.1387,google_trends,2026-08-29T21:54:49Z
Toyota,AVALON,2025-12,12.4696,google_trends,2026-08-29T21:54:49Z
Toyota,AVALON,2026-01,13.382,google_trends,2026-08-29T21:54:49Z
Toyota,AVALON,2026-02,18.8564,google_trends,2026-08-29T21:54:49Z
Toyota,AVALON,2026-03,17.2749,google_trends,2026-08-29T21:54:49Z
Toyota,AVALON,2026-04,18.8564,google_trends,2026-08-29T21:54:49Z
Toyota,AVALON,2026-05,18.9781,google_trends,2026-08-29T21:54:49Z
Toyota,AVALON,2026-06,16.4234,google_trends,2026-08-29T21:54:49Z
Toyota,AVALON,2026-07,16.1192,google_trends,2026-08-29T21:54:49Z
Toyota,Avalon,2025-08,15.2843,google_trends,2026-08-29T19:23:31Z
Toyota,Avalon,2025-09,13.2505,google_trends,2026-08-29T19:23:31Z
Toyota,Avalon,2025-10,12.9423,google_trends,2026-08-29T19:23:31Z
Toyota,Avalon,2025-11,12.5725,google_trends,2026-08-29T19:23:31Z
Toyota,Avalon,2025-12,12.6342,google_trends,2026-08-29T19:23:31Z
Toyota,Avalon,2026-01,13.2505,google_trends,2026-08-29T19:23:31Z
Toyota,Avalon,2026-02,18.489,google_trends,2026-08-29T19:23:31Z
Toyota,Avalon,2026-03,16.2704,google_trends,2026-08-29T19:23:31Z
Toyota,Avalon,2026-04,18.7972,google_trends,2026-08-29T19:23:31Z
Toyota,Avalon,2026-05,18.9821,google_trends,2026-08-29T19:23:31Z
Toyota,Avalon,2026-06,16.0238,google_trends,2026-08-29T19:23:31Z
Toyota,Avalon,2026-07,16.0238,google_trends,2026-08-29T19:23:31Z
Toyota,CALDINA,2025-08,1.2165,google_trends,2026-08-29T21:54:49Z
Toyota,CALDINA,2025-09,1.2165,google_trends,2026-08-29T21:54:49Z
Toyota,CALDINA,2025-10,1.2165,google_trends,2026-08-29T21:54:49Z
Toyota,CALDINA,2025-11,1.2165,google_trends,2026-08-29T21:54:49Z
Toyota,CALDINA,2025-12,1.2165,google_trends,2026-08-29T21:54:49Z
Toyota,CALDINA,2026-01,1.2165,google_trends,2026-08-29T21:54:49Z
Toyota,CALDINA,2026-02,1.2165,google_trends,2026-08-29T21:54:49Z
Toyota,CALDINA,2026-03,1.2165,google_trends,2026-08-29T21:54:49Z
Toyota,CALDINA,2026-04,1.2165,google_trends,2026-08-29T21:54:49Z
Toyota,CALDINA,2026-05,1.2165,google_trends,2026-08-29T21:54:49Z
Toyota,CALDINA,2026-06,1.2165,google_trends,2026-08-29T21:54:49Z
Toyota,CALDINA,2026-07,1.2165,google_trends,2026-08-29T21:54:49Z
Toyota,CELSIOR,2025-08,0.7299,google_trends,2026-08-29T21:54:49Z
Toyota,CELSIOR,2025-09,0.0,google_trends,2026-08-29T21:54:49Z
Toyota,CELSIOR,2025-10,0.3041,google_trends,2026-08-29T21:54:49Z
Toyota,CELSIOR,2025-11,0.0,google_trends,2026-08-29T21:54:49Z
Toyota,CELSIOR,2025-12,0.0,google_trends,2026-08-29T21:54:49Z
Toyota,CELSIOR,2026-01,0.0,google_trends,2026-08-29T21:54:49Z
Toyota,CELSIOR,2026-02,0.6083,google_trends,2026-08-29T21:54:49Z
Toyota,CELSIOR,2026-03,0.0,google_trends,2026-08-29T21:54:49Z
Toyota,CELSIOR,2026-04,0.3041,google_trends,2026-08-29T21:54:49Z
Toyota,CELSIOR,2026-05,0.0,google_trends,2026-08-29T21:54:49Z
Toyota,CELSIOR,2026-06,0.0,google_trends,2026-08-29T21:54:49Z
Toyota,CELSIOR,2026-07,0.0,google_trends,2026-08-29T21:54:49Z
Toyota,CHASER,2025-08,2.4331,google_trends,2026-08-29T21:54:49Z
Toyota,CHASER,2025-09,2.4331,google_trends,2026-08-29T21:54:49Z
Toyota,CHASER,2025-10,2.4331,google_trends,2026-08-29T21:54:49Z
Toyota,CHASER,2025-11,2.4331,google_trends,2026-08-29T21:54:49Z
Toyota,CHASER,2025-12,2.4331,google_trends,2026-08-29T21:54:49Z
Toyota,CHASER,2026-01,2.4331,google_trends,2026-08-29T21:54:49Z
Toyota,CHASER,2026-02,2.4331,google_trends,2026-08-29T21:54:49Z
Toyota,CHASER,2026-03,2.4331,google_trends,2026-08-29T21:54:49Z
Toyota,CHASER,2026-04,2.4331,google_trends,2026-08-29T21:54:49Z
Toyota,CHASER,2026-05,3.163,google_trends,2026-08-29T21:54:49Z
Toyota,CHASER,2026-06,2.4331,google_trends,2026-08-29T21:54:49Z
Toyota,CHASER,2026-07,2.4331,google_trends,2026-08-29T21:54:49Z
Toyota,Camry,2025-08,144.0523,google_trends,2026-08-29T19:23:31Z
Toyota,Camry,2025-09,130.2708,google_trends,2026-08-29T19:23:31Z
Toyota,Camry,2025-10,127.2529,google_trends,2026-08-29T19:23:31Z
Toyota,Camry,2025-11,129.5666,google_trends,2026-08-29T19:23:31Z
Toyota,Camry,2025-12,125.241,google_trends,2026-08-29T19:23:31Z
Toyota,Camry,2026-01,123.7321,google_trends,2026-08-29T19:23:31Z
Toyota,Camry,2026-02,159.9463,google_trends,2026-08-29T19:23:31Z
Toyota,Camry,2026-03,167.3904,google_trends,2026-08-29T19:23:31Z
Toyota,Camry,2026-04,187.61,google_trends,2026-08-29T19:23:31Z
Toyota,Camry,2026-05,191.9356,google_trends,2026-08-29T19:23:31Z
Toyota,Camry,2026-06,186.6041,google_trends,2026-08-29T19:23:31Z
Toyota,Camry,2026-07,179.5624,google_trends,2026-08-29T19:23:31Z
Toyota,Camry Solara,2025-08,0.0,google_trends,2026-08-29T19:23:31Z
Toyota,Camry Solara,2025-09,0.0,google_trends,2026-08-29T19:23:31Z
Toyota,Camry Solara,2025-10,0.0,google_trends,2026-08-29T19:23:31Z
Toyota,Camry Solara,2025-11,0.0,google_trends,2026-08-29T19:23:31Z
Toyota,Camry Solara,2025-12,0.0,google_trends,2026-08-29T19:23:31Z
Toyota,Camry Solara,2026-01,0.0,google_trends,2026-08-29T19:23:31Z
Toyota,Camry Solara,2026-02,0.9245,google_trends,2026-08-29T19:23:31Z
Toyota,Camry Solara,2026-03,0.2465,google_trends,2026-08-29T19:23:31Z
Toyota,Camry Solara,2026-04,1.2326,google_trends,2026-08-29T19:23:31Z
Toyota,Camry Solara,2026-05,0.7396,google_trends,2026-08-29T19:23:31Z
Toyota,Camry Solara,2026-06,0.3082,google_trends,2026-08-29T19:23:31Z
Toyota,Camry Solara,2026-07,0.0,google_trends,2026-08-29T19:23:31Z
Toyota,Celica,2025-08,13.8051,google_trends,2026-08-29T19:23:31Z
Toyota,Celica,2025-09,12.326,google_trends,2026-08-29T19:23:31Z
Toyota,Celica,2025-10,12.9423,google_trends,2026-08-29T19:23:31Z
Toyota,Celica,2025-11,12.0795,google_trends,2026-08-29T19:23:31Z
Toyota,Celica,2025-12,11.0934,google_trends,2026-08-29T19:23:31Z
Toyota,Celica,2026-01,12.0179,google_trends,2026-08-29T19:23:31Z
Toyota,Celica,2026-02,14.1749,google_trends,2026-08-29T19:23:31Z
Toyota,Celica,2026-03,14.0517,google_trends,2026-08-29T19:23:31Z
Toyota,Celica,2026-04,15.4075,google_trends,2026-08-29T19:23:31Z
Toyota,Celica,2026-05,14.5447,google_trends,2026-08-29T19:23:31Z
Toyota,Celica,2026-06,14.7912,google_trends,2026-08-29T19:23:31Z
Toyota,Celica,2026-07,13.2505,google_trends,2026-08-29T19:23:31Z
Toyota,Celsior,2025-08,0.9732,google_trends,2026-08-29T21:54:49Z
Toyota,Celsior,2025-09,0.0,google_trends,2026-08-29T21:54:49Z
Toyota,Celsior,2025-10,0.3041,google_trends,2026-08-29T21:54:49Z
Toyota,Celsior,2025-11,0.0,google_trends,2026-08-29T21:54:49Z
Toyota,Celsior,2025-12,0.0,google_trends,2026-08-29T21:54:49Z
Toyota,Celsior,2026-01,0.3041,google_trends,2026-08-29T21:54:49Z
Toyota,Celsior,2026-02,0.6083,google_trends,2026-08-29T21:54:49Z
Toyota,Celsior,2026-03,0.0,google_trends,2026-08-29T21:54:49Z
Toyota,Celsior,2026-04,0.3041,google_trends,2026-08-29T21:54:49Z
Toyota,Celsior,2026-05,0.0,google_trends,2026-08-29T21:54:49Z
Toyota,Celsior,2026-06,0.0,google_trends,2026-08-29T21:54:49Z
Toyota,Celsior,2026-07,0.0,google_trends,2026-08-29T21:54:49Z
Toyota,Century,2025-08,5.4248,google_trends,2026-08-29T19:23:31Z
Toyota,Century,2025-09,5.5481,google_trends,2026-08-29T19:23:31Z
Toyota,Century,2025-10,8.6304,google_trends,2026-08-29T19:23:31Z
Toyota,Century,2025-11,8.1373,google_trends,2026-08-29T19:23:31Z
Toyota,Century,2025-12,6.4728,google_trends,2026-08-29T19:23:31Z
Toyota,Century,2026-01,5.8564,google_trends,2026-08-29T19:23:31Z
Toyota,Century,2026-02,8.9387,google_trends,2026-08-29T19:23:31Z
Toyota,Century,2026-03,6.9043,google_trends,2026-08-29T19:23:31Z
Toyota,Century,2026-04,8.014,google_trends,2026-08-29T19:23:31Z
Toyota,Century,2026-05,7.8907,google_trends,2026-08-29T19:23:31Z
Toyota,Century,2026-06,6.7811,google_trends,2026-08-29T19:23:31Z
Toyota,Century,2026-07,6.7811,google_trends,2026-08-29T19:23:31Z
Toyota,Corolla,2025-08,250.3343,google_trends,2026-08-29T19:23:31Z
Toyota,Corolla,2025-09,227.0661,google_trends,2026-08-29T19:23:31Z
Toyota,Corolla,2025-10,244.7178,google_trends,2026-08-29T19:23:31Z
Toyota,Corolla,2025-11,233.6454,google_trends,2026-08-29T19:23:31Z
Toyota,Corolla,2025-12,228.6708,google_trends,2026-08-29T19:23:31Z
Toyota,Corolla,2026-01,243.1131,google_trends,2026-08-29T19:23:31Z
Toyota,Corolla,2026-02,258.3578,google_trends,2026-08-29T19:23:31Z
Toyota,Corolla,2026-03,270.2327,google_trends,2026-08-29T19:23:31Z
Toyota,Corolla,2026-04,293.6614,google_trends,2026-08-29T19:23:31Z
Toyota,Corolla,2026-05,281.7866,google_trends,2026-08-29T19:23:31Z
Toyota,Corolla,2026-06,279.219,google_trends,2026-08-29T19:23:31Z
Toyota,Corolla,2026-07,277.6143,google_trends,2026-08-29T19:23:31Z
Toyota,Corona,2025-08,2.4331,google_trends,2026-08-29T21:54:49Z
Toyota,Corona,2025-09,2.4331,google_trends,2026-08-29T21:54:49Z
Toyota,Corona,2025-10,2.4331,google_trends,2026-08-29T21:54:49Z
Toyota,Corona,2025-11,2.4331,google_trends,2026-08-29T21:54:49Z
Toyota,Corona,2025-12,2.4331,google_trends,2026-08-29T21:54:49Z
Toyota,Corona,2026-01,2.4331,google_trends,2026-08-29T21:54:49Z
Toyota,Corona,2026-02,2.7372,google_trends,2026-08-29T21:54:49Z
Toyota,Corona,2026-03,2.6764,google_trends,2026-08-29T21:54:49Z
Toyota,Corona,2026-04,3.6496,google_trends,2026-08-29T21:54:49Z
Toyota,Corona,2026-05,3.6496,google_trends,2026-08-29T21:54:49Z
Toyota,Corona,2026-06,3.0414,google_trends,2026-08-29T21:54:49Z
Toyota,Corona,2026-07,2.7372,google_trends,2026-08-29T21:54:49Z
Toyota,Cressida & Mark II,2025-08,1.2165,google_trends,2026-08-29T21:54:49Z
Toyota,Cressida & Mark II,2025-09,1.2165,google_trends,2026-08-29T21:54:49Z
Toyota,Cressida & Mark II,2025-10,1.5207,google_trends,2026-08-29T21:54:49Z
Toyota,Cressida & Mark II,2025-11,1.2165,google_trends,2026-08-29T21:54:49Z
Toyota,Cressida & Mark II,2025-12,1.2165,google_trends,2026-08-29T21:54:49Z
Toyota,Cressida & Mark II,2026-01,1.2165,google_trends,2026-08-29T21:54:49Z
Toyota,Cressida & Mark II,2026-02,1.8248,google_trends,2026-08-29T21:54:49Z
Toyota,Cressida & Mark II,2026-03,1.2165,google_trends,2026-08-29T21:54:49Z
Toyota,Cressida & Mark II,2026-04,1.2165,google_trends,2026-08-29T21:54:49Z
Toyota,Cressida & Mark II,2026-05,1.4599,google_trends,2026-08-29T21:54:49Z
Toyota,Cressida & Mark II,2026-06,1.2165,google_trends,2026-08-29T21:54:49Z
Toyota,Cressida & Mark II,2026-07,1.2165,google_trends,2026-08-29T21:54:49Z
Toyota,Crown,2025-08,22.9264,google_trends,2026-08-29T19:23:31Z
Toyota,Crown,2025-09,19.1053,google_trends,2026-08-29T19:23:31Z
Toyota,Crown,2025-10,19.4135,google_trends,2026-08-29T19:23:31Z
Toyota,Crown,2025-11,18.7356,google_trends,2026-08-29T19:23:31Z
Toyota,Crown,2025-12,19.1053,google_trends,2026-08-29T19:23:31Z
Toyota,Crown,2026-01,20.0298,google_trends,2026-08-29T19:23:31Z
Toyota,Crown,2026-02,24.3439,google_trends,2026-08-29T19:23:31Z
Toyota,Crown,2026-03,27.1173,google_trends,2026-08-29T19:23:31Z
Toyota,Crown,2026-04,30.8151,google_trends,2026-08-29T19:23:31Z
Toyota,Crown,2026-05,30.8151,google_trends,2026-08-29T19:23:31Z
Toyota,Crown,2026-06,28.0417,google_trends,2026-08-29T19:23:31Z
Toyota,Crown,2026-07,28.658,google_trends,2026-08-29T19:23:31Z
Toyota,Dyna,2025-08,2.4658,google_trends,2026-08-29T19:23:31Z
Toyota,Dyna,2025-09,2.4658,google_trends,2026-08-29T19:23:31Z
Toyota,Dyna,2025-10,2.4658,google_trends,2026-08-29T19:23:31Z
Toyota,Dyna,2025-11,2.4658,google_trends,2026-08-29T19:23:31Z
Toyota,Dyna,2025-12,1.8494,google_trends,2026-08-29T19:23:31Z
Toyota,Dyna,2026-01,2.4658,google_trends,2026-08-29T19:23:31Z
Toyota,Dyna,2026-02,2.7741,google_trends,2026-08-29T19:23:31Z
Toyota,Dyna,2026-03,2.4658,google_trends,2026-08-29T19:23:31Z
Toyota,Dyna,2026-04,2.4658,google_trends,2026-08-29T19:23:31Z
Toyota,Dyna,2026-05,2.4658,google_trends,2026-08-29T19:23:31Z
Toyota,Dyna,2026-06,2.4658,google_trends,2026-08-29T19:23:31Z
Toyota,Dyna,2026-07,2.4658,google_trends,2026-08-29T19:23:31Z
Toyota,FJ Cruiser,2025-08,8.6238,google_trends,2026-08-29T19:23:31Z
Toyota,FJ Cruiser,2025-09,6.4678,google_trends,2026-08-29T19:23:31Z
Toyota,FJ Cruiser,2025-10,12.9357,google_trends,2026-08-29T19:23:31Z
Toyota,FJ Cruiser,2025-11,7.3918,google_trends,2026-08-29T19:23:31Z
Toyota,FJ Cruiser,2025-12,6.7758,google_trends,2026-08-29T19:23:31Z
Toyota,FJ Cruiser,2026-01,6.7758,google_trends,2026-08-29T19:23:31Z
Toyota,FJ Cruiser,2026-02,10.1637,google_trends,2026-08-29T19:23:31Z
Toyota,FJ Cruiser,2026-03,9.6094,google_trends,2026-08-29T19:23:31Z
Toyota,FJ Cruiser,2026-04,9.5478,google_trends,2026-08-29T19:23:31Z
Toyota,FJ Cruiser,2026-05,12.8125,google_trends,2026-08-29T19:23:31Z
Toyota,FJ Cruiser,2026-06,8.9318,google_trends,2026-08-29T19:23:31Z
Toyota,FJ Cruiser,2026-07,9.5478,google_trends,2026-08-29T19:23:31Z
Toyota,HIGHLANDER,2025-08,83.0987,google_trends,2026-08-29T19:23:31Z
Toyota,HIGHLANDER,2025-09,73.3587,google_trends,2026-08-29T19:23:31Z
Toyota,HIGHLANDER,2025-10,72.434,google_trends,2026-08-29T19:23:31Z
Toyota,HIGHLANDER,2025-11,72.7422,google_trends,2026-08-29T19:23:31Z
Toyota,HIGHLANDER,2025-12,73.9751,google_trends,2026-08-29T19:23:31Z
Toyota,HIGHLANDER,2026-01,72.7422,google_trends,2026-08-29T19:23:31Z
Toyota,HIGHLANDER,2026-02,100.1747,google_trends,2026-08-29T19:23:31Z
Toyota,HIGHLANDER,2026-03,105.7844,google_trends,2026-08-29T19:23:31Z
Toyota,HIGHLANDER,2026-04,113.7368,google_trends,2026-08-29T19:23:31Z
Toyota,HIGHLANDER,2026-05,111.949,google_trends,2026-08-29T19:23:31Z
Toyota,HIGHLANDER,2026-06,108.4969,google_trends,2026-08-29T19:23:31Z
Toyota,HIGHLANDER,2026-07,117.1273,google_trends,2026-08-29T19:23:31Z
Toyota,HiAce,2025-08,18.2425,google_trends,2026-08-29T19:23:31Z
Toyota,HiAce,2025-09,16.6401,google_trends,2026-08-29T19:23:31Z
Toyota,HiAce,2025-10,15.4075,google_trends,2026-08-29T19:23:31Z
Toyota,HiAce,2025-11,16.7634,google_trends,2026-08-29T19:23:31Z
Toyota,HiAce,2025-12,16.332,google_trends,2026-08-29T19:23:31Z
Toyota,HiAce,2026-01,17.8727,google_trends,2026-08-29T19:23:31Z
Toyota,HiAce,2026-02,17.2564,google_trends,2026-08-29T19:23:31Z
Toyota,HiAce,2026-03,17.0099,google_trends,2026-08-29T19:23:31Z
Toyota,HiAce,2026-04,17.2564,google_trends,2026-08-29T19:23:31Z
Toyota,HiAce,2026-05,17.0099,google_trends,2026-08-29T19:23:31Z
Toyota,HiAce,2026-06,17.2564,google_trends,2026-08-29T19:23:31Z
Toyota,HiAce,2026-07,17.5646,google_trends,2026-08-29T19:23:31Z
Toyota,Mega Cruiser,2025-08,0.0,google_trends,2026-08-29T21:54:49Z
Toyota,Mega Cruiser,2025-09,0.0,google_trends,2026-08-29T21:54:49Z
Toyota,Mega Cruiser,2025-10,0.0,google_trends,2026-08-29T21:54:49Z
Toyota,Mega Cruiser,2025-11,0.2433,google_trends,2026-08-29T21:54:49Z
Toyota,Mega Cruiser,2025-12,0.0,google_trends,2026-08-29T21:54:49Z
Toyota,Mega Cruiser,2026-01,0.3041,google_trends,2026-08-29T21:54:49Z
Toyota,Mega Cruiser,2026-02,0.0,google_trends,2026-08-29T21:54:49Z
Toyota,Mega Cruiser,2026-03,0.0,google_trends,2026-08-29T21:54:49Z
Toyota,Mega Cruiser,2026-04,0.0,google_trends,2026-08-29T21:54:49Z
Toyota,Mega Cruiser,2026-05,0.0,google_trends,2026-08-29T21:54:49Z
Toyota,Mega Cruiser,2026-06,0.0,google_trends,2026-08-29T21:54:49Z
Toyota,Mega Cruiser,2026-07,0.3041,google_trends,2026-08-29T21:54:49Z
Toyota,Previa & Estima,2025-08,2.4658,google_trends,2026-08-29T19:23:31Z
Toyota,Previa & Estima,2025-09,2.4658,google_trends,2026-08-29T19:23:31Z
Toyota,Previa & Estima,2025-10,2.4658,google_trends,2026-08-29T19:23:31Z
Toyota,Previa & Estima,2025-11,2.4658,google_trends,2026-08-29T19:23:31Z
Toyota,Previa & Estima,2025-12,1.8494,google_trends,2026-08-29T19:23:31Z
Toyota,Previa & Estima,2026-01,2.1576,google_trends,2026-08-29T19:23:31Z
Toyota,Previa & Estima,2026-02,2.7741,google_trends,2026-08-29T19:23:31Z
Toyota,Previa & Estima,2026-03,2.4658,google_trends,2026-08-29T19:23:31Z
Toyota,Previa & Estima,2026-04,2.1576,google_trends,2026-08-29T19:23:31Z
Toyota,Previa & Estima,2026-05,2.4658,google_trends,2026-08-29T19:23:31Z
Toyota,Previa & Estima,2026-06,2.4658,google_trends,2026-08-29T19:23:31Z
Toyota,Previa & Estima,2026-07,2.4658,google_trends,2026-08-29T19:23:31Z
Toyota,RAV4,2025-08,138.6467,google_trends,2026-08-29T19:23:31Z
Toyota,RAV4,2025-09,127.5742,google_trends,2026-08-29T19:23:31Z
Toyota,RAV4,2025-10,131.586,google_trends,2026-08-29T19:23:31Z
Toyota,RAV4,2025-11,130.3022,google_trends,2026-08-29T19:23:31Z
Toyota,RAV4,2025-12,126.7719,google_trends,2026-08-29T19:23:31Z
Toyota,RAV4,2026-01,135.5978,google_trends,2026-08-29T19:23:31Z
Toyota,RAV4,2026-02,157.2613,google_trends,2026-08-29T19:23:31Z
Toyota,RAV4,2026-03,177.8016,google_trends,2026-08-29T19:23:31Z
Toyota,RAV4,2026-04,195.7743,google_trends,2026-08-29T19:23:31Z
Toyota,RAV4,2026-05,189.9973,google_trends,2026-08-29T19:23:31Z
Toyota,RAV4,2026-06,183.739,google_trends,2026-08-29T19:23:31Z
Toyota,RAV4,2026-07,180.5296,google_trends,2026-08-29T19:23:31Z
Toyota,RV,2025-08,2.4658,google_trends,2026-08-29T19:23:31Z
Toyota,RV,2025-09,1.5411,google_trends,2026-08-29T19:23:31Z
Toyota,RV,2025-10,1.2329,google_trends,2026-08-29T19:23:31Z
Toyota,RV,2025-11,1.4795,google_trends,2026-08-29T19:23:31Z
Toyota,RV,2025-12,1.2329,google_trends,2026-08-29T19:23:31Z
Toyota,RV,2026-01,1.8494,google_trends,2026-08-29T19:23:31Z
Toyota,RV,2026-02,2.4658,google_trends,2026-08-29T19:23:31Z
Toyota,RV,2026-03,2.959,google_trends,2026-08-29T19:23:31Z
Toyota,RV,2026-04,4.3152,google_trends,2026-08-29T19:23:31Z
Toyota,RV,2026-05,4.9317,google_trends,2026-08-29T19:23:31Z
Toyota,RV,2026-06,4.6234,google_trends,2026-08-29T19:23:31Z
Toyota,RV,2026-07,2.7741,google_trends,2026-08-29T19:23:31Z
Toyota,SIENNA,2025-08,49.5633,google_trends,2026-08-29T19:23:31Z
Toyota,SIENNA,2025-09,43.7686,google_trends,2026-08-29T19:23:31Z
Toyota,SIENNA,2025-10,43.7686,google_trends,2026-08-29T19:23:31Z
Toyota,SIENNA,2025-11,42.9056,google_trends,2026-08-29T19:23:31Z
Toyota,SIENNA,2025-12,43.7686,google_trends,2026-08-29T19:23:31Z
Toyota,SIENNA,2026-01,41.9192,google_trends,2026-08-29T19:23:31Z
Toyota,SIENNA,2026-02,53.9402,google_trends,2026-08-29T19:23:31Z
Toyota,SIENNA,2026-03,68.0571,google_trends,2026-08-29T19:23:31Z
Toyota,SIENNA,2026-04,76.441,google_trends,2026-08-29T19:23:31Z
Toyota,SIENNA,2026-05,76.9341,google_trends,2026-08-29T19:23:31Z
Toyota,SIENNA,2026-06,80.1397,google_trends,2026-08-29T19:23:31Z
Toyota,SIENNA,2026-07,78.9068,google_trends,2026-08-29T19:23:31Z
Toyota,SIENNA 4,2025-08,1.2165,google_trends,2026-08-29T21:54:49Z
Toyota,SIENNA 4,2025-09,1.2165,google_trends,2026-08-29T21:54:49Z
Toyota,SIENNA 4,2025-10,1.2165,google_trends,2026-08-29T21:54:49Z
Toyota,SIENNA 4,2025-11,0.9732,google_trends,2026-08-29T21:54:49Z
Toyota,SIENNA 4,2025-12,1.2165,google_trends,2026-08-29T21:54:49Z
Toyota,SIENNA 4,2026-01,1.2165,google_trends,2026-08-29T21:54:49Z
Toyota,SIENNA 4,2026-02,1.2165,google_trends,2026-08-29T21:54:49Z
Toyota,SIENNA 4,2026-03,1.7032,google_trends,2026-08-29T21:54:49Z
Toyota,SIENNA 4,2026-04,2.7372,google_trends,2026-08-29T21:54:49Z
Toyota,SIENNA 4,2026-05,2.4331,google_trends,2026-08-29T21:54:49Z
Toyota,SIENNA 4,2026-06,2.4331,google_trends,2026-08-29T21:54:49Z
Toyota,SIENNA 4,2026-07,2.4331,google_trends,2026-08-29T21:54:49Z
Toyota,SIENNA XLE,2025-08,2.4331,google_trends,2026-08-29T21:54:49Z
Toyota,SIENNA XLE,2025-09,1.2165,google_trends,2026-08-29T21:54:49Z
Toyota,SIENNA XLE,2025-10,1.5207,google_trends,2026-08-29T21:54:49Z
Toyota,SIENNA XLE,2025-11,1.7032,google_trends,2026-08-29T21:54:49Z
Toyota,SIENNA XLE,2025-12,1.2165,google_trends,2026-08-29T21:54:49Z
Toyota,SIENNA XLE,2026-01,1.2165,google_trends,2026-08-29T21:54:49Z
Toyota,SIENNA XLE,2026-02,1.5207,google_trends,2026-08-29T21:54:49Z
Toyota,SIENNA XLE,2026-03,2.4331,google_trends,2026-08-29T21:54:49Z
Toyota,SIENNA XLE,2026-04,2.4331,google_trends,2026-08-29T21:54:49Z
Toyota,SIENNA XLE,2026-05,2.9197,google_trends,2026-08-29T21:54:49Z
Toyota,SIENNA XLE,2026-06,3.0414,google_trends,2026-08-29T21:54:49Z
Toyota,SIENNA XLE,2026-07,3.0414,google_trends,2026-08-29T21:54:49Z
Toyota,SOARER,2025-08,1.2165,google_trends,2026-08-29T21:54:49Z
Toyota,SOARER,2025-09,1.2165,google_trends,2026-08-29T21:54:49Z
Toyota,SOARER,2025-10,1.2165,google_trends,2026-08-29T21:54:49Z
Toyota,SOARER,2025-11,1.2165,google_trends,2026-08-29T21:54:49Z
Toyota,SOARER,2025-12,1.2165,google_trends,2026-08-29T21:54:49Z
Toyota,SOARER,2026-01,1.2165,google_trends,2026-08-29T21:54:49Z
Toyota,SOARER,2026-02,1.2165,google_trends,2026-08-29T21:54:49Z
Toyota,SOARER,2026-03,1.2165,google_trends,2026-08-29T21:54:49Z
Toyota,SOARER,2026-04,1.2165,google_trends,2026-08-29T21:54:49Z
Toyota,SOARER,2026-05,1.2165,google_trends,2026-08-29T21:54:49Z
Toyota,SOARER,2026-06,1.2165,google_trends,2026-08-29T21:54:49Z
Toyota,SOARER,2026-07,1.2165,google_trends,2026-08-29T21:54:49Z
Toyota,Sequoia,2025-08,26.8569,google_trends,2026-08-29T19:23:31Z
Toyota,Sequoia,2025-09,22.1755,google_trends,2026-08-29T19:23:31Z
Toyota,Sequoia,2025-10,23.4074,google_trends,2026-08-29T19:23:31Z
Toyota,Sequoia,2025-11,21.1899,google_trends,2026-08-29T19:23:31Z
Toyota,Sequoia,2025-12,22.1755,google_trends,2026-08-29T19:23:31Z
Toyota,Sequoia,2026-01,22.7914,google_trends,2026-08-29T19:23:31Z
Toyota,Sequoia,2026-02,35.7271,google_trends,2026-08-29T19:23:31Z
Toyota,Sequoia,2026-03,35.7271,google_trends,2026-08-29T19:23:31Z
Toyota,Sequoia,2026-04,37.5751,google_trends,2026-08-29T19:23:31Z
Toyota,Sequoia,2026-05,35.7271,google_trends,2026-08-29T19:23:31Z
Toyota,Sequoia,2026-06,36.3431,google_trends,2026-08-29T19:23:31Z
Toyota,Sequoia,2026-07,34.4951,google_trends,2026-08-29T19:23:31Z
Toyota,Sera,2025-08,1.2165,google_trends,2026-08-29T21:54:49Z
Toyota,Sera,2025-09,1.2165,google_trends,2026-08-29T21:54:49Z
Toyota,Sera,2025-10,1.2165,google_trends,2026-08-29T21:54:49Z
Toyota,Sera,2025-11,1.2165,google_trends,2026-08-29T21:54:49Z
Toyota,Sera,2025-12,1.2165,google_trends,2026-08-29T21:54:49Z
Toyota,Sera,2026-01,1.2165,google_trends,2026-08-29T21:54:49Z
Toyota,Sera,2026-02,1.2165,google_trends,2026-08-29T21:54:49Z
Toyota,Sera,2026-03,1.2165,google_trends,2026-08-29T21:54:49Z
Toyota,Sera,2026-04,1.2165,google_trends,2026-08-29T21:54:49Z
Toyota,Sera,2026-05,1.2165,google_trends,2026-08-29T21:54:49Z
Toyota,Sera,2026-06,1.2165,google_trends,2026-08-29T21:54:49Z
Toyota,Sera,2026-07,1.2165,google_trends,2026-08-29T21:54:49Z
Toyota,Sienna,2025-08,50.8516,google_trends,2026-08-29T21:54:49Z
Toyota,Sienna,2025-09,44.4039,google_trends,2026-08-29T21:54:49Z
Toyota,Sienna,2025-10,43.7956,google_trends,2026-08-29T21:54:49Z
Toyota,Sienna,2025-11,42.3358,google_trends,2026-08-29T21:54:49Z
Toyota,Sienna,2025-12,42.8832,google_trends,2026-08-29T21:54:49Z
Toyota,Sienna,2026-01,41.0584,google_trends,2026-08-29T21:54:49Z
Toyota,Sienna,2026-02,53.528,google_trends,2026-08-29T21:54:49Z
Toyota,Sienna,2026-03,68.6131,google_trends,2026-08-29T21:54:49Z
Toyota,Sienna,2026-04,75.7299,google_trends,2026-08-29T21:54:49Z
Toyota,Sienna,2026-05,76.8856,google_trends,2026-08-29T21:54:49Z
Toyota,Sienna,2026-06,79.9878,google_trends,2026-08-29T21:54:49Z
Toyota,Sienna,2026-07,80.292,google_trends,2026-08-29T21:54:49Z
Toyota,Stout,2025-08,1.2165,google_trends,2026-08-29T21:54:49Z
Toyota,Stout,2025-09,1.2165,google_trends,2026-08-29T21:54:49Z
Toyota,Stout,2025-10,1.2165,google_trends,2026-08-29T21:54:49Z
Toyota,Stout,2025-11,1.2165,google_trends,2026-08-29T21:54:49Z
Toyota,Stout,2025-12,1.2165,google_trends,2026-08-29T21:54:49Z
Toyota,Stout,2026-01,1.5207,google_trends,2026-08-29T21:54:49Z
Toyota,Stout,2026-02,1.8248,google_trends,2026-08-29T21:54:49Z
Toyota,Stout,2026-03,1.2165,google_trends,2026-08-29T21:54:49Z
Toyota,Stout,2026-04,3.3455,google_trends,2026-08-29T21:54:49Z
Toyota,Stout,2026-05,1.2165,google_trends,2026-08-29T21:54:49Z
Toyota,Stout,2026-06,1.2165,google_trends,2026-08-29T21:54:49Z
Toyota,Stout,2026-07,1.2165,google_trends,2026-08-29T21:54:49Z
Toyota,Supra A80,2025-08,0.0,google_trends,2026-08-29T19:23:31Z
Toyota,Supra A80,2025-09,0.0,google_trends,2026-08-29T19:23:31Z
Toyota,Supra A80,2025-10,0.0,google_trends,2026-08-29T19:23:31Z
Toyota,Supra A80,2025-11,0.0,google_trends,2026-08-29T19:23:31Z
Toyota,Supra A80,2025-12,0.0,google_trends,2026-08-29T19:23:31Z
Toyota,Supra A80,2026-01,0.0,google_trends,2026-08-29T19:23:31Z
Toyota,Supra A80,2026-02,0.0,google_trends,2026-08-29T19:23:31Z
Toyota,Supra A80,2026-03,0.2465,google_trends,2026-08-29T19:23:31Z
Toyota,Supra A80,2026-04,0.3082,google_trends,2026-08-29T19:23:31Z
Toyota,Supra A80,2026-05,0.0,google_trends,2026-08-29T19:23:31Z
Toyota,Supra A80,2026-06,0.0,google_trends,2026-08-29T19:23:31Z
Toyota,Supra A80,2026-07,0.0,google_trends,2026-08-29T19:23:31Z
Toyota,T100,2025-08,1.2326,google_trends,2026-08-29T19:23:31Z
Toyota,T100,2025-09,1.2326,google_trends,2026-08-29T19:23:31Z
Toyota,T100,2025-10,1.2326,google_trends,2026-08-29T19:23:31Z
Toyota,T100,2025-11,1.2326,google_trends,2026-08-29T19:23:31Z
Toyota,T100,2025-12,1.2326,google_trends,2026-08-29T19:23:31Z
Toyota,T100,2026-01,1.2326,google_trends,2026-08-29T19:23:31Z
Toyota,T100,2026-02,2.1571,google_trends,2026-08-29T19:23:31Z
Toyota,T100,2026-03,1.2326,google_trends,2026-08-29T19:23:31Z
Toyota,T100,2026-04,1.5408,google_trends,2026-08-29T19:23:31Z
Toyota,T100,2026-05,1.2326,google_trends,2026-08-29T19:23:31Z
Toyota,T100,2026-06,1.2326,google_trends,2026-08-29T19:23:31Z
Toyota,T100,2026-07,1.2326,google_trends,2026-08-29T19:23:31Z
Toyota,TRD Off-Road,2025-08,1.2329,google_trends,2026-08-29T19:23:31Z
Toyota,TRD Off-Road,2025-09,1.2329,google_trends,2026-08-29T19:23:31Z
Toyota,TRD Off-Road,2025-10,1.5411,google_trends,2026-08-29T19:23:31Z
Toyota,TRD Off-Road,2025-11,1.2329,google_trends,2026-08-29T19:23:31Z
Toyota,TRD Off-Road,2025-12,1.2329,google_trends,2026-08-29T19:23:31Z
Toyota,TRD Off-Road,2026-01,1.2329,google_trends,2026-08-29T19:23:31Z
Toyota,TRD Off-Road,2026-02,1.2329,google_trends,2026-08-29T19:23:31Z
Toyota,TRD Off-Road,2026-03,1.2329,google_trends,2026-08-29T19:23:31Z
Toyota,TRD Off-Road,2026-04,1.2329,google_trends,2026-08-29T19:23:31Z
Toyota,TRD Off-Road,2026-05,1.2329,google_trends,2026-08-29T19:23:31Z
Toyota,TRD Off-Road,2026-06,1.2329,google_trends,2026-08-29T19:23:31Z
Toyota,TRD Off-Road,2026-07,1.2329,google_trends,2026-08-29T19:23:31Z
Toyota,TRD Pro,2025-08,8.0292,google_trends,2026-08-29T21:54:49Z
Toyota,TRD Pro,2025-09,6.0827,google_trends,2026-08-29T21:54:49Z
Toyota,TRD Pro,2025-10,6.691,google_trends,2026-08-29T21:54:49Z
Toyota,TRD Pro,2025-11,6.5693,google_trends,2026-08-29T21:54:49Z
Toyota,TRD Pro,2025-12,6.9951,google_trends,2026-08-29T21:54:49Z
Toyota,TRD Pro,2026-01,7.2993,google_trends,2026-08-29T21:54:49Z
Toyota,TRD Pro,2026-02,7.9075,google_trends,2026-08-29T21:54:49Z
Toyota,TRD Pro,2026-03,8.5158,google_trends,2026-08-29T21:54:49Z
Toyota,TRD Pro,2026-04,10.9489,google_trends,2026-08-29T21:54:49Z
Toyota,TRD Pro,2026-05,10.219,google_trends,2026-08-29T21:54:49Z
Toyota,TRD Pro,2026-06,9.7324,google_trends,2026-08-29T21:54:49Z
Toyota,TRD Pro,2026-07,9.4282,google_trends,2026-08-29T21:54:49Z
Toyota,Tercel,2025-08,3.6988,google_trends,2026-08-29T19:23:31Z
Toyota,Tercel,2025-09,2.4658,google_trends,2026-08-29T19:23:31Z
Toyota,Tercel,2025-10,2.4658,google_trends,2026-08-29T19:23:31Z
Toyota,Tercel,2025-11,2.4658,google_trends,2026-08-29T19:23:31Z
Toyota,Tercel,2025-12,2.4658,google_trends,2026-08-29T19:23:31Z
Toyota,Tercel,2026-01,2.7741,google_trends,2026-08-29T19:23:31Z
Toyota,Tercel,2026-02,3.3905,google_trends,2026-08-29T19:23:31Z
Toyota,Tercel,2026-03,2.959,google_trends,2026-08-29T19:23:31Z
Toyota,Tercel,2026-04,2.4658,google_trends,2026-08-29T19:23:31Z
Toyota,Tercel,2026-05,2.959,google_trends,2026-08-29T19:23:31Z
Toyota,Tercel,2026-06,2.4658,google_trends,2026-08-29T19:23:31Z
Toyota,Tercel,2026-07,3.0823,google_trends,2026-08-29T19:23:31Z
Toyota,VAN,2025-08,15.8151,google_trends,2026-08-29T21:54:49Z
Toyota,VAN,2025-09,13.9903,google_trends,2026-08-29T21:54:49Z
Toyota,VAN,2025-10,13.9903,google_trends,2026-08-29T21:54:49Z
Toyota,VAN,2025-11,15.0852,google_trends,2026-08-29T21:54:49Z
Toyota,VAN,2025-12,14.5985,google_trends,2026-08-29T21:54:49Z
Toyota,VAN,2026-01,16.1192,google_trends,2026-08-29T21:54:49Z
Toyota,VAN,2026-02,17.0316,google_trends,2026-08-29T21:54:49Z
Toyota,VAN,2026-03,18.0049,google_trends,2026-08-29T21:54:49Z
Toyota,VAN,2026-04,19.4647,google_trends,2026-08-29T21:54:49Z
Toyota,VAN,2026-05,20.438,google_trends,2026-08-29T21:54:49Z
Toyota,VAN,2026-06,19.1606,google_trends,2026-08-29T21:54:49Z
Toyota,VAN,2026-07,18.8564,google_trends,2026-08-29T21:54:49Z
Toyota,VELLFIRE,2025-08,4.8662,google_trends,2026-08-29T21:54:49Z
Toyota,VELLFIRE,2025-09,3.9538,google_trends,2026-08-29T21:54:49Z
Toyota,VELLFIRE,2025-10,5.7786,google_trends,2026-08-29T21:54:49Z
Toyota,VELLFIRE,2025-11,4.6229,google_trends,2026-08-29T21:54:49Z
Toyota,VELLFIRE,2025-12,4.8662,google_trends,2026-08-29T21:54:49Z
Toyota,VELLFIRE,2026-01,4.8662,google_trends,2026-08-29T21:54:49Z
Toyota,VELLFIRE,2026-02,4.562,google_trends,2026-08-29T21:54:49Z
Toyota,VELLFIRE,2026-03,4.3796,google_trends,2026-08-29T21:54:49Z
Toyota,VELLFIRE,2026-04,4.2579,google_trends,2026-08-29T21:54:49Z
Toyota,VELLFIRE,2026-05,4.8662,google_trends,2026-08-29T21:54:49Z
Toyota,VELLFIRE,2026-06,3.9538,google_trends,2026-08-29T21:54:49Z
Toyota,VELLFIRE,2026-07,3.9538,google_trends,2026-08-29T21:54:49Z
Toyota,YARIS,2025-08,135.4359,google_trends,2026-08-29T21:54:49Z
Toyota,YARIS,2025-09,129.0238,google_trends,2026-08-29T21:54:49Z
Toyota,YARIS,2025-10,125.114,google_trends,2026-08-29T21:54:49Z
Toyota,YARIS,2025-11,124.8013,google_trends,2026-08-29T21:54:49Z
Toyota,YARIS,2025-12,115.3395,google_trends,2026-08-29T21:54:49Z
Toyota,YARIS,2026-01,133.3246,google_trends,2026-08-29T21:54:49Z
Toyota,YARIS,2026-02,132.9337,google_trends,2026-08-29T21:54:49Z
Toyota,YARIS,2026-03,142.0044,google_trends,2026-08-29T21:54:49Z
Toyota,YARIS,2026-04,141.1443,google_trends,2026-08-29T21:54:49Z
Toyota,YARIS,2026-05,139.5022,google_trends,2026-08-29T21:54:49Z
Toyota,YARIS,2026-06,134.1066,google_trends,2026-08-29T21:54:49Z
Toyota,YARIS,2026-07,133.3246,google_trends,2026-08-29T21:54:49Z
Triumph,TRIUMPH,2025-08,169.4723,google_trends,2026-08-29T21:54:49Z
Triumph,TRIUMPH,2025-09,157.4173,google_trends,2026-08-29T21:54:49Z
Triumph,TRIUMPH,2025-10,152.1506,google_trends,2026-08-29T21:54:49Z
Triumph,TRIUMPH,2025-11,142.7875,google_trends,2026-08-29T21:54:49Z
Triumph,TRIUMPH,2025-12,139.8615,google_trends,2026-08-29T21:54:49Z
Triumph,TRIUMPH,2026-01,139.8615,google_trends,2026-08-29T21:54:49Z
Triumph,TRIUMPH,2026-02,162.0989,google_trends,2026-08-29T21:54:49Z
Triumph,TRIUMPH,2026-03,182.1126,google_trends,2026-08-29T21:54:49Z
Triumph,TRIUMPH,2026-04,220.6184,google_trends,2026-08-29T21:54:49Z
Triumph,TRIUMPH,2026-05,208.7974,google_trends,2026-08-29T21:54:49Z
Triumph,TRIUMPH,2026-06,189.603,google_trends,2026-08-29T21:54:49Z
Triumph,TRIUMPH,2026-07,174.9732,google_trends,2026-08-29T21:54:49Z
Triumph,Triumph Bonneville T120,2025-08,1.2326,google_trends,2026-08-29T19:23:31Z
Triumph,Triumph Bonneville T120,2025-09,1.2326,google_trends,2026-08-29T19:23:31Z
Triumph,Triumph Bonneville T120,2025-10,1.2326,google_trends,2026-08-29T19:23:31Z
Triumph,Triumph Bonneville T120,2025-11,1.2326,google_trends,2026-08-29T19:23:31Z
Triumph,Triumph Bonneville T120,2025-12,1.2326,google_trends,2026-08-29T19:23:31Z
Triumph,Triumph Bonneville T120,2026-01,1.2326,google_trends,2026-08-29T19:23:31Z
Triumph,Triumph Bonneville T120,2026-02,1.2326,google_trends,2026-08-29T19:23:31Z
Triumph,Triumph Bonneville T120,2026-03,1.7256,google_trends,2026-08-29T19:23:31Z
Triumph,Triumph Bonneville T120,2026-04,1.8489,google_trends,2026-08-29T19:23:31Z
Triumph,Triumph Bonneville T120,2026-05,1.9722,google_trends,2026-08-29T19:23:31Z
Triumph,Triumph Bonneville T120,2026-06,1.8489,google_trends,2026-08-29T19:23:31Z
Triumph,Triumph Bonneville T120,2026-07,1.2326,google_trends,2026-08-29T19:23:31Z
Triumph,Triumph Daytona,2025-08,2.959,google_trends,2026-08-29T19:23:31Z
Triumph,Triumph Daytona,2025-09,2.4658,google_trends,2026-08-29T19:23:31Z
Triumph,Triumph Daytona,2025-10,2.4658,google_trends,2026-08-29T19:23:31Z
Triumph,Triumph Daytona,2025-11,2.4658,google_trends,2026-08-29T19:23:31Z
Triumph,Triumph Daytona,2025-12,2.4658,google_trends,2026-08-29T19:23:31Z
Triumph,Triumph Daytona,2026-01,2.4658,google_trends,2026-08-29T19:23:31Z
Triumph,Triumph Daytona,2026-02,3.0823,google_trends,2026-08-29T19:23:31Z
Triumph,Triumph Daytona,2026-03,3.4522,google_trends,2026-08-29T19:23:31Z
Triumph,Triumph Daytona,2026-04,3.6988,google_trends,2026-08-29T19:23:31Z
Triumph,Triumph Daytona,2026-05,3.4522,google_trends,2026-08-29T19:23:31Z
Triumph,Triumph Daytona,2026-06,3.0823,google_trends,2026-08-29T19:23:31Z
Triumph,Triumph Daytona,2026-07,2.4658,google_trends,2026-08-29T19:23:31Z
Triumph,Triumph Rocket 3,2025-08,3.6988,google_trends,2026-08-29T19:23:31Z
Triumph,Triumph Rocket 3,2025-09,2.4658,google_trends,2026-08-29T19:23:31Z
Triumph,Triumph Rocket 3,2025-10,2.4658,google_trends,2026-08-29T19:23:31Z
Triumph,Triumph Rocket 3,2025-11,2.4658,google_trends,2026-08-29T19:23:31Z
Triumph,Triumph Rocket 3,2025-12,2.4658,google_trends,2026-08-29T19:23:31Z
Triumph,Triumph Rocket 3,2026-01,2.4658,google_trends,2026-08-29T19:23:31Z
Triumph,Triumph Rocket 3,2026-02,2.7741,google_trends,2026-08-29T19:23:31Z
Triumph,Triumph Rocket 3,2026-03,2.4658,google_trends,2026-08-29T19:23:31Z
Triumph,Triumph Rocket 3,2026-04,3.3905,google_trends,2026-08-29T19:23:31Z
Triumph,Triumph Rocket 3,2026-05,3.2056,google_trends,2026-08-29T19:23:31Z
Triumph,Triumph Rocket 3,2026-06,3.0823,google_trends,2026-08-29T19:23:31Z
Triumph,Triumph Rocket 3,2026-07,2.4658,google_trends,2026-08-29T19:23:31Z
Triumph,Triumph Scrambler,2025-08,9.0708,google_trends,2026-08-29T21:54:49Z
Triumph,Triumph Scrambler,2025-09,7.8196,google_trends,2026-08-29T21:54:49Z
Triumph,Triumph Scrambler,2025-10,7.8196,google_trends,2026-08-29T21:54:49Z
Triumph,Triumph Scrambler,2025-11,7.1941,google_trends,2026-08-29T21:54:49Z
Triumph,Triumph Scrambler,2025-12,7.4286,google_trends,2026-08-29T21:54:49Z
Triumph,Triumph Scrambler,2026-01,7.8196,google_trends,2026-08-29T21:54:49Z
Triumph,Triumph Scrambler,2026-02,7.8196,google_trends,2026-08-29T21:54:49Z
Triumph,Triumph Scrambler,2026-03,9.3836,google_trends,2026-08-29T21:54:49Z
Triumph,Triumph Scrambler,2026-04,9.7745,google_trends,2026-08-29T21:54:49Z
Triumph,Triumph Scrambler,2026-05,9.3836,google_trends,2026-08-29T21:54:49Z
Triumph,Triumph Scrambler,2026-06,8.9926,google_trends,2026-08-29T21:54:49Z
Triumph,Triumph Scrambler,2026-07,8.2106,google_trends,2026-08-29T21:54:49Z
Triumph,Triumph Speed Triple,2025-08,3.1279,google_trends,2026-08-29T21:54:49Z
Triumph,Triumph Speed Triple,2025-09,3.1279,google_trends,2026-08-29T21:54:49Z
Triumph,Triumph Speed Triple,2025-10,2.3459,google_trends,2026-08-29T21:54:49Z
Triumph,Triumph Speed Triple,2025-11,1.5639,google_trends,2026-08-29T21:54:49Z
Triumph,Triumph Speed Triple,2025-12,1.5639,google_trends,2026-08-29T21:54:49Z
Triumph,Triumph Speed Triple,2026-01,1.5639,google_trends,2026-08-29T21:54:49Z
Triumph,Triumph Speed Triple,2026-02,2.7369,google_trends,2026-08-29T21:54:49Z
Triumph,Triumph Speed Triple,2026-03,3.1279,google_trends,2026-08-29T21:54:49Z
Triumph,Triumph Speed Triple,2026-04,3.1279,google_trends,2026-08-29T21:54:49Z
Triumph,Triumph Speed Triple,2026-05,3.1279,google_trends,2026-08-29T21:54:49Z
Triumph,Triumph Speed Triple,2026-06,3.1279,google_trends,2026-08-29T21:54:49Z
Triumph,Triumph Speed Triple,2026-07,3.1279,google_trends,2026-08-29T21:54:49Z
Triumph,Triumph Speed Twin 900 & 1200,2025-08,1.2511,google_trends,2026-08-29T21:54:49Z
Triumph,Triumph Speed Twin 900 & 1200,2025-09,0.782,google_trends,2026-08-29T21:54:49Z
Triumph,Triumph Speed Twin 900 & 1200,2025-10,0.0,google_trends,2026-08-29T21:54:49Z
Triumph,Triumph Speed Twin 900 & 1200,2025-11,0.0,google_trends,2026-08-29T21:54:49Z
Triumph,Triumph Speed Twin 900 & 1200,2025-12,0.0,google_trends,2026-08-29T21:54:49Z
Triumph,Triumph Speed Twin 900 & 1200,2026-01,0.0,google_trends,2026-08-29T21:54:49Z
Triumph,Triumph Speed Twin 900 & 1200,2026-02,0.0,google_trends,2026-08-29T21:54:49Z
Triumph,Triumph Speed Twin 900 & 1200,2026-03,1.5639,google_trends,2026-08-29T21:54:49Z
Triumph,Triumph Speed Twin 900 & 1200,2026-04,1.5639,google_trends,2026-08-29T21:54:49Z
Triumph,Triumph Speed Twin 900 & 1200,2026-05,1.5639,google_trends,2026-08-29T21:54:49Z
Triumph,Triumph Speed Twin 900 & 1200,2026-06,1.5639,google_trends,2026-08-29T21:54:49Z
Triumph,Triumph Speed Twin 900 & 1200,2026-07,1.1729,google_trends,2026-08-29T21:54:49Z
Triumph,Triumph Spitfire,2025-08,2.4652,google_trends,2026-08-29T19:23:31Z
Triumph,Triumph Spitfire,2025-09,1.5408,google_trends,2026-08-29T19:23:31Z
Triumph,Triumph Spitfire,2025-10,1.2326,google_trends,2026-08-29T19:23:31Z
Triumph,Triumph Spitfire,2025-11,1.2326,google_trends,2026-08-29T19:23:31Z
Triumph,Triumph Spitfire,2025-12,1.2326,google_trends,2026-08-29T19:23:31Z
Triumph,Triumph Spitfire,2026-01,1.2326,google_trends,2026-08-29T19:23:31Z
Triumph,Triumph Spitfire,2026-02,1.2326,google_trends,2026-08-29T19:23:31Z
Triumph,Triumph Spitfire,2026-03,1.7256,google_trends,2026-08-29T19:23:31Z
Triumph,Triumph Spitfire,2026-04,2.4652,google_trends,2026-08-29T19:23:31Z
Triumph,Triumph Spitfire,2026-05,2.4652,google_trends,2026-08-29T19:23:31Z
Triumph,Triumph Spitfire,2026-06,2.1571,google_trends,2026-08-29T19:23:31Z
Triumph,Triumph Spitfire,2026-07,2.4652,google_trends,2026-08-29T19:23:31Z
Triumph,Triumph Stag,2025-08,0.9863,google_trends,2026-08-29T19:23:31Z
Triumph,Triumph Stag,2025-09,0.6165,google_trends,2026-08-29T19:23:31Z
Triumph,Triumph Stag,2025-10,0.3082,google_trends,2026-08-29T19:23:31Z
Triumph,Triumph Stag,2025-11,0.4932,google_trends,2026-08-29T19:23:31Z
Triumph,Triumph Stag,2025-12,0.6165,google_trends,2026-08-29T19:23:31Z
Triumph,Triumph Stag,2026-01,0.3082,google_trends,2026-08-29T19:23:31Z
Triumph,Triumph Stag,2026-02,0.9247,google_trends,2026-08-29T19:23:31Z
Triumph,Triumph Stag,2026-03,0.7398,google_trends,2026-08-29T19:23:31Z
Triumph,Triumph Stag,2026-04,1.2329,google_trends,2026-08-29T19:23:31Z
Triumph,Triumph Stag,2026-05,1.2329,google_trends,2026-08-29T19:23:31Z
Triumph,Triumph Stag,2026-06,1.2329,google_trends,2026-08-29T19:23:31Z
Triumph,Triumph Stag,2026-07,1.2329,google_trends,2026-08-29T19:23:31Z
Triumph,Triumph TR6,2025-08,1.232,google_trends,2026-08-29T19:23:31Z
Triumph,Triumph TR6,2025-09,1.232,google_trends,2026-08-29T19:23:31Z
Triumph,Triumph TR6,2025-10,1.232,google_trends,2026-08-29T19:23:31Z
Triumph,Triumph TR6,2025-11,1.232,google_trends,2026-08-29T19:23:31Z
Triumph,Triumph TR6,2025-12,1.232,google_trends,2026-08-29T19:23:31Z
Triumph,Triumph TR6,2026-01,1.232,google_trends,2026-08-29T19:23:31Z
Triumph,Triumph TR6,2026-02,1.232,google_trends,2026-08-29T19:23:31Z
Triumph,Triumph TR6,2026-03,1.232,google_trends,2026-08-29T19:23:31Z
Triumph,Triumph TR6,2026-04,1.232,google_trends,2026-08-29T19:23:31Z
Triumph,Triumph TR6,2026-05,1.232,google_trends,2026-08-29T19:23:31Z
Triumph,Triumph TR6,2026-06,1.232,google_trends,2026-08-29T19:23:31Z
Triumph,Triumph TR6,2026-07,1.232,google_trends,2026-08-29T19:23:31Z
Triumph,Triumph Thruxton,2025-08,4.1919,google_trends,2026-08-29T19:23:31Z
Triumph,Triumph Thruxton,2025-09,2.1576,google_trends,2026-08-29T19:23:31Z
Triumph,Triumph Thruxton,2025-10,1.8494,google_trends,2026-08-29T19:23:31Z
Triumph,Triumph Thruxton,2025-11,1.2329,google_trends,2026-08-29T19:23:31Z
Triumph,Triumph Thruxton,2025-12,1.8494,google_trends,2026-08-29T19:23:31Z
Triumph,Triumph Thruxton,2026-01,1.5411,google_trends,2026-08-29T19:23:31Z
Triumph,Triumph Thruxton,2026-02,1.5411,google_trends,2026-08-29T19:23:31Z
Triumph,Triumph Thruxton,2026-03,2.2193,google_trends,2026-08-29T19:23:31Z
Triumph,Triumph Thruxton,2026-04,2.4658,google_trends,2026-08-29T19:23:31Z
Triumph,Triumph Thruxton,2026-05,2.4658,google_trends,2026-08-29T19:23:31Z
Triumph,Triumph Thruxton,2026-06,1.8494,google_trends,2026-08-29T19:23:31Z
Triumph,Triumph Thruxton,2026-07,1.2329,google_trends,2026-08-29T19:23:31Z
Triumph,Triumph Thunderbird,2025-08,1.2329,google_trends,2026-08-29T19:23:31Z
Triumph,Triumph Thunderbird,2025-09,1.2329,google_trends,2026-08-29T19:23:31Z
Triumph,Triumph Thunderbird,2025-10,1.2329,google_trends,2026-08-29T19:23:31Z
Triumph,Triumph Thunderbird,2025-11,0.9863,google_trends,2026-08-29T19:23:31Z
Triumph,Triumph Thunderbird,2025-12,0.3082,google_trends,2026-08-29T19:23:31Z
Triumph,Triumph Thunderbird,2026-01,0.3082,google_trends,2026-08-29T19:23:31Z
Triumph,Triumph Thunderbird,2026-02,1.2329,google_trends,2026-08-29T19:23:31Z
Triumph,Triumph Thunderbird,2026-03,1.2329,google_trends,2026-08-29T19:23:31Z
Triumph,Triumph Thunderbird,2026-04,1.2329,google_trends,2026-08-29T19:23:31Z
Triumph,Triumph Thunderbird,2026-05,1.2329,google_trends,2026-08-29T19:23:31Z
Triumph,Triumph Thunderbird,2026-06,1.2329,google_trends,2026-08-29T19:23:31Z
Triumph,Triumph Thunderbird,2026-07,1.2329,google_trends,2026-08-29T19:23:31Z
Triumph,Triumph Tiger,2025-08,11.5865,google_trends,2026-08-29T19:23:31Z
Triumph,Triumph Tiger,2025-09,10.4771,google_trends,2026-08-29T19:23:31Z
Triumph,Triumph Tiger,2025-10,9.5527,google_trends,2026-08-29T19:23:31Z
Triumph,Triumph Tiger,2025-11,8.3817,google_trends,2026-08-29T19:23:31Z
Triumph,Triumph Tiger,2025-12,8.0119,google_trends,2026-08-29T19:23:31Z
Triumph,Triumph Tiger,2026-01,8.6282,google_trends,2026-08-29T19:23:31Z
Triumph,Triumph Tiger,2026-02,9.8608,google_trends,2026-08-29T19:23:31Z
Triumph,Triumph Tiger,2026-03,11.3399,google_trends,2026-08-29T19:23:31Z
Triumph,Triumph Tiger,2026-04,11.7097,google_trends,2026-08-29T19:23:31Z
Triumph,Triumph Tiger,2026-05,12.0795,google_trends,2026-08-29T19:23:31Z
Triumph,Triumph Tiger,2026-06,11.0934,google_trends,2026-08-29T19:23:31Z
Triumph,Triumph Tiger,2026-07,10.4771,google_trends,2026-08-29T19:23:31Z
Triumph,Triumph Trident,2025-08,3.6988,google_trends,2026-08-29T19:23:31Z
Triumph,Triumph Trident,2025-09,2.7741,google_trends,2026-08-29T19:23:31Z
Triumph,Triumph Trident,2025-10,3.3905,google_trends,2026-08-29T19:23:31Z
Triumph,Triumph Trident,2025-11,2.959,google_trends,2026-08-29T19:23:31Z
Triumph,Triumph Trident,2025-12,2.4658,google_trends,2026-08-29T19:23:31Z
Triumph,Triumph Trident,2026-01,2.7741,google_trends,2026-08-29T19:23:31Z
Triumph,Triumph Trident,2026-02,3.6988,google_trends,2026-08-29T19:23:31Z
Triumph,Triumph Trident,2026-03,3.6988,google_trends,2026-08-29T19:23:31Z
Triumph,Triumph Trident,2026-04,3.6988,google_trends,2026-08-29T19:23:31Z
Triumph,Triumph Trident,2026-05,3.6988,google_trends,2026-08-29T19:23:31Z
Triumph,Triumph Trident,2026-06,4.007,google_trends,2026-08-29T19:23:31Z
Triumph,Triumph Trident,2026-07,3.3905,google_trends,2026-08-29T19:23:31Z
Triumph,Triumph Trophy,2025-08,0.9861,google_trends,2026-08-29T19:23:31Z
Triumph,Triumph Trophy,2025-09,0.6163,google_trends,2026-08-29T19:23:31Z
Triumph,Triumph Trophy,2025-10,0.0,google_trends,2026-08-29T19:23:31Z
Triumph,Triumph Trophy,2025-11,0.0,google_trends,2026-08-29T19:23:31Z
Triumph,Triumph Trophy,2025-12,0.0,google_trends,2026-08-29T19:23:31Z
Triumph,Triumph Trophy,2026-01,0.0,google_trends,2026-08-29T19:23:31Z
Triumph,Triumph Trophy,2026-02,0.3082,google_trends,2026-08-29T19:23:31Z
Triumph,Triumph Trophy,2026-03,0.493,google_trends,2026-08-29T19:23:31Z
Triumph,Triumph Trophy,2026-04,1.2326,google_trends,2026-08-29T19:23:31Z
Triumph,Triumph Trophy,2026-05,1.2326,google_trends,2026-08-29T19:23:31Z
Triumph,Triumph Trophy,2026-06,1.2326,google_trends,2026-08-29T19:23:31Z
Triumph,Triumph Trophy,2026-07,0.9245,google_trends,2026-08-29T19:23:31Z
Ultima,ULTIMA RS,2025-08,0.0,google_trends,2026-08-29T21:54:49Z
Ultima,ULTIMA RS,2025-09,0.3041,google_trends,2026-08-29T21:54:49Z
Ultima,ULTIMA RS,2025-10,0.0,google_trends,2026-08-29T21:54:49Z
Ultima,ULTIMA RS,2025-11,0.0,google_trends,2026-08-29T21:54:49Z
Ultima,ULTIMA RS,2025-12,0.0,google_trends,2026-08-29T21:54:49Z
Ultima,ULTIMA RS,2026-01,0.0,google_trends,2026-08-29T21:54:49Z
Ultima,ULTIMA RS,2026-02,0.0,google_trends,2026-08-29T21:54:49Z
Ultima,ULTIMA RS,2026-03,0.0,google_trends,2026-08-29T21:54:49Z
Ultima,ULTIMA RS,2026-04,0.0,google_trends,2026-08-29T21:54:49Z
Ultima,ULTIMA RS,2026-05,0.0,google_trends,2026-08-29T21:54:49Z
Ultima,ULTIMA RS,2026-06,0.0,google_trends,2026-08-29T21:54:49Z
Ultima,ULTIMA RS,2026-07,0.0,google_trends,2026-08-29T21:54:49Z
Vespa,Vespa Moped,2025-08,0.9732,google_trends,2026-08-29T21:54:49Z
Vespa,Vespa Moped,2025-09,0.0,google_trends,2026-08-29T21:54:49Z
Vespa,Vespa Moped,2025-10,0.0,google_trends,2026-08-29T21:54:49Z
Vespa,Vespa Moped,2025-11,0.0,google_trends,2026-08-29T21:54:49Z
Vespa,Vespa Moped,2025-12,0.0,google_trends,2026-08-29T21:54:49Z
Vespa,Vespa Moped,2026-01,0.0,google_trends,2026-08-29T21:54:49Z
Vespa,Vespa Moped,2026-02,0.0,google_trends,2026-08-29T21:54:49Z
Vespa,Vespa Moped,2026-03,0.9732,google_trends,2026-08-29T21:54:49Z
Vespa,Vespa Moped,2026-04,0.9124,google_trends,2026-08-29T21:54:49Z
Vespa,Vespa Moped,2026-05,1.2165,google_trends,2026-08-29T21:54:49Z
Vespa,Vespa Moped,2026-06,0.9124,google_trends,2026-08-29T21:54:49Z
Vespa,Vespa Moped,2026-07,0.9124,google_trends,2026-08-29T21:54:49Z
Volkswagen,CC,2025-08,4.1363,google_trends,2026-08-29T21:54:49Z
Volkswagen,CC,2025-09,3.6496,google_trends,2026-08-29T21:54:49Z
Volkswagen,CC,2025-10,3.6496,google_trends,2026-08-29T21:54:49Z
Volkswagen,CC,2025-11,3.6496,google_trends,2026-08-29T21:54:49Z
Volkswagen,CC,2025-12,3.3455,google_trends,2026-08-29T21:54:49Z
Volkswagen,CC,2026-01,3.6496,google_trends,2026-08-29T21:54:49Z
Volkswagen,CC,2026-02,5.7786,google_trends,2026-08-29T21:54:49Z
Volkswagen,CC,2026-03,4.1363,google_trends,2026-08-29T21:54:49Z
Volkswagen,CC,2026-04,4.562,google_trends,2026-08-29T21:54:49Z
Volkswagen,CC,2026-05,4.8662,google_trends,2026-08-29T21:54:49Z
Volkswagen,CC,2026-06,4.562,google_trends,2026-08-29T21:54:49Z
Volkswagen,CC,2026-07,3.9538,google_trends,2026-08-29T21:54:49Z
Volkswagen,SANTANA,2025-08,0.0,google_trends,2026-08-29T21:54:49Z
Volkswagen,SANTANA,2025-09,0.0,google_trends,2026-08-29T21:54:49Z
Volkswagen,SANTANA,2025-10,0.0,google_trends,2026-08-29T21:54:49Z
Volkswagen,SANTANA,2025-11,0.0,google_trends,2026-08-29T21:54:49Z
Volkswagen,SANTANA,2025-12,0.0,google_trends,2026-08-29T21:54:49Z
Volkswagen,SANTANA,2026-01,0.0,google_trends,2026-08-29T21:54:49Z
Volkswagen,SANTANA,2026-02,0.0,google_trends,2026-08-29T21:54:49Z
Volkswagen,SANTANA,2026-03,0.0,google_trends,2026-08-29T21:54:49Z
Volkswagen,SANTANA,2026-04,0.0,google_trends,2026-08-29T21:54:49Z
Volkswagen,SANTANA,2026-05,0.0,google_trends,2026-08-29T21:54:49Z
Volkswagen,SANTANA,2026-06,0.0,google_trends,2026-08-29T21:54:49Z
Volkswagen,SANTANA,2026-07,0.3041,google_trends,2026-08-29T21:54:49Z
Volkswagen,TIGUAN,2025-08,39.4161,google_trends,2026-08-29T21:54:49Z
Volkswagen,TIGUAN,2025-09,34.9757,google_trends,2026-08-29T21:54:49Z
Volkswagen,TIGUAN,2025-10,34.9757,google_trends,2026-08-29T21:54:49Z
Volkswagen,TIGUAN,2025-11,35.7664,google_trends,2026-08-29T21:54:49Z
Volkswagen,TIGUAN,2025-12,34.3674,google_trends,2026-08-29T21:54:49Z
Volkswagen,TIGUAN,2026-01,36.1922,google_trends,2026-08-29T21:54:49Z
Volkswagen,TIGUAN,2026-02,40.4501,google_trends,2026-08-29T21:54:49Z
Volkswagen,TIGUAN,2026-03,39.6594,google_trends,2026-08-29T21:54:49Z
Volkswagen,TIGUAN,2026-04,41.3625,google_trends,2026-08-29T21:54:49Z
Volkswagen,TIGUAN,2026-05,41.8491,google_trends,2026-08-29T21:54:49Z
Volkswagen,TIGUAN,2026-06,39.5377,google_trends,2026-08-29T21:54:49Z
Volkswagen,TIGUAN,2026-07,37.7129,google_trends,2026-08-29T21:54:49Z
Volkswagen,VOLKSWAGEN ATLAS,2025-08,13.6253,google_trends,2026-08-29T21:54:49Z
Volkswagen,VOLKSWAGEN ATLAS,2025-09,12.1655,google_trends,2026-08-29T21:54:49Z
Volkswagen,VOLKSWAGEN ATLAS,2025-10,12.1655,google_trends,2026-08-29T21:54:49Z
Volkswagen,VOLKSWAGEN ATLAS,2025-11,12.6521,google_trends,2026-08-29T21:54:49Z
Volkswagen,VOLKSWAGEN ATLAS,2025-12,12.1655,google_trends,2026-08-29T21:54:49Z
Volkswagen,VOLKSWAGEN ATLAS,2026-01,13.382,google_trends,2026-08-29T21:54:49Z
Volkswagen,VOLKSWAGEN ATLAS,2026-02,15.8151,google_trends,2026-08-29T21:54:49Z
Volkswagen,VOLKSWAGEN ATLAS,2026-03,15.5718,google_trends,2026-08-29T21:54:49Z
Volkswagen,VOLKSWAGEN ATLAS,2026-04,15.8151,google_trends,2026-08-29T21:54:49Z
Volkswagen,VOLKSWAGEN ATLAS,2026-05,14.8418,google_trends,2026-08-29T21:54:49Z
Volkswagen,VOLKSWAGEN ATLAS,2026-06,13.9903,google_trends,2026-08-29T21:54:49Z
Volkswagen,VOLKSWAGEN ATLAS,2026-07,15.2068,google_trends,2026-08-29T21:54:49Z
Volkswagen,VOLKSWAGEN CC,2025-08,4.1363,google_trends,2026-08-29T21:54:49Z
Volkswagen,VOLKSWAGEN CC,2025-09,3.6496,google_trends,2026-08-29T21:54:49Z
Volkswagen,VOLKSWAGEN CC,2025-10,3.6496,google_trends,2026-08-29T21:54:49Z
Volkswagen,VOLKSWAGEN CC,2025-11,3.6496,google_trends,2026-08-29T21:54:49Z
Volkswagen,VOLKSWAGEN CC,2025-12,3.3455,google_trends,2026-08-29T21:54:49Z
Volkswagen,VOLKSWAGEN CC,2026-01,3.6496,google_trends,2026-08-29T21:54:49Z
Volkswagen,VOLKSWAGEN CC,2026-02,5.7786,google_trends,2026-08-29T21:54:49Z
Volkswagen,VOLKSWAGEN CC,2026-03,4.1363,google_trends,2026-08-29T21:54:49Z
Volkswagen,VOLKSWAGEN CC,2026-04,4.562,google_trends,2026-08-29T21:54:49Z
Volkswagen,VOLKSWAGEN CC,2026-05,4.8662,google_trends,2026-08-29T21:54:49Z
Volkswagen,VOLKSWAGEN CC,2026-06,4.562,google_trends,2026-08-29T21:54:49Z
Volkswagen,VOLKSWAGEN CC,2026-07,3.9538,google_trends,2026-08-29T21:54:49Z
Volkswagen,VOLKSWAGEN TIGUAN,2025-08,38.2205,google_trends,2026-08-29T19:23:31Z
Volkswagen,VOLKSWAGEN TIGUAN,2025-09,35.7546,google_trends,2026-08-29T19:23:31Z
Volkswagen,VOLKSWAGEN TIGUAN,2025-10,35.1382,google_trends,2026-08-29T19:23:31Z
Volkswagen,VOLKSWAGEN TIGUAN,2025-11,35.5081,google_trends,2026-08-29T19:23:31Z
Volkswagen,VOLKSWAGEN TIGUAN,2025-12,34.2135,google_trends,2026-08-29T19:23:31Z
Volkswagen,VOLKSWAGEN TIGUAN,2026-01,37.2958,google_trends,2026-08-29T19:23:31Z
Volkswagen,VOLKSWAGEN TIGUAN,2026-02,40.3781,google_trends,2026-08-29T19:23:31Z
Volkswagen,VOLKSWAGEN TIGUAN,2026-03,39.7,google_trends,2026-08-29T19:23:31Z
Volkswagen,VOLKSWAGEN TIGUAN,2026-04,42.5357,google_trends,2026-08-29T19:23:31Z
Volkswagen,VOLKSWAGEN TIGUAN,2026-05,40.1932,google_trends,2026-08-29T19:23:31Z
Volkswagen,VOLKSWAGEN TIGUAN,2026-06,39.1452,google_trends,2026-08-29T19:23:31Z
Volkswagen,VOLKSWAGEN TIGUAN,2026-07,37.2958,google_trends,2026-08-29T19:23:31Z
Volkswagen,Volkswagen Beetle,2025-08,13.382,google_trends,2026-08-29T21:54:49Z
Volkswagen,Volkswagen Beetle,2025-09,12.4696,google_trends,2026-08-29T21:54:49Z
Volkswagen,Volkswagen Beetle,2025-10,11.5572,google_trends,2026-08-29T21:54:49Z
Volkswagen,Volkswagen Beetle,2025-11,11.4355,google_trends,2026-08-29T21:54:49Z
Volkswagen,Volkswagen Beetle,2025-12,10.9489,google_trends,2026-08-29T21:54:49Z
Volkswagen,Volkswagen Beetle,2026-01,11.5572,google_trends,2026-08-29T21:54:49Z
Volkswagen,Volkswagen Beetle,2026-02,16.1192,google_trends,2026-08-29T21:54:49Z
Volkswagen,Volkswagen Beetle,2026-03,15.0852,google_trends,2026-08-29T21:54:49Z
Volkswagen,Volkswagen Beetle,2026-04,16.1192,google_trends,2026-08-29T21:54:49Z
Volkswagen,Volkswagen Beetle,2026-05,16.3017,google_trends,2026-08-29T21:54:49Z
Volkswagen,Volkswagen Beetle,2026-06,13.6861,google_trends,2026-08-29T21:54:49Z
Volkswagen,Volkswagen Beetle,2026-07,14.2944,google_trends,2026-08-29T21:54:49Z
Volkswagen,Volkswagen CC,2025-08,4.1363,google_trends,2026-08-29T21:54:49Z
Volkswagen,Volkswagen CC,2025-09,3.6496,google_trends,2026-08-29T21:54:49Z
Volkswagen,Volkswagen CC,2025-10,3.6496,google_trends,2026-08-29T21:54:49Z
Volkswagen,Volkswagen CC,2025-11,3.6496,google_trends,2026-08-29T21:54:49Z
Volkswagen,Volkswagen CC,2025-12,3.3455,google_trends,2026-08-29T21:54:49Z
Volkswagen,Volkswagen CC,2026-01,3.6496,google_trends,2026-08-29T21:54:49Z
Volkswagen,Volkswagen CC,2026-02,5.7786,google_trends,2026-08-29T21:54:49Z
Volkswagen,Volkswagen CC,2026-03,4.1363,google_trends,2026-08-29T21:54:49Z
Volkswagen,Volkswagen CC,2026-04,4.562,google_trends,2026-08-29T21:54:49Z
Volkswagen,Volkswagen CC,2026-05,4.8662,google_trends,2026-08-29T21:54:49Z
Volkswagen,Volkswagen CC,2026-06,4.562,google_trends,2026-08-29T21:54:49Z
Volkswagen,Volkswagen CC,2026-07,3.9538,google_trends,2026-08-29T21:54:49Z
Volkswagen,Volkswagen Caddy & Rabbit Pickup,2025-08,10.8497,google_trends,2026-08-29T19:23:31Z
Volkswagen,Volkswagen Caddy & Rabbit Pickup,2025-09,10.4798,google_trends,2026-08-29T19:23:31Z
Volkswagen,Volkswagen Caddy & Rabbit Pickup,2025-10,10.1716,google_trends,2026-08-29T19:23:31Z
Volkswagen,Volkswagen Caddy & Rabbit Pickup,2025-11,10.3565,google_trends,2026-08-29T19:23:31Z
Volkswagen,Volkswagen Caddy & Rabbit Pickup,2025-12,8.9387,google_trends,2026-08-29T19:23:31Z
Volkswagen,Volkswagen Caddy & Rabbit Pickup,2026-01,10.4798,google_trends,2026-08-29T19:23:31Z
Volkswagen,Volkswagen Caddy & Rabbit Pickup,2026-02,10.4798,google_trends,2026-08-29T19:23:31Z
Volkswagen,Volkswagen Caddy & Rabbit Pickup,2026-03,11.3429,google_trends,2026-08-29T19:23:31Z
Volkswagen,Volkswagen Caddy & Rabbit Pickup,2026-04,10.788,google_trends,2026-08-29T19:23:31Z
Volkswagen,Volkswagen Caddy & Rabbit Pickup,2026-05,11.3429,google_trends,2026-08-29T19:23:31Z
Volkswagen,Volkswagen Caddy & Rabbit Pickup,2026-06,10.788,google_trends,2026-08-29T19:23:31Z
Volkswagen,Volkswagen Caddy & Rabbit Pickup,2026-07,10.4798,google_trends,2026-08-29T19:23:31Z
Volkswagen,Volkswagen Corrado,2025-08,0.0,google_trends,2026-08-29T19:23:31Z
Volkswagen,Volkswagen Corrado,2025-09,0.0,google_trends,2026-08-29T19:23:31Z
Volkswagen,Volkswagen Corrado,2025-10,0.0,google_trends,2026-08-29T19:23:31Z
Volkswagen,Volkswagen Corrado,2025-11,0.0,google_trends,2026-08-29T19:23:31Z
Volkswagen,Volkswagen Corrado,2025-12,0.0,google_trends,2026-08-29T19:23:31Z
Volkswagen,Volkswagen Corrado,2026-01,0.0,google_trends,2026-08-29T19:23:31Z
Volkswagen,Volkswagen Corrado,2026-02,0.9245,google_trends,2026-08-29T19:23:31Z
Volkswagen,Volkswagen Corrado,2026-03,0.2465,google_trends,2026-08-29T19:23:31Z
Volkswagen,Volkswagen Corrado,2026-04,0.0,google_trends,2026-08-29T19:23:31Z
Volkswagen,Volkswagen Corrado,2026-05,0.2465,google_trends,2026-08-29T19:23:31Z
Volkswagen,Volkswagen Corrado,2026-06,0.0,google_trends,2026-08-29T19:23:31Z
Volkswagen,Volkswagen Corrado,2026-07,0.0,google_trends,2026-08-29T19:23:31Z
Volkswagen,Volkswagen Eos,2025-08,1.9722,google_trends,2026-08-29T19:23:31Z
Volkswagen,Volkswagen Eos,2025-09,1.5408,google_trends,2026-08-29T19:23:31Z
Volkswagen,Volkswagen Eos,2025-10,1.5408,google_trends,2026-08-29T19:23:31Z
Volkswagen,Volkswagen Eos,2025-11,1.2326,google_trends,2026-08-29T19:23:31Z
Volkswagen,Volkswagen Eos,2025-12,1.2326,google_trends,2026-08-29T19:23:31Z
Volkswagen,Volkswagen Eos,2026-01,1.2326,google_trends,2026-08-29T19:23:31Z
Volkswagen,Volkswagen Eos,2026-02,2.4652,google_trends,2026-08-29T19:23:31Z
Volkswagen,Volkswagen Eos,2026-03,2.4652,google_trends,2026-08-29T19:23:31Z
Volkswagen,Volkswagen Eos,2026-04,2.4652,google_trends,2026-08-29T19:23:31Z
Volkswagen,Volkswagen Eos,2026-05,2.4652,google_trends,2026-08-29T19:23:31Z
Volkswagen,Volkswagen Eos,2026-06,2.4652,google_trends,2026-08-29T19:23:31Z
Volkswagen,Volkswagen Eos,2026-07,2.4652,google_trends,2026-08-29T19:23:31Z
Volkswagen,Volkswagen EuroVan,2025-08,0.0,google_trends,2026-08-29T19:23:31Z
Volkswagen,Volkswagen EuroVan,2025-09,0.0,google_trends,2026-08-29T19:23:31Z
Volkswagen,Volkswagen EuroVan,2025-10,0.0,google_trends,2026-08-29T19:23:31Z
Volkswagen,Volkswagen EuroVan,2025-11,0.0,google_trends,2026-08-29T19:23:31Z
Volkswagen,Volkswagen EuroVan,2025-12,0.0,google_trends,2026-08-29T19:23:31Z
Volkswagen,Volkswagen EuroVan,2026-01,0.0,google_trends,2026-08-29T19:23:31Z
Volkswagen,Volkswagen EuroVan,2026-02,0.9245,google_trends,2026-08-29T19:23:31Z
Volkswagen,Volkswagen EuroVan,2026-03,0.0,google_trends,2026-08-29T19:23:31Z
Volkswagen,Volkswagen EuroVan,2026-04,0.0,google_trends,2026-08-29T19:23:31Z
Volkswagen,Volkswagen EuroVan,2026-05,0.0,google_trends,2026-08-29T19:23:31Z
Volkswagen,Volkswagen EuroVan,2026-06,0.0,google_trends,2026-08-29T19:23:31Z
Volkswagen,Volkswagen EuroVan,2026-07,0.0,google_trends,2026-08-29T19:23:31Z
Volkswagen,Volkswagen GTI Mk7,2025-08,0.0,google_trends,2026-08-29T19:23:31Z
Volkswagen,Volkswagen GTI Mk7,2025-09,0.0,google_trends,2026-08-29T19:23:31Z
Volkswagen,Volkswagen GTI Mk7,2025-10,0.0,google_trends,2026-08-29T19:23:31Z
Volkswagen,Volkswagen GTI Mk7,2025-11,0.0,google_trends,2026-08-29T19:23:31Z
Volkswagen,Volkswagen GTI Mk7,2025-12,0.0,google_trends,2026-08-29T19:23:31Z
Volkswagen,Volkswagen GTI Mk7,2026-01,0.0,google_trends,2026-08-29T19:23:31Z
Volkswagen,Volkswagen GTI Mk7,2026-02,0.6165,google_trends,2026-08-29T19:23:31Z
Volkswagen,Volkswagen GTI Mk7,2026-03,0.0,google_trends,2026-08-29T19:23:31Z
Volkswagen,Volkswagen GTI Mk7,2026-04,0.3082,google_trends,2026-08-29T19:23:31Z
Volkswagen,Volkswagen GTI Mk7,2026-05,0.0,google_trends,2026-08-29T19:23:31Z
Volkswagen,Volkswagen GTI Mk7,2026-06,0.0,google_trends,2026-08-29T19:23:31Z
Volkswagen,Volkswagen GTI Mk7,2026-07,0.0,google_trends,2026-08-29T19:23:31Z
Volkswagen,Volkswagen Golf & Rabbit,2025-08,53.4949,google_trends,2026-08-29T19:23:31Z
Volkswagen,Volkswagen Golf & Rabbit,2025-09,53.9264,google_trends,2026-08-29T19:23:31Z
Volkswagen,Volkswagen Golf & Rabbit,2025-10,50.8448,google_trends,2026-08-29T19:23:31Z
Volkswagen,Volkswagen Golf & Rabbit,2025-11,52.2623,google_trends,2026-08-29T19:23:31Z
Volkswagen,Volkswagen Golf & Rabbit,2025-12,46.5307,google_trends,2026-08-29T19:23:31Z
Volkswagen,Volkswagen Golf & Rabbit,2026-01,50.2285,google_trends,2026-08-29T19:23:31Z
Volkswagen,Volkswagen Golf & Rabbit,2026-02,61.9383,google_trends,2026-08-29T19:23:31Z
Volkswagen,Volkswagen Golf & Rabbit,2026-03,53.7415,google_trends,2026-08-29T19:23:31Z
Volkswagen,Volkswagen Golf & Rabbit,2026-04,59.1649,google_trends,2026-08-29T19:23:31Z
Volkswagen,Volkswagen Golf & Rabbit,2026-05,56.2067,google_trends,2026-08-29T19:23:31Z
Volkswagen,Volkswagen Golf & Rabbit,2026-06,53.3101,google_trends,2026-08-29T19:23:31Z
Volkswagen,Volkswagen Golf & Rabbit,2026-07,50.5367,google_trends,2026-08-29T19:23:31Z
Volkswagen,Volkswagen Golf & Rabbit (Non-GTI),2025-08,53.4949,google_trends,2026-08-29T19:23:31Z
Volkswagen,Volkswagen Golf & Rabbit (Non-GTI),2025-09,53.9264,google_trends,2026-08-29T19:23:31Z
Volkswagen,Volkswagen Golf & Rabbit (Non-GTI),2025-10,50.8448,google_trends,2026-08-29T19:23:31Z
Volkswagen,Volkswagen Golf & Rabbit (Non-GTI),2025-11,52.2623,google_trends,2026-08-29T19:23:31Z
Volkswagen,Volkswagen Golf & Rabbit (Non-GTI),2025-12,46.5307,google_trends,2026-08-29T19:23:31Z
Volkswagen,Volkswagen Golf & Rabbit (Non-GTI),2026-01,50.2285,google_trends,2026-08-29T19:23:31Z
Volkswagen,Volkswagen Golf & Rabbit (Non-GTI),2026-02,61.9383,google_trends,2026-08-29T19:23:31Z
Volkswagen,Volkswagen Golf & Rabbit (Non-GTI),2026-03,53.7415,google_trends,2026-08-29T19:23:31Z
Volkswagen,Volkswagen Golf & Rabbit (Non-GTI),2026-04,59.1649,google_trends,2026-08-29T19:23:31Z
Volkswagen,Volkswagen Golf & Rabbit (Non-GTI),2026-05,56.2067,google_trends,2026-08-29T19:23:31Z
Volkswagen,Volkswagen Golf & Rabbit (Non-GTI),2026-06,53.3101,google_trends,2026-08-29T19:23:31Z
Volkswagen,Volkswagen Golf & Rabbit (Non-GTI),2026-07,50.5367,google_trends,2026-08-29T19:23:31Z
Volkswagen,Volkswagen Golf R,2025-08,4.4374,google_trends,2026-08-29T19:23:31Z
Volkswagen,Volkswagen Golf R,2025-09,4.9304,google_trends,2026-08-29T19:23:31Z
Volkswagen,Volkswagen Golf R,2025-10,4.6223,google_trends,2026-08-29T19:23:31Z
Volkswagen,Volkswagen Golf R,2025-11,4.4374,google_trends,2026-08-29T19:23:31Z
Volkswagen,Volkswagen Golf R,2025-12,4.3141,google_trends,2026-08-29T19:23:31Z
Volkswagen,Volkswagen Golf R,2026-01,4.3141,google_trends,2026-08-29T19:23:31Z
Volkswagen,Volkswagen Golf R,2026-02,5.5467,google_trends,2026-08-29T19:23:31Z
Volkswagen,Volkswagen Golf R,2026-03,4.6839,google_trends,2026-08-29T19:23:31Z
Volkswagen,Volkswagen Golf R,2026-04,4.9304,google_trends,2026-08-29T19:23:31Z
Volkswagen,Volkswagen Golf R,2026-05,4.9304,google_trends,2026-08-29T19:23:31Z
Volkswagen,Volkswagen Golf R,2026-06,4.9304,google_trends,2026-08-29T19:23:31Z
Volkswagen,Volkswagen Golf R,2026-07,4.3141,google_trends,2026-08-29T19:23:31Z
Volkswagen,Volkswagen ID.Buzz,2025-08,0.0,google_trends,2026-08-29T21:54:49Z
Volkswagen,Volkswagen ID.Buzz,2025-09,0.0,google_trends,2026-08-29T21:54:49Z
Volkswagen,Volkswagen ID.Buzz,2025-10,0.0,google_trends,2026-08-29T21:54:49Z
Volkswagen,Volkswagen ID.Buzz,2025-11,0.0,google_trends,2026-08-29T21:54:49Z
Volkswagen,Volkswagen ID.Buzz,2025-12,0.0,google_trends,2026-08-29T21:54:49Z
Volkswagen,Volkswagen ID.Buzz,2026-01,0.0,google_trends,2026-08-29T21:54:49Z
Volkswagen,Volkswagen ID.Buzz,2026-02,0.0,google_trends,2026-08-29T21:54:49Z
Volkswagen,Volkswagen ID.Buzz,2026-03,0.0,google_trends,2026-08-29T21:54:49Z
Volkswagen,Volkswagen ID.Buzz,2026-04,0.3041,google_trends,2026-08-29T21:54:49Z
Volkswagen,Volkswagen ID.Buzz,2026-05,0.4866,google_trends,2026-08-29T21:54:49Z
Volkswagen,Volkswagen ID.Buzz,2026-06,0.3041,google_trends,2026-08-29T21:54:49Z
Volkswagen,Volkswagen ID.Buzz,2026-07,0.0,google_trends,2026-08-29T21:54:49Z
Volkswagen,Volkswagen Jetta,2025-08,22.6799,google_trends,2026-08-29T19:23:31Z
Volkswagen,Volkswagen Jetta,2025-09,20.6461,google_trends,2026-08-29T19:23:31Z
Volkswagen,Volkswagen Jetta,2025-10,20.3379,google_trends,2026-08-29T19:23:31Z
Volkswagen,Volkswagen Jetta,2025-11,20.2147,google_trends,2026-08-29T19:23:31Z
Volkswagen,Volkswagen Jetta,2025-12,19.7216,google_trends,2026-08-29T19:23:31Z
Volkswagen,Volkswagen Jetta,2026-01,20.6461,google_trends,2026-08-29T19:23:31Z
Volkswagen,Volkswagen Jetta,2026-02,30.8151,google_trends,2026-08-29T19:23:31Z
Volkswagen,Volkswagen Jetta,2026-03,25.8846,google_trends,2026-08-29T19:23:31Z
Volkswagen,Volkswagen Jetta,2026-04,31.7395,google_trends,2026-08-29T19:23:31Z
Volkswagen,Volkswagen Jetta,2026-05,29.5825,google_trends,2026-08-29T19:23:31Z
Volkswagen,Volkswagen Jetta,2026-06,27.1173,google_trends,2026-08-29T19:23:31Z
Volkswagen,Volkswagen Jetta,2026-07,25.8846,google_trends,2026-08-29T19:23:31Z
Volkswagen,Volkswagen Karmann Ghia,2025-08,0.0,google_trends,2026-08-29T19:23:31Z
Volkswagen,Volkswagen Karmann Ghia,2025-09,0.0,google_trends,2026-08-29T19:23:31Z
Volkswagen,Volkswagen Karmann Ghia,2025-10,0.0,google_trends,2026-08-29T19:23:31Z
Volkswagen,Volkswagen Karmann Ghia,2025-11,0.2464,google_trends,2026-08-29T19:23:31Z
Volkswagen,Volkswagen Karmann Ghia,2025-12,0.616,google_trends,2026-08-29T19:23:31Z
Volkswagen,Volkswagen Karmann Ghia,2026-01,0.308,google_trends,2026-08-29T19:23:31Z
Volkswagen,Volkswagen Karmann Ghia,2026-02,0.616,google_trends,2026-08-29T19:23:31Z
Volkswagen,Volkswagen Karmann Ghia,2026-03,0.0,google_trends,2026-08-29T19:23:31Z
Volkswagen,Volkswagen Karmann Ghia,2026-04,0.0,google_trends,2026-08-29T19:23:31Z
Volkswagen,Volkswagen Karmann Ghia,2026-05,0.0,google_trends,2026-08-29T19:23:31Z
Volkswagen,Volkswagen Karmann Ghia,2026-06,0.0,google_trends,2026-08-29T19:23:31Z
Volkswagen,Volkswagen Karmann Ghia,2026-07,0.0,google_trends,2026-08-29T19:23:31Z
Volkswagen,Volkswagen New Beetle,2025-08,1.2326,google_trends,2026-08-29T19:23:31Z
Volkswagen,Volkswagen New Beetle,2025-09,1.2326,google_trends,2026-08-29T19:23:31Z
Volkswagen,Volkswagen New Beetle,2025-10,1.2326,google_trends,2026-08-29T19:23:31Z
Volkswagen,Volkswagen New Beetle,2025-11,1.2326,google_trends,2026-08-29T19:23:31Z
Volkswagen,Volkswagen New Beetle,2025-12,1.2326,google_trends,2026-08-29T19:23:31Z
Volkswagen,Volkswagen New Beetle,2026-01,1.2326,google_trends,2026-08-29T19:23:31Z
Volkswagen,Volkswagen New Beetle,2026-02,2.1571,google_trends,2026-08-29T19:23:31Z
Volkswagen,Volkswagen New Beetle,2026-03,1.4791,google_trends,2026-08-29T19:23:31Z
Volkswagen,Volkswagen New Beetle,2026-04,2.1571,google_trends,2026-08-29T19:23:31Z
Volkswagen,Volkswagen New Beetle,2026-05,2.2187,google_trends,2026-08-29T19:23:31Z
Volkswagen,Volkswagen New Beetle,2026-06,1.2326,google_trends,2026-08-29T19:23:31Z
Volkswagen,Volkswagen New Beetle,2026-07,1.2326,google_trends,2026-08-29T19:23:31Z
Volkswagen,Volkswagen Passat,2025-08,24.8986,google_trends,2026-08-29T19:23:31Z
Volkswagen,Volkswagen Passat,2025-09,26.1928,google_trends,2026-08-29T19:23:31Z
Volkswagen,Volkswagen Passat,2025-10,24.3439,google_trends,2026-08-29T19:23:31Z
Volkswagen,Volkswagen Passat,2025-11,25.1451,google_trends,2026-08-29T19:23:31Z
Volkswagen,Volkswagen Passat,2025-12,22.1868,google_trends,2026-08-29T19:23:31Z
Volkswagen,Volkswagen Passat,2026-01,23.4194,google_trends,2026-08-29T19:23:31Z
Volkswagen,Volkswagen Passat,2026-02,31.7395,google_trends,2026-08-29T19:23:31Z
Volkswagen,Volkswagen Passat,2026-03,26.8707,google_trends,2026-08-29T19:23:31Z
Volkswagen,Volkswagen Passat,2026-04,31.1232,google_trends,2026-08-29T19:23:31Z
Volkswagen,Volkswagen Passat,2026-05,29.5825,google_trends,2026-08-29T19:23:31Z
Volkswagen,Volkswagen Passat,2026-06,28.658,google_trends,2026-08-29T19:23:31Z
Volkswagen,Volkswagen Passat,2026-07,26.501,google_trends,2026-08-29T19:23:31Z
Volkswagen,Volkswagen Phaeton,2025-08,1.4599,google_trends,2026-08-29T21:54:49Z
Volkswagen,Volkswagen Phaeton,2025-09,1.2165,google_trends,2026-08-29T21:54:49Z
Volkswagen,Volkswagen Phaeton,2025-10,1.2165,google_trends,2026-08-29T21:54:49Z
Volkswagen,Volkswagen Phaeton,2025-11,1.4599,google_trends,2026-08-29T21:54:49Z
Volkswagen,Volkswagen Phaeton,2025-12,1.2165,google_trends,2026-08-29T21:54:49Z
Volkswagen,Volkswagen Phaeton,2026-01,1.2165,google_trends,2026-08-29T21:54:49Z
Volkswagen,Volkswagen Phaeton,2026-02,1.2165,google_trends,2026-08-29T21:54:49Z
Volkswagen,Volkswagen Phaeton,2026-03,1.2165,google_trends,2026-08-29T21:54:49Z
Volkswagen,Volkswagen Phaeton,2026-04,1.2165,google_trends,2026-08-29T21:54:49Z
Volkswagen,Volkswagen Phaeton,2026-05,1.2165,google_trends,2026-08-29T21:54:49Z
Volkswagen,Volkswagen Phaeton,2026-06,1.2165,google_trends,2026-08-29T21:54:49Z
Volkswagen,Volkswagen Phaeton,2026-07,1.2165,google_trends,2026-08-29T21:54:49Z
Volkswagen,Volkswagen Polo,2025-08,36.0097,google_trends,2026-08-29T21:54:49Z
Volkswagen,Volkswagen Polo,2025-09,35.5839,google_trends,2026-08-29T21:54:49Z
Volkswagen,Volkswagen Polo,2025-10,33.7591,google_trends,2026-08-29T21:54:49Z
Volkswagen,Volkswagen Polo,2025-11,34.5499,google_trends,2026-08-29T21:54:49Z
Volkswagen,Volkswagen Polo,2025-12,32.5426,google_trends,2026-08-29T21:54:49Z
Volkswagen,Volkswagen Polo,2026-01,34.9757,google_trends,2026-08-29T21:54:49Z
Volkswagen,Volkswagen Polo,2026-02,35.5839,google_trends,2026-08-29T21:54:49Z
Volkswagen,Volkswagen Polo,2026-03,35.2798,google_trends,2026-08-29T21:54:49Z
Volkswagen,Volkswagen Polo,2026-04,38.6253,google_trends,2026-08-29T21:54:49Z
Volkswagen,Volkswagen Polo,2026-05,38.9294,google_trends,2026-08-29T21:54:49Z
Volkswagen,Volkswagen Polo,2026-06,35.8881,google_trends,2026-08-29T21:54:49Z
Volkswagen,Volkswagen Polo,2026-07,35.5839,google_trends,2026-08-29T21:54:49Z
Volkswagen,Volkswagen R32,2025-08,0.493,google_trends,2026-08-29T19:23:31Z
Volkswagen,Volkswagen R32,2025-09,0.0,google_trends,2026-08-29T19:23:31Z
Volkswagen,Volkswagen R32,2025-10,0.0,google_trends,2026-08-29T19:23:31Z
Volkswagen,Volkswagen R32,2025-11,0.0,google_trends,2026-08-29T19:23:31Z
Volkswagen,Volkswagen R32,2025-12,0.0,google_trends,2026-08-29T19:23:31Z
Volkswagen,Volkswagen R32,2026-01,0.0,google_trends,2026-08-29T19:23:31Z
Volkswagen,Volkswagen R32,2026-02,0.9245,google_trends,2026-08-29T19:23:31Z
Volkswagen,Volkswagen R32,2026-03,0.493,google_trends,2026-08-29T19:23:31Z
Volkswagen,Volkswagen R32,2026-04,0.9245,google_trends,2026-08-29T19:23:31Z
Volkswagen,Volkswagen R32,2026-05,0.9861,google_trends,2026-08-29T19:23:31Z
Volkswagen,Volkswagen R32,2026-06,0.6163,google_trends,2026-08-29T19:23:31Z
Volkswagen,Volkswagen R32,2026-07,0.3082,google_trends,2026-08-29T19:23:31Z
Volkswagen,Volkswagen Rail & Dune Buggy,2025-08,1.2326,google_trends,2026-08-29T19:23:31Z
Volkswagen,Volkswagen Rail & Dune Buggy,2025-09,1.2326,google_trends,2026-08-29T19:23:31Z
Volkswagen,Volkswagen Rail & Dune Buggy,2025-10,1.2326,google_trends,2026-08-29T19:23:31Z
Volkswagen,Volkswagen Rail & Dune Buggy,2025-11,0.9861,google_trends,2026-08-29T19:23:31Z
Volkswagen,Volkswagen Rail & Dune Buggy,2025-12,0.6163,google_trends,2026-08-29T19:23:31Z
Volkswagen,Volkswagen Rail & Dune Buggy,2026-01,0.9245,google_trends,2026-08-29T19:23:31Z
Volkswagen,Volkswagen Rail & Dune Buggy,2026-02,1.2326,google_trends,2026-08-29T19:23:31Z
Volkswagen,Volkswagen Rail & Dune Buggy,2026-03,1.2326,google_trends,2026-08-29T19:23:31Z
Volkswagen,Volkswagen Rail & Dune Buggy,2026-04,1.2326,google_trends,2026-08-29T19:23:31Z
Volkswagen,Volkswagen Rail & Dune Buggy,2026-05,1.2326,google_trends,2026-08-29T19:23:31Z
Volkswagen,Volkswagen Rail & Dune Buggy,2026-06,1.2326,google_trends,2026-08-29T19:23:31Z
Volkswagen,Volkswagen Rail & Dune Buggy,2026-07,0.9245,google_trends,2026-08-29T19:23:31Z
Volkswagen,Volkswagen Scirocco,2025-08,3.6978,google_trends,2026-08-29T19:23:31Z
Volkswagen,Volkswagen Scirocco,2025-09,3.3897,google_trends,2026-08-29T19:23:31Z
Volkswagen,Volkswagen Scirocco,2025-10,3.0815,google_trends,2026-08-29T19:23:31Z
Volkswagen,Volkswagen Scirocco,2025-11,2.9582,google_trends,2026-08-29T19:23:31Z
Volkswagen,Volkswagen Scirocco,2025-12,2.4652,google_trends,2026-08-29T19:23:31Z
Volkswagen,Volkswagen Scirocco,2026-01,2.4652,google_trends,2026-08-29T19:23:31Z
Volkswagen,Volkswagen Scirocco,2026-02,3.3897,google_trends,2026-08-29T19:23:31Z
Volkswagen,Volkswagen Scirocco,2026-03,3.2048,google_trends,2026-08-29T19:23:31Z
Volkswagen,Volkswagen Scirocco,2026-04,3.6978,google_trends,2026-08-29T19:23:31Z
Volkswagen,Volkswagen Scirocco,2026-05,3.4513,google_trends,2026-08-29T19:23:31Z
Volkswagen,Volkswagen Scirocco,2026-06,2.4652,google_trends,2026-08-29T19:23:31Z
Volkswagen,Volkswagen Scirocco,2026-07,3.0815,google_trends,2026-08-29T19:23:31Z
Volkswagen,Volkswagen Super Beetle,2025-08,0.0,google_trends,2026-08-29T19:23:31Z
Volkswagen,Volkswagen Super Beetle,2025-09,0.0,google_trends,2026-08-29T19:23:31Z
Volkswagen,Volkswagen Super Beetle,2025-10,0.0,google_trends,2026-08-29T19:23:31Z
Volkswagen,Volkswagen Super Beetle,2025-11,0.0,google_trends,2026-08-29T19:23:31Z
Volkswagen,Volkswagen Super Beetle,2025-12,0.0,google_trends,2026-08-29T19:23:31Z
Volkswagen,Volkswagen Super Beetle,2026-01,0.0,google_trends,2026-08-29T19:23:31Z
Volkswagen,Volkswagen Super Beetle,2026-02,0.3082,google_trends,2026-08-29T19:23:31Z
Volkswagen,Volkswagen Super Beetle,2026-03,0.0,google_trends,2026-08-29T19:23:31Z
Volkswagen,Volkswagen Super Beetle,2026-04,0.0,google_trends,2026-08-29T19:23:31Z
Volkswagen,Volkswagen Super Beetle,2026-05,0.0,google_trends,2026-08-29T19:23:31Z
Volkswagen,Volkswagen Super Beetle,2026-06,0.0,google_trends,2026-08-29T19:23:31Z
Volkswagen,Volkswagen Super Beetle,2026-07,0.0,google_trends,2026-08-29T19:23:31Z
Volkswagen,Volkswagen Thing,2025-08,0.0,google_trends,2026-08-29T19:23:31Z
Volkswagen,Volkswagen Thing,2025-09,0.0,google_trends,2026-08-29T19:23:31Z
Volkswagen,Volkswagen Thing,2025-10,0.0,google_trends,2026-08-29T19:23:31Z
Volkswagen,Volkswagen Thing,2025-11,0.0,google_trends,2026-08-29T19:23:31Z
Volkswagen,Volkswagen Thing,2025-12,0.0,google_trends,2026-08-29T19:23:31Z
Volkswagen,Volkswagen Thing,2026-01,0.0,google_trends,2026-08-29T19:23:31Z
Volkswagen,Volkswagen Thing,2026-02,0.9245,google_trends,2026-08-29T19:23:31Z
Volkswagen,Volkswagen Thing,2026-03,0.2465,google_trends,2026-08-29T19:23:31Z
Volkswagen,Volkswagen Thing,2026-04,0.0,google_trends,2026-08-29T19:23:31Z
Volkswagen,Volkswagen Thing,2026-05,0.9861,google_trends,2026-08-29T19:23:31Z
Volkswagen,Volkswagen Thing,2026-06,1.2326,google_trends,2026-08-29T19:23:31Z
Volkswagen,Volkswagen Thing,2026-07,0.3082,google_trends,2026-08-29T19:23:31Z
Volkswagen,Volkswagen Tiguan,2025-08,39.4161,google_trends,2026-08-29T21:54:49Z
Volkswagen,Volkswagen Tiguan,2025-09,34.9757,google_trends,2026-08-29T21:54:49Z
Volkswagen,Volkswagen Tiguan,2025-10,34.9757,google_trends,2026-08-29T21:54:49Z
Volkswagen,Volkswagen Tiguan,2025-11,35.7664,google_trends,2026-08-29T21:54:49Z
Volkswagen,Volkswagen Tiguan,2025-12,34.3674,google_trends,2026-08-29T21:54:49Z
Volkswagen,Volkswagen Tiguan,2026-01,36.1922,google_trends,2026-08-29T21:54:49Z
Volkswagen,Volkswagen Tiguan,2026-02,40.4501,google_trends,2026-08-29T21:54:49Z
Volkswagen,Volkswagen Tiguan,2026-03,39.6594,google_trends,2026-08-29T21:54:49Z
Volkswagen,Volkswagen Tiguan,2026-04,41.3625,google_trends,2026-08-29T21:54:49Z
Volkswagen,Volkswagen Tiguan,2026-05,41.8491,google_trends,2026-08-29T21:54:49Z
Volkswagen,Volkswagen Tiguan,2026-06,39.5377,google_trends,2026-08-29T21:54:49Z
Volkswagen,Volkswagen Tiguan,2026-07,37.7129,google_trends,2026-08-29T21:54:49Z
Volkswagen,Volkswagen Touareg,2025-08,8.9288,google_trends,2026-08-29T19:23:31Z
Volkswagen,Volkswagen Touareg,2025-09,7.4407,google_trends,2026-08-29T19:23:31Z
Volkswagen,Volkswagen Touareg,2025-10,7.4407,google_trends,2026-08-29T19:23:31Z
Volkswagen,Volkswagen Touareg,2025-11,7.4407,google_trends,2026-08-29T19:23:31Z
Volkswagen,Volkswagen Touareg,2025-12,7.4407,google_trends,2026-08-29T19:23:31Z
Volkswagen,Volkswagen Touareg,2026-01,7.4407,google_trends,2026-08-29T19:23:31Z
Volkswagen,Volkswagen Touareg,2026-02,10.231,google_trends,2026-08-29T19:23:31Z
Volkswagen,Volkswagen Touareg,2026-03,9.6729,google_trends,2026-08-29T19:23:31Z
Volkswagen,Volkswagen Touareg,2026-04,11.1611,google_trends,2026-08-29T19:23:31Z
Volkswagen,Volkswagen Touareg,2026-05,11.1611,google_trends,2026-08-29T19:23:31Z
Volkswagen,Volkswagen Touareg,2026-06,8.3708,google_trends,2026-08-29T19:23:31Z
Volkswagen,Volkswagen Touareg,2026-07,8.3708,google_trends,2026-08-29T19:23:31Z
Volkswagen,Volkswagen Type 3,2025-08,0.2465,google_trends,2026-08-29T19:23:31Z
Volkswagen,Volkswagen Type 3,2025-09,0.0,google_trends,2026-08-29T19:23:31Z
Volkswagen,Volkswagen Type 3,2025-10,0.0,google_trends,2026-08-29T19:23:31Z
Volkswagen,Volkswagen Type 3,2025-11,0.493,google_trends,2026-08-29T19:23:31Z
Volkswagen,Volkswagen Type 3,2025-12,0.3082,google_trends,2026-08-29T19:23:31Z
Volkswagen,Volkswagen Type 3,2026-01,0.3082,google_trends,2026-08-29T19:23:31Z
Volkswagen,Volkswagen Type 3,2026-02,1.2326,google_trends,2026-08-29T19:23:31Z
Volkswagen,Volkswagen Type 3,2026-03,0.7396,google_trends,2026-08-29T19:23:31Z
Volkswagen,Volkswagen Type 3,2026-04,0.6163,google_trends,2026-08-29T19:23:31Z
Volkswagen,Volkswagen Type 3,2026-05,0.7396,google_trends,2026-08-29T19:23:31Z
Volkswagen,Volkswagen Type 3,2026-06,0.3082,google_trends,2026-08-29T19:23:31Z
Volkswagen,Volkswagen Type 3,2026-07,0.0,google_trends,2026-08-29T19:23:31Z
Volkswagen,Volkswagen Vanagon,2025-08,0.0,google_trends,2026-08-29T19:23:31Z
Volkswagen,Volkswagen Vanagon,2025-09,0.0,google_trends,2026-08-29T19:23:31Z
Volkswagen,Volkswagen Vanagon,2025-10,0.0,google_trends,2026-08-29T19:23:31Z
Volkswagen,Volkswagen Vanagon,2025-11,0.0,google_trends,2026-08-29T19:23:31Z
Volkswagen,Volkswagen Vanagon,2025-12,0.0,google_trends,2026-08-29T19:23:31Z
Volkswagen,Volkswagen Vanagon,2026-01,0.0,google_trends,2026-08-29T19:23:31Z
Volkswagen,Volkswagen Vanagon,2026-02,0.308,google_trends,2026-08-29T19:23:31Z
Volkswagen,Volkswagen Vanagon,2026-03,0.2464,google_trends,2026-08-29T19:23:31Z
Volkswagen,Volkswagen Vanagon,2026-04,0.0,google_trends,2026-08-29T19:23:31Z
Volkswagen,Volkswagen Vanagon,2026-05,0.0,google_trends,2026-08-29T19:23:31Z
Volkswagen,Volkswagen Vanagon,2026-06,0.0,google_trends,2026-08-29T19:23:31Z
Volkswagen,Volkswagen Vanagon,2026-07,0.0,google_trends,2026-08-29T19:23:31Z
Volvo,VOLVO S40,2025-08,8.5158,google_trends,2026-08-29T21:54:49Z
Volvo,VOLVO S40,2025-09,7.9075,google_trends,2026-08-29T21:54:49Z
Volvo,VOLVO S40,2025-10,7.6034,google_trends,2026-08-29T21:54:49Z
Volvo,VOLVO S40,2025-11,7.2993,google_trends,2026-08-29T21:54:49Z
Volvo,VOLVO S40,2025-12,6.9951,google_trends,2026-08-29T21:54:49Z
Volvo,VOLVO S40,2026-01,7.2993,google_trends,2026-08-29T21:54:49Z
Volvo,VOLVO S40,2026-02,9.1241,google_trends,2026-08-29T21:54:49Z
Volvo,VOLVO S40,2026-03,8.2725,google_trends,2026-08-29T21:54:49Z
Volvo,VOLVO S40,2026-04,7.9075,google_trends,2026-08-29T21:54:49Z
Volvo,VOLVO S40,2026-05,8.5158,google_trends,2026-08-29T21:54:49Z
Volvo,VOLVO S40,2026-06,8.2117,google_trends,2026-08-29T21:54:49Z
Volvo,VOLVO S40,2026-07,8.2117,google_trends,2026-08-29T21:54:49Z
Volvo,VOLVO S70,2025-08,1.2165,google_trends,2026-08-29T21:54:49Z
Volvo,VOLVO S70,2025-09,1.2165,google_trends,2026-08-29T21:54:49Z
Volvo,VOLVO S70,2025-10,1.2165,google_trends,2026-08-29T21:54:49Z
Volvo,VOLVO S70,2025-11,1.2165,google_trends,2026-08-29T21:54:49Z
Volvo,VOLVO S70,2025-12,1.2165,google_trends,2026-08-29T21:54:49Z
Volvo,VOLVO S70,2026-01,1.2165,google_trends,2026-08-29T21:54:49Z
Volvo,VOLVO S70,2026-02,1.8248,google_trends,2026-08-29T21:54:49Z
Volvo,VOLVO S70,2026-03,1.2165,google_trends,2026-08-29T21:54:49Z
Volvo,VOLVO S70,2026-04,1.2165,google_trends,2026-08-29T21:54:49Z
Volvo,VOLVO S70,2026-05,1.2165,google_trends,2026-08-29T21:54:49Z
Volvo,VOLVO S70,2026-06,1.2165,google_trends,2026-08-29T21:54:49Z
Volvo,VOLVO S70,2026-07,1.2165,google_trends,2026-08-29T21:54:49Z
Volvo,VOLVO S80,2025-08,7.3975,google_trends,2026-08-29T19:23:31Z
Volvo,VOLVO S80,2025-09,7.0893,google_trends,2026-08-29T19:23:31Z
Volvo,VOLVO S80,2025-10,6.4728,google_trends,2026-08-29T19:23:31Z
Volvo,VOLVO S80,2025-11,6.4112,google_trends,2026-08-29T19:23:31Z
Volvo,VOLVO S80,2025-12,5.8564,google_trends,2026-08-29T19:23:31Z
Volvo,VOLVO S80,2026-01,6.1646,google_trends,2026-08-29T19:23:31Z
Volvo,VOLVO S80,2026-02,8.9387,google_trends,2026-08-29T19:23:31Z
Volvo,VOLVO S80,2026-03,6.9043,google_trends,2026-08-29T19:23:31Z
Volvo,VOLVO S80,2026-04,6.4728,google_trends,2026-08-29T19:23:31Z
Volvo,VOLVO S80,2026-05,6.1646,google_trends,2026-08-29T19:23:31Z
Volvo,VOLVO S80,2026-06,6.1646,google_trends,2026-08-29T19:23:31Z
Volvo,VOLVO S80,2026-07,6.1646,google_trends,2026-08-29T19:23:31Z
Volvo,VOLVO S90,2025-08,7.5426,google_trends,2026-08-29T21:54:49Z
Volvo,VOLVO S90,2025-09,6.691,google_trends,2026-08-29T21:54:49Z
Volvo,VOLVO S90,2025-10,6.9951,google_trends,2026-08-29T21:54:49Z
Volvo,VOLVO S90,2025-11,7.056,google_trends,2026-08-29T21:54:49Z
Volvo,VOLVO S90,2025-12,6.3869,google_trends,2026-08-29T21:54:49Z
Volvo,VOLVO S90,2026-01,6.691,google_trends,2026-08-29T21:54:49Z
Volvo,VOLVO S90,2026-02,7.9075,google_trends,2026-08-29T21:54:49Z
Volvo,VOLVO S90,2026-03,7.5426,google_trends,2026-08-29T21:54:49Z
Volvo,VOLVO S90,2026-04,7.6034,google_trends,2026-08-29T21:54:49Z
Volvo,VOLVO S90,2026-05,7.5426,google_trends,2026-08-29T21:54:49Z
Volvo,VOLVO S90,2026-06,7.2993,google_trends,2026-08-29T21:54:49Z
Volvo,VOLVO S90,2026-07,7.6034,google_trends,2026-08-29T21:54:49Z
Volvo,VOLVO V50,2025-08,9.7324,google_trends,2026-08-29T21:54:49Z
Volvo,VOLVO V50,2025-09,8.82,google_trends,2026-08-29T21:54:49Z
Volvo,VOLVO V50,2025-10,8.82,google_trends,2026-08-29T21:54:49Z
Volvo,VOLVO V50,2025-11,9.2457,google_trends,2026-08-29T21:54:49Z
Volvo,VOLVO V50,2025-12,7.9075,google_trends,2026-08-29T21:54:49Z
Volvo,VOLVO V50,2026-01,8.5158,google_trends,2026-08-29T21:54:49Z
Volvo,VOLVO V50,2026-02,9.4282,google_trends,2026-08-29T21:54:49Z
Volvo,VOLVO V50,2026-03,8.5158,google_trends,2026-08-29T21:54:49Z
Volvo,VOLVO V50,2026-04,7.9075,google_trends,2026-08-29T21:54:49Z
Volvo,VOLVO V50,2026-05,8.2725,google_trends,2026-08-29T21:54:49Z
Volvo,VOLVO V50,2026-06,8.2117,google_trends,2026-08-29T21:54:49Z
Volvo,VOLVO V50,2026-07,8.5158,google_trends,2026-08-29T21:54:49Z
Volvo,VOLVO V60 CROSS COUNTRY,2025-08,1.9465,google_trends,2026-08-29T21:54:49Z
Volvo,VOLVO V60 CROSS COUNTRY,2025-09,1.2165,google_trends,2026-08-29T21:54:49Z
Volvo,VOLVO V60 CROSS COUNTRY,2025-10,1.2165,google_trends,2026-08-29T21:54:49Z
Volvo,VOLVO V60 CROSS COUNTRY,2025-11,1.2165,google_trends,2026-08-29T21:54:49Z
Volvo,VOLVO V60 CROSS COUNTRY,2025-12,1.2165,google_trends,2026-08-29T21:54:49Z
Volvo,VOLVO V60 CROSS COUNTRY,2026-01,1.2165,google_trends,2026-08-29T21:54:49Z
Volvo,VOLVO V60 CROSS COUNTRY,2026-02,2.129,google_trends,2026-08-29T21:54:49Z
Volvo,VOLVO V60 CROSS COUNTRY,2026-03,2.4331,google_trends,2026-08-29T21:54:49Z
Volvo,VOLVO V60 CROSS COUNTRY,2026-04,1.8248,google_trends,2026-08-29T21:54:49Z
Volvo,VOLVO V60 CROSS COUNTRY,2026-05,1.7032,google_trends,2026-08-29T21:54:49Z
Volvo,VOLVO V60 CROSS COUNTRY,2026-06,2.4331,google_trends,2026-08-29T21:54:49Z
Volvo,VOLVO V60 CROSS COUNTRY,2026-07,1.8248,google_trends,2026-08-29T21:54:49Z
Volvo,VOLVO V60 POLESTAR,2025-08,0.9732,google_trends,2026-08-29T21:54:49Z
Volvo,VOLVO V60 POLESTAR,2025-09,1.2165,google_trends,2026-08-29T21:54:49Z
Volvo,VOLVO V60 POLESTAR,2025-10,0.6083,google_trends,2026-08-29T21:54:49Z
Volvo,VOLVO V60 POLESTAR,2025-11,0.9732,google_trends,2026-08-29T21:54:49Z
Volvo,VOLVO V60 POLESTAR,2025-12,0.3041,google_trends,2026-08-29T21:54:49Z
Volvo,VOLVO V60 POLESTAR,2026-01,0.9124,google_trends,2026-08-29T21:54:49Z
Volvo,VOLVO V60 POLESTAR,2026-02,1.2165,google_trends,2026-08-29T21:54:49Z
Volvo,VOLVO V60 POLESTAR,2026-03,1.2165,google_trends,2026-08-29T21:54:49Z
Volvo,VOLVO V60 POLESTAR,2026-04,1.2165,google_trends,2026-08-29T21:54:49Z
Volvo,VOLVO V60 POLESTAR,2026-05,1.2165,google_trends,2026-08-29T21:54:49Z
Volvo,VOLVO V60 POLESTAR,2026-06,1.2165,google_trends,2026-08-29T21:54:49Z
Volvo,VOLVO V60 POLESTAR,2026-07,1.2165,google_trends,2026-08-29T21:54:49Z
Volvo,VOLVO XC60,2025-08,57.4209,google_trends,2026-08-29T21:54:49Z
Volvo,VOLVO XC60,2025-09,52.9197,google_trends,2026-08-29T21:54:49Z
Volvo,VOLVO XC60,2025-10,52.3114,google_trends,2026-08-29T21:54:49Z
Volvo,VOLVO XC60,2025-11,54.5012,google_trends,2026-08-29T21:54:49Z
Volvo,VOLVO XC60,2025-12,51.7032,google_trends,2026-08-29T21:54:49Z
Volvo,VOLVO XC60,2026-01,58.09,google_trends,2026-08-29T21:54:49Z
Volvo,VOLVO XC60,2026-02,58.6983,google_trends,2026-08-29T21:54:49Z
Volvo,VOLVO XC60,2026-03,62.7737,google_trends,2026-08-29T21:54:49Z
Volvo,VOLVO XC60,2026-04,59.6107,google_trends,2026-08-29T21:54:49Z
Volvo,VOLVO XC60,2026-05,61.0706,google_trends,2026-08-29T21:54:49Z
Volvo,VOLVO XC60,2026-06,61.7397,google_trends,2026-08-29T21:54:49Z
Volvo,VOLVO XC60,2026-07,64.1727,google_trends,2026-08-29T21:54:49Z
Volvo,Volvo 140,2025-08,1.2329,google_trends,2026-08-29T19:23:31Z
Volvo,Volvo 140,2025-09,1.2329,google_trends,2026-08-29T19:23:31Z
Volvo,Volvo 140,2025-10,1.2329,google_trends,2026-08-29T19:23:31Z
Volvo,Volvo 140,2025-11,1.2329,google_trends,2026-08-29T19:23:31Z
Volvo,Volvo 140,2025-12,0.9247,google_trends,2026-08-29T19:23:31Z
Volvo,Volvo 140,2026-01,1.2329,google_trends,2026-08-29T19:23:31Z
Volvo,Volvo 140,2026-02,1.2329,google_trends,2026-08-29T19:23:31Z
Volvo,Volvo 140,2026-03,1.2329,google_trends,2026-08-29T19:23:31Z
Volvo,Volvo 140,2026-04,1.2329,google_trends,2026-08-29T19:23:31Z
Volvo,Volvo 140,2026-05,1.2329,google_trends,2026-08-29T19:23:31Z
Volvo,Volvo 140,2026-06,1.2329,google_trends,2026-08-29T19:23:31Z
Volvo,Volvo 140,2026-07,1.2329,google_trends,2026-08-29T19:23:31Z
Volvo,Volvo 240,2025-08,4.9279,google_trends,2026-08-29T19:23:31Z
Volvo,Volvo 240,2025-09,4.9279,google_trends,2026-08-29T19:23:31Z
Volvo,Volvo 240,2025-10,4.9279,google_trends,2026-08-29T19:23:31Z
Volvo,Volvo 240,2025-11,4.9279,google_trends,2026-08-29T19:23:31Z
Volvo,Volvo 240,2025-12,4.6199,google_trends,2026-08-29T19:23:31Z
Volvo,Volvo 240,2026-01,4.9279,google_trends,2026-08-29T19:23:31Z
Volvo,Volvo 240,2026-02,5.5439,google_trends,2026-08-29T19:23:31Z
Volvo,Volvo 240,2026-03,4.9279,google_trends,2026-08-29T19:23:31Z
Volvo,Volvo 240,2026-04,5.2359,google_trends,2026-08-29T19:23:31Z
Volvo,Volvo 240,2026-05,4.9279,google_trends,2026-08-29T19:23:31Z
Volvo,Volvo 240,2026-06,4.9279,google_trends,2026-08-29T19:23:31Z
Volvo,Volvo 240,2026-07,4.9279,google_trends,2026-08-29T19:23:31Z
Volvo,Volvo 850,2025-08,3.9443,google_trends,2026-08-29T19:23:31Z
Volvo,Volvo 850,2025-09,3.6978,google_trends,2026-08-29T19:23:31Z
Volvo,Volvo 850,2025-10,3.6978,google_trends,2026-08-29T19:23:31Z
Volvo,Volvo 850,2025-11,3.6978,google_trends,2026-08-29T19:23:31Z
Volvo,Volvo 850,2025-12,3.6978,google_trends,2026-08-29T19:23:31Z
Volvo,Volvo 850,2026-01,3.6978,google_trends,2026-08-29T19:23:31Z
Volvo,Volvo 850,2026-02,4.006,google_trends,2026-08-29T19:23:31Z
Volvo,Volvo 850,2026-03,3.6978,google_trends,2026-08-29T19:23:31Z
Volvo,Volvo 850,2026-04,3.6978,google_trends,2026-08-29T19:23:31Z
Volvo,Volvo 850,2026-05,3.6978,google_trends,2026-08-29T19:23:31Z
Volvo,Volvo 850,2026-06,3.6978,google_trends,2026-08-29T19:23:31Z
Volvo,Volvo 850,2026-07,3.6978,google_trends,2026-08-29T19:23:31Z
Volvo,Volvo Amazon,2025-08,7.8887,google_trends,2026-08-29T19:23:31Z
Volvo,Volvo Amazon,2025-09,6.4712,google_trends,2026-08-29T19:23:31Z
Volvo,Volvo Amazon,2025-10,6.4712,google_trends,2026-08-29T19:23:31Z
Volvo,Volvo Amazon,2025-11,7.3956,google_trends,2026-08-29T19:23:31Z
Volvo,Volvo Amazon,2025-12,6.163,google_trends,2026-08-29T19:23:31Z
Volvo,Volvo Amazon,2026-01,5.5467,google_trends,2026-08-29T19:23:31Z
Volvo,Volvo Amazon,2026-02,4.9304,google_trends,2026-08-29T19:23:31Z
Volvo,Volvo Amazon,2026-03,6.4095,google_trends,2026-08-29T19:23:31Z
Volvo,Volvo Amazon,2026-04,8.6282,google_trends,2026-08-29T19:23:31Z
Volvo,Volvo Amazon,2026-05,8.8747,google_trends,2026-08-29T19:23:31Z
Volvo,Volvo Amazon,2026-06,8.6282,google_trends,2026-08-29T19:23:31Z
Volvo,Volvo Amazon,2026-07,5.5467,google_trends,2026-08-29T19:23:31Z
Volvo,Volvo C30,2025-08,6.163,google_trends,2026-08-29T19:23:31Z
Volvo,Volvo C30,2025-09,6.163,google_trends,2026-08-29T19:23:31Z
Volvo,Volvo C30,2025-10,6.163,google_trends,2026-08-29T19:23:31Z
Volvo,Volvo C30,2025-11,5.67,google_trends,2026-08-29T19:23:31Z
Volvo,Volvo C30,2025-12,4.9304,google_trends,2026-08-29T19:23:31Z
Volvo,Volvo C30,2026-01,5.5467,google_trends,2026-08-29T19:23:31Z
Volvo,Volvo C30,2026-02,6.163,google_trends,2026-08-29T19:23:31Z
Volvo,Volvo C30,2026-03,6.163,google_trends,2026-08-29T19:23:31Z
Volvo,Volvo C30,2026-04,6.163,google_trends,2026-08-29T19:23:31Z
Volvo,Volvo C30,2026-05,6.163,google_trends,2026-08-29T19:23:31Z
Volvo,Volvo C30,2026-06,6.163,google_trends,2026-08-29T19:23:31Z
Volvo,Volvo C30,2026-07,6.4712,google_trends,2026-08-29T19:23:31Z
Volvo,Volvo C70,2025-08,3.4513,google_trends,2026-08-29T19:23:31Z
Volvo,Volvo C70,2025-09,2.4652,google_trends,2026-08-29T19:23:31Z
Volvo,Volvo C70,2025-10,2.4652,google_trends,2026-08-29T19:23:31Z
Volvo,Volvo C70,2025-11,2.4652,google_trends,2026-08-29T19:23:31Z
Volvo,Volvo C70,2025-12,2.4652,google_trends,2026-08-29T19:23:31Z
Volvo,Volvo C70,2026-01,2.4652,google_trends,2026-08-29T19:23:31Z
Volvo,Volvo C70,2026-02,4.006,google_trends,2026-08-29T19:23:31Z
Volvo,Volvo C70,2026-03,2.9582,google_trends,2026-08-29T19:23:31Z
Volvo,Volvo C70,2026-04,3.3897,google_trends,2026-08-29T19:23:31Z
Volvo,Volvo C70,2026-05,3.6978,google_trends,2026-08-29T19:23:31Z
Volvo,Volvo C70,2026-06,3.3897,google_trends,2026-08-29T19:23:31Z
Volvo,Volvo C70,2026-07,3.3897,google_trends,2026-08-29T19:23:31Z
Volvo,Volvo S40,2025-08,8.6304,google_trends,2026-08-29T19:23:31Z
Volvo,Volvo S40,2025-09,7.7057,google_trends,2026-08-29T19:23:31Z
Volvo,Volvo S40,2025-10,7.7057,google_trends,2026-08-29T19:23:31Z
Volvo,Volvo S40,2025-11,7.3975,google_trends,2026-08-29T19:23:31Z
Volvo,Volvo S40,2025-12,7.0893,google_trends,2026-08-29T19:23:31Z
Volvo,Volvo S40,2026-01,7.3975,google_trends,2026-08-29T19:23:31Z
Volvo,Volvo S40,2026-02,8.9387,google_trends,2026-08-29T19:23:31Z
Volvo,Volvo S40,2026-03,8.3838,google_trends,2026-08-29T19:23:31Z
Volvo,Volvo S40,2026-04,8.014,google_trends,2026-08-29T19:23:31Z
Volvo,Volvo S40,2026-05,8.6304,google_trends,2026-08-29T19:23:31Z
Volvo,Volvo S40,2026-06,8.3222,google_trends,2026-08-29T19:23:31Z
Volvo,Volvo S40,2026-07,8.3222,google_trends,2026-08-29T19:23:31Z
Volvo,Volvo S60,2025-08,25.3916,google_trends,2026-08-29T19:23:31Z
Volvo,Volvo S60,2025-09,23.4194,google_trends,2026-08-29T19:23:31Z
Volvo,Volvo S60,2025-10,21.2624,google_trends,2026-08-29T19:23:31Z
Volvo,Volvo S60,2025-11,22.4334,google_trends,2026-08-29T19:23:31Z
Volvo,Volvo S60,2025-12,20.3379,google_trends,2026-08-29T19:23:31Z
Volvo,Volvo S60,2026-01,21.2624,google_trends,2026-08-29T19:23:31Z
Volvo,Volvo S60,2026-02,26.501,google_trends,2026-08-29T19:23:31Z
Volvo,Volvo S60,2026-03,26.1312,google_trends,2026-08-29T19:23:31Z
Volvo,Volvo S60,2026-04,24.9602,google_trends,2026-08-29T19:23:31Z
Volvo,Volvo S60,2026-05,23.9125,google_trends,2026-08-29T19:23:31Z
Volvo,Volvo S60,2026-06,24.3439,google_trends,2026-08-29T19:23:31Z
Volvo,Volvo S60,2026-07,23.7276,google_trends,2026-08-29T19:23:31Z
Volvo,Volvo S60R,2025-08,1.2329,google_trends,2026-08-29T19:23:31Z
Volvo,Volvo S60R,2025-09,1.2329,google_trends,2026-08-29T19:23:31Z
Volvo,Volvo S60R,2025-10,1.2329,google_trends,2026-08-29T19:23:31Z
Volvo,Volvo S60R,2025-11,0.9863,google_trends,2026-08-29T19:23:31Z
Volvo,Volvo S60R,2025-12,1.2329,google_trends,2026-08-29T19:23:31Z
Volvo,Volvo S60R,2026-01,1.2329,google_trends,2026-08-29T19:23:31Z
Volvo,Volvo S60R,2026-02,1.2329,google_trends,2026-08-29T19:23:31Z
Volvo,Volvo S60R,2026-03,1.2329,google_trends,2026-08-29T19:23:31Z
Volvo,Volvo S60R,2026-04,1.2329,google_trends,2026-08-29T19:23:31Z
Volvo,Volvo S60R,2026-05,1.2329,google_trends,2026-08-29T19:23:31Z
Volvo,Volvo S60R,2026-06,0.9247,google_trends,2026-08-29T19:23:31Z
Volvo,Volvo S60R,2026-07,0.9247,google_trends,2026-08-29T19:23:31Z
Volvo,Volvo S80,2025-08,7.3975,google_trends,2026-08-29T19:23:31Z
Volvo,Volvo S80,2025-09,7.0893,google_trends,2026-08-29T19:23:31Z
Volvo,Volvo S80,2025-10,6.4728,google_trends,2026-08-29T19:23:31Z
Volvo,Volvo S80,2025-11,6.4112,google_trends,2026-08-29T19:23:31Z
Volvo,Volvo S80,2025-12,5.8564,google_trends,2026-08-29T19:23:31Z
Volvo,Volvo S80,2026-01,6.1646,google_trends,2026-08-29T19:23:31Z
Volvo,Volvo S80,2026-02,8.9387,google_trends,2026-08-29T19:23:31Z
Volvo,Volvo S80,2026-03,6.9043,google_trends,2026-08-29T19:23:31Z
Volvo,Volvo S80,2026-04,6.4728,google_trends,2026-08-29T19:23:31Z
Volvo,Volvo S80,2026-05,6.1646,google_trends,2026-08-29T19:23:31Z
Volvo,Volvo S80,2026-06,6.1646,google_trends,2026-08-29T19:23:31Z
Volvo,Volvo S80,2026-07,6.1646,google_trends,2026-08-29T19:23:31Z
Volvo,Volvo V60,2025-08,22.1868,google_trends,2026-08-29T19:23:31Z
Volvo,Volvo V60,2025-09,19.4135,google_trends,2026-08-29T19:23:31Z
Volvo,Volvo V60,2025-10,19.4135,google_trends,2026-08-29T19:23:31Z
Volvo,Volvo V60,2025-11,19.9682,google_trends,2026-08-29T19:23:31Z
Volvo,Volvo V60,2025-12,18.7972,google_trends,2026-08-29T19:23:31Z
Volvo,Volvo V60,2026-01,20.6461,google_trends,2026-08-29T19:23:31Z
Volvo,Volvo V60,2026-02,24.652,google_trends,2026-08-29T19:23:31Z
Volvo,Volvo V60,2026-03,24.159,google_trends,2026-08-29T19:23:31Z
Volvo,Volvo V60,2026-04,23.4194,google_trends,2026-08-29T19:23:31Z
Volvo,Volvo V60,2026-05,23.1729,google_trends,2026-08-29T19:23:31Z
Volvo,Volvo V60,2026-06,23.1113,google_trends,2026-08-29T19:23:31Z
Volvo,Volvo V60,2026-07,23.7276,google_trends,2026-08-29T19:23:31Z
Volvo,Volvo V70,2025-08,16.5169,google_trends,2026-08-29T19:23:31Z
Volvo,Volvo V70,2025-09,14.7912,google_trends,2026-08-29T19:23:31Z
Volvo,Volvo V70,2025-10,15.4075,google_trends,2026-08-29T19:23:31Z
Volvo,Volvo V70,2025-11,16.0238,google_trends,2026-08-29T19:23:31Z
Volvo,Volvo V70,2025-12,14.1749,google_trends,2026-08-29T19:23:31Z
Volvo,Volvo V70,2026-01,15.4075,google_trends,2026-08-29T19:23:31Z
Volvo,Volvo V70,2026-02,16.6401,google_trends,2026-08-29T19:23:31Z
Volvo,Volvo V70,2026-03,15.5308,google_trends,2026-08-29T19:23:31Z
Volvo,Volvo V70,2026-04,15.0994,google_trends,2026-08-29T19:23:31Z
Volvo,Volvo V70,2026-05,15.0377,google_trends,2026-08-29T19:23:31Z
Volvo,Volvo V70,2026-06,14.7912,google_trends,2026-08-29T19:23:31Z
Volvo,Volvo V70,2026-07,15.0994,google_trends,2026-08-29T19:23:31Z
Volvo,Volvo V70R,2025-08,0.7396,google_trends,2026-08-29T19:23:31Z
Volvo,Volvo V70R,2025-09,0.3082,google_trends,2026-08-29T19:23:31Z
Volvo,Volvo V70R,2025-10,0.9245,google_trends,2026-08-29T19:23:31Z
Volvo,Volvo V70R,2025-11,0.0,google_trends,2026-08-29T19:23:31Z
Volvo,Volvo V70R,2025-12,0.3082,google_trends,2026-08-29T19:23:31Z
Volvo,Volvo V70R,2026-01,0.0,google_trends,2026-08-29T19:23:31Z
Volvo,Volvo V70R,2026-02,0.0,google_trends,2026-08-29T19:23:31Z
Volvo,Volvo V70R,2026-03,0.2465,google_trends,2026-08-29T19:23:31Z
Volvo,Volvo V70R,2026-04,0.0,google_trends,2026-08-29T19:23:31Z
Volvo,Volvo V70R,2026-05,0.2465,google_trends,2026-08-29T19:23:31Z
Volvo,Volvo V70R,2026-06,0.6163,google_trends,2026-08-29T19:23:31Z
Volvo,Volvo V70R,2026-07,1.2326,google_trends,2026-08-29T19:23:31Z
Volvo,Volvo XC60,2025-08,57.6858,google_trends,2026-08-29T19:23:31Z
Volvo,Volvo XC60,2025-09,52.6937,google_trends,2026-08-29T19:23:31Z
Volvo,Volvo XC60,2025-10,51.4611,google_trends,2026-08-29T19:23:31Z
Volvo,Volvo XC60,2025-11,52.7554,google_trends,2026-08-29T19:23:31Z
Volvo,Volvo XC60,2025-12,51.4611,google_trends,2026-08-29T19:23:31Z
Volvo,Volvo XC60,2026-01,57.316,google_trends,2026-08-29T19:23:31Z
Volvo,Volvo XC60,2026-02,59.1649,google_trends,2026-08-29T19:23:31Z
Volvo,Volvo XC60,2026-03,63.1092,google_trends,2026-08-29T19:23:31Z
Volvo,Volvo XC60,2026-04,61.0138,google_trends,2026-08-29T19:23:31Z
Volvo,Volvo XC60,2026-05,62.1232,google_trends,2026-08-29T19:23:31Z
Volvo,Volvo XC60,2026-06,60.3975,google_trends,2026-08-29T19:23:31Z
Volvo,Volvo XC60,2026-07,62.8627,google_trends,2026-08-29T19:23:31Z
Volvo,Volvo XC70,2025-08,9.363,google_trends,2026-08-29T19:23:31Z
Volvo,Volvo XC70,2025-09,7.6998,google_trends,2026-08-29T19:23:31Z
Volvo,Volvo XC70,2025-10,7.3918,google_trends,2026-08-29T19:23:31Z
Volvo,Volvo XC70,2025-11,7.3918,google_trends,2026-08-29T19:23:31Z
Volvo,Volvo XC70,2025-12,7.0838,google_trends,2026-08-29T19:23:31Z
Volvo,Volvo XC70,2026-01,8.0078,google_trends,2026-08-29T19:23:31Z
Volvo,Volvo XC70,2026-02,8.9318,google_trends,2026-08-29T19:23:31Z
Volvo,Volvo XC70,2026-03,7.6382,google_trends,2026-08-29T19:23:31Z
Volvo,Volvo XC70,2026-04,8.0078,google_trends,2026-08-29T19:23:31Z
Volvo,Volvo XC70,2026-05,7.6382,google_trends,2026-08-29T19:23:31Z
Volvo,Volvo XC70,2026-06,7.6998,google_trends,2026-08-29T19:23:31Z
Volvo,Volvo XC70,2026-07,8.0078,google_trends,2026-08-29T19:23:31Z
Volvo,Volvo XC90,2025-08,52.7554,google_trends,2026-08-29T19:23:31Z
Volvo,Volvo XC90,2025-09,47.4552,google_trends,2026-08-29T19:23:31Z
Volvo,Volvo XC90,2025-10,45.9144,google_trends,2026-08-29T19:23:31Z
Volvo,Volvo XC90,2025-11,46.5924,google_trends,2026-08-29T19:23:31Z
Volvo,Volvo XC90,2025-12,45.9144,google_trends,2026-08-29T19:23:31Z
Volvo,Volvo XC90,2026-01,48.0715,google_trends,2026-08-29T19:23:31Z
Volvo,Volvo XC90,2026-02,51.7693,google_trends,2026-08-29T19:23:31Z
Volvo,Volvo XC90,2026-03,53.988,google_trends,2026-08-29T19:23:31Z
Volvo,Volvo XC90,2026-04,52.0774,google_trends,2026-08-29T19:23:31Z
Volvo,Volvo XC90,2026-05,51.2763,google_trends,2026-08-29T19:23:31Z
Volvo,Volvo XC90,2026-06,51.7693,google_trends,2026-08-29T19:23:31Z
Volvo,Volvo XC90,2026-07,53.3101,google_trends,2026-08-29T19:23:31Z
White,WHITE ROADSTER,2025-08,0.0,google_trends,2026-08-29T21:54:49Z
White,WHITE ROADSTER,2025-09,0.3041,google_trends,2026-08-29T21:54:49Z
White,WHITE ROADSTER,2025-10,0.0,google_trends,2026-08-29T21:54:49Z
White,WHITE ROADSTER,2025-11,0.4866,google_trends,2026-08-29T21:54:49Z
White,WHITE ROADSTER,2025-12,0.0,google_trends,2026-08-29T21:54:49Z
White,WHITE ROADSTER,2026-01,0.0,google_trends,2026-08-29T21:54:49Z
White,WHITE ROADSTER,2026-02,0.9124,google_trends,2026-08-29T21:54:49Z
White,WHITE ROADSTER,2026-03,0.4866,google_trends,2026-08-29T21:54:49Z
White,WHITE ROADSTER,2026-04,1.5207,google_trends,2026-08-29T21:54:49Z
White,WHITE ROADSTER,2026-05,1.2165,google_trends,2026-08-29T21:54:49Z
White,WHITE ROADSTER,2026-06,1.2165,google_trends,2026-08-29T21:54:49Z
White,WHITE ROADSTER,2026-07,0.3041,google_trends,2026-08-29T21:54:49Z
Willys,Willys MB,2025-08,0.0,google_trends,2026-08-29T19:23:31Z
Willys,Willys MB,2025-09,0.0,google_trends,2026-08-29T19:23:31Z
Willys,Willys MB,2025-10,0.0,google_trends,2026-08-29T19:23:31Z
Willys,Willys MB,2025-11,0.0,google_trends,2026-08-29T19:23:31Z
Willys,Willys MB,2025-12,0.0,google_trends,2026-08-29T19:23:31Z
Willys,Willys MB,2026-01,0.0,google_trends,2026-08-29T19:23:31Z
Willys,Willys MB,2026-02,0.0,google_trends,2026-08-29T19:23:31Z
Willys,Willys MB,2026-03,0.0,google_trends,2026-08-29T19:23:31Z
Willys,Willys MB,2026-04,0.0,google_trends,2026-08-29T19:23:31Z
Willys,Willys MB,2026-05,0.0,google_trends,2026-08-29T19:23:31Z
Willys,Willys MB,2026-06,0.0,google_trends,2026-08-29T19:23:31Z
Willys,Willys MB,2026-07,0.3082,google_trends,2026-08-29T19:23:31Z
Yamaha,YAMAHA FJR1300,2025-08,0.4866,google_trends,2026-08-29T21:54:49Z
Yamaha,YAMAHA FJR1300,2025-09,0.3041,google_trends,2026-08-29T21:54:49Z
Yamaha,YAMAHA FJR1300,2025-10,0.0,google_trends,2026-08-29T21:54:49Z
Yamaha,YAMAHA FJR1300,2025-11,0.0,google_trends,2026-08-29T21:54:49Z
Yamaha,YAMAHA FJR1300,2025-12,0.0,google_trends,2026-08-29T21:54:49Z
Yamaha,YAMAHA FJR1300,2026-01,0.0,google_trends,2026-08-29T21:54:49Z
Yamaha,YAMAHA FJR1300,2026-02,0.9124,google_trends,2026-08-29T21:54:49Z
Yamaha,YAMAHA FJR1300,2026-03,1.2165,google_trends,2026-08-29T21:54:49Z
Yamaha,YAMAHA FJR1300,2026-04,1.2165,google_trends,2026-08-29T21:54:49Z
Yamaha,YAMAHA FJR1300,2026-05,0.7299,google_trends,2026-08-29T21:54:49Z
Yamaha,YAMAHA FJR1300,2026-06,1.2165,google_trends,2026-08-29T21:54:49Z
Yamaha,YAMAHA FJR1300,2026-07,0.3041,google_trends,2026-08-29T21:54:49Z
Yamaha,YAMAHA R5,2025-08,0.0,google_trends,2026-08-29T21:54:49Z
Yamaha,YAMAHA R5,2025-09,0.0,google_trends,2026-08-29T21:54:49Z
Yamaha,YAMAHA R5,2025-10,0.0,google_trends,2026-08-29T21:54:49Z
Yamaha,YAMAHA R5,2025-11,0.0,google_trends,2026-08-29T21:54:49Z
Yamaha,YAMAHA R5,2025-12,0.0,google_trends,2026-08-29T21:54:49Z
Yamaha,YAMAHA R5,2026-01,0.0,google_trends,2026-08-29T21:54:49Z
Yamaha,YAMAHA R5,2026-02,0.0,google_trends,2026-08-29T21:54:49Z
Yamaha,YAMAHA R5,2026-03,0.4866,google_trends,2026-08-29T21:54:49Z
Yamaha,YAMAHA R5,2026-04,1.2165,google_trends,2026-08-29T21:54:49Z
Yamaha,YAMAHA R5,2026-05,1.2165,google_trends,2026-08-29T21:54:49Z
Yamaha,YAMAHA R5,2026-06,0.0,google_trends,2026-08-29T21:54:49Z
Yamaha,YAMAHA R5,2026-07,0.0,google_trends,2026-08-29T21:54:49Z
Yamaha,YAMAHA RS,2025-08,2.4331,google_trends,2026-08-29T21:54:49Z
Yamaha,YAMAHA RS,2025-09,2.7372,google_trends,2026-08-29T21:54:49Z
Yamaha,YAMAHA RS,2025-10,2.4331,google_trends,2026-08-29T21:54:49Z
Yamaha,YAMAHA RS,2025-11,2.4331,google_trends,2026-08-29T21:54:49Z
Yamaha,YAMAHA RS,2025-12,2.4331,google_trends,2026-08-29T21:54:49Z
Yamaha,YAMAHA RS,2026-01,2.4331,google_trends,2026-08-29T21:54:49Z
Yamaha,YAMAHA RS,2026-02,2.4331,google_trends,2026-08-29T21:54:49Z
Yamaha,YAMAHA RS,2026-03,2.6764,google_trends,2026-08-29T21:54:49Z
Yamaha,YAMAHA RS,2026-04,2.7372,google_trends,2026-08-29T21:54:49Z
Yamaha,YAMAHA RS,2026-05,2.6764,google_trends,2026-08-29T21:54:49Z
Yamaha,YAMAHA RS,2026-06,2.4331,google_trends,2026-08-29T21:54:49Z
Yamaha,YAMAHA RS,2026-07,2.4331,google_trends,2026-08-29T21:54:49Z
Yamaha,YAMAHA TENERE 700,2025-08,5.1095,google_trends,2026-08-29T21:54:49Z
Yamaha,YAMAHA TENERE 700,2025-09,4.8662,google_trends,2026-08-29T21:54:49Z
Yamaha,YAMAHA TENERE 700,2025-10,4.8662,google_trends,2026-08-29T21:54:49Z
Yamaha,YAMAHA TENERE 700,2025-11,4.3796,google_trends,2026-08-29T21:54:49Z
Yamaha,YAMAHA TENERE 700,2025-12,3.6496,google_trends,2026-08-29T21:54:49Z
Yamaha,YAMAHA TENERE 700,2026-01,3.6496,google_trends,2026-08-29T21:54:49Z
Yamaha,YAMAHA TENERE 700,2026-02,4.562,google_trends,2026-08-29T21:54:49Z
Yamaha,YAMAHA TENERE 700,2026-03,5.5961,google_trends,2026-08-29T21:54:49Z
Yamaha,YAMAHA TENERE 700,2026-04,5.7786,google_trends,2026-08-29T21:54:49Z
Yamaha,YAMAHA TENERE 700,2026-05,5.5961,google_trends,2026-08-29T21:54:49Z
Yamaha,YAMAHA TENERE 700,2026-06,4.8662,google_trends,2026-08-29T21:54:49Z
Yamaha,YAMAHA TENERE 700,2026-07,4.2579,google_trends,2026-08-29T21:54:49Z
Yamaha,YAMAHA V STAR,2025-08,2.4331,google_trends,2026-08-29T21:54:49Z
Yamaha,YAMAHA V STAR,2025-09,2.4331,google_trends,2026-08-29T21:54:49Z
Yamaha,YAMAHA V STAR,2025-10,1.5207,google_trends,2026-08-29T21:54:49Z
Yamaha,YAMAHA V STAR,2025-11,1.2165,google_trends,2026-08-29T21:54:49Z
Yamaha,YAMAHA V STAR,2025-12,1.2165,google_trends,2026-08-29T21:54:49Z
Yamaha,YAMAHA V STAR,2026-01,1.2165,google_trends,2026-08-29T21:54:49Z
Yamaha,YAMAHA V STAR,2026-02,2.129,google_trends,2026-08-29T21:54:49Z
Yamaha,YAMAHA V STAR,2026-03,2.6764,google_trends,2026-08-29T21:54:49Z
Yamaha,YAMAHA V STAR,2026-04,3.0414,google_trends,2026-08-29T21:54:49Z
Yamaha,YAMAHA V STAR,2026-05,3.163,google_trends,2026-08-29T21:54:49Z
Yamaha,YAMAHA V STAR,2026-06,2.7372,google_trends,2026-08-29T21:54:49Z
Yamaha,YAMAHA V STAR,2026-07,2.4331,google_trends,2026-08-29T21:54:49Z
Yamaha,YAMAHA WR450F,2025-08,0.7299,google_trends,2026-08-29T21:54:49Z
Yamaha,YAMAHA WR450F,2025-09,1.2165,google_trends,2026-08-29T21:54:49Z
Yamaha,YAMAHA WR450F,2025-10,0.0,google_trends,2026-08-29T21:54:49Z
Yamaha,YAMAHA WR450F,2025-11,0.4866,google_trends,2026-08-29T21:54:49Z
Yamaha,YAMAHA WR450F,2025-12,0.0,google_trends,2026-08-29T21:54:49Z
Yamaha,YAMAHA WR450F,2026-01,0.0,google_trends,2026-08-29T21:54:49Z
Yamaha,YAMAHA WR450F,2026-02,0.9124,google_trends,2026-08-29T21:54:49Z
Yamaha,YAMAHA WR450F,2026-03,0.4866,google_trends,2026-08-29T21:54:49Z
Yamaha,YAMAHA WR450F,2026-04,0.9124,google_trends,2026-08-29T21:54:49Z
Yamaha,YAMAHA WR450F,2026-05,1.2165,google_trends,2026-08-29T21:54:49Z
Yamaha,YAMAHA WR450F,2026-06,1.2165,google_trends,2026-08-29T21:54:49Z
Yamaha,YAMAHA WR450F,2026-07,0.6083,google_trends,2026-08-29T21:54:49Z
Yamaha,Yamaha ATV,2025-08,2.4652,google_trends,2026-08-29T19:23:31Z
Yamaha,Yamaha ATV,2025-09,2.4652,google_trends,2026-08-29T19:23:31Z
Yamaha,Yamaha ATV,2025-10,2.4652,google_trends,2026-08-29T19:23:31Z
Yamaha,Yamaha ATV,2025-11,2.4652,google_trends,2026-08-29T19:23:31Z
Yamaha,Yamaha ATV,2025-12,2.4652,google_trends,2026-08-29T19:23:31Z
Yamaha,Yamaha ATV,2026-01,2.4652,google_trends,2026-08-29T19:23:31Z
Yamaha,Yamaha ATV,2026-02,4.3141,google_trends,2026-08-29T19:23:31Z
Yamaha,Yamaha ATV,2026-03,3.2048,google_trends,2026-08-29T19:23:31Z
Yamaha,Yamaha ATV,2026-04,4.3141,google_trends,2026-08-29T19:23:31Z
Yamaha,Yamaha ATV,2026-05,3.9443,google_trends,2026-08-29T19:23:31Z
Yamaha,Yamaha ATV,2026-06,3.6978,google_trends,2026-08-29T19:23:31Z
Yamaha,Yamaha ATV,2026-07,3.0815,google_trends,2026-08-29T19:23:31Z
Yamaha,Yamaha Enduro,2025-08,2.4652,google_trends,2026-08-29T19:23:31Z
Yamaha,Yamaha Enduro,2025-09,2.1571,google_trends,2026-08-29T19:23:31Z
Yamaha,Yamaha Enduro,2025-10,1.5408,google_trends,2026-08-29T19:23:31Z
Yamaha,Yamaha Enduro,2025-11,1.2326,google_trends,2026-08-29T19:23:31Z
Yamaha,Yamaha Enduro,2025-12,1.2326,google_trends,2026-08-29T19:23:31Z
Yamaha,Yamaha Enduro,2026-01,1.8489,google_trends,2026-08-29T19:23:31Z
Yamaha,Yamaha Enduro,2026-02,2.1571,google_trends,2026-08-29T19:23:31Z
Yamaha,Yamaha Enduro,2026-03,2.4652,google_trends,2026-08-29T19:23:31Z
Yamaha,Yamaha Enduro,2026-04,2.4652,google_trends,2026-08-29T19:23:31Z
Yamaha,Yamaha Enduro,2026-05,2.4652,google_trends,2026-08-29T19:23:31Z
Yamaha,Yamaha Enduro,2026-06,2.1571,google_trends,2026-08-29T19:23:31Z
Yamaha,Yamaha Enduro,2026-07,1.2326,google_trends,2026-08-29T19:23:31Z
Yamaha,Yamaha RD,2025-08,2.4652,google_trends,2026-08-29T19:23:31Z
Yamaha,Yamaha RD,2025-09,2.4652,google_trends,2026-08-29T19:23:31Z
Yamaha,Yamaha RD,2025-10,2.1571,google_trends,2026-08-29T19:23:31Z
Yamaha,Yamaha RD,2025-11,2.2187,google_trends,2026-08-29T19:23:31Z
Yamaha,Yamaha RD,2025-12,2.4652,google_trends,2026-08-29T19:23:31Z
Yamaha,Yamaha RD,2026-01,2.4652,google_trends,2026-08-29T19:23:31Z
Yamaha,Yamaha RD,2026-02,3.0815,google_trends,2026-08-29T19:23:31Z
Yamaha,Yamaha RD,2026-03,2.4652,google_trends,2026-08-29T19:23:31Z
Yamaha,Yamaha RD,2026-04,3.3897,google_trends,2026-08-29T19:23:31Z
Yamaha,Yamaha RD,2026-05,3.4513,google_trends,2026-08-29T19:23:31Z
Yamaha,Yamaha RD,2026-06,4.006,google_trends,2026-08-29T19:23:31Z
Yamaha,Yamaha RD,2026-07,2.4652,google_trends,2026-08-29T19:23:31Z
Yamaha,Yamaha SR,2025-08,2.4658,google_trends,2026-08-29T19:23:31Z
Yamaha,Yamaha SR,2025-09,2.4658,google_trends,2026-08-29T19:23:31Z
Yamaha,Yamaha SR,2025-10,2.1576,google_trends,2026-08-29T19:23:31Z
Yamaha,Yamaha SR,2025-11,2.2193,google_trends,2026-08-29T19:23:31Z
Yamaha,Yamaha SR,2025-12,1.8494,google_trends,2026-08-29T19:23:31Z
Yamaha,Yamaha SR,2026-01,1.8494,google_trends,2026-08-29T19:23:31Z
Yamaha,Yamaha SR,2026-02,2.4658,google_trends,2026-08-29T19:23:31Z
Yamaha,Yamaha SR,2026-03,2.4658,google_trends,2026-08-29T19:23:31Z
Yamaha,Yamaha SR,2026-04,2.4658,google_trends,2026-08-29T19:23:31Z
Yamaha,Yamaha SR,2026-05,2.4658,google_trends,2026-08-29T19:23:31Z
Yamaha,Yamaha SR,2026-06,2.4658,google_trends,2026-08-29T19:23:31Z
Yamaha,Yamaha SR,2026-07,2.4658,google_trends,2026-08-29T19:23:31Z
Yamaha,Yamaha Virago,2025-08,3.9453,google_trends,2026-08-29T19:23:31Z
Yamaha,Yamaha Virago,2025-09,2.7741,google_trends,2026-08-29T19:23:31Z
Yamaha,Yamaha Virago,2025-10,2.4658,google_trends,2026-08-29T19:23:31Z
Yamaha,Yamaha Virago,2025-11,2.4658,google_trends,2026-08-29T19:23:31Z
Yamaha,Yamaha Virago,2025-12,2.4658,google_trends,2026-08-29T19:23:31Z
Yamaha,Yamaha Virago,2026-01,2.4658,google_trends,2026-08-29T19:23:31Z
Yamaha,Yamaha Virago,2026-02,3.0823,google_trends,2026-08-29T19:23:31Z
Yamaha,Yamaha Virago,2026-03,3.6988,google_trends,2026-08-29T19:23:31Z
Yamaha,Yamaha Virago,2026-04,4.007,google_trends,2026-08-29T19:23:31Z
Yamaha,Yamaha Virago,2026-05,4.4385,google_trends,2026-08-29T19:23:31Z
Yamaha,Yamaha Virago,2026-06,3.6988,google_trends,2026-08-29T19:23:31Z
Yamaha,Yamaha Virago,2026-07,3.6988,google_trends,2026-08-29T19:23:31Z
Yamaha,Yamaha XS,2025-08,1.2326,google_trends,2026-08-29T19:23:31Z
Yamaha,Yamaha XS,2025-09,1.2326,google_trends,2026-08-29T19:23:31Z
Yamaha,Yamaha XS,2025-10,1.2326,google_trends,2026-08-29T19:23:31Z
Yamaha,Yamaha XS,2025-11,1.2326,google_trends,2026-08-29T19:23:31Z
Yamaha,Yamaha XS,2025-12,1.2326,google_trends,2026-08-29T19:23:31Z
Yamaha,Yamaha XS,2026-01,1.2326,google_trends,2026-08-29T19:23:31Z
Yamaha,Yamaha XS,2026-02,1.2326,google_trends,2026-08-29T19:23:31Z
Yamaha,Yamaha XS,2026-03,1.4791,google_trends,2026-08-29T19:23:31Z
Yamaha,Yamaha XS,2026-04,2.1571,google_trends,2026-08-29T19:23:31Z
Yamaha,Yamaha XS,2026-05,1.9722,google_trends,2026-08-29T19:23:31Z
Yamaha,Yamaha XS,2026-06,1.2326,google_trends,2026-08-29T19:23:31Z
Yamaha,Yamaha XS,2026-07,1.2326,google_trends,2026-08-29T19:23:31Z
Yamaha,Yamaha YZ,2025-08,6.163,google_trends,2026-08-29T19:23:31Z
Yamaha,Yamaha YZ,2025-09,4.9304,google_trends,2026-08-29T19:23:31Z
Yamaha,Yamaha YZ,2025-10,4.9304,google_trends,2026-08-29T19:23:31Z
Yamaha,Yamaha YZ,2025-11,4.9304,google_trends,2026-08-29T19:23:31Z
Yamaha,Yamaha YZ,2025-12,4.9304,google_trends,2026-08-29T19:23:31Z
Yamaha,Yamaha YZ,2026-01,4.9304,google_trends,2026-08-29T19:23:31Z
Yamaha,Yamaha YZ,2026-02,6.163,google_trends,2026-08-29T19:23:31Z
Yamaha,Yamaha YZ,2026-03,5.1769,google_trends,2026-08-29T19:23:31Z
Yamaha,Yamaha YZ,2026-04,6.163,google_trends,2026-08-29T19:23:31Z
Yamaha,Yamaha YZ,2026-05,5.9165,google_trends,2026-08-29T19:23:31Z
Yamaha,Yamaha YZ,2026-06,4.9304,google_trends,2026-08-29T19:23:31Z
Yamaha,Yamaha YZ,2026-07,4.9304,google_trends,2026-08-29T19:23:31Z
Yamaha,Yamaha YZF,2025-08,8.3838,google_trends,2026-08-29T19:23:31Z
Yamaha,Yamaha YZF,2025-09,7.0893,google_trends,2026-08-29T19:23:31Z
Yamaha,Yamaha YZF,2025-10,6.1646,google_trends,2026-08-29T19:23:31Z
Yamaha,Yamaha YZF,2025-11,5.6714,google_trends,2026-08-29T19:23:31Z
Yamaha,Yamaha YZF,2025-12,4.9317,google_trends,2026-08-29T19:23:31Z
Yamaha,Yamaha YZF,2026-01,4.9317,google_trends,2026-08-29T19:23:31Z
Yamaha,Yamaha YZF,2026-02,8.9387,google_trends,2026-08-29T19:23:31Z
Yamaha,Yamaha YZF,2026-03,7.8907,google_trends,2026-08-29T19:23:31Z
Yamaha,Yamaha YZF,2026-04,8.9387,google_trends,2026-08-29T19:23:31Z
Yamaha,Yamaha YZF,2026-05,7.8907,google_trends,2026-08-29T19:23:31Z
Yamaha,Yamaha YZF,2026-06,7.0893,google_trends,2026-08-29T19:23:31Z
Yamaha,Yamaha YZF,2026-07,6.7811,google_trends,2026-08-29T19:23:31Z
Yugo,YUGO,2025-08,13.5765,google_trends,2026-08-29T21:54:49Z
Yugo,YUGO,2025-09,12.8743,google_trends,2026-08-29T21:54:49Z
Yugo,YUGO,2025-10,12.2891,google_trends,2026-08-29T21:54:49Z
Yugo,YUGO,2025-11,11.7039,google_trends,2026-08-29T21:54:49Z
Yugo,YUGO,2025-12,11.7039,google_trends,2026-08-29T21:54:49Z
Yugo,YUGO,2026-01,11.7039,google_trends,2026-08-29T21:54:49Z
Yugo,YUGO,2026-02,12.8743,google_trends,2026-08-29T21:54:49Z
Yugo,YUGO,2026-03,12.172,google_trends,2026-08-29T21:54:49Z
Yugo,YUGO,2026-04,12.2891,google_trends,2026-08-29T21:54:49Z
Yugo,YUGO,2026-05,14.5128,google_trends,2026-08-29T21:54:49Z
Yugo,YUGO,2026-06,12.8743,google_trends,2026-08-29T21:54:49Z
Yugo,YUGO,2026-07,14.0447,google_trends,2026-08-29T21:54:49Z
