manufacturer,model,measured_at,status,note
Abarth,Abarth 750 & 850,2026-09-12T11:32:17Z,ok,tier=1 anchor 78.9
Ac,AC Ace & Aceca,2026-09-12T11:14:17Z,ok,tier=0 anchor 80.5
Acura,CL,2026-09-12T11:08:40Z,ok,tier=0 anchor 80.5
Acura,Integra,2026-09-12T10:59:37Z,ok,tier=0 anchor 80.5
Acura,Integra Type R,2026-09-12T11:23:03Z,ok,tier=1 anchor 78.4
Acura,Legend,2026-09-12T11:03:45Z,ok,tier=0 anchor 80.5
Acura,MDX,2026-09-12T11:17:53Z,ok,tier=0 anchor 80.5
Acura,NSX NA1,2026-09-12T11:23:47Z,ok,tier=1 anchor 78.4
Acura,NSX NA2,2026-09-12T11:37:44Z,ok,tier=2 anchor 67.1
Acura,NSX NC1,2026-09-12T11:26:43Z,ok,tier=1 anchor 78.4
Acura,RL,2026-09-12T11:09:30Z,ok,tier=0 anchor 80.5
Acura,RSX,2026-09-12T11:09:36Z,ok,tier=0 anchor 80.5
Acura,TL,2026-09-12T11:07:39Z,ok,tier=0 anchor 80.5
Acura,TSX,2026-09-12T11:09:36Z,ok,tier=0 anchor 80.5
Acura,VIGOR,2026-09-12T11:32:23Z,ok,tier=1 anchor 78.9
Airstream,Airstream Conversion,2026-09-11T11:48:10Z,ok,tier=1 anchor 77.9
Airstream,Airstream Motorhome,2026-09-12T11:31:08Z,ok,tier=1 anchor 78.9
Airstream,Airstream Trailer,2026-09-12T11:08:11Z,ok,tier=0 anchor 80.5
Ajs,AJS 18CS SCRAMBLER,2026-09-11T12:10:09Z,empty,tier=2 no search volume
Ajs,AJS BARN FIND NO RESERVE MODEL B 350CC,2026-09-11T12:10:09Z,empty,tier=2 no search volume
Alfa Romeo,105 Series Sedan,2026-09-10T12:28:19Z,empty,tier=2 no search volume
Alfa Romeo,105/115 Series Coupe,2026-09-11T12:06:25Z,empty,tier=2 no search volume
Alfa Romeo,105/115 Spider Series 1,2026-09-11T12:08:15Z,empty,tier=2 no search volume
Alfa Romeo,105/115 Spider Series 2,2026-09-11T12:06:32Z,ok,tier=2 anchor 67.9
Alfa Romeo,105/115 Spider Series 3,2026-09-11T12:08:08Z,ok,tier=2 anchor 67.9
Alfa Romeo,105/115 Spider Series 4,2026-09-11T12:06:39Z,empty,tier=2 no search volume
Alfa Romeo,106-Series 2600,2026-09-12T11:38:21Z,empty,tier=2 no search volume
Alfa Romeo,155,2026-09-12T11:14:17Z,ok,tier=0 anchor 80.5
Alfa Romeo,164,2026-09-12T11:10:33Z,ok,tier=0 anchor 73.9
Alfa Romeo,1900,2026-09-11T11:52:31Z,ok,tier=1 anchor 77.9
Alfa Romeo,4C,2026-09-12T11:01:24Z,ok,tier=0 anchor 80.5
Alfa Romeo,75/Milano,2026-09-11T12:07:49Z,ok,tier=2 anchor 67.9
Alfa Romeo,8C,2026-09-12T11:12:08Z,ok,tier=0 anchor 80.5
Alfa Romeo,952 Series Giulia,2026-09-10T12:27:01Z,empty,tier=2 no search volume
Alfa Romeo,ALFA ROMEO,2026-09-11T11:45:33Z,ok,tier=0 anchor 8.5
Alfa Romeo,AR 51,2026-09-11T12:10:09Z,empty,tier=2 no search volume
Alfa Romeo,Alfetta,2026-09-12T11:12:08Z,ok,tier=0 anchor 80.5
Alfa Romeo,BRERA,2026-09-12T11:14:17Z,ok,tier=0 anchor 80.5
Alfa Romeo,GRAN SPORT QUATTRORUOTE,2026-09-11T12:10:16Z,empty,tier=2 no search volume
Alfa Romeo,GTV & Spider (Type 916),2026-09-12T11:32:23Z,ok,tier=1 anchor 78.9
Alfa Romeo,GTV6,2026-09-12T11:28:36Z,ok,tier=1 anchor 78.4
Alfa Romeo,Montreal,2026-09-12T11:32:23Z,ok,tier=1 anchor 78.9
Alfa Romeo,SZ/RZ,2026-09-11T12:10:16Z,ok,tier=2 anchor 67.9
Alfa Romeo,Sprint Speciale,2026-09-12T11:34:04Z,ok,tier=1 anchor 76.8
Alfa Romeo,Stelvio,2026-09-12T11:10:39Z,ok,tier=0 anchor 80.5
Alfa Romeo,TZ3 STRADALE ZAGATO,2026-09-11T12:10:16Z,empty,tier=2 no search volume
Allard,ALLARD P1,2026-09-11T11:52:31Z,zero,tier=1 rounded to zero
Allard,Allard J2 & J2X,2026-09-11T11:52:31Z,ok,tier=1 anchor 77.9
Allard,"Allard K1, K2, & K3",2026-09-11T12:08:21Z,empty,tier=2 no search volume
Allis-Chalmers,ALLIS CHALMERS WD45,2026-09-11T12:10:16Z,empty,tier=2 no search volume
Alpine,RENAULT ALPINE V6 TURBO,2026-09-11T11:52:38Z,ok,tier=1 anchor 77.9
Alvis,ALVIS TE,2026-09-11T11:52:38Z,ok,tier=1 anchor 77.9
Am General,AM General Jeep,2026-09-11T11:52:38Z,ok,tier=1 anchor 77.9
Am General,AM General Truck,2026-09-12T11:32:23Z,ok,tier=1 anchor 78.9
Amc,AMC & Rambler Ambassador,2026-09-12T11:34:29Z,zero,tier=1 rounded to zero
Amc,AMC & Rambler Marlin,2026-09-11T12:08:15Z,ok,tier=2 anchor 67.9
Amc,AMC AMX,2026-09-12T11:08:11Z,ok,tier=0 anchor 80.5
Amc,AMC Eagle,2026-09-12T11:07:01Z,ok,tier=0 anchor 80.5
Amc,AMC Gremlin,2026-09-12T11:17:53Z,ok,tier=0 anchor 80.5
Amc,AMC Hornet,2026-09-11T11:52:38Z,ok,tier=1 anchor 77.9
Amc,AMC Javelin,2026-09-12T11:08:11Z,ok,tier=0 anchor 80.5
Amc,AMC MATADOR,2026-09-11T11:52:44Z,ok,tier=1 anchor 77.9
Amc,AMC Pacer,2026-09-12T11:12:08Z,ok,tier=0 anchor 80.5
Amc,AMC RAMBLER REBEL,2026-09-11T11:52:44Z,ok,tier=1 anchor 77.9
Amc,AMC SPIRIT,2026-09-12T11:17:53Z,ok,tier=0 anchor 80.5
American Bantam,AMERICAN BANTAM CAR COMPANY MODEL 65 ROADSTER,2026-09-11T11:52:44Z,zero,tier=1 rounded to zero
American Bantam,AMERICAN BANTAM WOODY WAGON,2026-09-11T12:10:22Z,empty,tier=2 no search volume
American Ironhorse,AMERICAN IRONHORSE SLAMMER,2026-09-12T11:21:53Z,zero,tier=1 rounded to zero
American Lafrance,AMERICAN LAFRANCE 900 PUMPER,2026-09-12T11:21:53Z,zero,tier=1 rounded to zero
Amphicar,Amphicar 770,2026-09-12T11:22:31Z,ok,tier=1 anchor 78.4
Aprilia,APRILIA DORSODURO 750,2026-09-11T11:52:44Z,ok,tier=1 anchor 77.9
Aprilia,APRILIA RS50,2026-09-11T11:52:50Z,ok,tier=1 anchor 77.9
Aprilia,APRILIA RS660 STARS STRIPES LIMITED EDITION,2026-09-11T12:10:22Z,ok,tier=2 anchor 67.9
Aprilia,APRILIA RSV MILLE,2026-09-11T11:52:50Z,ok,tier=1 anchor 77.9
Aprilia,APRILIA RSV MILLE R,2026-09-11T11:52:50Z,ok,tier=1 anchor 77.9
Aprilia,APRILIA RSV1000R NERA,2026-09-11T12:10:22Z,empty,tier=2 no search volume
Aprilia,APRILIA RSV4 FACTORY,2026-09-12T11:18:00Z,ok,tier=0 anchor 80.5
Aprilia,APRILIA RSV4 RF,2026-09-11T11:52:50Z,ok,tier=1 anchor 77.9
Aprilia,APRILIA SCARABEO,2026-09-12T11:18:00Z,ok,tier=0 anchor 80.5
Aprilia,APRILIA TUAREG,2026-09-12T11:18:00Z,ok,tier=0 anchor 80.5
Aprilia,APRILIA TUONO 1000R,2026-09-11T11:52:57Z,ok,tier=1 anchor 77.9
Aprilia,APRILIA TUONO RSV R LIMITED,2026-09-11T12:10:22Z,ok,tier=2 anchor 67.9
Aprilia,APRILIA TUONO V4 1100 FACTORY,2026-09-11T11:52:57Z,ok,tier=1 anchor 77.9
Aprilia,Aprilia RS & RSV,2026-09-12T11:12:15Z,ok,tier=0 anchor 80.5
Ariel,Ariel Atom,2026-09-12T11:01:43Z,ok,tier=0 anchor 80.5
Ariel,Ariel Motorcycles,2026-09-12T11:27:58Z,ok,tier=1 anchor 78.4
Ariel,Ariel Nomad,2026-09-12T11:32:29Z,ok,tier=1 anchor 78.9
Arnolt,ARNOLT MG CONVERTIBLE,2026-09-11T12:10:28Z,empty,tier=2 no search volume
Arnolt,Arnolt – Bristol,2026-09-11T12:10:28Z,empty,tier=2 no search volume
Aston Martin,DB11,2026-09-12T11:02:54Z,ok,tier=0 anchor 80.5
Aston Martin,DB12,2026-09-12T11:18:00Z,ok,tier=0 anchor 80.5
Aston Martin,DB12 COUPE,2026-09-11T11:52:57Z,ok,tier=1 anchor 77.9
Aston Martin,"DB2, DB2/4, and DB Mark III",2026-09-11T12:10:28Z,empty,tier=2 no search volume
Aston Martin,DB4,2026-09-11T11:48:48Z,ok,tier=1 anchor 77.9
Aston Martin,DB5,2026-09-12T11:34:04Z,ok,tier=1 anchor 76.8
Aston Martin,DB6,2026-09-11T11:52:57Z,ok,tier=1 anchor 77.9
Aston Martin,DB7,2026-09-12T10:59:37Z,ok,tier=0 anchor 80.5
Aston Martin,DB9,2026-09-12T10:57:36Z,ok,tier=0 anchor 45.0
Aston Martin,DBS,2026-09-12T11:04:42Z,ok,tier=0 anchor 80.5
Aston Martin,DBX,2026-09-12T11:07:39Z,ok,tier=0 anchor 80.5
Aston Martin,Lagonda,2026-09-12T11:14:17Z,ok,tier=0 anchor 80.5
Aston Martin,Rapide,2026-09-12T11:02:54Z,ok,tier=0 anchor 80.5
Aston Martin,V12 Vantage,2026-09-12T11:01:57Z,ok,tier=0 anchor 80.5
Aston Martin,V12 Vantage S,2026-09-12T11:22:06Z,ok,tier=1 anchor 78.4
Aston Martin,V8,2026-09-12T11:09:30Z,ok,tier=0 anchor 80.5
Aston Martin,V8 Vantage,2026-09-12T11:01:37Z,ok,tier=0 anchor 80.5
Aston Martin,V8 Vantage (2006+),2026-09-11T11:49:20Z,ok,tier=1 anchor 77.9
Aston Martin,V8 Vantage (2019+),2026-09-12T11:29:27Z,ok,tier=1 anchor 78.4
Aston Martin,Vanquish,2026-09-12T11:00:08Z,ok,tier=0 anchor 80.5
Aston Martin,Vanquish S,2026-09-12T11:31:08Z,ok,tier=1 anchor 78.9
Aston Martin,Virage (2012),2026-09-12T11:32:29Z,ok,tier=1 anchor 78.9
Aston Martin,"Virage, V8, & Vantage",2026-09-11T12:07:36Z,empty,tier=2 no search volume
Auburn,AUBURN 8,2026-09-12T11:18:06Z,ok,tier=0 anchor 80.5
Auburn,AUBURN 8 100A 7,2026-09-11T12:10:28Z,ok,tier=2 anchor 67.9
Auburn,Auburn 8,2026-09-12T11:18:06Z,ok,tier=0 anchor 80.5
Auburn,Auburn 851/852,2026-09-11T12:07:30Z,empty,tier=2 no search volume
Auburn,Auburn Replica,2026-09-12T11:29:33Z,ok,tier=1 anchor 78.4
Audi,A3,2026-09-12T11:10:33Z,ok,tier=0 anchor 73.9
Audi,A5,2026-09-12T11:01:43Z,ok,tier=0 anchor 80.5
Audi,A7,2026-09-12T11:09:36Z,ok,tier=0 anchor 80.5
Audi,A8,2026-09-12T10:58:33Z,ok,tier=0 anchor 80.5
Audi,B1 Fox & 80,2026-09-11T12:10:34Z,empty,tier=2 no search volume
Audi,"B2 80, 90, & 4000",2026-09-11T12:10:34Z,empty,tier=2 no search volume
Audi,B3 80 & 90,2026-09-12T11:18:06Z,ok,tier=0 anchor 80.5
Audi,B4 Cabriolet,2026-09-11T11:53:03Z,ok,tier=1 anchor 77.9
Audi,B5 A4,2026-09-12T11:18:12Z,ok,tier=0 anchor 80.5
Audi,B5 RS4,2026-09-12T11:07:39Z,ok,tier=0 anchor 80.5
Audi,B5 S4,2026-09-12T11:06:23Z,ok,tier=0 anchor 80.5
Audi,B6 A4,2026-09-12T11:10:39Z,ok,tier=0 anchor 80.5
Audi,B6 S4,2026-09-11T11:48:10Z,ok,tier=1 anchor 77.9
Audi,B7 A4,2026-09-12T11:02:16Z,ok,tier=0 anchor 80.5
Audi,B7 RS4,2026-09-12T10:59:49Z,ok,tier=0 anchor 80.5
Audi,B7 S4,2026-09-12T11:04:04Z,ok,tier=0 anchor 80.5
Audi,B8 A4,2026-09-12T11:03:19Z,ok,tier=0 anchor 80.5
Audi,B8 Allroad,2026-09-11T11:48:42Z,ok,tier=1 anchor 77.9
Audi,B8 S4,2026-09-12T11:03:38Z,ok,tier=0 anchor 80.5
Audi,B9 A4,2026-09-12T11:12:15Z,ok,tier=0 anchor 80.5
Audi,B9 A4 Allroad,2026-09-12T11:29:33Z,ok,tier=1 anchor 78.4
Audi,"C2 100, 200, & 5000",2026-09-11T12:10:34Z,empty,tier=2 no search volume
Audi,"C3 100, 200, & 5000",2026-09-11T12:07:17Z,ok,tier=2 anchor 67.9
Audi,C4 A6,2026-09-12T11:18:12Z,ok,tier=0 anchor 80.5
Audi,C4 S4,2026-09-12T11:34:10Z,ok,tier=1 anchor 78.9
Audi,C4 S6,2026-09-11T11:53:03Z,ok,tier=1 anchor 77.9
Audi,C5 A6,2026-09-12T11:09:36Z,ok,tier=0 anchor 80.5
Audi,C5 Allroad,2026-09-12T11:28:05Z,ok,tier=1 anchor 78.4
Audi,C5 RS6,2026-09-12T11:29:02Z,ok,tier=1 anchor 78.4
Audi,C5 S6,2026-09-12T11:31:08Z,ok,tier=1 anchor 78.9
Audi,C6 A6,2026-09-12T11:07:01Z,ok,tier=0 anchor 80.5
Audi,C6 RS6,2026-09-12T11:14:24Z,ok,tier=0 anchor 80.5
Audi,C6 S6,2026-09-12T11:18:06Z,ok,tier=0 anchor 80.5
Audi,C7 A6,2026-09-12T11:10:39Z,ok,tier=0 anchor 80.5
Audi,C7 S6,2026-09-11T11:48:10Z,ok,tier=1 anchor 77.9
Audi,C8 A6,2026-09-12T11:14:24Z,ok,tier=0 anchor 80.5
Audi,C8 RS6,2026-09-12T11:00:27Z,ok,tier=0 anchor 80.5
Audi,Coupe,2026-09-12T11:14:24Z,ok,tier=0 anchor 80.5
Audi,Q3,2026-09-12T11:14:30Z,ok,tier=0 anchor 80.5
Audi,Q5,2026-09-12T11:15:39Z,ok,tier=0 anchor 80.5
Audi,Q7,2026-09-12T11:14:49Z,ok,tier=0 anchor 80.5
Audi,Q8,2026-09-12T11:18:12Z,ok,tier=0 anchor 80.5
Audi,R8,2026-09-12T11:07:08Z,ok,tier=0 anchor 58.1
Audi,R8 (Type 4S),2026-09-12T11:37:56Z,empty,tier=2 no search volume
Audi,R8 V10 (Type 42),2026-09-10T12:25:48Z,empty,tier=2 no search volume
Audi,R8 V8 (Type 42),2026-09-12T11:37:56Z,empty,tier=2 no search volume
Audi,RS E TRON GT,2026-09-12T11:18:12Z,ok,tier=0 anchor 80.5
Audi,RS Q8,2026-09-12T11:18:19Z,ok,tier=0 anchor 80.5
Audi,RS3,2026-09-12T11:09:43Z,ok,tier=0 anchor 80.5
Audi,RS5,2026-09-12T11:03:19Z,ok,tier=0 anchor 80.5
Audi,RS7,2026-09-12T11:08:11Z,ok,tier=0 anchor 80.5
Audi,RSQ8,2026-09-12T11:18:19Z,ok,tier=0 anchor 80.5
Audi,S3,2026-09-12T11:18:19Z,ok,tier=0 anchor 80.5
Audi,S5,2026-09-12T10:59:37Z,ok,tier=0 anchor 80.5
Audi,S7,2026-09-12T11:14:30Z,ok,tier=0 anchor 80.5
Audi,S8,2026-09-12T11:00:02Z,ok,tier=0 anchor 54.3
Audi,SQ8,2026-09-12T11:14:30Z,ok,tier=0 anchor 80.5
Audi,TT,2026-09-11T11:45:20Z,ok,tier=0 anchor 80.6
Audi,Ur-Quattro,2026-09-12T11:38:40Z,ok,tier=2 anchor 67.1
Audi,e-tron,2026-09-12T11:18:19Z,ok,tier=0 anchor 80.5
Austin,AUSTIN,2026-09-11T11:45:33Z,ok,tier=0 anchor 8.5
Austin,AUSTIN A70 HEREFORD,2026-09-11T12:10:34Z,ok,tier=2 anchor 67.9
Austin,AUSTIN AMERICA,2026-09-12T11:14:55Z,ok,tier=0 anchor 80.5
Austin,AUSTIN FX3,2026-09-11T11:53:03Z,ok,tier=1 anchor 77.9
Austin,AUSTIN PRINCESS,2026-09-12T11:18:25Z,ok,tier=0 anchor 80.5
Austin-Healey,Austin-Healey 100,2026-09-12T11:37:50Z,ok,tier=2 anchor 67.1
Austin-Healey,Austin-Healey 100-6,2026-09-10T12:28:12Z,empty,tier=2 no search volume
Austin-Healey,Austin-Healey 3000,2026-09-12T11:23:53Z,ok,tier=1 anchor 78.4
Austin-Healey,Austin-Healey Bugeye Sprite,2026-09-10T12:26:01Z,empty,tier=2 no search volume
Austin-Healey,Austin-Healey Replica,2026-09-11T12:08:21Z,ok,tier=2 anchor 67.9
Austin-Healey,"Austin-Healey Sprite Mk II, III, & IV",2026-09-11T12:07:24Z,empty,tier=2 no search volume
Autobianchi,Autobianchi A112,2026-09-11T11:53:03Z,ok,tier=1 anchor 77.9
Autobianchi,Autobianchi Bianchina,2026-09-12T11:32:36Z,ok,tier=1 anchor 78.9
Autocar,AUTO CAR DIESEL RAT ROD 5 TON FRED WRECKER,2026-09-11T12:10:41Z,empty,tier=2 no search volume
Autozam,Autozam AZ-1,2026-09-12T11:14:55Z,ok,tier=0 anchor 80.5
BMW,/5,2026-09-12T11:34:10Z,ok,tier=1 anchor 78.9
BMW,/6,2026-09-12T11:34:16Z,zero,tier=1 rounded to zero
BMW,/7,2026-09-12T11:34:29Z,ok,tier=1 anchor 78.9
BMW,02 Series Cabriolet,2026-09-11T12:10:41Z,empty,tier=2 no search volume
BMW,02 Series Touring,2026-09-11T12:08:21Z,empty,tier=2 no search volume
BMW,1600 & 1602,2026-09-12T11:05:52Z,ok,tier=0 anchor 80.5
BMW,1600 GT,2026-09-12T11:34:42Z,ok,tier=1 anchor 78.9
BMW,1M,2026-09-12T11:15:01Z,ok,tier=0 anchor 80.5
BMW,2-Series,2026-09-12T11:27:40Z,ok,tier=1 anchor 78.4
BMW,2000C & 2000CS,2026-09-12T11:38:53Z,ok,tier=2 anchor 67.1
BMW,2002,2026-09-12T11:14:36Z,ok,tier=0 anchor 80.5
BMW,2002 Turbo,2026-09-12T11:15:01Z,ok,tier=0 anchor 80.5
BMW,2002ti,2026-09-11T11:53:10Z,ok,tier=1 anchor 77.9
BMW,2002tii,2026-09-12T11:25:46Z,ok,tier=1 anchor 78.4
BMW,327,2026-09-11T11:53:10Z,ok,tier=1 anchor 77.9
BMW,503,2026-09-11T11:53:10Z,ok,tier=1 anchor 77.9
BMW,700,2026-09-12T11:15:01Z,ok,tier=0 anchor 80.5
BMW,Alpina,2026-09-12T10:59:49Z,ok,tier=0 anchor 80.5
BMW,E12 5-Series,2026-09-10T12:30:02Z,empty,tier=2 no search volume
BMW,E21 3-Series,2026-09-10T12:26:08Z,empty,tier=2 no search volume
BMW,E23 7-Series,2026-09-10T12:29:42Z,empty,tier=2 no search volume
BMW,E24 6-Series,2026-09-10T12:25:55Z,empty,tier=2 no search volume
BMW,E24 M6 & M635CSi,2026-09-12T11:26:05Z,ok,tier=1 anchor 78.4
BMW,E28 5-Series,2026-09-12T11:36:10Z,empty,tier=2 no search volume
BMW,E28 M5,2026-09-11T11:48:04Z,ok,tier=1 anchor 77.9
BMW,E3,2026-09-12T11:30:17Z,ok,tier=1 anchor 78.4
BMW,E30 3-Series Convertible,2026-09-10T12:25:21Z,empty,tier=2 no search volume
BMW,E30 3-Series Coupe,2026-09-11T12:07:55Z,ok,tier=2 anchor 67.9
BMW,E30 3-Series Sedan,2026-09-10T12:27:33Z,empty,tier=2 no search volume
BMW,E30 3-Series Touring,2026-09-10T12:28:19Z,empty,tier=2 no search volume
BMW,E30 M3,2026-09-12T10:58:46Z,ok,tier=0 anchor 80.5
BMW,E31 8-Series,2026-09-11T12:08:02Z,empty,tier=2 no search volume
BMW,E32 7-Series,2026-09-10T12:28:12Z,empty,tier=2 no search volume
BMW,E34 5-Series,2026-09-10T12:26:15Z,empty,tier=2 no search volume
BMW,E34 M5,2026-09-12T11:04:36Z,ok,tier=0 anchor 80.5
BMW,E36 3-Series,2026-09-12T11:24:43Z,ok,tier=1 anchor 78.4
BMW,E36 M3,2026-09-11T11:44:15Z,ok,tier=0 anchor 80.6
BMW,E36/5 ti Compact,2026-09-12T11:34:42Z,zero,tier=1 rounded to zero
BMW,E38 7-Series,2026-09-12T11:24:18Z,zero,tier=1 rounded to zero
BMW,E39 5-Series,2026-09-11T11:49:07Z,ok,tier=1 anchor 77.9
BMW,E39 M5,2026-09-12T10:57:11Z,ok,tier=0 anchor 80.5
BMW,E46 3-Series Convertible,2026-09-10T12:25:14Z,empty,tier=2 no search volume
BMW,E46 3-Series Coupe,2026-09-12T11:36:22Z,ok,tier=2 anchor 67.1
BMW,E46 3-Series Sedan,2026-09-10T12:26:28Z,empty,tier=2 no search volume
BMW,E46 3-Series Touring,2026-09-10T12:27:01Z,empty,tier=2 no search volume
BMW,E46 330 ZHP,2026-09-10T12:26:21Z,empty,tier=2 no search volume
BMW,E46 M3,2026-09-11T11:43:12Z,ok,tier=0 anchor 80.6
BMW,E60 5-Series Sedan,2026-09-12T11:38:03Z,empty,tier=2 no search volume
BMW,E60 M5,2026-09-12T10:58:40Z,ok,tier=0 anchor 80.5
BMW,E61 5-Series Touring,2026-09-10T12:26:41Z,empty,tier=2 no search volume
BMW,E63/E64 6-Series,2026-09-11T12:06:25Z,empty,tier=2 no search volume
BMW,E63/E64 M6,2026-09-11T12:06:32Z,empty,tier=2 no search volume
BMW,E65/E66 7-Series,2026-09-11T12:06:58Z,empty,tier=2 no search volume
BMW,E82 1M,2026-09-12T11:27:40Z,ok,tier=1 anchor 78.4
BMW,E89 Z4 Roadster,2026-09-12T11:36:03Z,ok,tier=2 anchor 67.1
BMW,E9 Coupe,2026-09-12T11:25:59Z,ok,tier=1 anchor 78.4
BMW,E90 3-Series Sedan,2026-09-10T12:25:41Z,empty,tier=2 no search volume
BMW,E90/E92/E93 M3,2026-09-12T11:34:10Z,zero,tier=1 rounded to zero
BMW,E91 3-Series Touring,2026-09-12T11:37:44Z,empty,tier=2 no search volume
BMW,E92/E93 3-Series Coupe & Convertible,2026-09-10T12:32:18Z,empty,tier=2 no search volume
BMW,F01/F02 7-Series,2026-09-12T11:37:00Z,empty,tier=2 no search volume
BMW,F06/F12/F13 6-Series,2026-09-11T11:49:45Z,zero,tier=1 rounded to zero
BMW,F06/F12/F13 M6,2026-09-12T11:37:00Z,empty,tier=2 no search volume
BMW,F07 5-Series Gran Turismo,2026-09-11T12:10:41Z,empty,tier=2 no search volume
BMW,F10 5-Series,2026-09-12T11:25:09Z,ok,tier=1 anchor 78.4
BMW,F10 M5,2026-09-12T11:00:53Z,ok,tier=0 anchor 80.5
BMW,F30 3-Series Sedan,2026-09-11T11:47:13Z,ok,tier=1 anchor 77.9
BMW,F31 3-Series Touring,2026-09-10T12:26:15Z,empty,tier=2 no search volume
BMW,F32/F33/F36 4-Series,2026-09-11T12:08:15Z,empty,tier=2 no search volume
BMW,F34 3-Series Gran Turismo,2026-09-10T12:30:08Z,empty,tier=2 no search volume
BMW,"F650GS, F750GS, F800GS, & F850GS",2026-09-11T12:07:17Z,empty,tier=2 no search volume
BMW,F80 M3,2026-09-12T11:01:12Z,ok,tier=0 anchor 80.5
BMW,F800GT,2026-09-11T11:53:10Z,ok,tier=1 anchor 77.9
BMW,F82/F83 M4,2026-09-11T11:49:45Z,zero,tier=1 rounded to zero
BMW,F90 M5,2026-09-12T11:04:36Z,ok,tier=0 anchor 80.5
BMW,G11/G12 7-Series,2026-09-11T12:06:32Z,empty,tier=2 no search volume
BMW,G1X/F9X 8-Series,2026-09-11T12:07:05Z,empty,tier=2 no search volume
BMW,G20 3-Series,2026-09-12T11:32:29Z,ok,tier=1 anchor 78.9
BMW,G22/G23/G26 4-Series & i4,2026-09-11T12:10:41Z,empty,tier=2 no search volume
BMW,G29 Z4,2026-09-12T11:09:43Z,ok,tier=0 anchor 80.5
BMW,G30 5-Series,2026-09-12T11:29:33Z,ok,tier=1 anchor 78.4
BMW,G32 6-Series Gran Turismo,2026-09-11T11:49:52Z,zero,tier=1 rounded to zero
BMW,G80 M3,2026-09-12T11:04:04Z,ok,tier=0 anchor 80.5
BMW,G82/G83 M4,2026-09-12T11:34:16Z,ok,tier=1 anchor 78.9
BMW,HP2 Enduro,2026-09-11T11:53:16Z,ok,tier=1 anchor 77.9
BMW,I3,2026-09-12T11:12:15Z,ok,tier=0 anchor 80.5
BMW,Isetta,2026-09-12T11:01:12Z,ok,tier=0 anchor 80.5
BMW,K1,2026-09-12T11:29:02Z,ok,tier=1 anchor 78.4
BMW,K1200 & K1300,2026-09-12T11:03:45Z,zero,tier=0 rounded to zero
BMW,K1600,2026-09-12T11:07:46Z,ok,tier=0 anchor 80.5
BMW,"K75, K100, & K1100",2026-09-12T11:37:06Z,empty,tier=2 no search volume
BMW,M1,2026-09-12T11:18:25Z,ok,tier=0 anchor 80.5
BMW,M2,2026-09-12T11:00:46Z,ok,tier=0 anchor 31.2
BMW,M2 COMPETITION,2026-09-12T11:03:45Z,ok,tier=0 anchor 80.5
BMW,M2 CS,2026-09-12T11:12:15Z,ok,tier=0 anchor 80.5
BMW,M2 CS 58,2026-09-11T12:10:47Z,ok,tier=2 anchor 67.9
BMW,Neue Klasse,2026-09-12T10:56:52Z,ok,tier=0 anchor 80.5
BMW,Other Motorcycles,2026-09-11T11:48:42Z,ok,tier=1 anchor 77.9
BMW,R nineT,2026-09-12T11:02:35Z,ok,tier=0 anchor 80.5
BMW,R100,2026-09-12T11:00:08Z,ok,tier=0 anchor 80.5
BMW,R100GS,2026-09-11T11:47:26Z,ok,tier=1 anchor 77.9
BMW,"R1100, R1150, R1200, & R1250",2026-09-11T12:06:25Z,empty,tier=2 no search volume
BMW,R1100GS,2026-09-11T11:53:16Z,ok,tier=1 anchor 77.9
BMW,R1150GS,2026-09-12T11:29:08Z,ok,tier=1 anchor 78.4
BMW,R1200GS,2026-09-12T11:09:43Z,ok,tier=0 anchor 80.5
BMW,R1250GS,2026-09-12T11:06:29Z,ok,tier=0 anchor 80.5
BMW,R1300 GS OPTION,2026-09-11T12:10:47Z,empty,tier=2 no search volume
BMW,R1300GS,2026-09-12T11:18:25Z,ok,tier=0 anchor 80.5
BMW,R26 & R27,2026-09-12T11:31:08Z,ok,tier=1 anchor 78.9
BMW,"R50, R60, & /2",2026-09-11T12:06:45Z,empty,tier=2 no search volume
BMW,"R51, R61, R66, & R71",2026-09-11T12:07:43Z,empty,tier=2 no search volume
BMW,R65,2026-09-12T11:31:14Z,ok,tier=1 anchor 78.9
BMW,"R69, R69S, & R50S",2026-09-11T12:06:52Z,empty,tier=2 no search volume
BMW,R80,2026-09-12T11:09:43Z,ok,tier=0 anchor 80.5
BMW,R90S,2026-09-12T11:26:55Z,ok,tier=1 anchor 78.4
BMW,S1000 Series,2026-09-12T11:38:34Z,empty,tier=2 no search volume
BMW,X1,2026-09-12T10:56:58Z,ok,tier=0 anchor 80.5
BMW,X1 SDRIVE28I,2026-09-11T11:53:16Z,ok,tier=1 anchor 77.9
BMW,X1 XDRIVE28I,2026-09-12T11:18:25Z,ok,tier=0 anchor 80.5
BMW,X1 XDRIVE35I,2026-09-11T11:53:16Z,ok,tier=1 anchor 77.9
BMW,X2,2026-09-12T11:18:31Z,ok,tier=0 anchor 80.5
BMW,X3,2026-09-12T10:58:40Z,ok,tier=0 anchor 80.5
BMW,X4,2026-09-12T11:18:31Z,ok,tier=0 anchor 80.5
BMW,X4 M COMPETITION,2026-09-11T11:48:48Z,ok,tier=1 anchor 77.9
BMW,X4 M40I,2026-09-12T11:18:31Z,ok,tier=0 anchor 80.5
BMW,X5,2026-09-11T11:44:02Z,ok,tier=0 anchor 55.5
BMW,X6,2026-09-12T11:06:29Z,ok,tier=0 anchor 80.5
BMW,X7,2026-09-12T11:09:49Z,ok,tier=0 anchor 80.5
BMW,X7M50I,2026-09-11T12:10:47Z,ok,tier=2 anchor 67.9
BMW,Z1,2026-09-12T11:18:31Z,ok,tier=0 anchor 80.5
BMW,Z3,2026-09-11T11:45:00Z,ok,tier=0 anchor 80.6
BMW,Z3 M Coupe,2026-09-12T11:26:30Z,ok,tier=1 anchor 78.4
BMW,Z3 M Roadster,2026-09-12T11:23:59Z,ok,tier=1 anchor 78.4
BMW,Z4 Coupe E86,2026-09-12T11:29:39Z,ok,tier=1 anchor 78.4
BMW,Z4 M Coupe,2026-09-11T11:47:01Z,ok,tier=1 anchor 77.9
BMW,Z4 M Roadster,2026-09-11T11:46:36Z,ok,tier=1 anchor 77.9
BMW,Z4 Roadster E85,2026-09-12T11:24:12Z,ok,tier=1 anchor 78.4
BMW,Z8,2026-09-12T10:58:59Z,ok,tier=0 anchor 80.5
BMW,i3,2026-09-12T11:08:17Z,ok,tier=0 anchor 80.5
BMW,i8,2026-09-12T11:05:13Z,ok,tier=0 anchor 80.5
Bac,BAC Mono,2026-09-12T11:12:39Z,ok,tier=0 anchor 80.5
Benelli,BENELLI 250 SUPER SPORT,2026-09-11T12:10:47Z,empty,tier=2 no search volume
Benelli,BENELLI 900 SEI,2026-09-11T11:53:23Z,ok,tier=1 anchor 77.9
Benelli,BENELLI BUZZER,2026-09-11T12:10:53Z,empty,tier=2 no search volume
Benelli,BENELLI TRE TORNADO 899,2026-09-11T12:10:53Z,empty,tier=2 no search volume
Benelli,BENELLI TREK 1130 AMAZONAS,2026-09-11T11:53:23Z,ok,tier=1 anchor 77.9
Benelli,WARDS RIVERSIDE 450SS,2026-09-11T11:53:23Z,zero,tier=1 rounded to zero
Bentley,3.5 Litre & 4 1/4 Litre,2026-09-12T11:22:06Z,ok,tier=1 anchor 78.4
Bentley,Arnage,2026-09-12T11:00:46Z,zero,tier=0 rounded to zero
Bentley,Azure,2026-09-12T11:04:10Z,ok,tier=0 anchor 80.5
Bentley,Bentayga,2026-09-12T11:04:10Z,ok,tier=0 anchor 80.5
Bentley,Continental,2026-09-12T11:15:01Z,ok,tier=0 anchor 80.5
Bentley,Continental Flying Spur,2026-09-12T10:58:46Z,ok,tier=0 anchor 80.5
Bentley,Continental GT,2026-09-12T10:57:04Z,ok,tier=0 anchor 80.5
Bentley,Continental GTC,2026-09-12T10:57:04Z,ok,tier=0 anchor 80.5
Bentley,Mark VI,2026-09-12T11:31:14Z,ok,tier=1 anchor 78.9
Bentley,Mulsanne,2026-09-12T11:07:46Z,ok,tier=0 anchor 80.5
Bentley,R-Type,2026-09-12T11:29:39Z,ok,tier=1 anchor 78.4
Bentley,S-Type,2026-09-12T11:38:28Z,empty,tier=2 no search volume
Bentley,SZ Coupe,2026-09-11T12:08:02Z,empty,tier=2 no search volume
Bentley,SZ Saloon,2026-09-10T12:27:39Z,empty,tier=2 no search volume
Bimota,BIMOTA BB1 SUPERMONO,2026-09-11T12:08:21Z,empty,tier=2 no search volume
Bimota,BIMOTA DB3 MANTRA,2026-09-11T12:08:27Z,empty,tier=2 no search volume
Bimota,BIMOTA SB8K SANTAMONICA,2026-09-12T11:37:13Z,empty,tier=2 no search volume
Bimota,BIMOTA SB8R,2026-09-11T12:10:53Z,ok,tier=2 anchor 67.9
Bimota,BIMOTA TESI FINAL EDITION,2026-09-11T11:53:23Z,zero,tier=1 rounded to zero
Bitter,BITTER SC,2026-09-11T11:53:29Z,ok,tier=1 anchor 77.9
Bocar,BOCAR XP 7R,2026-09-11T12:10:53Z,ok,tier=2 anchor 67.9
Bonanza,BONANZA CR400 MINI CHOPPER,2026-09-11T12:11:00Z,empty,tier=2 no search volume
Borgward,BORGWARD ISABELLA,2026-09-11T11:53:29Z,ok,tier=1 anchor 77.9
Boston Whaler,BOSTON WHALER SPORT,2026-09-11T11:53:29Z,ok,tier=1 anchor 77.9
Bourget,BOURGET DRAGON,2026-09-11T11:53:29Z,zero,tier=1 rounded to zero
Bourget,BOURGET FAT DADDY,2026-09-11T12:11:00Z,empty,tier=2 no search volume
Bricklin,Bricklin SV-1,2026-09-12T11:31:14Z,ok,tier=1 anchor 78.9
Bridgestone,BRIDGESTONE TMX,2026-09-12T11:34:29Z,zero,tier=1 rounded to zero
Bsa,BSA 441 VICTOR,2026-09-11T11:53:35Z,ok,tier=1 anchor 77.9
Bsa,BSA A10 SUPER ROCKET,2026-09-11T12:11:00Z,ok,tier=2 anchor 67.9
Bsa,BSA A50 ROYAL STAR,2026-09-11T12:11:00Z,ok,tier=2 anchor 67.9
Bsa,BSA A50 STAR TWIN,2026-09-11T12:11:06Z,ok,tier=2 anchor 67.9
Bsa,BSA A65 SPITFIRE,2026-09-11T12:11:06Z,empty,tier=2 no search volume
Bsa,BSA A65 THUNDERBOLT,2026-09-10T12:30:08Z,empty,tier=2 no search volume
Bsa,BSA B40 STAR,2026-09-12T11:22:37Z,zero,tier=1 rounded to zero
Bsa,BSA BANTAM D1,2026-09-12T11:22:37Z,ok,tier=1 anchor 78.4
Bsa,BSA FIREBIRD SCRAMBLER,2026-09-12T11:35:26Z,empty,tier=2 no search volume
Bsa,BSA Gold Star,2026-09-12T11:18:38Z,ok,tier=0 anchor 80.5
Bsa,BSA HORNET 650,2026-09-12T11:35:26Z,empty,tier=2 no search volume
Bsa,BSA Lightning,2026-09-12T11:30:23Z,ok,tier=1 anchor 78.9
Bsa,BSA M20,2026-09-11T11:53:35Z,ok,tier=1 anchor 77.9
Bsa,BSA MKII SPITFIRE,2026-09-11T12:11:06Z,empty,tier=2 no search volume
Bsa,BSA ROYAL STAR,2026-09-11T11:53:35Z,ok,tier=1 anchor 77.9
Bsa,BSA Rocket,2026-09-12T11:30:23Z,ok,tier=1 anchor 78.9
Bsa,BSA SHOOTING STAR,2026-09-11T11:49:52Z,zero,tier=1 rounded to zero
Bsa,BSA SUPER FLASH,2026-09-11T12:11:06Z,ok,tier=2 anchor 67.9
Bsa,BSA Spitfire,2026-09-11T11:53:35Z,ok,tier=1 anchor 77.9
Bsa,BSA TW32 9,2026-09-11T12:11:12Z,empty,tier=2 no search volume
Bsa,BSA Victor Special,2026-09-11T12:08:27Z,empty,tier=2 no search volume
Buell,BUELL 1125CR,2026-09-11T11:53:42Z,ok,tier=1 anchor 77.9
Buell,BUELL M2 CYCLONE,2026-09-11T11:53:42Z,ok,tier=1 anchor 77.9
Buell,BUELL S2 THUNDERBOLT,2026-09-11T12:11:12Z,ok,tier=2 anchor 67.9
Buell,BUELL X1 LIGHTNING,2026-09-11T11:53:42Z,ok,tier=1 anchor 77.9
Buell,BUELL XB12X ULYSSES,2026-09-11T11:53:42Z,ok,tier=1 anchor 77.9
Buell,BUELL XB9R FIREBOLT,2026-09-11T12:11:12Z,ok,tier=2 anchor 67.9
Bugatti,Chiron,2026-09-12T11:15:08Z,ok,tier=0 anchor 80.5
Bugatti,Replica,2026-09-12T11:30:23Z,ok,tier=1 anchor 78.9
Buick,BUICK APOLLO,2026-09-11T11:53:48Z,ok,tier=1 anchor 77.9
Buick,BUICK ESTATE WAGON,2026-09-12T11:15:08Z,ok,tier=0 anchor 80.5
Buick,BUICK INVICTA CUSTOM ESTATE WAGON,2026-09-11T12:11:12Z,empty,tier=2 no search volume
Buick,BUICK LACROSSE,2026-09-12T11:18:38Z,ok,tier=0 anchor 80.5
Buick,BUICK LUCERNE,2026-09-12T11:18:38Z,ok,tier=0 anchor 80.5
Buick,BUICK SERIES 24 6 45 TOURING CAR,2026-09-11T12:11:19Z,empty,tier=2 no search volume
Buick,BUICK SERIES H ROADSTER,2026-09-11T11:53:48Z,zero,tier=1 rounded to zero
Buick,Buick Centurion,2026-09-11T11:53:48Z,ok,tier=1 anchor 77.9
Buick,Buick Century,2026-09-12T11:06:23Z,ok,tier=0 anchor 80.5
Buick,Buick Electra,2026-09-12T11:05:52Z,ok,tier=0 anchor 80.5
Buick,Buick Estate Wagon,2026-09-12T11:18:38Z,ok,tier=0 anchor 80.5
Buick,Buick GNX,2026-09-12T11:10:39Z,ok,tier=0 anchor 80.5
Buick,Buick GSX,2026-09-11T11:53:48Z,ok,tier=1 anchor 77.9
Buick,Buick Gran Sport,2026-09-12T11:28:30Z,ok,tier=1 anchor 78.4
Buick,Buick Grand National,2026-09-12T11:00:15Z,ok,tier=0 anchor 80.5
Buick,Buick LeSabre,2026-09-12T11:07:01Z,ok,tier=0 anchor 80.5
Buick,Buick Park Avenue,2026-09-12T11:12:39Z,ok,tier=0 anchor 80.5
Buick,Buick Reatta,2026-09-12T11:09:49Z,ok,tier=0 anchor 80.5
Buick,Buick Regal,2026-09-12T11:12:39Z,ok,tier=0 anchor 80.5
Buick,Buick Regal T-Type & Turbo-T,2026-09-11T11:49:33Z,ok,tier=1 anchor 77.9
Buick,Buick Riviera,2026-09-12T10:57:55Z,ok,tier=0 anchor 80.5
Buick,Buick Roadmaster,2026-09-12T11:02:35Z,ok,tier=0 anchor 80.5
Buick,Buick Skylark,2026-09-12T11:06:17Z,ok,tier=0 anchor 80.5
Buick,Buick Special,2026-09-12T11:01:31Z,ok,tier=0 anchor 80.5
Buick,Buick Standard Six & Master Six,2026-09-10T12:29:42Z,empty,tier=2 no search volume
Buick,Buick Super,2026-09-12T11:05:20Z,ok,tier=0 anchor 80.5
Bultaco,BULTACO 250 ASTRO,2026-09-11T12:11:19Z,empty,tier=2 no search volume
Bultaco,BULTACO METRALLA,2026-09-12T11:32:36Z,ok,tier=1 anchor 78.9
Bultaco,Bultaco Alpina,2026-09-12T11:31:14Z,ok,tier=1 anchor 78.9
Bultaco,Bultaco Pursang,2026-09-12T11:31:20Z,ok,tier=1 anchor 78.9
Bultaco,Bultaco Sherpa,2026-09-12T11:32:36Z,ok,tier=1 anchor 78.9
Cadillac,CADILLAC CIMARRON,2026-09-11T11:53:54Z,ok,tier=1 anchor 77.9
Cadillac,CADILLAC CT6,2026-09-12T11:18:44Z,ok,tier=0 anchor 80.5
Cadillac,CADILLAC CT6 V,2026-09-11T11:49:52Z,ok,tier=1 anchor 77.9
Cadillac,CADILLAC ELR,2026-09-12T11:18:44Z,ok,tier=0 anchor 80.5
Cadillac,CADILLAC SRX,2026-09-12T11:12:39Z,ok,tier=0 anchor 80.5
Cadillac,CADILLAC XTS,2026-09-12T11:10:46Z,ok,tier=0 anchor 80.5
Cadillac,Cadillac ATS & ATS-V,2026-09-12T11:10:46Z,ok,tier=0 anchor 80.5
Cadillac,Cadillac Allanté,2026-09-12T11:25:46Z,ok,tier=1 anchor 78.4
Cadillac,Cadillac Brougham,2026-09-12T11:04:10Z,ok,tier=0 anchor 80.5
Cadillac,Cadillac CT5 & CT5-V,2026-09-12T11:04:42Z,ok,tier=0 anchor 80.5
Cadillac,Cadillac CT6 & CT6-V,2026-09-12T11:18:44Z,ok,tier=0 anchor 80.5
Cadillac,Cadillac CTS & CTS-V,2026-09-12T10:57:11Z,ok,tier=0 anchor 80.5
Cadillac,Cadillac Calais,2026-09-11T11:53:54Z,ok,tier=1 anchor 77.9
Cadillac,Cadillac DTS,2026-09-12T11:03:01Z,ok,tier=0 anchor 80.5
Cadillac,Cadillac DeVille,2026-09-11T11:44:41Z,ok,tier=0 anchor 80.6
Cadillac,Cadillac Eldorado,2026-09-11T11:44:09Z,ok,tier=0 anchor 80.6
Cadillac,Cadillac Escalade & EXT GMT800,2026-09-12T11:00:21Z,ok,tier=0 anchor 69.6
Cadillac,Cadillac Escalade & EXT GMT900,2026-09-12T10:58:08Z,ok,tier=0 anchor 80.5
Cadillac,Cadillac Escalade GMT400,2026-09-12T11:38:40Z,empty,tier=2 no search volume
Cadillac,Cadillac Escalade K2XL,2026-09-10T12:27:01Z,empty,tier=2 no search volume
Cadillac,Cadillac Escalade T1XL (2021+),2026-09-12T11:38:47Z,empty,tier=2 no search volume
Cadillac,Cadillac Fleetwood 1985-1996,2026-09-12T11:03:45Z,ok,tier=0 anchor 80.5
Cadillac,Cadillac SRX,2026-09-12T11:18:50Z,ok,tier=0 anchor 80.5
Cadillac,Cadillac STS & STS-V,2026-09-12T11:08:46Z,ok,tier=0 anchor 80.5
Cadillac,Cadillac Series 61,2026-09-12T11:31:20Z,ok,tier=1 anchor 78.9
Cadillac,Cadillac Series 62,2026-09-12T10:58:01Z,ok,tier=0 anchor 80.5
Cadillac,Cadillac Series 75/Fleetwood,2026-09-11T12:07:05Z,ok,tier=2 anchor 67.9
Cadillac,Cadillac Seville,2026-09-12T11:01:43Z,ok,tier=0 anchor 80.5
Cadillac,Cadillac Sixty Special,2026-09-11T11:47:01Z,ok,tier=1 anchor 77.9
Cadillac,Cadillac V-12,2026-09-11T12:08:27Z,ok,tier=2 anchor 67.9
Cadillac,Cadillac V16,2026-09-12T11:18:44Z,ok,tier=0 anchor 80.5
Cadillac,Cadillac V8,2026-09-12T11:18:50Z,ok,tier=0 anchor 80.5
Cadillac,Cadillac XLR,2026-09-11T11:45:13Z,ok,tier=0 anchor 80.6
Cagiva,CAGIVA ALAZZURRA 650,2026-09-11T12:11:19Z,ok,tier=2 anchor 67.9
Cagiva,CAGIVA ELEFANT,2026-09-11T11:53:54Z,ok,tier=1 anchor 77.9
Cagiva,CAGIVA GRAN CANYON,2026-09-11T11:53:54Z,ok,tier=1 anchor 77.9
Caterham,Caterham Seven,2026-09-12T11:09:49Z,ok,tier=0 anchor 80.5
Checker,CHECKER SUPERBA,2026-09-12T11:35:32Z,empty,tier=2 no search volume
Checker,Checker Marathon,2026-09-12T11:15:08Z,ok,tier=0 anchor 80.5
Chevrolet,"150, 210, & Bel Air",2026-09-11T12:07:17Z,empty,tier=2 no search volume
Chevrolet,454 SS,2026-09-12T11:28:36Z,ok,tier=1 anchor 78.4
Chevrolet,AK Series Pickup,2026-09-10T12:28:19Z,empty,tier=2 no search volume
Chevrolet,Advance Design Pickup,2026-09-12T11:35:51Z,empty,tier=2 no search volume
Chevrolet,Astro,2026-09-12T11:05:52Z,ok,tier=0 anchor 80.5
Chevrolet,Avalanche,2026-09-12T11:26:11Z,ok,tier=1 anchor 28.7
Chevrolet,BERETTA,2026-09-12T11:15:08Z,ok,tier=0 anchor 80.5
Chevrolet,Bel Air,2026-09-12T11:02:03Z,ok,tier=0 anchor 80.5
Chevrolet,Biscayne,2026-09-12T11:12:46Z,ok,tier=0 anchor 80.5
Chevrolet,Blazer 1995-2004,2026-09-12T11:10:46Z,ok,tier=0 anchor 80.5
Chevrolet,Blazer GMT415,2026-09-10T12:28:44Z,empty,tier=2 no search volume
Chevrolet,C/K,2026-09-12T11:14:24Z,ok,tier=0 anchor 80.5
Chevrolet,C/K GMT400,2026-09-12T11:36:54Z,ok,tier=2 anchor 67.1
Chevrolet,C8 CORVETTE,2026-09-12T11:18:50Z,ok,tier=0 anchor 80.5
Chevrolet,CC303,2026-09-12T11:35:32Z,empty,tier=2 no search volume
Chevrolet,CHEETAH BILL THOMAS CHEETAH EVOLUTION,2026-09-12T11:35:32Z,empty,tier=2 no search volume
Chevrolet,CHEETAH COUPE,2026-09-12T11:22:44Z,zero,tier=1 rounded to zero
Chevrolet,CHEVETTE,2026-09-12T11:12:46Z,ok,tier=0 anchor 80.5
Chevrolet,CITATION,2026-09-12T11:18:50Z,ok,tier=0 anchor 80.5
Chevrolet,COBALT SS,2026-09-11T11:54:01Z,ok,tier=1 anchor 77.9
Chevrolet,CORVETTE,2026-09-11T11:43:12Z,ok,tier=0 anchor 80.6
Chevrolet,CORVETTE 115,2026-09-11T12:11:19Z,empty,tier=2 no search volume
Chevrolet,CORVETTE 131,2026-09-11T12:11:25Z,empty,tier=2 no search volume
Chevrolet,CORVETTE 136,2026-09-11T12:11:25Z,empty,tier=2 no search volume
Chevrolet,CORVETTE 154,2026-09-11T12:11:25Z,empty,tier=2 no search volume
Chevrolet,CORVETTE 175,2026-09-11T12:11:25Z,empty,tier=2 no search volume
Chevrolet,CORVETTE 205,2026-09-11T12:11:32Z,empty,tier=2 no search volume
Chevrolet,CORVETTE 263,2026-09-11T12:11:32Z,ok,tier=2 anchor 67.9
Chevrolet,CORVETTE 264,2026-09-11T12:11:32Z,empty,tier=2 no search volume
Chevrolet,CORVETTE 427 CONVERTIBLE,2026-09-10T12:27:46Z,empty,tier=2 no search volume
Chevrolet,CORVETTE 427 CONVERTIBLE 87,2026-09-11T12:11:32Z,empty,tier=2 no search volume
Chevrolet,CORVETTE 85,2026-09-11T11:54:01Z,ok,tier=1 anchor 77.9
Chevrolet,CORVETTE C7 R,2026-09-11T11:54:01Z,zero,tier=1 rounded to zero
Chevrolet,CORVETTE C7 R CONVERTIBLE,2026-09-11T11:54:01Z,zero,tier=1 rounded to zero
Chevrolet,CORVETTE CALLAWAY TWIN TURBO,2026-09-10T12:29:49Z,empty,tier=2 no search volume
Chevrolet,CORVETTE CHASSIS,2026-09-11T11:54:07Z,zero,tier=1 rounded to zero
Chevrolet,CORVETTE CONVERTIBLE,2026-09-11T11:43:06Z,ok,tier=0 anchor 80.6
Chevrolet,CORVETTE CONVERTIBLE 101,2026-09-11T12:11:38Z,empty,tier=2 no search volume
Chevrolet,CORVETTE CONVERTIBLE 22,2026-09-11T12:11:38Z,empty,tier=2 no search volume
Chevrolet,CORVETTE CONVERTIBLE 226,2026-09-11T12:11:38Z,empty,tier=2 no search volume
Chevrolet,CORVETTE CONVERTIBLE 268,2026-09-11T11:54:07Z,zero,tier=1 rounded to zero
Chevrolet,CORVETTE CONVERTIBLE 284,2026-09-11T12:11:38Z,empty,tier=2 no search volume
Chevrolet,CORVETTE CONVERTIBLE 289,2026-09-11T12:11:44Z,ok,tier=2 anchor 67.9
Chevrolet,CORVETTE CONVERTIBLE 37,2026-09-11T12:11:44Z,empty,tier=2 no search volume
Chevrolet,CORVETTE CONVERTIBLE 46,2026-09-11T12:11:44Z,ok,tier=2 anchor 67.9
Chevrolet,CORVETTE CONVERTIBLE 48,2026-09-11T12:11:44Z,empty,tier=2 no search volume
Chevrolet,CORVETTE CONVERTIBLE 48 2,2026-09-11T11:54:07Z,zero,tier=1 rounded to zero
Chevrolet,CORVETTE CONVERTIBLE 68,2026-09-11T12:11:51Z,empty,tier=2 no search volume
Chevrolet,CORVETTE CONVERTIBLE 77,2026-09-11T11:54:14Z,zero,tier=1 rounded to zero
Chevrolet,CORVETTE CONVERTIBLE 82,2026-09-11T12:11:51Z,ok,tier=2 anchor 67.9
Chevrolet,CORVETTE CONVERTIBLE 84,2026-09-11T12:11:51Z,empty,tier=2 no search volume
Chevrolet,CORVETTE CONVERTIBLE COLLECTORS EDITION,2026-09-12T11:37:19Z,empty,tier=2 no search volume
Chevrolet,CORVETTE CONVERTIBLE CONVERSION,2026-09-11T12:11:51Z,empty,tier=2 no search volume
Chevrolet,CORVETTE COUPE,2026-09-11T11:42:57Z,ok,tier=0 anchor 71.5
Chevrolet,CORVETTE COUPE 116,2026-09-11T11:54:07Z,ok,tier=1 anchor 77.9
Chevrolet,CORVETTE COUPE 216,2026-09-11T12:11:57Z,ok,tier=2 anchor 67.9
Chevrolet,CORVETTE COUPE 217,2026-09-11T12:11:57Z,empty,tier=2 no search volume
Chevrolet,CORVETTE COUPE 24 2,2026-09-11T12:11:57Z,empty,tier=2 no search volume
Chevrolet,CORVETTE COUPE 28,2026-09-11T12:11:57Z,empty,tier=2 no search volume
Chevrolet,CORVETTE COUPE 36,2026-09-11T11:54:14Z,zero,tier=1 rounded to zero
Chevrolet,CORVETTE COUPE 38,2026-09-11T11:54:14Z,zero,tier=1 rounded to zero
Chevrolet,CORVETTE COUPE 57,2026-09-11T12:12:03Z,ok,tier=2 anchor 67.9
Chevrolet,CORVETTE COUPE 58,2026-09-11T12:08:27Z,empty,tier=2 no search volume
Chevrolet,CORVETTE COUPE 60,2026-09-11T12:12:03Z,empty,tier=2 no search volume
Chevrolet,CORVETTE COUPE 67,2026-09-11T12:12:03Z,empty,tier=2 no search volume
Chevrolet,CORVETTE COUPE 98,2026-09-11T12:12:03Z,empty,tier=2 no search volume
Chevrolet,CORVETTE CUSTOM ANTEROS TARGA COUPE,2026-09-11T12:12:10Z,empty,tier=2 no search volume
Chevrolet,CORVETTE DEALERSHIP PROMOTIONAL GO KART DISPLAY,2026-09-11T12:12:10Z,empty,tier=2 no search volume
Chevrolet,CORVETTE E RAY,2026-09-12T11:30:23Z,ok,tier=1 anchor 78.9
Chevrolet,CORVETTE GRAND SPORT CONVERTIBLE,2026-09-11T11:49:52Z,ok,tier=1 anchor 77.9
Chevrolet,CORVETTE GRAND SPORT COUPE,2026-09-11T11:46:36Z,ok,tier=1 anchor 77.9
Chevrolet,CORVETTE GRAND SPORT COUPE 33,2026-09-11T11:54:14Z,zero,tier=1 rounded to zero
Chevrolet,CORVETTE PACE CAR L82 4 SPEED,2026-09-11T11:54:20Z,zero,tier=1 rounded to zero
Chevrolet,CORVETTE SPLIT WINDOW TWIN TURBO RESTO MOD,2026-09-11T12:12:10Z,empty,tier=2 no search volume
Chevrolet,CORVETTE STINGRAY,2026-09-12T11:08:17Z,ok,tier=0 anchor 80.5
Chevrolet,CORVETTE STINGRAY CONVERTIBLE,2026-09-12T11:24:50Z,ok,tier=1 anchor 78.4
Chevrolet,CORVETTE STINGRAY CONVERTIBLE 62,2026-09-11T12:12:10Z,empty,tier=2 no search volume
Chevrolet,CORVETTE STINGRAY COUPE,2026-09-12T11:24:24Z,ok,tier=1 anchor 78.4
Chevrolet,CORVETTE Z06,2026-09-11T11:44:09Z,ok,tier=0 anchor 80.6
Chevrolet,CORVETTE Z06 104,2026-09-11T12:12:16Z,ok,tier=2 anchor 67.9
Chevrolet,CORVETTE Z06 188,2026-09-11T12:12:16Z,empty,tier=2 no search volume
Chevrolet,CORVETTE Z06 87,2026-09-11T12:12:16Z,ok,tier=2 anchor 67.9
Chevrolet,CORVETTE Z06 CONVERTIBLE,2026-09-11T11:48:04Z,ok,tier=1 anchor 77.9
Chevrolet,CORVETTE Z06 CONVERTIBLE 42,2026-09-11T12:12:16Z,empty,tier=2 no search volume
Chevrolet,CORVETTE Z06 COUPE 98,2026-09-11T12:12:22Z,empty,tier=2 no search volume
Chevrolet,CORVETTE ZR 1,2026-09-12T11:35:57Z,empty,tier=2 no search volume
Chevrolet,CORVETTE ZR 1 14,2026-09-11T12:12:22Z,empty,tier=2 no search volume
Chevrolet,CORVETTE ZR 1 165,2026-09-11T12:12:22Z,empty,tier=2 no search volume
Chevrolet,CORVETTE ZR 1 19,2026-09-11T11:54:20Z,zero,tier=1 rounded to zero
Chevrolet,CORVETTE ZR 1 191,2026-09-11T12:12:22Z,empty,tier=2 no search volume
Chevrolet,CORVETTE ZR 1 25,2026-09-11T12:12:29Z,empty,tier=2 no search volume
Chevrolet,CORVETTE ZR 1 62,2026-09-11T12:12:29Z,empty,tier=2 no search volume
Chevrolet,CORVETTE ZR 1 66,2026-09-11T12:12:29Z,empty,tier=2 no search volume
Chevrolet,CORVETTE ZR1,2026-09-12T11:02:42Z,ok,tier=0 anchor 76.6
Chevrolet,CORVETTE ZR1 CONVERTIBLE,2026-09-12T11:32:29Z,ok,tier=1 anchor 78.9
Chevrolet,CORVETTE ZR1 COUPE,2026-09-12T11:25:34Z,ok,tier=1 anchor 78.4
Chevrolet,CORVETTE ZR1X,2026-09-12T11:12:46Z,ok,tier=0 anchor 80.5
Chevrolet,Camaro (1st Generation – 1967-1969),2026-09-10T12:25:01Z,empty,tier=2 no search volume
Chevrolet,Camaro (2nd Generation – 1970-1981),2026-09-10T12:26:15Z,empty,tier=2 no search volume
Chevrolet,Camaro (3rd Generation – 1982-1992),2026-09-10T12:25:41Z,empty,tier=2 no search volume
Chevrolet,Camaro (4th Generation – 1993-2002),2026-09-10T12:26:08Z,empty,tier=2 no search volume
Chevrolet,Camaro (5th Generation – 2010-2015),2026-09-10T12:25:41Z,empty,tier=2 no search volume
Chevrolet,Camaro (6th Generation – 2016-2024),2026-09-12T11:37:37Z,empty,tier=2 no search volume
Chevrolet,Camaro 1st Generation 1967-1969,2026-09-10T12:25:21Z,empty,tier=2 no search volume
Chevrolet,Camaro 2nd Generation 1970-1981,2026-09-11T11:46:04Z,ok,tier=1 anchor 77.9
Chevrolet,Camaro 3rd Generation 1982-1992,2026-09-10T12:27:13Z,empty,tier=2 no search volume
Chevrolet,Camaro 4th Generation 1993-2002,2026-09-10T12:26:01Z,empty,tier=2 no search volume
Chevrolet,Camaro 5th Generation 2010-2015,2026-09-12T11:38:03Z,empty,tier=2 no search volume
Chevrolet,Camaro 6th Generation 2016-2024,2026-09-11T11:47:26Z,ok,tier=1 anchor 77.9
Chevrolet,Caprice,2026-09-12T11:00:27Z,ok,tier=0 anchor 80.5
Chevrolet,Cavalier,2026-09-12T11:06:29Z,ok,tier=0 anchor 80.5
Chevrolet,Chevelle,2026-09-11T11:43:37Z,ok,tier=0 anchor 80.6
Chevrolet,Colorado,2026-09-12T11:15:33Z,ok,tier=0 anchor 80.5
Chevrolet,Corvair,2026-09-12T11:15:39Z,ok,tier=0 anchor 80.5
Chevrolet,Corvair Greenbrier and Corvan,2026-09-11T12:12:29Z,empty,tier=2 no search volume
Chevrolet,Corvair Rampside and Loadside Pickup,2026-09-10T12:29:17Z,empty,tier=2 no search volume
Chevrolet,Corvette C1,2026-09-12T11:25:02Z,ok,tier=1 anchor 78.4
Chevrolet,Corvette C2,2026-09-12T11:23:59Z,ok,tier=1 anchor 78.4
Chevrolet,Corvette C3,2026-09-12T11:23:03Z,ok,tier=1 anchor 78.4
Chevrolet,Corvette C4 Callaway,2026-09-11T12:12:35Z,empty,tier=2 no search volume
Chevrolet,Corvette C4 Collector Edition,2026-09-12T11:38:53Z,empty,tier=2 no search volume
Chevrolet,Corvette C4 Convertible,2026-09-12T11:36:16Z,ok,tier=2 anchor 67.1
Chevrolet,Corvette C4 Coupe,2026-09-12T11:36:10Z,empty,tier=2 no search volume
Chevrolet,Corvette C4 Grand Sport,2026-09-11T12:08:33Z,empty,tier=2 no search volume
Chevrolet,Corvette C4 Race Car,2026-09-11T12:12:35Z,empty,tier=2 no search volume
Chevrolet,Corvette C4 ZR-1,2026-09-10T12:26:47Z,empty,tier=2 no search volume
Chevrolet,Corvette C5,2026-09-12T10:59:49Z,ok,tier=0 anchor 80.5
Chevrolet,Corvette C5 Convertible,2026-09-11T11:54:20Z,zero,tier=1 rounded to zero
Chevrolet,Corvette C5 Z06,2026-09-12T11:34:29Z,ok,tier=1 anchor 78.9
Chevrolet,Corvette C6,2026-09-12T10:58:27Z,ok,tier=0 anchor 80.5
Chevrolet,Corvette C7,2026-09-12T11:00:34Z,ok,tier=0 anchor 48.1
Chevrolet,Corvette C8,2026-09-12T11:00:53Z,ok,tier=0 anchor 80.5
Chevrolet,Corvette Callaway,2026-09-11T11:49:58Z,ok,tier=1 anchor 77.9
Chevrolet,El Camino,2026-09-11T11:45:26Z,ok,tier=0 anchor 48.6
Chevrolet,Express,2026-09-12T11:01:31Z,ok,tier=0 anchor 80.5
Chevrolet,G-Series Van,2026-09-11T11:46:04Z,ok,tier=1 anchor 77.9
Chevrolet,HHR,2026-09-12T11:09:49Z,ok,tier=0 anchor 80.5
Chevrolet,Impala,2026-09-11T11:45:00Z,ok,tier=0 anchor 80.6
Chevrolet,Impala (1958),2026-09-12T11:30:30Z,ok,tier=1 anchor 78.9
Chevrolet,Impala Race Car,2026-09-12T11:22:06Z,zero,tier=1 rounded to zero
Chevrolet,Impala SS,2026-09-12T11:03:07Z,ok,tier=0 anchor 80.5
Chevrolet,Independence & Confederate,2026-09-12T11:08:46Z,ok,tier=0 anchor 80.5
Chevrolet,K5 Blazer 1969-1972,2026-09-12T10:58:46Z,ok,tier=0 anchor 80.5
Chevrolet,K5 Blazer 1973-1991,2026-09-12T10:56:58Z,ok,tier=0 anchor 80.5
Chevrolet,Kodiak,2026-09-12T11:10:52Z,ok,tier=0 anchor 80.5
Chevrolet,LAND SPEED RACECAR CORVETTE STYLE LAND SPEED CAR,2026-09-11T11:54:20Z,zero,tier=1 rounded to zero
Chevrolet,LOLA CORVETTE GTP,2026-09-11T12:12:35Z,empty,tier=2 no search volume
Chevrolet,LUMINA,2026-09-12T11:18:57Z,ok,tier=0 anchor 80.5
Chevrolet,LUMINA 3,2026-09-11T12:12:35Z,ok,tier=2 anchor 67.9
Chevrolet,LUMINA NASCAR RACE CAR,2026-09-11T12:12:41Z,ok,tier=2 anchor 67.9
Chevrolet,LUV,2026-09-12T11:12:52Z,error,tier=0 anchor zero
Chevrolet,MALIBU,2026-09-12T11:18:57Z,ok,tier=0 anchor 80.5
Chevrolet,MONZA V8 TOWNE COUPE,2026-09-11T12:12:41Z,empty,tier=2 no search volume
Chevrolet,Monte Carlo,2026-09-12T10:58:52Z,ok,tier=0 anchor 80.5
Chevrolet,"National, International, & Universal",2026-09-11T12:07:43Z,ok,tier=2 anchor 67.9
Chevrolet,Nomad,2026-09-12T11:18:57Z,ok,tier=0 anchor 80.5
Chevrolet,Nova,2026-09-12T10:57:04Z,ok,tier=0 anchor 80.5
Chevrolet,P30 STEP VAN,2026-09-11T11:54:26Z,ok,tier=1 anchor 77.9
Chevrolet,Parts and Automobilia – Engines,2026-09-11T12:12:41Z,empty,tier=2 no search volume
Chevrolet,Pickup,2026-09-12T11:06:29Z,ok,tier=0 anchor 80.5
Chevrolet,S-10,2026-09-12T10:59:30Z,ok,tier=0 anchor 49.1
Chevrolet,S-10 Blazer 1982-1994,2026-09-12T11:28:36Z,ok,tier=1 anchor 78.4
Chevrolet,SS Sedan,2026-09-12T11:26:49Z,ok,tier=1 anchor 78.4
Chevrolet,SSR,2026-09-12T10:57:49Z,ok,tier=0 anchor 80.5
Chevrolet,Silverado GMT800,2026-09-12T11:23:59Z,ok,tier=1 anchor 78.4
Chevrolet,Silverado GMT800 Heavy Duty,2026-09-12T11:37:37Z,empty,tier=2 no search volume
Chevrolet,Silverado GMT900,2026-09-12T11:36:28Z,ok,tier=2 anchor 67.1
Chevrolet,Silverado GMT900 Heavy Duty,2026-09-11T11:47:13Z,zero,tier=1 rounded to zero
Chevrolet,Silverado K2XX,2026-09-10T12:27:46Z,empty,tier=2 no search volume
Chevrolet,Silverado T1XX (2019+),2026-09-10T12:28:44Z,empty,tier=2 no search volume
Chevrolet,"Special, Deluxe, & Fleetline",2026-09-12T11:34:42Z,ok,tier=1 anchor 78.9
Chevrolet,"Standard, Master, Master Deluxe, & Special Deluxe",2026-09-11T12:06:52Z,empty,tier=2 no search volume
Chevrolet,"Stylemaster, Fleetmaster, & Fleetline",2026-09-11T12:07:24Z,empty,tier=2 no search volume
Chevrolet,Suburban,2026-09-12T10:59:24Z,ok,tier=0 anchor 69.6
Chevrolet,Suburban (GMT400 1992-1999),2026-09-12T11:37:44Z,empty,tier=2 no search volume
Chevrolet,Suburban (GMT800 2000-2006),2026-09-11T12:07:55Z,ok,tier=2 anchor 67.9
Chevrolet,Suburban (GMT900 2007-2014),2026-09-11T11:47:01Z,zero,tier=1 rounded to zero
Chevrolet,TAHOE,2026-09-12T11:15:14Z,ok,tier=0 anchor 80.5
Chevrolet,Tahoe GMT400,2026-09-12T11:35:57Z,ok,tier=2 anchor 67.1
Chevrolet,Tahoe GMT800,2026-09-12T11:36:03Z,ok,tier=2 anchor 67.1
Chevrolet,Tahoe GMT900,2026-09-10T12:30:08Z,empty,tier=2 no search volume
Chevrolet,Tahoe K2XX,2026-09-10T12:30:15Z,empty,tier=2 no search volume
Chevrolet,Task Force Pickup,2026-09-10T12:25:28Z,empty,tier=2 no search volume
Chevrolet,Trailblazer,2026-09-12T11:08:17Z,ok,tier=0 anchor 80.5
Chevrolet,Tri-5,2026-09-10T12:25:08Z,empty,tier=2 no search volume
Chevrolet,Vega,2026-09-12T11:14:36Z,ok,tier=0 anchor 80.5
Chevrolet,YEOMAN,2026-09-11T12:12:48Z,empty,tier=2 no search volume
Chris Craft,CHRIS CRAFT DELUXE RUNABOUT,2026-09-11T12:08:33Z,empty,tier=2 no search volume
Chris Craft,CHRIS CRAFT LANCER,2026-09-11T11:54:26Z,ok,tier=1 anchor 77.9
Chris-Craft,CHRIS CRAFT 17 RUNABOUT,2026-09-11T11:54:26Z,zero,tier=1 rounded to zero
Chris-Craft,CHRIS CRAFT COBRA,2026-09-11T12:12:48Z,ok,tier=2 anchor 67.9
Chris-Craft,Chris-Craft Continental,2026-09-11T12:12:41Z,ok,tier=2 anchor 67.9
Chris-Craft,Chris-Craft Runabout,2026-09-11T12:12:48Z,ok,tier=2 anchor 67.9
Chris-Craft,Chris-Craft Sportsman,2026-09-11T12:12:48Z,ok,tier=2 anchor 67.9
Chrysler,CHRYSLER,2026-09-11T11:45:39Z,ok,tier=0 anchor 14.2
Chrysler,CHRYSLER 200,2026-09-12T11:18:57Z,ok,tier=0 anchor 80.5
Chrysler,CHRYSLER 300,2026-09-12T11:19:03Z,ok,tier=0 anchor 80.5
Chrysler,CHRYSLER ASPEN,2026-09-12T11:19:03Z,ok,tier=0 anchor 80.5
Chrysler,CHRYSLER CD 8,2026-09-11T11:49:58Z,zero,tier=1 rounded to zero
Chrysler,CHRYSLER CM6 ROADSTER,2026-09-11T12:12:54Z,empty,tier=2 no search volume
Chrysler,CHRYSLER E CLASS,2026-09-11T11:54:26Z,ok,tier=1 anchor 77.9
Chrysler,CHRYSLER LHS,2026-09-12T11:19:03Z,ok,tier=0 anchor 80.5
Chrysler,CHRYSLER MODEL 75 4 DOOR TOURING,2026-09-11T12:12:54Z,ok,tier=2 anchor 67.9
Chrysler,CHRYSLER MODEL CM6,2026-09-12T11:22:12Z,ok,tier=1 anchor 78.4
Chrysler,CHRYSLER SEBRING,2026-09-12T11:10:52Z,ok,tier=0 anchor 80.5
Chrysler,CHRYSLER SERIES 72 ROADSTER,2026-09-11T12:12:54Z,empty,tier=2 no search volume
Chrysler,CHRYSLER SERIES 75 COUPE WITH RUMBLE SEAT,2026-09-11T12:12:54Z,empty,tier=2 no search volume
Chrysler,CHRYSLER WAYFARER COUPE UTILITY,2026-09-11T12:13:01Z,ok,tier=2 anchor 67.9
Chrysler,Chrysler & DeSoto Airflow,2026-09-11T12:13:01Z,empty,tier=2 no search volume
Chrysler,Chrysler 300,2026-09-12T11:03:01Z,ok,tier=0 anchor 80.5
Chrysler,Chrysler 300 Letter Series,2026-09-12T11:38:28Z,empty,tier=2 no search volume
Chrysler,Chrysler 300 Non-Letter Series,2026-09-12T11:38:28Z,empty,tier=2 no search volume
Chrysler,Chrysler Conquest & Mitsubishi Starion,2026-09-11T11:48:04Z,ok,tier=1 anchor 77.9
Chrysler,Chrysler Cordoba,2026-09-12T11:12:52Z,error,tier=0 anchor zero
Chrysler,Chrysler Crossfire,2026-09-12T11:15:46Z,ok,tier=0 anchor 80.5
Chrysler,Chrysler Fifth Avenue,2026-09-12T11:19:03Z,ok,tier=0 anchor 80.5
Chrysler,Chrysler Imperial,2026-09-12T11:04:42Z,ok,tier=0 anchor 80.5
Chrysler,Chrysler K-Car,2026-09-10T12:27:59Z,empty,tier=2 no search volume
Chrysler,Chrysler LeBaron,2026-09-12T11:10:46Z,ok,tier=0 anchor 80.5
Chrysler,Chrysler New Yorker,2026-09-12T11:10:52Z,ok,tier=0 anchor 80.5
Chrysler,Chrysler Newport,2026-09-12T11:15:14Z,ok,tier=0 anchor 80.5
Chrysler,Chrysler PT Cruiser,2026-09-12T11:06:36Z,ok,tier=0 anchor 80.5
Chrysler,Chrysler Pacifica Minivan,2026-09-12T11:08:46Z,ok,tier=0 anchor 80.5
Chrysler,Chrysler Sebring,2026-09-12T11:15:14Z,ok,tier=0 anchor 80.5
Chrysler,Chrysler Sno-Runner,2026-09-11T12:08:33Z,empty,tier=2 no search volume
Chrysler,Chrysler TC by Maserati,2026-09-11T11:54:33Z,ok,tier=1 anchor 77.9
Chrysler,Chrysler Town & Country,2026-09-12T11:08:17Z,ok,tier=0 anchor 80.5
Chrysler,Chrysler Town & Country Minivan,2026-09-12T11:09:55Z,ok,tier=0 anchor 80.5
Chrysler,Chrysler Voyager,2026-09-12T11:19:09Z,ok,tier=0 anchor 80.5
Chrysler,Chrysler Windsor,2026-09-12T11:09:55Z,ok,tier=0 anchor 80.5
Cisitalia,CISITALIA,2026-09-12T11:34:48Z,ok,tier=1 anchor 73.0
Cisitalia,CISITALIA 808 XF,2026-09-11T11:54:33Z,zero,tier=1 rounded to zero
Citroën,CITROEN BX,2026-09-11T11:54:33Z,ok,tier=1 anchor 77.9
Citroën,CITROEN GS,2026-09-11T11:54:33Z,ok,tier=1 anchor 77.9
Citroën,CITROEN HY,2026-09-11T12:13:01Z,ok,tier=2 anchor 67.9
Citroën,Citroen 2CV,2026-09-12T11:27:02Z,ok,tier=1 anchor 78.4
Citroën,Citroen CX,2026-09-12T11:32:36Z,ok,tier=1 anchor 78.9
Citroën,Citroen DS,2026-09-11T11:48:04Z,ok,tier=1 anchor 77.9
Citroën,Citroen Mehari,2026-09-11T12:13:01Z,ok,tier=2 anchor 67.9
Citroën,Citroen SM,2026-09-12T11:23:09Z,zero,tier=1 rounded to zero
Citroën,Citroen Traction Avant,2026-09-10T12:30:15Z,empty,tier=2 no search volume
Classic Roadsters,500K REPLICA BY CLASSIC ROADSTERS,2026-09-11T12:13:07Z,empty,tier=2 no search volume
Classic Roadsters,CLASSIC ROADSTERS MARLENE,2026-09-11T12:13:07Z,empty,tier=2 no search volume
Confederate,CONFEDERATE HELLCAT G2 F131,2026-09-11T12:13:07Z,empty,tier=2 no search volume
Confederate,CONFEDERATE MOTORCYCLE HELLCAT,2026-09-11T12:13:13Z,empty,tier=2 no search volume
Cord,Cord 810/812,2026-09-12T11:34:42Z,zero,tier=1 rounded to zero
Cord,Cord L-29,2026-09-11T11:54:39Z,ok,tier=1 anchor 77.9
Cord,Cord Replica,2026-09-12T11:15:20Z,ok,tier=0 anchor 80.5
Crosley,CROSLEY SKORPION PROTOTYPE,2026-09-11T12:13:13Z,empty,tier=2 no search volume
Crosley,"Crosley Sedan, Convertible, & Wagon",2026-09-11T12:07:30Z,ok,tier=2 anchor 67.9
Crosley,Crosley Super Sport & Hot Shot,2026-09-11T12:13:07Z,empty,tier=2 no search volume
Cushman,CUSHMAN HAULSTER,2026-09-11T11:54:39Z,ok,tier=1 anchor 77.9
Cushman,CUSHMAN PACEMAKER MODEL,2026-09-11T12:13:13Z,ok,tier=2 anchor 67.9
Cushman,CUSHMAN PACKAGE KAR,2026-09-11T12:08:33Z,empty,tier=2 no search volume
Cushman,CUSHMAN SCOOTER,2026-09-11T11:54:39Z,ok,tier=1 anchor 77.9
Cushman,CUSHMAN SERIES,2026-09-11T11:54:39Z,ok,tier=1 anchor 77.9
Cushman,CUSHMAN TRAILSTER,2026-09-11T12:13:13Z,empty,tier=2 no search volume
Cushman,CUSHMAN TRUCKSTER,2026-09-11T11:49:58Z,ok,tier=1 anchor 77.9
Cushman,Cushman Eagle,2026-09-12T11:34:23Z,ok,tier=1 anchor 78.9
Cushman,Cushman Truckster,2026-09-11T11:54:45Z,ok,tier=1 anchor 77.9
Cz,CZ 250 MOTOCROSS,2026-09-11T12:13:20Z,empty,tier=2 no search volume
Cz,CZ FALTA 400,2026-09-11T12:13:20Z,ok,tier=2 anchor 67.9
Daihatsu,DAIHATSU MIDGET 2,2026-09-11T11:54:45Z,ok,tier=1 anchor 77.9
Daihatsu,DAIHATSU MIDGET II,2026-09-11T11:54:45Z,ok,tier=1 anchor 77.9
Daihatsu,DAIHATSU MIRA,2026-09-12T11:19:09Z,ok,tier=0 anchor 80.5
Daihatsu,DAIHATSU MIRA GINO,2026-09-12T11:32:42Z,ok,tier=1 anchor 78.9
Daihatsu,DAIHATSU NAKED,2026-09-11T11:54:45Z,ok,tier=1 anchor 77.9
Daihatsu,DAIHATSU TAFT,2026-09-12T11:15:20Z,ok,tier=0 anchor 80.5
Daihatsu,Daihatsu Hijet,2026-09-12T11:15:52Z,ok,tier=0 anchor 80.5
Daihatsu,Daihatsu Midget,2026-09-12T11:31:20Z,ok,tier=1 anchor 78.9
Daimler,DAIMLER DS420,2026-09-11T11:54:52Z,ok,tier=1 anchor 77.9
Daimler,DAIMLER EMPRESS SEDAN DF302,2026-09-11T12:13:20Z,empty,tier=2 no search volume
Daimler,DAIMLER V8 250,2026-09-11T11:54:52Z,ok,tier=1 anchor 77.9
Daimler,Daimler Ferret,2026-09-11T11:54:52Z,ok,tier=1 anchor 77.9
Daimler,Daimler SP250,2026-09-12T11:32:42Z,ok,tier=1 anchor 78.9
Dallara,DALLARA EXP,2026-09-11T11:54:52Z,ok,tier=1 anchor 77.9
Dallara,DALLARA INDY LIGHTS,2026-09-11T12:13:20Z,empty,tier=2 no search volume
DeLorean,DeLorean DMC-12,2026-09-12T11:00:53Z,ok,tier=0 anchor 80.5
Desoto,DESOTO CUSTOM,2026-09-11T11:54:58Z,ok,tier=1 anchor 77.9
Desoto,DESOTO DELUXE FIRST SERIES,2026-09-11T12:13:26Z,empty,tier=2 no search volume
Desoto,DESOTO SEDAN,2026-09-11T11:54:58Z,ok,tier=1 anchor 77.9
Desoto,DeSoto Firedome,2026-09-11T11:49:58Z,ok,tier=1 anchor 77.9
Desoto,DeSoto Fireflite,2026-09-11T11:50:04Z,ok,tier=1 anchor 77.9
Detomaso,DeTomaso Mangusta,2026-09-11T11:50:04Z,ok,tier=1 anchor 77.9
Detomaso,DeTomaso Pantera,2026-09-12T11:24:37Z,ok,tier=1 anchor 78.4
Detomaso,DeTomaso Vallelunga,2026-09-11T11:50:04Z,ok,tier=1 anchor 77.9
Devin,DEVIN,2026-09-11T11:45:39Z,ok,tier=0 anchor 14.2
Devin,DEVIN D,2026-09-11T11:54:58Z,ok,tier=1 anchor 77.9
Devin,DEVIN SPECIAL,2026-09-11T11:54:58Z,ok,tier=1 anchor 77.9
Diamond T,DIAMOND T 201 PICKUP,2026-09-11T12:13:26Z,empty,tier=2 no search volume
Diamond T,DIAMOND T COE,2026-09-11T12:13:26Z,empty,tier=2 no search volume
Divco,DIVCO 300D,2026-09-12T11:22:12Z,ok,tier=1 anchor 78.4
Dkw,DKW 3,2026-09-11T11:55:05Z,ok,tier=1 anchor 77.9
Dkw,DKW Tin Banana,2026-09-11T12:13:26Z,empty,tier=2 no search volume
Dodge,& Plymouth Neon,2026-09-12T11:34:23Z,ok,tier=1 anchor 78.9
Dodge,"330, 440, & 880",2026-09-12T11:37:13Z,empty,tier=2 no search volume
Dodge,A100 Pickup,2026-09-11T11:55:05Z,ok,tier=1 anchor 77.9
Dodge,ASPEN,2026-09-12T11:19:09Z,ok,tier=0 anchor 80.5
Dodge,B-Series,2026-09-11T11:49:33Z,zero,tier=1 rounded to zero
Dodge,BROTHERS,2026-09-12T10:56:58Z,ok,tier=0 anchor 80.5
Dodge,C-Series,2026-09-12T11:38:59Z,empty,tier=2 no search volume
Dodge,COUPE,2026-09-12T11:19:09Z,ok,tier=0 anchor 80.5
Dodge,Caravan & Grand Caravan,2026-09-12T11:15:20Z,ok,tier=0 anchor 80.5
Dodge,Challenger,2026-09-12T11:03:51Z,ok,tier=0 anchor 80.5
Dodge,"Challenger (non-SRT, 2009-2023)",2026-09-10T12:26:21Z,empty,tier=2 no search volume
Dodge,Challenger SRT Demon & Super Stock,2026-09-11T11:45:20Z,ok,tier=0 anchor 80.6
Dodge,Challenger SRT Hellcat,2026-09-12T10:57:17Z,ok,tier=0 anchor 80.5
Dodge,Challenger SRT8 & 392,2026-09-12T11:00:21Z,ok,tier=0 anchor 69.6
Dodge,Charger,2026-09-12T10:57:17Z,ok,tier=0 anchor 80.5
Dodge,Coronet,2026-09-12T11:04:10Z,ok,tier=0 anchor 80.5
Dodge,D-50 & Ram 50,2026-09-11T12:13:32Z,empty,tier=2 no search volume
Dodge,D-Series,2026-09-11T11:47:01Z,ok,tier=1 anchor 77.9
Dodge,"D2, D5, & D8",2026-09-12T11:22:12Z,zero,tier=1 rounded to zero
Dodge,D5 TOURING SEDAN,2026-09-11T12:13:32Z,empty,tier=2 no search volume
Dodge,DB SENIOR,2026-09-11T12:13:32Z,empty,tier=2 no search volume
Dodge,Dakota,2026-09-12T11:03:19Z,ok,tier=0 anchor 80.5
Dodge,Dart,2026-09-12T11:01:43Z,ok,tier=0 anchor 80.5
Dodge,Daytona & Chrysler Laser,2026-09-12T11:09:55Z,ok,tier=0 anchor 80.5
Dodge,Demon,2026-09-12T11:15:14Z,ok,tier=0 anchor 80.5
Dodge,Durango,2026-09-12T11:05:20Z,ok,tier=0 anchor 80.5
Dodge,HC/KC Pickup,2026-09-11T12:07:30Z,empty,tier=2 no search volume
Dodge,INTREPID NASCAR RACE CAR,2026-09-11T12:13:32Z,empty,tier=2 no search volume
Dodge,MODEL 30,2026-09-11T11:55:05Z,ok,tier=1 anchor 77.9
Dodge,Magnum,2026-09-12T11:04:42Z,ok,tier=0 anchor 80.5
Dodge,Military Vehicles,2026-09-12T11:38:21Z,empty,tier=2 no search volume
Dodge,NITRO,2026-09-12T11:19:16Z,ok,tier=0 anchor 80.5
Dodge,Omni & Plymouth Horizon,2026-09-12T11:12:46Z,ok,tier=0 anchor 80.5
Dodge,Polara,2026-09-12T11:10:02Z,ok,tier=0 anchor 80.5
Dodge,Power Wagon,2026-09-12T11:01:05Z,ok,tier=0 anchor 80.5
Dodge,Ram,2026-09-11T11:45:26Z,ok,tier=0 anchor 48.6
Dodge,Ram 1500,2026-09-12T10:58:14Z,ok,tier=0 anchor 80.5
Dodge,Ram 1500 (2019+),2026-09-12T11:15:20Z,ok,tier=0 anchor 80.5
Dodge,Ram HD,2026-09-11T11:44:02Z,ok,tier=0 anchor 55.5
Dodge,Ram HD (2019+),2026-09-12T11:36:28Z,ok,tier=2 anchor 67.1
Dodge,Ram SRT-10 Pickup,2026-09-12T11:36:10Z,empty,tier=2 no search volume
Dodge,Ram TRX,2026-09-12T11:02:09Z,ok,tier=0 anchor 80.5
Dodge,Ram Van,2026-09-12T11:05:26Z,ok,tier=0 anchor 80.5
Dodge,Ramcharger / Plymouth Trail Duster,2026-09-11T12:08:15Z,empty,tier=2 no search volume
Dodge,Royal,2026-09-12T11:15:27Z,ok,tier=0 anchor 80.5
Dodge,STRATUS,2026-09-12T11:19:16Z,ok,tier=0 anchor 80.5
Dodge,Shelby,2026-09-12T11:06:36Z,ok,tier=0 anchor 80.5
Dodge,Stealth,2026-09-12T11:06:42Z,ok,tier=0 anchor 80.5
Dodge,Super Bee,2026-09-12T11:10:52Z,ok,tier=0 anchor 80.5
Dodge,T/V/W-Series,2026-09-11T12:07:43Z,empty,tier=2 no search volume
Dodge,Tradesman & Sportsman Vans,2026-09-12T11:08:52Z,ok,tier=0 anchor 80.5
Dodge,Viper,2026-09-12T11:00:15Z,ok,tier=0 anchor 80.5
Dodge,Viper SR I,2026-09-12T11:35:57Z,ok,tier=2 anchor 67.1
Dodge,Viper SR II,2026-09-10T12:25:28Z,empty,tier=2 no search volume
Dodge,Viper ZB I,2026-09-11T11:46:04Z,zero,tier=1 rounded to zero
Dodge,Viper ZB II,2026-09-10T12:26:47Z,empty,tier=2 no search volume
Dodge,WAYFARER,2026-09-11T11:55:05Z,ok,tier=1 anchor 77.9
Donzi,DONZI 16 SKI SPORTER 2,2026-09-11T12:13:39Z,empty,tier=2 no search volume
Donzi,DONZI CLASSIC 22,2026-09-11T11:55:11Z,ok,tier=1 anchor 77.9
Donzi,Donzi Classic,2026-09-11T11:50:04Z,ok,tier=1 anchor 77.9
Ducati,DUCATI,2026-09-11T11:45:33Z,ok,tier=0 anchor 8.5
Ducati,DUCATI 1198S,2026-09-11T11:50:11Z,ok,tier=1 anchor 77.9
Ducati,DUCATI 200 ELITE,2026-09-11T12:13:39Z,empty,tier=2 no search volume
Ducati,DUCATI 250,2026-09-12T11:15:27Z,ok,tier=0 anchor 80.5
Ducati,DUCATI 749 DARK,2026-09-11T11:55:11Z,zero,tier=1 rounded to zero
Ducati,DUCATI 749R,2026-09-11T11:55:11Z,ok,tier=1 anchor 77.9
Ducati,DUCATI 848,2026-09-12T11:19:16Z,ok,tier=0 anchor 80.5
Ducati,DUCATI 860GT,2026-09-11T11:55:11Z,zero,tier=1 rounded to zero
Ducati,DUCATI 888,2026-09-11T11:50:11Z,ok,tier=1 anchor 77.9
Ducati,DUCATI 907 IE,2026-09-11T12:13:39Z,ok,tier=2 anchor 67.9
Ducati,DUCATI DESERTX,2026-09-12T11:19:22Z,ok,tier=0 anchor 80.5
Ducati,DUCATI DIANA MARK 3,2026-09-11T12:08:40Z,empty,tier=2 no search volume
Ducati,DUCATI F1 750,2026-09-11T11:55:17Z,ok,tier=1 anchor 77.9
Ducati,DUCATI HYPERMOTARD 950SP,2026-09-11T11:55:17Z,zero,tier=1 rounded to zero
Ducati,DUCATI MONZA,2026-09-11T11:50:11Z,ok,tier=1 anchor 77.9
Ducati,DUCATI PASO 750 LIMITED,2026-09-11T12:13:39Z,empty,tier=2 no search volume
Ducati,DUCATI ROAD,2026-09-12T11:19:22Z,ok,tier=0 anchor 80.5
Ducati,DUCATI SCRAMBLER,2026-09-12T11:19:22Z,ok,tier=0 anchor 80.5
Ducati,DUCATI ST3,2026-09-11T11:55:17Z,ok,tier=1 anchor 77.9
Ducati,DUCATI ST3S ABS,2026-09-11T12:13:45Z,empty,tier=2 no search volume
Ducati,DUCATI ST4,2026-09-11T11:55:17Z,ok,tier=1 anchor 77.9
Ducati,DUCATI ST4S,2026-09-11T11:55:23Z,ok,tier=1 anchor 77.9
Ducati,DUCATI ST4S DESMOQUATTRO,2026-09-11T12:13:45Z,empty,tier=2 no search volume
Ducati,DUCATI SUPERSPORT S,2026-09-11T11:50:11Z,ok,tier=1 anchor 77.9
Ducati,DUCATI TURISMO,2026-09-11T11:55:23Z,ok,tier=1 anchor 77.9
Ducati,Ducati 1098,2026-09-12T11:07:46Z,ok,tier=0 anchor 80.5
Ducati,Ducati 1198,2026-09-11T11:48:55Z,ok,tier=1 anchor 77.9
Ducati,Ducati 450,2026-09-12T11:12:52Z,error,tier=0 anchor zero
Ducati,Ducati 748,2026-09-12T11:03:51Z,ok,tier=0 anchor 80.5
Ducati,Ducati 749,2026-09-12T11:29:08Z,ok,tier=1 anchor 78.4
Ducati,Ducati 750 & 900 Super Sport,2026-09-12T11:10:59Z,ok,tier=0 anchor 80.5
Ducati,Ducati 750 F1,2026-09-12T11:30:30Z,ok,tier=1 anchor 78.9
Ducati,Ducati 750 Sport,2026-09-11T11:50:17Z,ok,tier=1 anchor 77.9
Ducati,"Ducati 750, 800, 900, & 1000 Supersport",2026-09-11T12:06:52Z,empty,tier=2 no search volume
Ducati,Ducati 750GT,2026-09-12T11:22:12Z,zero,tier=1 rounded to zero
Ducati,Ducati 851,2026-09-11T11:55:23Z,ok,tier=1 anchor 77.9
Ducati,Ducati 916,2026-09-12T11:04:16Z,ok,tier=0 anchor 80.5
Ducati,Ducati 996,2026-09-12T11:09:55Z,ok,tier=0 anchor 80.5
Ducati,Ducati 998,2026-09-11T11:49:33Z,ok,tier=1 anchor 77.9
Ducati,Ducati 999,2026-09-12T11:08:24Z,ok,tier=0 anchor 80.5
Ducati,Ducati Desmosedici,2026-09-12T11:15:27Z,ok,tier=0 anchor 80.5
Ducati,Ducati Diavel,2026-09-12T11:04:23Z,ok,tier=0 anchor 80.5
Ducati,Ducati Hypermotard,2026-09-12T11:04:48Z,ok,tier=0 anchor 80.5
Ducati,Ducati MH900e,2026-09-12T11:29:08Z,ok,tier=1 anchor 78.4
Ducati,Ducati Monster,2026-09-12T10:57:49Z,ok,tier=0 anchor 80.5
Ducati,Ducati Multistrada,2026-09-12T11:01:50Z,ok,tier=0 anchor 80.0
Ducati,Ducati Panigale,2026-09-12T11:05:20Z,ok,tier=0 anchor 80.5
Ducati,Ducati Paul Smart,2026-09-12T11:32:42Z,ok,tier=1 anchor 78.9
Ducati,Ducati ST,2026-09-12T11:19:16Z,ok,tier=0 anchor 80.5
Ducati,Ducati Scrambler,2026-09-12T11:07:08Z,ok,tier=0 anchor 58.1
Ducati,Ducati SportClassic,2026-09-12T11:28:05Z,ok,tier=1 anchor 78.4
Ducati,Ducati Streetfighter,2026-09-12T11:07:08Z,ok,tier=0 anchor 58.1
Ducati,Ducati SuperSport (2017+),2026-09-11T11:55:23Z,ok,tier=1 anchor 77.9
Ducati,Ducati Superleggera,2026-09-12T11:10:59Z,ok,tier=0 anchor 80.5
Ebr,EBR 1190SX,2026-09-11T11:55:30Z,zero,tier=1 rounded to zero
Edsel,EDSEL CITATION,2026-09-11T11:55:30Z,ok,tier=1 anchor 77.9
Edsel,EDSEL CORSAIR,2026-09-12T11:32:42Z,ok,tier=1 anchor 78.9
Edsel,EDSEL PACER,2026-09-11T11:55:30Z,ok,tier=1 anchor 77.9
Edsel,EDSEL RANGER,2026-09-11T11:55:30Z,ok,tier=1 anchor 77.9
Edsel,EDSEL RANGER 4 DOOR SEDAN,2026-09-11T12:13:45Z,empty,tier=2 no search volume
Edsel,EDSEL VILLAGER,2026-09-11T11:55:36Z,ok,tier=1 anchor 77.9
Edsel,Edsel Ranger,2026-09-11T11:50:17Z,ok,tier=1 anchor 77.9
Elva,ELVA COURIER,2026-09-11T12:13:45Z,empty,tier=2 no search volume
Excalibur,EXCALIBUR PHAETON,2026-09-11T11:55:36Z,ok,tier=1 anchor 77.9
Excalibur,Excalibur Phaeton,2026-09-12T11:32:48Z,ok,tier=1 anchor 78.9
Exomotive,EXOMOTIVE EXOCET SPORT,2026-09-11T11:55:36Z,ok,tier=1 anchor 77.9
Facel Vega,FACEL VEGA FV4 TYPHOON,2026-09-11T12:13:52Z,ok,tier=2 anchor 67.9
Facel Vega,FACEL VEGA FVS,2026-09-11T12:13:52Z,empty,tier=2 no search volume
Factory Five,Factory Five GTM,2026-09-12T11:29:39Z,ok,tier=1 anchor 78.4
Fargo,FARGO F SERIES,2026-09-11T11:55:36Z,zero,tier=1 rounded to zero
Feather Craft,FEATHER CRAFT VAGABOND,2026-09-11T12:13:52Z,empty,tier=2 no search volume
Ferrari,12Cilindri,2026-09-12T11:19:22Z,ok,tier=0 anchor 80.5
Ferrari,250 GT,2026-09-12T11:19:28Z,ok,tier=0 anchor 80.5
Ferrari,250 GTE,2026-09-11T11:55:42Z,ok,tier=1 anchor 77.9
Ferrari,275 GTS,2026-09-11T11:55:42Z,ok,tier=1 anchor 77.9
Ferrari,288 GTO,2026-09-12T11:19:28Z,ok,tier=0 anchor 80.5
Ferrari,296 GTB/GTS,2026-09-11T11:49:45Z,zero,tier=1 rounded to zero
Ferrari,308,2026-09-12T11:03:26Z,ok,tier=0 anchor 80.5
Ferrari,308 GT4,2026-09-11T11:48:42Z,ok,tier=1 anchor 77.9
Ferrari,308 GTB/GTS,2026-09-12T11:37:00Z,ok,tier=2 anchor 67.1
Ferrari,328,2026-09-12T10:58:27Z,ok,tier=0 anchor 80.5
Ferrari,330 GT 2+2,2026-09-12T11:12:52Z,error,tier=0 anchor zero
Ferrari,330 GTC,2026-09-12T11:22:19Z,ok,tier=1 anchor 78.4
Ferrari,348,2026-09-12T11:00:27Z,ok,tier=0 anchor 80.5
Ferrari,360,2026-09-11T11:44:41Z,ok,tier=0 anchor 80.6
Ferrari,365 GT 2+2,2026-09-12T11:08:30Z,error,tier=0 anchor zero
Ferrari,365 GT4 2+2/400/400i/412,2026-09-12T11:23:09Z,zero,tier=1 rounded to zero
Ferrari,365 GTC/4,2026-09-11T11:50:17Z,ok,tier=1 anchor 77.9
Ferrari,456,2026-09-12T11:03:26Z,ok,tier=0 anchor 80.5
Ferrari,458,2026-09-12T10:57:55Z,ok,tier=0 anchor 80.5
Ferrari,488,2026-09-12T11:01:12Z,ok,tier=0 anchor 80.5
Ferrari,550 Maranello,2026-09-12T11:25:15Z,ok,tier=1 anchor 78.4
Ferrari,575M,2026-09-11T11:48:35Z,ok,tier=1 anchor 77.9
Ferrari,599 GTB & GTO,2026-09-12T11:07:52Z,ok,tier=0 anchor 80.5
Ferrari,"599 GTB, GTO, & SA Aperta",2026-09-11T12:06:58Z,empty,tier=2 no search volume
Ferrari,612 Scaglietti,2026-09-12T11:04:48Z,ok,tier=0 anchor 80.5
Ferrari,812,2026-09-12T11:01:05Z,ok,tier=0 anchor 80.5
Ferrari,Berlinetta Boxer,2026-09-12T11:30:30Z,ok,tier=1 anchor 78.9
Ferrari,California,2026-09-12T10:58:33Z,ok,tier=0 anchor 80.5
Ferrari,Daytona,2026-09-12T11:08:52Z,ok,tier=0 anchor 80.5
Ferrari,Dino,2026-09-12T11:07:14Z,ok,tier=0 anchor 80.5
Ferrari,F12berlinetta,2026-09-12T11:27:40Z,ok,tier=1 anchor 78.4
Ferrari,F355,2026-09-12T11:15:39Z,ok,tier=0 anchor 80.5
Ferrari,F430,2026-09-11T11:45:00Z,ok,tier=0 anchor 80.6
Ferrari,F8,2026-09-12T11:05:20Z,ok,tier=0 anchor 80.5
Ferrari,FF,2026-09-12T11:03:26Z,ok,tier=0 anchor 80.5
Ferrari,GTC4Lusso,2026-09-12T11:05:26Z,ok,tier=0 anchor 80.5
Ferrari,LaFerrari,2026-09-12T11:19:28Z,ok,tier=0 anchor 80.5
Ferrari,Mondial,2026-09-12T11:01:50Z,ok,tier=0 anchor 80.0
Ferrari,Portofino,2026-09-12T11:08:52Z,ok,tier=0 anchor 80.5
Ferrari,Purosangue,2026-09-12T10:56:58Z,ok,tier=0 anchor 80.5
Ferrari,Roma,2026-09-12T11:06:36Z,ok,tier=0 anchor 80.5
Ferrari,SF90,2026-09-12T11:04:48Z,ok,tier=0 anchor 80.5
Ferrari,Testarossa,2026-09-12T10:58:14Z,ok,tier=0 anchor 80.5
Fiat,FIAT,2026-09-11T11:45:39Z,ok,tier=0 anchor 14.2
Fiat,FIAT 1200 SEDAN,2026-09-11T12:13:52Z,empty,tier=2 no search volume
Fiat,FIAT 1200 TV SPIDER,2026-09-11T12:14:04Z,empty,tier=2 no search volume
Fiat,FIAT 2300S,2026-09-11T12:14:04Z,ok,tier=2 anchor 67.9
Fiat,FIAT CARROZZERIA COLLI 6C 1500 SUPERLEGGERA BARCHETTA,2026-09-11T11:55:42Z,zero,tier=1 rounded to zero
Fiat,Fiat 1100,2026-09-12T11:19:28Z,ok,tier=0 anchor 80.5
Fiat,Fiat 124 Sedan,2026-09-11T11:55:42Z,ok,tier=1 anchor 77.9
Fiat,Fiat 124 Spider,2026-09-12T10:57:36Z,ok,tier=0 anchor 45.0
Fiat,Fiat 124 Sport Coupe,2026-09-12T11:22:37Z,ok,tier=1 anchor 78.4
Fiat,Fiat 126,2026-09-12T11:15:27Z,ok,tier=0 anchor 80.5
Fiat,Fiat 128,2026-09-12T11:15:33Z,ok,tier=0 anchor 80.5
Fiat,Fiat 500,2026-09-12T10:57:55Z,ok,tier=0 anchor 80.5
Fiat,Fiat 500 Jolly,2026-09-12T11:28:43Z,ok,tier=1 anchor 78.4
Fiat,Fiat 500 Topolino,2026-09-11T11:48:35Z,ok,tier=1 anchor 77.9
Fiat,Fiat 600 Jolly,2026-09-12T11:31:20Z,ok,tier=1 anchor 78.9
Fiat,Fiat 600 Multipla,2026-09-12T11:15:33Z,ok,tier=0 anchor 80.5
Fiat,Fiat 600 Sedan,2026-09-12T11:23:09Z,ok,tier=1 anchor 78.4
Fiat,Fiat 850,2026-09-12T11:10:02Z,ok,tier=0 anchor 80.5
Fiat,Fiat Dino,2026-09-12T11:07:52Z,ok,tier=0 anchor 80.5
Fiat,Fiat Nuova 500,2026-09-12T10:59:43Z,ok,tier=0 anchor 80.5
Fiat,Fiat Panda,2026-09-12T11:15:59Z,ok,tier=0 anchor 80.5
Fiat,Fiat Pininfarina Coupe and Cabriolet,2026-09-11T11:55:49Z,zero,tier=1 rounded to zero
Fiat,Fiat X1/9,2026-09-12T11:34:23Z,ok,tier=1 anchor 78.9
Fisker,FISKER OCEAN,2026-09-12T11:12:55Z,ok,tier=0 anchor 80.5
Fisker,Fisker Karma,2026-09-12T11:05:45Z,ok,tier=0 anchor 80.5
Fisker,Fisker Ocean,2026-09-12T11:19:34Z,ok,tier=0 anchor 80.5
Ford,18 & 40 V8,2026-09-12T10:57:42Z,ok,tier=0 anchor 58.1
Ford,18X9 5%E2%80%B3 2000 SVT MUSTANG COBRA R WHEELS,2026-09-11T12:08:40Z,empty,tier=2 no search volume
Ford,48 & 68 V8,2026-09-12T11:02:42Z,ok,tier=0 anchor 76.6
Ford,5 MUSTANG,2026-09-12T11:19:34Z,ok,tier=0 anchor 80.5
Ford,A,2026-09-12T11:14:30Z,ok,tier=0 anchor 80.5
Ford,A Pickup & AA,2026-09-12T11:01:18Z,ok,tier=0 anchor 80.5
Ford,AEROSTAR,2026-09-12T11:12:55Z,ok,tier=0 anchor 80.5
Ford,ANGLIA,2026-09-12T11:19:34Z,ok,tier=0 anchor 80.5
Ford,Anglia,2026-09-11T11:44:28Z,ok,tier=0 anchor 80.6
Ford,B,2026-09-12T11:12:55Z,ok,tier=0 anchor 80.5
Ford,Bronco 2nd Generation 1978-1979,2026-09-10T12:25:34Z,empty,tier=2 no search volume
Ford,Bronco 3rd Generation 1980-1986,2026-09-10T12:27:13Z,empty,tier=2 no search volume
Ford,Bronco 4th-5th Generations 1987-1996,2026-09-12T11:37:31Z,ok,tier=2 anchor 67.1
Ford,Bronco II,2026-09-12T11:07:46Z,ok,tier=0 anchor 80.5
Ford,Bronco U13/U14/U15 1966-1977,2026-09-11T12:06:13Z,empty,tier=2 no search volume
Ford,Bronco U725,2026-09-10T12:26:01Z,empty,tier=2 no search volume
Ford,C600 GRAIN TRUCK,2026-09-11T12:14:04Z,empty,tier=2 no search volume
Ford,COURIER SEDAN DELIVERY,2026-09-11T11:55:49Z,ok,tier=1 anchor 77.9
Ford,CUSTOM 300,2026-09-11T11:48:55Z,ok,tier=1 anchor 77.9
Ford,Contour,2026-09-12T11:15:59Z,ok,tier=0 anchor 80.5
Ford,Cortina,2026-09-12T11:13:02Z,ok,tier=0 anchor 80.5
Ford,Country Sedan,2026-09-12T11:10:59Z,ok,tier=0 anchor 80.5
Ford,Country Squire,2026-09-12T11:10:59Z,ok,tier=0 anchor 80.5
Ford,Courier,2026-09-12T11:15:59Z,ok,tier=0 anchor 80.5
Ford,Crestline,2026-09-12T11:31:27Z,ok,tier=1 anchor 78.9
Ford,Crown Victoria,2026-09-12T10:59:55Z,ok,tier=0 anchor 80.5
Ford,ESCAPE,2026-09-12T11:15:59Z,ok,tier=0 anchor 80.5
Ford,ESCORT,2026-09-12T11:16:05Z,ok,tier=0 anchor 80.5
Ford,Econoline Pickup,2026-09-12T11:31:27Z,ok,tier=1 anchor 78.9
Ford,Econoline Van,2026-09-11T11:45:13Z,ok,tier=0 anchor 80.6
Ford,"Escort (US, 1981-1990)",2026-09-11T12:14:04Z,ok,tier=2 anchor 67.9
Ford,Escort RS Cosworth,2026-09-11T11:50:17Z,ok,tier=1 anchor 77.9
Ford,Excursion,2026-09-11T11:44:22Z,ok,tier=0 anchor 80.6
Ford,Expedition,2026-09-12T11:00:08Z,ok,tier=0 anchor 80.5
Ford,Explorer,2026-09-12T11:01:50Z,ok,tier=0 anchor 80.0
Ford,F-150,2026-09-11T11:44:22Z,ok,tier=0 anchor 80.6
Ford,F-150 (2021+),2026-09-12T11:03:01Z,ok,tier=0 anchor 80.5
Ford,F-150 Raptor,2026-09-12T10:57:29Z,ok,tier=0 anchor 80.5
Ford,F-150 SVT Lightning,2026-09-12T11:25:59Z,ok,tier=1 anchor 78.4
Ford,F-Series 1948-1952,2026-09-12T10:59:11Z,ok,tier=0 anchor 80.5
Ford,F-Series 1953-1956,2026-09-12T10:58:52Z,ok,tier=0 anchor 80.5
Ford,F-Series 1957-1960,2026-09-12T11:05:33Z,ok,tier=0 anchor 80.5
Ford,F-Series 1961-1966,2026-09-12T10:57:55Z,ok,tier=0 anchor 80.5
Ford,F-Series 1967-1972,2026-09-11T11:43:12Z,ok,tier=0 anchor 80.6
Ford,F-Series 1973-1979,2026-09-11T11:43:06Z,ok,tier=0 anchor 80.6
Ford,F-Series 1980-1986,2026-09-12T10:59:05Z,ok,tier=0 anchor 80.5
Ford,F-Series 1987-1991,2026-09-12T10:57:36Z,ok,tier=0 anchor 45.0
Ford,F-Series 1992-1997,2026-09-11T11:42:51Z,ok,tier=0 anchor 80.6
Ford,FIRE TRUCK,2026-09-12T11:19:34Z,ok,tier=0 anchor 80.5
Ford,FLEX,2026-09-12T11:13:02Z,ok,tier=0 anchor 80.5
Ford,FOOSE OVERHAULIN GAMBLER 514 1970 MUSTANG SPORTSROOF,2026-09-11T12:14:11Z,empty,tier=2 no search volume
Ford,FP350S,2026-09-11T12:14:11Z,empty,tier=2 no search volume
Ford,FR 500S,2026-09-11T12:08:40Z,empty,tier=2 no search volume
Ford,FREESTAR,2026-09-12T11:19:41Z,ok,tier=0 anchor 80.5
Ford,FUSION,2026-09-12T11:16:05Z,ok,tier=0 anchor 80.5
Ford,Fairlane,2026-09-12T10:58:59Z,ok,tier=0 anchor 80.5
Ford,Falcon,2026-09-12T11:01:12Z,ok,tier=0 anchor 80.5
Ford,Fiesta,2026-09-12T11:11:05Z,ok,tier=0 anchor 80.5
Ford,Focus,2026-09-12T11:00:02Z,ok,tier=0 anchor 54.3
Ford,Formula Ford,2026-09-12T11:14:42Z,ok,tier=0 anchor 80.5
Ford,Fox-Body Mustang,2026-09-10T12:25:01Z,empty,tier=2 no search volume
Ford,Fusion,2026-09-12T11:19:41Z,ok,tier=0 anchor 80.5
Ford,GRANADA,2026-09-12T11:19:41Z,ok,tier=0 anchor 80.5
Ford,GT 1st Generation,2026-09-10T12:25:34Z,empty,tier=2 no search volume
Ford,GT 2nd Generation,2026-09-11T11:48:35Z,ok,tier=1 anchor 77.9
Ford,GT40 Replica,2026-09-12T11:31:27Z,ok,tier=1 anchor 78.9
Ford,Galaxie,2026-09-12T10:59:05Z,ok,tier=0 anchor 80.5
Ford,HOWE TA2 TRANS AM MUSTANG,2026-09-11T11:55:49Z,zero,tier=1 rounded to zero
Ford,Hot Rod,2026-09-12T10:58:01Z,ok,tier=0 anchor 80.5
Ford,L8000,2026-09-11T11:55:49Z,ok,tier=1 anchor 77.9
Ford,LTD,2026-09-12T11:03:26Z,ok,tier=0 anchor 80.5
Ford,LYNCOACH,2026-09-11T12:14:11Z,empty,tier=2 no search volume
Ford,MUSTANG,2026-09-11T11:42:57Z,ok,tier=0 anchor 71.5
Ford,MUSTANG 214,2026-09-11T12:14:11Z,empty,tier=2 no search volume
Ford,MUSTANG 399,2026-09-11T12:14:17Z,empty,tier=2 no search volume
Ford,MUSTANG 59,2026-09-11T11:55:55Z,ok,tier=1 anchor 77.9
Ford,MUSTANG 830,2026-09-11T12:14:17Z,empty,tier=2 no search volume
Ford,MUSTANG 868,2026-09-11T12:14:17Z,empty,tier=2 no search volume
Ford,MUSTANG 870,2026-09-11T12:14:17Z,empty,tier=2 no search volume
Ford,MUSTANG 903,2026-09-11T12:14:24Z,empty,tier=2 no search volume
Ford,MUSTANG 922,2026-09-11T12:14:24Z,empty,tier=2 no search volume
Ford,MUSTANG BOSS 302,2026-09-12T11:03:07Z,ok,tier=0 anchor 80.5
Ford,MUSTANG BOSS 302 122,2026-09-11T12:14:24Z,empty,tier=2 no search volume
Ford,MUSTANG BOSS 302 LAGUNA SECA,2026-09-12T11:28:05Z,zero,tier=1 rounded to zero
Ford,MUSTANG BOSS 351,2026-09-11T11:50:24Z,ok,tier=1 anchor 77.9
Ford,MUSTANG BOSS 429,2026-09-11T11:50:24Z,ok,tier=1 anchor 77.9
Ford,MUSTANG BOSS 429 38,2026-09-11T12:14:24Z,empty,tier=2 no search volume
Ford,MUSTANG BULLITT,2026-09-12T11:22:31Z,ok,tier=1 anchor 78.4
Ford,MUSTANG COBRA JET,2026-09-11T11:55:55Z,ok,tier=1 anchor 77.9
Ford,MUSTANG COBRA R,2026-09-11T11:55:55Z,ok,tier=1 anchor 77.9
Ford,MUSTANG CONVERTIBLE,2026-09-12T11:04:54Z,ok,tier=0 anchor 80.5
Ford,MUSTANG CONVERTIBLE 79,2026-09-11T12:14:30Z,empty,tier=2 no search volume
Ford,MUSTANG COUPE,2026-09-12T11:08:24Z,ok,tier=0 anchor 80.5
Ford,MUSTANG FASTBACK,2026-09-12T11:13:02Z,ok,tier=0 anchor 80.5
Ford,MUSTANG FR500S,2026-09-11T12:14:30Z,empty,tier=2 no search volume
Ford,MUSTANG GT,2026-09-12T10:58:27Z,ok,tier=0 anchor 80.5
Ford,MUSTANG GT CARROLL SHELBY SIGNATURE SERIES,2026-09-11T12:14:30Z,empty,tier=2 no search volume
Ford,MUSTANG GT CONVERTIBLE,2026-09-12T10:59:11Z,ok,tier=0 anchor 80.5
Ford,MUSTANG GT COUPE,2026-09-12T11:25:02Z,ok,tier=1 anchor 78.4
Ford,MUSTANG GT500CR,2026-09-11T12:14:30Z,empty,tier=2 no search volume
Ford,MUSTANG GT500CR 900S 5 SPEED BY CLASSIC RECREATIONS,2026-09-11T11:55:55Z,zero,tier=1 rounded to zero
Ford,MUSTANG GT500CR 900S 6 SPEED BY CLASSIC RECREATIONS,2026-09-11T12:14:36Z,empty,tier=2 no search volume
Ford,MUSTANG GT500CR BY CLASSIC RECREATIONS,2026-09-11T12:14:36Z,empty,tier=2 no search volume
Ford,MUSTANG II,2026-09-12T11:08:59Z,ok,tier=0 anchor 80.5
Ford,MUSTANG MACH 1,2026-09-12T10:58:33Z,ok,tier=0 anchor 80.5
Ford,MUSTANG MACH E,2026-09-12T11:19:41Z,ok,tier=0 anchor 80.5
Ford,MUSTANG PETTYS GARAGE STAGE,2026-09-11T12:14:36Z,empty,tier=2 no search volume
Ford,MUSTANG ROUSH 427R,2026-09-11T12:08:40Z,ok,tier=2 anchor 67.9
Ford,MUSTANG ROUSH STAGE,2026-09-11T11:56:01Z,ok,tier=1 anchor 77.9
Ford,MUSTANG ROUSH STAGE 1,2026-09-11T12:14:36Z,empty,tier=2 no search volume
Ford,MUSTANG ROUSH STAGE 2,2026-09-11T12:14:43Z,ok,tier=2 anchor 67.9
Ford,MUSTANG RTR SPEC,2026-09-11T11:56:01Z,ok,tier=1 anchor 77.9
Ford,MUSTANG SALEEN PARNELLI JONES EDITION,2026-09-11T12:08:46Z,empty,tier=2 no search volume
Ford,MUSTANG SALEEN S302 WHITE LABEL,2026-09-11T11:56:01Z,zero,tier=1 rounded to zero
Ford,MUSTANG SALEEN S302 YELLOW LABEL,2026-09-11T12:14:43Z,empty,tier=2 no search volume
Ford,MUSTANG SHELBY,2026-09-12T11:19:47Z,ok,tier=0 anchor 80.5
Ford,MUSTANG SHELBY GT,2026-09-12T11:08:59Z,ok,tier=0 anchor 80.5
Ford,MUSTANG SHELBY GT CONVERTIBLE,2026-09-11T12:08:46Z,ok,tier=2 anchor 67.9
Ford,MUSTANG SHELBY GT COUPE,2026-09-11T12:14:43Z,ok,tier=2 anchor 67.9
Ford,MUSTANG SHELBY GT H,2026-09-11T12:14:43Z,empty,tier=2 no search volume
Ford,MUSTANG SHELBY GT350,2026-09-11T11:48:42Z,ok,tier=1 anchor 77.9
Ford,MUSTANG SHELBY GT350 75,2026-09-11T12:14:49Z,empty,tier=2 no search volume
Ford,MUSTANG SHELBY GT350 78,2026-09-11T12:14:49Z,empty,tier=2 no search volume
Ford,MUSTANG SHELBY GT350 CONVERTIBLE,2026-09-11T12:14:49Z,ok,tier=2 anchor 67.9
Ford,MUSTANG SHELBY GT350R,2026-09-12T11:27:02Z,ok,tier=1 anchor 78.4
Ford,MUSTANG SHELBY GT500,2026-09-12T10:59:30Z,ok,tier=0 anchor 49.1
Ford,MUSTANG SHELBY GT500 CONVERTIBLE,2026-09-12T11:27:20Z,ok,tier=1 anchor 78.4
Ford,MUSTANG SHELBY GT500 CONVERTIBLE 19,2026-09-11T12:14:49Z,ok,tier=2 anchor 67.9
Ford,MUSTANG SHELBY GT500 COUPE,2026-09-12T11:26:24Z,ok,tier=1 anchor 78.4
Ford,MUSTANG SHELBY GT500 COUPE 31,2026-09-11T11:56:01Z,zero,tier=1 rounded to zero
Ford,MUSTANG SHELBY GT500 HERITAGE EDITION,2026-09-10T12:28:06Z,empty,tier=2 no search volume
Ford,MUSTANG SHELBY GT500 SUPER SNAKE,2026-09-11T11:56:08Z,ok,tier=1 anchor 77.9
Ford,MUSTANG SHELBY GT500KR,2026-09-12T11:36:35Z,ok,tier=2 anchor 67.1
Ford,MUSTANG SHELBY GT500KR 24,2026-09-11T12:14:55Z,empty,tier=2 no search volume
Ford,MUSTANG SHELBY SUPER SNAKE,2026-09-12T11:31:27Z,ok,tier=1 anchor 78.9
Ford,MUSTANG SVT COBRA CONVERTIBLE,2026-09-12T11:37:56Z,ok,tier=2 anchor 67.1
Ford,MUSTANG SVT COBRA CONVERTIBLE 29,2026-09-11T12:14:55Z,empty,tier=2 no search volume
Ford,MUSTANG SVT COBRA COUPE,2026-09-12T11:25:52Z,ok,tier=1 anchor 78.4
Ford,MUSTANG SVT COBRA COUPE 11,2026-09-11T12:14:55Z,empty,tier=2 no search volume
Ford,MUSTANG SVT COBRA COUPE 23,2026-09-11T12:14:55Z,empty,tier=2 no search volume
Ford,MUSTANG SVT COBRA COUPE 34 2,2026-09-11T12:15:02Z,empty,tier=2 no search volume
Ford,MUSTANG SVT COBRA R,2026-09-12T11:32:48Z,ok,tier=1 anchor 78.9
Ford,Maverick,2026-09-12T11:19:47Z,ok,tier=0 anchor 80.5
Ford,Military,2026-09-12T11:07:52Z,ok,tier=0 anchor 80.5
Ford,Mustang 1967-1968,2026-09-12T11:00:21Z,ok,tier=0 anchor 69.6
Ford,Mustang 1969-1973,2026-09-12T10:59:24Z,ok,tier=0 anchor 69.6
Ford,Mustang II,2026-09-12T11:19:47Z,ok,tier=0 anchor 80.5
Ford,Mustang S197 2005-2014,2026-09-12T11:25:27Z,ok,tier=1 anchor 78.4
Ford,Mustang S550,2026-09-12T11:02:16Z,ok,tier=0 anchor 80.5
Ford,Mustang SN95 1994-2004,2026-09-12T11:25:40Z,ok,tier=1 anchor 78.4
Ford,OLD SKOOL 1936 SCHOOL BUS,2026-09-11T12:15:02Z,empty,tier=2 no search volume
Ford,P703 Ranger (2024+),2026-09-11T12:15:02Z,ok,tier=2 anchor 67.9
Ford,P708 F-Series Super Duty (2023+),2026-09-12T11:38:40Z,empty,tier=2 no search volume
Ford,PREFECT,2026-09-11T11:56:08Z,ok,tier=1 anchor 77.9
Ford,Parts and Automobilia – Engines,2026-09-11T11:56:08Z,ok,tier=1 anchor 77.9
Ford,Pickup 1932-1934 & BB,2026-09-12T11:08:24Z,ok,tier=0 anchor 80.5
Ford,Pickup 1935-1936,2026-09-12T11:11:05Z,ok,tier=0 anchor 80.5
Ford,Pickup 1937-1939,2026-09-12T11:14:55Z,ok,tier=0 anchor 80.5
Ford,Pickup 1940-1947,2026-09-12T11:14:36Z,ok,tier=0 anchor 80.5
Ford,Pinto,2026-09-12T11:16:05Z,ok,tier=0 anchor 80.5
Ford,Probe,2026-09-12T11:13:02Z,ok,tier=0 anchor 80.5
Ford,RANCH WAGON,2026-09-11T11:56:08Z,ok,tier=1 anchor 77.9
Ford,ROUSH FENNWAY NASCAR,2026-09-11T12:15:02Z,empty,tier=2 no search volume
Ford,Ranch Wagon,2026-09-11T11:56:14Z,ok,tier=1 anchor 77.9
Ford,Ranchero,2026-09-12T11:00:53Z,ok,tier=0 anchor 80.5
Ford,Ranger 1983-1992,2026-09-12T11:05:58Z,ok,tier=0 anchor 58.1
Ford,Ranger 1993-1997,2026-09-12T11:07:08Z,ok,tier=0 anchor 58.1
Ford,Ranger 1998-2011,2026-09-12T10:57:42Z,ok,tier=0 anchor 58.1
Ford,Ranger 2019-2023,2026-09-12T11:13:08Z,ok,tier=0 anchor 58.1
Ford,Roush,2026-09-12T10:58:33Z,ok,tier=0 anchor 80.5
Ford,S197 Shelby Mustang,2026-09-12T11:24:12Z,ok,tier=1 anchor 78.4
Ford,S550 Shelby Mustang,2026-09-11T11:49:20Z,zero,tier=1 rounded to zero
Ford,SALEEN MUSTANG S281,2026-09-12T11:21:59Z,ok,tier=1 anchor 78.4
Ford,SCORPIO,2026-09-12T11:19:47Z,ok,tier=0 anchor 80.5
Ford,SHELBY GT350,2026-09-12T11:19:53Z,ok,tier=0 anchor 80.5
Ford,SHELBY MUSTANG GT350,2026-09-12T11:27:20Z,ok,tier=1 anchor 78.4
Ford,SHELBY MUSTANG GT350 CONVERTIBLE,2026-09-11T12:15:08Z,ok,tier=2 anchor 67.9
Ford,SHELBY MUSTANG GT350 FASTBACK,2026-09-11T12:15:08Z,ok,tier=2 anchor 67.9
Ford,SHELBY MUSTANG GT500,2026-09-12T11:08:52Z,ok,tier=0 anchor 80.5
Ford,SHELBY MUSTANG GT500KR,2026-09-11T11:50:24Z,ok,tier=1 anchor 77.9
Ford,SHELBY MUSTANG GT500KR CONVERTIBLE,2026-09-11T12:08:46Z,empty,tier=2 no search volume
Ford,SHELBY MUSTANG SHELBY GT H,2026-09-11T12:15:08Z,empty,tier=2 no search volume
Ford,SHELBY SUPER SNAKE,2026-09-11T11:48:55Z,ok,tier=1 anchor 77.9
Ford,Saleen,2026-09-12T11:25:15Z,ok,tier=1 anchor 78.4
Ford,Shelby Pickup,2026-09-12T11:26:11Z,ok,tier=1 anchor 28.7
Ford,Shoebox,2026-09-12T11:28:43Z,ok,tier=1 anchor 78.4
Ford,"Standard, Deluxe, & Super Deluxe",2026-09-11T12:06:32Z,empty,tier=2 no search volume
Ford,Super Duty 1999-2007,2026-09-11T11:43:37Z,ok,tier=0 anchor 80.6
Ford,Super Duty 2008-2010,2026-09-12T10:59:17Z,ok,tier=0 anchor 80.5
Ford,Super Duty 2011-2016,2026-09-12T11:01:24Z,ok,tier=0 anchor 80.5
Ford,Super Duty 2017-2022,2026-09-12T10:59:43Z,ok,tier=0 anchor 80.5
Ford,T,2026-09-12T10:58:40Z,ok,tier=0 anchor 80.5
Ford,T Pickup & TT,2026-09-11T11:56:14Z,ok,tier=1 anchor 77.9
Ford,TEMPO,2026-09-12T11:19:53Z,ok,tier=0 anchor 80.5
Ford,TORNADO TYPHOON,2026-09-11T12:15:08Z,empty,tier=2 no search volume
Ford,Taurus Race Car,2026-09-11T12:15:15Z,ok,tier=2 anchor 67.9
Ford,Taurus SHO,2026-09-12T11:03:32Z,ok,tier=0 anchor 80.5
Ford,Taurus Sedan & Wagon,2026-09-12T11:27:46Z,ok,tier=1 anchor 78.4
Ford,Thunderbird,2026-09-11T11:42:57Z,ok,tier=0 anchor 71.5
Ford,Torino,2026-09-12T11:01:18Z,ok,tier=0 anchor 80.5
Ford,Tractor,2026-09-12T11:02:42Z,ok,tier=0 anchor 76.6
Ford,Transit,2026-09-12T11:02:42Z,ok,tier=0 anchor 76.6
Ford,US SPECIALTY VEHICLES RHINO GX,2026-09-11T11:56:14Z,zero,tier=1 rounded to zero
Ford,WINDSTAR,2026-09-12T11:19:53Z,ok,tier=0 anchor 80.5
Franklin,FRANKLIN TOURER,2026-09-11T12:15:15Z,empty,tier=2 no search volume
Freightliner,FREIGHTLINER F,2026-09-11T11:56:14Z,ok,tier=1 anchor 77.9
Freightliner,FREIGHTLINER FL60,2026-09-11T11:56:20Z,ok,tier=1 anchor 77.9
Freightliner,FREIGHTLINER FL60 SPORT CHASSIS,2026-09-11T12:15:15Z,empty,tier=2 no search volume
Freightliner,FREIGHTLINER FL70,2026-09-11T11:56:20Z,ok,tier=1 anchor 77.9
Freightliner,FREIGHTLINER SPRINTER,2026-09-12T11:19:53Z,ok,tier=0 anchor 80.5
Freightliner,Freightliner M2,2026-09-12T11:20:00Z,ok,tier=0 anchor 80.5
Fuji,Fuji Go-Devil,2026-09-11T12:08:46Z,ok,tier=2 anchor 67.9
GMC,GMC,2026-09-11T11:45:39Z,ok,tier=0 anchor 14.2
GMC,GMC 4108,2026-09-11T12:15:15Z,empty,tier=2 no search volume
GMC,GMC Blue Chip Pickup,2026-09-12T11:38:59Z,ok,tier=2 anchor 67.1
GMC,GMC C/K 1960-1966,2026-09-12T11:14:55Z,ok,tier=0 anchor 80.5
GMC,GMC C/K 1967-1972,2026-09-12T11:15:52Z,ok,tier=0 anchor 80.5
GMC,GMC C/K 1973-1991,2026-09-12T11:14:36Z,ok,tier=0 anchor 80.5
GMC,GMC C7000,2026-09-11T11:50:24Z,ok,tier=1 anchor 77.9
GMC,GMC COE,2026-09-11T11:56:20Z,ok,tier=1 anchor 77.9
GMC,GMC Caballero,2026-09-12T11:12:55Z,ok,tier=0 anchor 80.5
GMC,GMC Canyon,2026-09-12T11:08:30Z,error,tier=0 anchor zero
GMC,GMC Carryall Suburban,2026-09-11T12:15:21Z,empty,tier=2 no search volume
GMC,GMC DUKW,2026-09-11T11:56:20Z,ok,tier=1 anchor 77.9
GMC,GMC DUWK,2026-09-11T12:15:21Z,empty,tier=2 no search volume
GMC,GMC ENVOY,2026-09-12T11:13:08Z,ok,tier=0 anchor 58.1
GMC,GMC Hummer EV,2026-09-12T11:10:02Z,ok,tier=0 anchor 80.5
GMC,GMC Jimmy,2026-09-12T11:00:02Z,ok,tier=0 anchor 54.3
GMC,GMC L7000 V12,2026-09-11T12:15:21Z,empty,tier=2 no search volume
GMC,GMC Motorhome,2026-09-12T11:29:39Z,ok,tier=1 anchor 78.4
GMC,GMC New Design Pickup,2026-09-12T11:26:43Z,ok,tier=1 anchor 78.4
GMC,GMC S-15 Jimmy,2026-09-11T11:56:26Z,ok,tier=1 anchor 77.9
GMC,GMC S-15 Sonoma,2026-09-12T11:29:08Z,ok,tier=1 anchor 78.4
GMC,GMC Sierra (GMT400 1988-2002),2026-09-12T11:24:12Z,ok,tier=1 anchor 78.4
GMC,GMC Sierra (GMT800 1999-2007),2026-09-12T11:24:24Z,ok,tier=1 anchor 78.4
GMC,GMC Sierra (GMT900 2007-2013),2026-09-11T11:56:26Z,ok,tier=1 anchor 77.9
GMC,GMC Sierra (K2XX 2014-2019),2026-09-10T12:29:23Z,empty,tier=2 no search volume
GMC,GMC Sierra (T1XX 2019+),2026-09-10T12:27:26Z,empty,tier=2 no search volume
GMC,GMC Sierra HD (GMT800 2000-2007),2026-09-10T12:26:34Z,empty,tier=2 no search volume
GMC,GMC Sierra HD (GMT900 2007-2014),2026-09-10T12:30:21Z,empty,tier=2 no search volume
GMC,GMC Sonoma,2026-09-12T11:08:59Z,ok,tier=0 anchor 80.5
GMC,GMC Suburban,2026-09-12T11:07:14Z,ok,tier=0 anchor 80.5
GMC,GMC Suburban (GMT400 1992-1999),2026-09-12T11:38:09Z,empty,tier=2 no search volume
GMC,GMC Syclone,2026-09-12T11:05:26Z,ok,tier=0 anchor 80.5
GMC,GMC Typhoon,2026-09-12T11:08:30Z,error,tier=0 anchor zero
GMC,GMC Van,2026-09-12T11:05:33Z,ok,tier=0 anchor 80.5
GMC,GMC Yukon GMT400,2026-09-12T11:36:22Z,empty,tier=2 no search volume
GMC,GMC Yukon GMT800,2026-09-12T11:24:05Z,ok,tier=1 anchor 78.4
GMC,GMC Yukon GMT900,2026-09-12T11:38:21Z,ok,tier=2 anchor 67.1
GMC,GMC Yukon K2XX,2026-09-12T11:36:48Z,empty,tier=2 no search volume
GMC,GMC Yukon T1XX (2021+),2026-09-11T11:50:30Z,zero,tier=1 rounded to zero
Gar Wood,GAR WOOD SEDAN,2026-09-11T11:56:26Z,ok,tier=1 anchor 77.9
Gaz,GAZ,2026-09-11T11:45:45Z,ok,tier=0 anchor 25.2
Geo,GEO METRO LSI,2026-09-11T11:56:26Z,ok,tier=1 anchor 77.9
Geo,Geo Tracker/Suzuki Sidekick,2026-09-12T11:37:06Z,empty,tier=2 no search volume
Gilera,GILERA 125 TURISMO,2026-09-11T12:15:21Z,empty,tier=2 no search volume
Ginetta,GINETTA G56 GTA,2026-09-11T11:56:33Z,ok,tier=1 anchor 77.9
Goggomobil,GOGGOMOBIL T400,2026-09-11T11:50:30Z,zero,tier=1 rounded to zero
Graham,GRAHAM 116 SUPERCHARGERO,2026-09-11T12:15:27Z,empty,tier=2 no search volume
Graham,GRAHAM BROS 1 5 TON TRUCK,2026-09-11T12:15:27Z,empty,tier=2 no search volume
Graham,GRAHAM BROTHERS TRUCK,2026-09-11T12:15:27Z,empty,tier=2 no search volume
Graham,GRAHAM HOLLYWOOD SUPERCHARGED,2026-09-11T12:15:27Z,ok,tier=2 anchor 67.9
Graham,GRAHAM SHARKNOSE,2026-09-11T12:15:52Z,empty,tier=2 no search volume
Griffith,GRIFFITH 200,2026-09-12T11:20:00Z,ok,tier=0 anchor 80.5
Griffith,GRIFFITH SERIES 200,2026-09-11T12:15:52Z,empty,tier=2 no search volume
Grumman,GRUMMAN KUBVAN,2026-09-11T12:15:52Z,empty,tier=2 no search volume
Harley-Davidson,HARLEY DAVIDSON,2026-09-12T11:20:00Z,ok,tier=0 anchor 80.5
Harley-Davidson,HARLEY DAVIDSON FREEWHEELER,2026-09-11T11:56:33Z,zero,tier=1 rounded to zero
Harley-Davidson,HARLEY DAVIDSON J,2026-09-11T12:15:52Z,empty,tier=2 no search volume
Harley-Davidson,HARLEY DAVIDSON M65S SPORT LEGGERO,2026-09-11T12:15:58Z,empty,tier=2 no search volume
Harley-Davidson,HARLEY DAVIDSON ML RAPIDO,2026-09-11T12:15:58Z,empty,tier=2 no search volume
Harley-Davidson,HARLEY DAVIDSON MODEL W SPORT TWIN,2026-09-11T12:15:58Z,empty,tier=2 no search volume
Harley-Davidson,HARLEY DAVIDSON MX 250,2026-09-11T12:15:58Z,empty,tier=2 no search volume
Harley-Davidson,HARLEY DAVIDSON PAN AMERICA 1250 SPECIAL,2026-09-11T12:08:53Z,ok,tier=2 anchor 67.9
Harley-Davidson,HARLEY DAVIDSON TOPPER AH,2026-09-11T12:08:53Z,empty,tier=2 no search volume
Harley-Davidson,HARLEY DAVIDSON X 90,2026-09-11T12:08:53Z,empty,tier=2 no search volume
Harley-Davidson,HARLEY DAVIDSON XR750,2026-09-11T12:16:05Z,empty,tier=2 no search volume
Harley-Davidson,Harley-Davidson 45 Flathead,2026-09-10T12:28:57Z,empty,tier=2 no search volume
Harley-Davidson,Harley-Davidson Aermacchi,2026-09-12T11:36:41Z,empty,tier=2 no search volume
Harley-Davidson,Harley-Davidson Big-Twin Flathead,2026-09-12T11:35:32Z,ok,tier=2 anchor 67.1
Harley-Davidson,Harley-Davidson CVO,2026-09-12T11:04:48Z,ok,tier=0 anchor 80.5
Harley-Davidson,Harley-Davidson Dyna,2026-09-12T11:01:18Z,ok,tier=0 anchor 80.5
Harley-Davidson,Harley-Davidson FXR,2026-09-12T11:32:48Z,ok,tier=1 anchor 78.9
Harley-Davidson,Harley-Davidson Knucklehead,2026-09-11T11:50:30Z,ok,tier=1 anchor 77.9
Harley-Davidson,Harley-Davidson Panhead,2026-09-12T11:32:48Z,ok,tier=1 anchor 78.9
Harley-Davidson,Harley-Davidson Shovelhead,2026-09-12T11:29:46Z,ok,tier=1 anchor 78.4
Harley-Davidson,Harley-Davidson Softail,2026-09-11T11:44:41Z,ok,tier=0 anchor 80.6
Harley-Davidson,Harley-Davidson Sportster,2026-09-12T10:59:17Z,ok,tier=0 anchor 80.5
Harley-Davidson,Harley-Davidson Sprint,2026-09-12T11:10:02Z,ok,tier=0 anchor 80.5
Harley-Davidson,Harley-Davidson Touring,2026-09-11T11:44:47Z,ok,tier=0 anchor 80.6
Harley-Davidson,Harley-Davidson V-Rod,2026-09-12T11:25:15Z,ok,tier=1 anchor 78.4
Heinkel,Heinkel Tourist,2026-09-12T11:22:44Z,ok,tier=1 anchor 78.4
Hillman,HILLMAN MINX,2026-09-12T11:22:44Z,ok,tier=1 anchor 78.4
Hillman,Hillman Minx,2026-09-12T11:22:44Z,ok,tier=1 anchor 78.4
Hispano-Suiza,HISPANO SUIZA J12 COACH PROJECT BY POURTOUT,2026-09-11T12:16:05Z,empty,tier=2 no search volume
Hodaka,HODAKA 125 WOMBAT,2026-09-11T12:16:05Z,empty,tier=2 no search volume
Hodaka,HODAKA ACE 100MX SUPER RAT,2026-09-11T12:16:05Z,ok,tier=2 anchor 67.9
Hodaka,HODAKA ACE 90,2026-09-11T12:16:11Z,empty,tier=2 no search volume
Hodaka,HODAKA ROAD TOAD,2026-09-11T12:16:11Z,ok,tier=2 anchor 67.9
Hodaka,HODAKA SUPER RAT,2026-09-11T12:16:11Z,ok,tier=2 anchor 67.9
Honda,AP1 S2000,2026-09-12T11:23:40Z,ok,tier=1 anchor 78.4
Honda,AP2 S2000,2026-09-12T11:23:34Z,ok,tier=1 anchor 78.4
Honda,AP2 S2000 CR,2026-09-10T12:29:04Z,empty,tier=2 no search volume
Honda,ATV,2026-09-11T11:44:35Z,ok,tier=0 anchor 80.6
Honda,Accord,2026-09-12T10:57:36Z,ok,tier=0 anchor 45.0
Honda,Acty,2026-09-12T10:57:42Z,ok,tier=0 anchor 58.1
Honda,Africa Twin,2026-09-12T11:13:08Z,ok,tier=0 anchor 58.1
Honda,Ascot,2026-09-12T11:32:55Z,ok,tier=1 anchor 78.9
Honda,Beat,2026-09-12T11:16:05Z,ok,tier=0 anchor 80.5
Honda,Benly,2026-09-11T11:56:33Z,ok,tier=1 anchor 77.9
Honda,C200,2026-09-12T11:32:55Z,ok,tier=1 anchor 78.9
Honda,CB100 & CL100,2026-09-12T11:13:14Z,ok,tier=0 anchor 80.5
Honda,CB1000 & CB1100,2026-09-12T11:09:05Z,ok,tier=0 anchor 80.5
Honda,CB125 & CL125,2026-09-12T11:13:14Z,ok,tier=0 anchor 80.5
Honda,CB160 & CL160,2026-09-12T11:29:46Z,ok,tier=1 anchor 78.4
Honda,CB175 & CL175,2026-09-12T11:31:33Z,ok,tier=1 anchor 78.9
Honda,CB200 & CL200,2026-09-12T11:32:55Z,ok,tier=1 anchor 78.9
Honda,CB350 & CL350,2026-09-12T11:02:22Z,ok,tier=0 anchor 80.5
Honda,CB350F & CB400F,2026-09-11T11:46:36Z,ok,tier=1 anchor 77.9
Honda,CB360 & CL360,2026-09-12T11:27:46Z,ok,tier=1 anchor 78.4
Honda,"CB400, CM400, & CB450T Twins",2026-09-11T12:07:24Z,empty,tier=2 no search volume
Honda,"CB450, CL450, & CB500 Twin",2026-09-11T12:06:58Z,empty,tier=2 no search volume
Honda,CB500 Four & CB550,2026-09-12T11:05:26Z,ok,tier=0 anchor 80.5
Honda,CB650,2026-09-12T11:20:00Z,ok,tier=0 anchor 80.5
Honda,CB750 & CB750A,2026-09-12T10:58:21Z,ok,tier=0 anchor 80.5
Honda,CBR,2026-09-12T11:02:16Z,ok,tier=0 anchor 80.5
Honda,CBX,2026-09-12T11:02:09Z,ok,tier=0 anchor 80.5
Honda,CL70 & CL90,2026-09-12T11:21:59Z,ok,tier=1 anchor 78.4
Honda,"CL72, CB72, CA72, & C72",2026-09-11T12:16:11Z,empty,tier=2 no search volume
Honda,CR & CRF,2026-09-12T11:01:24Z,ok,tier=0 anchor 80.5
Honda,CR-V,2026-09-12T11:05:33Z,ok,tier=0 anchor 80.5
Honda,CRX,2026-09-12T11:01:37Z,ok,tier=0 anchor 80.5
Honda,CT110,2026-09-12T11:27:40Z,ok,tier=1 anchor 78.4
Honda,CT70,2026-09-12T11:22:37Z,ok,tier=1 anchor 78.4
Honda,CT90,2026-09-12T11:27:08Z,ok,tier=1 anchor 78.4
Honda,CX,2026-09-12T11:07:14Z,ok,tier=0 anchor 80.5
Honda,Civic,2026-09-12T10:57:23Z,ok,tier=0 anchor 27.1
Honda,Civic (2022+),2026-09-12T11:11:05Z,ok,tier=0 anchor 80.5
Honda,Civic Del Sol,2026-09-12T11:03:51Z,ok,tier=0 anchor 80.5
Honda,Civic Si,2026-09-12T11:04:54Z,ok,tier=0 anchor 80.5
Honda,Civic Type R,2026-09-12T11:07:58Z,ok,tier=0 anchor 80.5
Honda,"Custom: CB650C, CB750C, CB900C, & CB1000C",2026-09-11T12:07:11Z,ok,tier=2 anchor 67.9
Honda,"Dream, CB77 Super Hawk, & CL77 Scrambler",2026-09-11T12:06:45Z,empty,tier=2 no search volume
Honda,EZ90 Cub,2026-09-12T11:22:50Z,ok,tier=1 anchor 78.4
Honda,Element,2026-09-12T10:57:42Z,ok,tier=0 anchor 58.1
Honda,Elsinore,2026-09-12T11:25:59Z,ok,tier=1 anchor 78.4
Honda,FIT,2026-09-12T11:11:05Z,ok,tier=0 anchor 80.5
Honda,GB500 Tourist Trophy,2026-09-10T12:28:06Z,empty,tier=2 no search volume
Honda,Gold Wing,2026-09-12T11:02:22Z,ok,tier=0 anchor 80.5
Honda,Grom,2026-09-12T11:16:11Z,ok,tier=0 anchor 80.5
Honda,Insight,2026-09-12T11:13:14Z,ok,tier=0 anchor 80.5
Honda,LIFE,2026-09-12T11:20:06Z,ok,tier=0 anchor 80.5
Honda,Magna,2026-09-12T11:13:14Z,ok,tier=0 anchor 80.5
Honda,Mopeds,2026-09-11T11:50:30Z,ok,tier=1 anchor 77.9
Honda,Motocompo & Motocompacto,2026-09-12T11:11:11Z,ok,tier=0 anchor 80.5
Honda,N360 & N600,2026-09-12T11:32:55Z,ok,tier=1 anchor 78.9
Honda,"NSR, NSF, & Dream CB50R",2026-09-11T12:06:58Z,empty,tier=2 no search volume
Honda,NT Series,2026-09-12T11:35:38Z,ok,tier=2 anchor 67.1
Honda,NX Series,2026-09-12T11:31:33Z,zero,tier=1 rounded to zero
Honda,Nighthawk,2026-09-12T11:05:52Z,ok,tier=0 anchor 80.5
Honda,ODYSSEY,2026-09-12T11:11:11Z,ok,tier=0 anchor 80.5
Honda,Odyssey Minivan,2026-09-12T11:08:24Z,ok,tier=0 anchor 80.5
Honda,Other Motorcycles,2026-09-12T11:24:50Z,ok,tier=1 anchor 78.4
Honda,PASSPORT,2026-09-12T11:16:11Z,ok,tier=0 anchor 80.5
Honda,PILOT,2026-09-12T11:16:11Z,ok,tier=0 anchor 80.5
Honda,Pickup,2026-09-12T10:59:11Z,ok,tier=0 anchor 80.5
Honda,Prelude,2026-09-12T10:59:30Z,ok,tier=0 anchor 49.1
Honda,QA50,2026-09-11T11:50:36Z,ok,tier=1 anchor 77.9
Honda,RC Four,2026-09-11T12:08:53Z,ok,tier=2 anchor 67.9
Honda,RC51,2026-09-12T11:28:05Z,ok,tier=1 anchor 78.4
Honda,Reflex,2026-09-12T11:20:06Z,ok,tier=0 anchor 80.5
Honda,Rune,2026-09-12T11:13:08Z,zero,tier=0 rounded to zero
Honda,S600 & S800,2026-09-12T11:33:01Z,ok,tier=1 anchor 78.9
Honda,S90,2026-09-12T11:22:50Z,ok,tier=1 anchor 78.4
Honda,SL Motosport,2026-09-10T12:26:21Z,empty,tier=2 no search volume
Honda,ST90,2026-09-12T11:33:01Z,ok,tier=1 anchor 78.9
Honda,STEP WAGON,2026-09-12T11:22:50Z,ok,tier=1 anchor 78.4
Honda,STEPWGN,2026-09-12T11:16:11Z,ok,tier=0 anchor 80.5
Honda,Sabre,2026-09-12T11:11:11Z,ok,tier=0 anchor 80.5
Honda,Step-Through Scooter,2026-09-12T11:38:09Z,ok,tier=2 anchor 67.1
Honda,Super Cub,2026-09-12T11:20:06Z,ok,tier=0 anchor 80.5
Honda,"Super Sport: CB750F, CB900F, & CB1100F",2026-09-12T11:37:06Z,empty,tier=2 no search volume
Honda,TL125 & TL250,2026-09-12T11:31:33Z,ok,tier=1 anchor 78.9
Honda,TODAY,2026-09-12T11:16:18Z,ok,tier=0 anchor 80.5
Honda,VAMOS,2026-09-11T11:48:48Z,ok,tier=1 anchor 77.9
Honda,VF & VFR,2026-09-12T11:03:32Z,ok,tier=0 anchor 80.5
Honda,XL & XR,2026-09-12T10:59:17Z,ok,tier=0 anchor 80.5
Honda,Z50,2026-09-11T11:44:28Z,ok,tier=0 anchor 80.6
Honda,Z600,2026-09-12T11:29:14Z,ok,tier=1 anchor 78.4
Honda,ZB50,2026-09-11T12:09:05Z,ok,tier=2 anchor 67.9
Hudson,HUDSON COMMODORE,2026-09-11T11:56:33Z,ok,tier=1 anchor 77.9
Hudson,HUDSON GREAT EIGHT,2026-09-11T12:16:18Z,empty,tier=2 no search volume
Hudson,HUDSON ITALIA COUPE,2026-09-11T12:16:18Z,empty,tier=2 no search volume
Hudson,HUDSON RUMBLE SEAT COUPE,2026-09-11T12:16:18Z,empty,tier=2 no search volume
Hudson,Hudson Hornet,2026-09-12T11:11:18Z,ok,tier=0 anchor 80.5
Hudson,Hudson Super Six,2026-09-11T11:50:36Z,ok,tier=1 anchor 77.9
Hummer,Hummer H1,2026-09-12T10:59:43Z,ok,tier=0 anchor 80.5
Hummer,Hummer H2,2026-09-12T10:58:08Z,ok,tier=0 anchor 80.5
Hummer,Hummer H3,2026-09-12T11:03:32Z,ok,tier=0 anchor 80.5
Hummer,Hummer HMMWV/Humvee,2026-09-11T12:08:08Z,ok,tier=2 anchor 67.9
Hupmobile,HUPMOBILE,2026-09-12T11:34:48Z,ok,tier=1 anchor 73.0
Husqvarna,HUSQVARNA 250 WORKS,2026-09-11T12:16:18Z,empty,tier=2 no search volume
Husqvarna,HUSQVARNA 400 CROSS,2026-09-11T12:16:24Z,ok,tier=2 anchor 67.9
Husqvarna,HUSQVARNA 701 ENDURO,2026-09-12T11:13:21Z,ok,tier=0 anchor 80.5
Husqvarna,HUSQVARNA CR125,2026-09-12T11:21:09Z,ok,tier=1 anchor 78.4
Husqvarna,HUSQVARNA FE 501S,2026-09-12T11:21:59Z,ok,tier=1 anchor 78.4
Husqvarna,HUSQVARNA FE501S,2026-09-12T11:22:19Z,ok,tier=1 anchor 78.4
Husqvarna,HUSQVARNA NORDEN,2026-09-12T11:20:13Z,ok,tier=0 anchor 80.5
Husqvarna,Husqvarna CR,2026-09-12T11:33:01Z,ok,tier=1 anchor 78.9
Husqvarna,Husqvarna WR,2026-09-12T11:10:08Z,ok,tier=0 anchor 80.5
Hyundai,HYUNDAI GENESIS,2026-09-12T11:20:13Z,ok,tier=0 anchor 80.5
Hyundai,HYUNDAI IONIQ 5 N AWD,2026-09-12T11:21:09Z,ok,tier=1 anchor 78.4
Hyundai,HYUNDAI SANTA FE,2026-09-12T11:20:13Z,ok,tier=0 anchor 80.5
Hyundai,HYUNDAI TIBURON,2026-09-12T11:20:06Z,ok,tier=0 anchor 80.5
Hyundai,Hyundai Equus,2026-09-12T11:10:08Z,ok,tier=0 anchor 80.5
Indian,Indian Chief,2026-09-12T11:04:16Z,ok,tier=0 anchor 80.5
Indian,Indian Scout,2026-09-12T11:06:36Z,ok,tier=0 anchor 80.5
Ineos,INEOS Grenadier,2026-09-12T11:08:33Z,ok,tier=0 anchor 80.5
Infiniti,FX,2026-09-12T11:13:21Z,ok,tier=0 anchor 80.5
Infiniti,FX37,2026-09-12T11:20:13Z,ok,tier=0 anchor 80.5
Infiniti,G20,2026-09-12T11:16:18Z,ok,tier=0 anchor 80.5
Infiniti,G35 & G37,2026-09-12T11:00:34Z,ok,tier=0 anchor 48.1
Infiniti,I30/I35,2026-09-11T12:07:43Z,empty,tier=2 no search volume
Infiniti,J30,2026-09-12T11:31:33Z,ok,tier=1 anchor 78.9
Infiniti,M,2026-09-12T11:08:33Z,ok,tier=0 anchor 80.5
Infiniti,Q45,2026-09-12T11:10:08Z,ok,tier=0 anchor 80.5
Infiniti,Q60,2026-09-12T11:20:19Z,ok,tier=0 anchor 80.5
Infiniti,Q60 RED SPORT,2026-09-12T11:20:19Z,ok,tier=0 anchor 80.5
Infiniti,QX50,2026-09-12T11:20:19Z,ok,tier=0 anchor 80.5
Infiniti,QX56,2026-09-12T11:16:18Z,ok,tier=0 anchor 80.5
Infiniti,QX80,2026-09-12T11:13:21Z,ok,tier=0 anchor 80.5
Intermeccanica,Intermeccanica Italia,2026-09-11T12:09:05Z,ok,tier=2 anchor 67.9
International Harvester,INTERNATIONAL CUB LO BOY,2026-09-12T11:21:09Z,zero,tier=1 rounded to zero
International Harvester,INTERNATIONAL HARVESTER CO1800,2026-09-12T11:21:09Z,zero,tier=1 rounded to zero
International Harvester,INTERNATIONAL HARVESTER CUB LO BOY,2026-09-11T12:16:24Z,ok,tier=2 anchor 67.9
International Harvester,INTERNATIONAL HARVESTER FARMALL 300,2026-09-11T12:16:24Z,empty,tier=2 no search volume
International Harvester,INTERNATIONAL HARVESTER FARMALL H,2026-09-11T12:16:24Z,empty,tier=2 no search volume
International Harvester,International Harvester Loadstar,2026-09-11T11:50:36Z,ok,tier=1 anchor 77.9
International Harvester,International Harvester Pickup,2026-09-12T11:25:21Z,ok,tier=1 anchor 78.4
International Harvester,International Harvester Scout 80,2026-09-10T12:27:46Z,empty,tier=2 no search volume
International Harvester,International Harvester Scout 800,2026-09-11T11:46:11Z,zero,tier=1 rounded to zero
International Harvester,International Harvester Scout 800A,2026-09-12T11:38:21Z,empty,tier=2 no search volume
International Harvester,International Harvester Scout 800B,2026-09-10T12:29:23Z,empty,tier=2 no search volume
International Harvester,International Harvester Scout II,2026-09-12T11:23:53Z,ok,tier=1 anchor 78.4
International Harvester,International Harvester Scout II SSII,2026-09-11T12:16:31Z,empty,tier=2 no search volume
International Harvester,International Harvester Scout II Terra,2026-09-10T12:30:21Z,empty,tier=2 no search volume
International Harvester,International Harvester Scout II Traveler,2026-09-10T12:29:30Z,empty,tier=2 no search volume
International Harvester,International Harvester Travelall,2026-09-12T11:28:49Z,ok,tier=1 anchor 78.4
International Harvester,International Harvester XT,2026-09-11T12:09:05Z,empty,tier=2 no search volume
Iso,ISO RIVOLTA IR 300,2026-09-11T11:57:31Z,zero,tier=1 rounded to zero
Iso,Iso Rivolta IR 300 & IR 340,2026-09-11T11:50:36Z,zero,tier=1 rounded to zero
Isuzu,ISUZU HOMBRE,2026-09-12T11:20:19Z,ok,tier=0 anchor 80.5
Isuzu,ISUZU IMPULSE,2026-09-11T11:57:31Z,ok,tier=1 anchor 77.9
Isuzu,ISUZU PICKUP,2026-09-12T11:16:18Z,ok,tier=0 anchor 80.5
Isuzu,ISUZU RODEO,2026-09-12T11:20:25Z,ok,tier=0 anchor 80.5
Isuzu,ISUZU RODEO SPORT,2026-09-12T11:33:01Z,ok,tier=1 anchor 78.9
Isuzu,Isuzu Elf,2026-09-12T11:11:18Z,ok,tier=0 anchor 80.5
Isuzu,Isuzu Trooper,2026-09-12T11:07:14Z,ok,tier=0 anchor 80.5
Isuzu,Isuzu VehiCROSS,2026-09-12T11:11:11Z,ok,tier=0 anchor 80.5
Isuzu,SAFARI TREK RV,2026-09-11T12:16:31Z,empty,tier=2 no search volume
Jaguar,420,2026-09-12T11:33:07Z,ok,tier=1 anchor 78.9
Jaguar,F PACE,2026-09-12T11:13:27Z,ok,tier=0 anchor 80.5
Jaguar,F PACE R SPORT DIESEL,2026-09-11T11:57:31Z,ok,tier=1 anchor 77.9
Jaguar,F PACE SVR,2026-09-12T11:16:24Z,ok,tier=0 anchor 80.5
Jaguar,F-Type,2026-09-12T10:57:17Z,ok,tier=0 anchor 80.5
Jaguar,KIT RACE CAR,2026-09-11T12:16:31Z,empty,tier=2 no search volume
Jaguar,Mark X & 420G,2026-09-11T11:50:43Z,ok,tier=1 anchor 77.9
Jaguar,Mk I,2026-09-11T11:57:31Z,ok,tier=1 anchor 77.9
Jaguar,Mk II,2026-09-12T11:28:36Z,ok,tier=1 anchor 78.4
Jaguar,Mk IV,2026-09-11T12:16:31Z,empty,tier=2 no search volume
Jaguar,Mk V,2026-09-11T12:16:37Z,ok,tier=2 anchor 67.9
Jaguar,"Mk VII, VIII, & IX",2026-09-11T12:07:11Z,empty,tier=2 no search volume
Jaguar,Replica,2026-09-12T11:33:07Z,ok,tier=1 anchor 78.9
Jaguar,S-Type,2026-09-12T11:06:42Z,ok,tier=0 anchor 80.5
Jaguar,X-Type,2026-09-12T11:11:18Z,ok,tier=0 anchor 80.5
Jaguar,X300 XJ,2026-09-12T11:27:02Z,ok,tier=1 anchor 78.4
Jaguar,X306 XJR,2026-09-10T12:29:23Z,empty,tier=2 no search volume
Jaguar,X308 XJ,2026-09-11T11:46:36Z,ok,tier=1 anchor 77.9
Jaguar,X308 XJR,2026-09-12T11:27:02Z,ok,tier=1 anchor 78.4
Jaguar,X350/X356/X358 XJR,2026-09-11T12:07:17Z,empty,tier=2 no search volume
Jaguar,X351 XJ,2026-09-12T11:26:37Z,ok,tier=1 anchor 78.4
Jaguar,XE,2026-09-12T11:16:24Z,ok,tier=0 anchor 80.5
Jaguar,XF,2026-09-12T11:02:22Z,ok,tier=0 anchor 80.5
Jaguar,XJ Coupe,2026-09-12T11:31:39Z,ok,tier=1 anchor 78.9
Jaguar,XJ Series 1,2026-09-12T11:33:07Z,ok,tier=1 anchor 78.9
Jaguar,XJ Series 2,2026-09-12T11:31:39Z,ok,tier=1 anchor 78.9
Jaguar,XJ Series 3,2026-09-12T11:26:24Z,ok,tier=1 anchor 78.4
Jaguar,XJ220,2026-09-12T11:16:24Z,ok,tier=0 anchor 80.5
Jaguar,XJ40 XJ,2026-09-12T11:30:30Z,ok,tier=1 anchor 78.9
Jaguar,XJS,2026-09-11T11:44:15Z,ok,tier=0 anchor 80.6
Jaguar,XK,2026-09-12T10:58:08Z,ok,tier=0 anchor 80.5
Jaguar,XK120,2026-09-12T11:00:15Z,ok,tier=0 anchor 80.5
Jaguar,XK140,2026-09-12T11:25:52Z,ok,tier=1 anchor 78.4
Jaguar,XK150,2026-09-12T11:28:43Z,ok,tier=1 anchor 78.4
Jaguar,XK8,2026-09-11T11:45:20Z,ok,tier=0 anchor 80.6
Jaguar,XKE Series I,2026-09-10T12:32:31Z,empty,tier=2 no search volume
Jaguar,XKE Series II,2026-09-12T11:37:37Z,ok,tier=2 anchor 67.1
Jaguar,XKE Series III,2026-09-12T11:37:50Z,empty,tier=2 no search volume
Jaguar,XKR,2026-09-12T10:57:04Z,ok,tier=0 anchor 80.5
Jawa,JAWA,2026-09-11T11:45:45Z,ok,tier=0 anchor 25.2
Jeep,JEEP COMMANDER,2026-09-12T11:20:25Z,ok,tier=0 anchor 80.5
Jeep,JEEP COMMANDER 7,2026-09-11T11:57:37Z,ok,tier=1 anchor 77.9
Jeep,JEEP LIBERTY,2026-09-12T11:10:08Z,ok,tier=0 anchor 80.5
Jeep,JEEP M422A1,2026-09-11T12:16:37Z,empty,tier=2 no search volume
Jeep,JEEP PATRIOT,2026-09-12T11:20:25Z,ok,tier=0 anchor 80.5
Jeep,JEEP WAGONEER S EV,2026-09-11T11:57:37Z,ok,tier=1 anchor 77.9
Jeep,JEEP WAGONER EV,2026-09-11T12:16:37Z,empty,tier=2 no search volume
Jeep,Jeep CJ-5,2026-09-11T11:49:20Z,ok,tier=1 anchor 77.9
Jeep,Jeep CJ-6,2026-09-11T11:57:37Z,ok,tier=1 anchor 77.9
Jeep,Jeep CJ-7,2026-09-12T11:23:34Z,ok,tier=1 anchor 78.4
Jeep,Jeep CJ-8,2026-09-12T11:27:20Z,ok,tier=1 anchor 78.4
Jeep,Jeep Comanche,2026-09-12T11:07:20Z,ok,tier=0 anchor 80.5
Jeep,Jeep Forward Control,2026-09-11T11:50:43Z,ok,tier=1 anchor 77.9
Jeep,Jeep J-Series,2026-09-12T11:29:46Z,ok,tier=1 anchor 78.4
Jeep,Jeep JT Gladiator,2026-09-12T11:06:42Z,ok,tier=0 anchor 80.5
Jeep,Jeep Jeepster Commando,2026-09-12T11:26:49Z,ok,tier=1 anchor 78.4
Jeep,Jeep Liberty,2026-09-12T11:20:25Z,ok,tier=0 anchor 80.5
Jeep,Jeep Pickup,2026-09-12T11:06:49Z,ok,tier=0 anchor 80.5
Jeep,Jeep SJ Cherokee,2026-09-12T11:27:46Z,ok,tier=1 anchor 78.4
Jeep,Jeep SJ Gladiator,2026-09-10T12:29:30Z,empty,tier=2 no search volume
Jeep,Jeep SJ Grand Wagoneer,2026-09-12T11:35:51Z,ok,tier=2 anchor 67.1
Jeep,Jeep SJ Wagoneer,2026-09-12T11:26:11Z,ok,tier=1 anchor 28.7
Jeep,Jeep WJ Grand Cherokee,2026-09-12T11:02:48Z,ok,tier=0 anchor 80.5
Jeep,Jeep WK Grand Cherokee,2026-09-12T11:07:20Z,ok,tier=0 anchor 80.5
Jeep,Jeep WK2 Grand Cherokee,2026-09-12T10:58:59Z,ok,tier=0 anchor 80.5
Jeep,Jeep WL Grand Cherokee,2026-09-12T11:20:32Z,ok,tier=0 anchor 80.5
Jeep,Jeep WS Grand Wagoneer,2026-09-11T12:16:37Z,empty,tier=2 no search volume
Jeep,Jeep Wrangler JK,2026-09-11T11:44:02Z,ok,tier=0 anchor 55.5
Jeep,Jeep Wrangler JL (2018+),2026-09-12T11:15:46Z,ok,tier=0 anchor 80.5
Jeep,Jeep Wrangler TJ,2026-09-11T11:43:06Z,ok,tier=0 anchor 80.6
Jeep,Jeep Wrangler YJ,2026-09-12T10:58:14Z,ok,tier=0 anchor 80.5
Jeep,Jeep XJ Cherokee,2026-09-11T11:44:22Z,ok,tier=0 anchor 80.6
Jeep,Jeep XJ Wagoneer,2026-09-11T11:57:37Z,ok,tier=1 anchor 77.9
Jeep,Jeep ZJ Grand Cherokee,2026-09-12T11:04:54Z,ok,tier=0 anchor 80.5
Jensen,JENSEN CV 8,2026-09-11T11:57:44Z,zero,tier=1 rounded to zero
Jensen,Jensen Interceptor,2026-09-12T11:07:27Z,ok,tier=0 anchor 80.5
Jensen,Jensen – Healey,2026-09-10T12:28:51Z,empty,tier=2 no search volume
John Deere,JOHN DEERE,2026-09-11T11:45:45Z,ok,tier=0 anchor 25.2
John Deere,JOHN DEERE 420,2026-09-11T11:57:44Z,ok,tier=1 anchor 77.9
John Deere,JOHN DEERE A,2026-09-12T11:20:32Z,ok,tier=0 anchor 80.5
John Deere,JOHN DEERE B,2026-09-12T11:16:30Z,ok,tier=0 anchor 80.5
John Deere,JOHN DEERE H,2026-09-12T11:16:30Z,ok,tier=0 anchor 80.5
John Deere,JOHN DEERE LA,2026-09-12T11:20:32Z,ok,tier=0 anchor 80.5
John Deere,JOHN DEERE M,2026-09-12T11:16:24Z,ok,tier=0 anchor 80.5
John Deere,JOHN DEERE MODEL A,2026-09-12T11:16:30Z,ok,tier=0 anchor 80.5
John Deere,JOHN DEERE MODEL B,2026-09-11T11:57:44Z,ok,tier=1 anchor 77.9
John Deere,JOHN DEERE MODEL B LONG FRAME UNSTYLED,2026-09-11T12:16:43Z,empty,tier=2 no search volume
John Deere,JOHN DEERE MODEL H,2026-09-11T11:57:44Z,ok,tier=1 anchor 77.9
John Deere,JOHN DEERE MT,2026-09-12T11:33:07Z,ok,tier=1 anchor 78.9
John Deere,JOHN DEERE TRACTOR B,2026-09-11T11:57:50Z,ok,tier=1 anchor 77.9
John Deere,John Deere B,2026-09-12T11:20:32Z,ok,tier=0 anchor 80.5
Kaiser,KAISER DELUXE,2026-09-11T11:57:50Z,ok,tier=1 anchor 77.9
Kaiser,KAISER DELUXE 4 DOOR SEDAN,2026-09-11T12:16:43Z,empty,tier=2 no search volume
Kaiser,KAISER HENRY J CUSTOM PROJECT,2026-09-11T12:16:43Z,empty,tier=2 no search volume
Kaiser,KAISER K512,2026-09-12T11:37:19Z,ok,tier=2 anchor 67.1
Kaiser,KAISER MANHATTAN,2026-09-11T11:50:43Z,ok,tier=1 anchor 77.9
Kaiser,Kaiser Darrin,2026-09-11T11:50:43Z,ok,tier=1 anchor 77.9
Kaiser,Kaiser – Jeep M715,2026-09-11T12:09:05Z,ok,tier=2 anchor 67.9
Kawasaki,43 YEARS OWNED 1969 KAWASAKI F3 BUSHMASTER,2026-09-11T11:57:50Z,ok,tier=1 anchor 77.9
Kawasaki,KAWASAKI 454 LTD,2026-09-11T11:57:50Z,ok,tier=1 anchor 77.9
Kawasaki,KAWASAKI A7 AVENGER,2026-09-11T11:57:57Z,zero,tier=1 rounded to zero
Kawasaki,KAWASAKI COMCOURS,2026-09-11T12:16:43Z,empty,tier=2 no search volume
Kawasaki,KAWASAKI F,2026-09-12T11:20:38Z,ok,tier=0 anchor 80.5
Kawasaki,KAWASAKI F5 BIGHORN,2026-09-11T12:09:18Z,empty,tier=2 no search volume
Kawasaki,KAWASAKI F9A 350CC ENDURO,2026-09-11T11:57:57Z,zero,tier=1 rounded to zero
Kawasaki,KAWASAKI G 4,2026-09-11T11:57:57Z,ok,tier=1 anchor 77.9
Kawasaki,KAWASAKI GPZ550,2026-09-12T11:36:48Z,ok,tier=2 anchor 67.1
Kawasaki,KAWASAKI GPZ550 ZX550 A1,2026-09-11T12:16:50Z,empty,tier=2 no search volume
Kawasaki,KAWASAKI GPZ750,2026-09-11T11:57:57Z,ok,tier=1 anchor 77.9
Kawasaki,KAWASAKI KD80X,2026-09-11T12:09:18Z,empty,tier=2 no search volume
Kawasaki,KAWASAKI KE100,2026-09-11T11:58:03Z,ok,tier=1 anchor 77.9
Kawasaki,KAWASAKI KH400,2026-09-11T11:58:03Z,ok,tier=1 anchor 77.9
Kawasaki,KAWASAKI KLT250 P1,2026-09-11T11:58:03Z,zero,tier=1 rounded to zero
Kawasaki,KAWASAKI KLX250,2026-09-11T11:58:03Z,ok,tier=1 anchor 77.9
Kawasaki,KAWASAKI KT250,2026-09-11T12:16:50Z,ok,tier=2 anchor 67.9
Kawasaki,KAWASAKI KV75 PARNELLI JONES,2026-09-11T12:16:50Z,empty,tier=2 no search volume
Kawasaki,KAWASAKI TECATE4,2026-09-11T11:58:15Z,ok,tier=1 anchor 77.9
Kawasaki,KAWASAKI VULCAN 800 DRIFTER,2026-09-11T11:50:49Z,ok,tier=1 anchor 77.9
Kawasaki,KAWASAKI W650,2026-09-11T11:58:15Z,ok,tier=1 anchor 77.9
Kawasaki,KAWASAKI Z900RS,2026-09-12T11:16:37Z,ok,tier=0 anchor 80.5
Kawasaki,KAWASAKI Z900RS CAFE,2026-09-11T11:58:15Z,ok,tier=1 anchor 77.9
Kawasaki,KAWASAKI ZL1000 ELIMINATOR,2026-09-11T12:16:50Z,empty,tier=2 no search volume
Kawasaki,KAWASAKI ZR1100 ZEPHYR,2026-09-11T12:16:56Z,empty,tier=2 no search volume
Kawasaki,KAWASAKI ZRX 1200R,2026-09-12T11:34:35Z,ok,tier=1 anchor 78.9
Kawasaki,KAWASAKI ZRX1100,2026-09-12T11:31:39Z,ok,tier=1 anchor 78.9
Kawasaki,KAWASAKI ZRX1200R,2026-09-12T11:33:13Z,ok,tier=1 anchor 78.9
Kawasaki,KAWASAKI100 G3TR BUSHMASTER,2026-09-11T11:58:15Z,zero,tier=1 rounded to zero
Kawasaki,Kawasaki H1 Mach III,2026-09-12T11:30:36Z,zero,tier=1 rounded to zero
Kawasaki,Kawasaki H2 Mach IV,2026-09-11T11:58:40Z,ok,tier=1 anchor 77.9
Kawasaki,Kawasaki KX,2026-09-12T11:08:30Z,error,tier=0 anchor zero
Kawasaki,Kawasaki KZ,2026-09-12T11:02:54Z,ok,tier=0 anchor 80.5
Kawasaki,Kawasaki Ninja,2026-09-12T11:04:16Z,ok,tier=0 anchor 80.5
Kawasaki,Kawasaki Z1 & Z1-R,2026-09-12T11:29:52Z,ok,tier=1 anchor 78.4
Kawasaki,Kawasaki Z900,2026-09-12T11:20:38Z,ok,tier=0 anchor 80.5
Kellison,KELLISON J5,2026-09-11T11:58:40Z,ok,tier=1 anchor 77.9
Kia,KIA K900,2026-09-12T11:20:38Z,ok,tier=0 anchor 80.5
King Midget,KING MIDGET MODEL,2026-09-11T12:16:56Z,empty,tier=2 no search volume
Kougar,KOUGAR SPORTS,2026-09-11T12:16:56Z,empty,tier=2 no search volume
Kougar,KOUGAR SPORTS ROADSTER,2026-09-12T11:37:19Z,ok,tier=2 anchor 67.1
Ktm,KTM 1190 ADVENTURE,2026-09-12T11:20:38Z,ok,tier=0 anchor 80.5
Ktm,KTM 1190 ADVENTURE 3,2026-09-11T12:16:56Z,ok,tier=2 anchor 67.9
Ktm,KTM 1290 SUPER ADVENTURE R,2026-09-12T11:16:37Z,ok,tier=0 anchor 80.5
Ktm,KTM 200 JACKPINER 30TH ANNIVERSARY,2026-09-11T12:17:03Z,empty,tier=2 no search volume
Ktm,KTM 200 JACKPINER 30TH ANNIVERSARY ADDITION,2026-09-11T12:17:03Z,ok,tier=2 anchor 67.9
Ktm,KTM 390 ADVENTURE,2026-09-12T11:20:44Z,ok,tier=0 anchor 80.5
Ktm,KTM 620 CAFE RACER,2026-09-11T12:17:03Z,empty,tier=2 no search volume
Ktm,KTM 950 ADVENTURE,2026-09-11T11:58:40Z,ok,tier=1 anchor 77.9
Ktm,KTM ADVENTURE,2026-09-12T11:20:44Z,ok,tier=0 anchor 80.5
Ktm,KTM Duke & Super Duke,2026-09-12T11:09:05Z,ok,tier=0 anchor 80.5
Lada,LADA,2026-09-11T11:45:33Z,ok,tier=0 anchor 8.5
Lada,LADA NIVA,2026-09-12T11:20:44Z,ok,tier=0 anchor 80.5
Lada,LADA VAZ,2026-09-11T11:58:40Z,ok,tier=1 anchor 77.9
Laforza,LAFORZA,2026-09-12T11:34:48Z,ok,tier=1 anchor 73.0
Laforza,LAFORZA 3,2026-09-11T12:17:03Z,empty,tier=2 no search volume
Laforza,LAFORZA LAFORZA,2026-09-12T11:34:35Z,ok,tier=1 anchor 78.9
Lagonda,LAGONDA LG45 SPECIAL,2026-09-11T12:17:09Z,empty,tier=2 no search volume
Lamborghini,350 GT & 400 GT,2026-09-11T11:48:55Z,ok,tier=1 anchor 77.9
Lamborghini,Aventador,2026-09-12T11:05:33Z,ok,tier=0 anchor 80.5
Lamborghini,Countach,2026-09-12T11:11:18Z,ok,tier=0 anchor 80.5
Lamborghini,DIABLO REPLICA,2026-09-11T12:17:09Z,ok,tier=2 anchor 67.9
Lamborghini,Diablo,2026-09-12T11:05:58Z,ok,tier=0 anchor 58.1
Lamborghini,Espada,2026-09-12T11:31:45Z,ok,tier=1 anchor 78.9
Lamborghini,Gallardo,2026-09-12T11:00:08Z,ok,tier=0 anchor 80.5
Lamborghini,Huracán,2026-09-12T11:04:23Z,ok,tier=0 anchor 80.5
Lamborghini,Islero,2026-09-11T11:58:46Z,ok,tier=1 anchor 77.9
Lamborghini,Jalpa,2026-09-11T11:58:46Z,ok,tier=1 anchor 77.9
Lamborghini,LM002,2026-09-11T11:58:46Z,ok,tier=1 anchor 77.9
Lamborghini,Murciélago,2026-09-12T11:25:46Z,ok,tier=1 anchor 78.4
Lamborghini,Revuelto,2026-09-12T11:10:14Z,ok,tier=0 anchor 80.5
Lamborghini,Temerario,2026-09-12T11:20:44Z,ok,tier=0 anchor 80.5
Lamborghini,Urraco,2026-09-11T11:58:46Z,ok,tier=1 anchor 77.9
Lamborghini,Urus,2026-09-12T11:04:54Z,ok,tier=0 anchor 80.5
Lambretta,LAMBRETTA LI,2026-09-11T11:58:52Z,ok,tier=1 anchor 77.9
Lambretta,LAMBRETTA LI150 SILVER SPECIAL,2026-09-11T12:17:09Z,empty,tier=2 no search volume
Lambretta,LAMBRETTA SX200,2026-09-11T11:58:52Z,ok,tier=1 anchor 77.9
Lancia,Lancia Aurelia,2026-09-12T11:33:13Z,ok,tier=1 anchor 78.9
Lancia,Lancia Beta,2026-09-12T11:10:14Z,ok,tier=0 anchor 80.5
Lancia,Lancia Delta,2026-09-12T11:06:49Z,ok,tier=0 anchor 80.5
Lancia,Lancia Flaminia,2026-09-11T11:50:49Z,ok,tier=1 anchor 77.9
Lancia,Lancia Flavia,2026-09-11T11:58:52Z,ok,tier=1 anchor 77.9
Lancia,Lancia Fulvia,2026-09-12T11:06:42Z,ok,tier=0 anchor 80.5
Lancia,Lancia Scorpion / Montecarlo,2026-09-12T11:37:13Z,empty,tier=2 no search volume
Land Rover,110 / Defender 110 (Euro Spec),2026-09-10T12:32:18Z,empty,tier=2 no search volume
Land Rover,127 / Defender 130,2026-09-11T12:07:05Z,ok,tier=2 anchor 67.9
Land Rover,90 / Defender 90 (Euro Spec),2026-09-11T12:06:25Z,ok,tier=2 anchor 67.9
Land Rover,Defender 110 NAS,2026-09-11T12:09:18Z,empty,tier=2 no search volume
Land Rover,Defender 90 NAS,2026-09-12T11:37:37Z,ok,tier=2 anchor 67.1
Land Rover,Defender L663,2026-09-11T11:46:11Z,ok,tier=1 anchor 77.9
Land Rover,Discovery I,2026-09-12T11:04:16Z,ok,tier=0 anchor 80.5
Land Rover,Discovery II,2026-09-11T11:45:13Z,ok,tier=0 anchor 80.6
Land Rover,Discovery L462,2026-09-11T11:50:49Z,ok,tier=1 anchor 77.9
Land Rover,L461 Range Rover Sport,2026-09-11T12:09:18Z,ok,tier=2 anchor 67.9
Land Rover,L538 Range Rover Evoque,2026-09-12T11:33:13Z,ok,tier=1 anchor 78.9
Land Rover,LR2,2026-09-12T11:10:14Z,ok,tier=0 anchor 80.5
Land Rover,LR3,2026-09-12T11:00:59Z,ok,tier=0 anchor 80.5
Land Rover,LR4,2026-09-12T11:14:49Z,ok,tier=0 anchor 80.5
Land Rover,Range Rover Autobiography LWB L405,2026-09-12T11:37:19Z,empty,tier=2 no search volume
Land Rover,Range Rover Classic,2026-09-11T11:49:07Z,ok,tier=1 anchor 77.9
Land Rover,Range Rover HSE P525 SWB L405,2026-09-11T11:58:59Z,zero,tier=1 rounded to zero
Land Rover,Range Rover HSE SWB (3.0L SC V6) L405,2026-09-11T12:17:09Z,empty,tier=2 no search volume
Land Rover,Range Rover HSE SWB (3.0L TD6) L405,2026-09-11T12:17:15Z,empty,tier=2 no search volume
Land Rover,Range Rover L322,2026-09-12T11:21:53Z,ok,tier=1 anchor 78.4
Land Rover,Range Rover L405,2026-09-12T11:23:15Z,ok,tier=1 anchor 78.4
Land Rover,Range Rover L460,2026-09-12T11:31:45Z,ok,tier=1 anchor 78.9
Land Rover,Range Rover P38A,2026-09-12T11:36:16Z,empty,tier=2 no search volume
Land Rover,Range Rover SVAutobiography LWB L405,2026-09-11T12:17:15Z,empty,tier=2 no search volume
Land Rover,Range Rover Sport L320,2026-09-12T11:23:34Z,ok,tier=1 anchor 78.4
Land Rover,Range Rover Sport L494,2026-09-12T11:23:47Z,ok,tier=1 anchor 78.4
Land Rover,Range Rover Supercharged LWB L405,2026-09-11T11:58:59Z,zero,tier=1 rounded to zero
Land Rover,Range Rover Supercharged SWB L405,2026-09-11T11:58:52Z,zero,tier=1 rounded to zero
Land Rover,Range Rover Velar (L560),2026-09-11T12:09:25Z,empty,tier=2 no search volume
Land Rover,Series 109,2026-09-11T11:48:35Z,ok,tier=1 anchor 77.9
Land Rover,Series 88,2026-09-12T11:25:09Z,ok,tier=1 anchor 78.4
Lasalle,LASALLE 345C,2026-09-11T12:17:15Z,empty,tier=2 no search volume
Lasalle,LaSalle Series 50,2026-09-11T12:09:25Z,ok,tier=2 anchor 67.9
Lasalle,LaSalle Series 50 & Series 52,2026-09-11T12:17:15Z,ok,tier=2 anchor 67.9
Laverda,LAVERDA JOTA,2026-09-11T11:50:49Z,ok,tier=1 anchor 77.9
Laverda,LAVERDA JOTA AMERICA,2026-09-11T12:17:22Z,empty,tier=2 no search volume
Laverda,Laverda SF,2026-09-11T11:58:59Z,ok,tier=1 anchor 77.9
Lexus,ES,2026-09-12T10:59:55Z,ok,tier=0 anchor 80.5
Lexus,GS,2026-09-12T11:03:32Z,ok,tier=0 anchor 80.5
Lexus,GX,2026-09-11T11:44:15Z,ok,tier=0 anchor 80.6
Lexus,IS,2026-09-12T11:01:57Z,ok,tier=0 anchor 80.5
Lexus,LC,2026-09-12T11:03:01Z,ok,tier=0 anchor 80.5
Lexus,LFA,2026-09-12T11:11:24Z,ok,tier=0 anchor 69.0
Lexus,LS Sedan,2026-09-12T11:23:40Z,ok,tier=1 anchor 78.4
Lexus,LX (J310),2026-09-11T12:17:22Z,empty,tier=2 no search volume
Lexus,LX450,2026-09-12T11:00:15Z,ok,tier=0 anchor 80.5
Lexus,LX470,2026-09-11T11:44:35Z,ok,tier=0 anchor 80.6
Lexus,LX570,2026-09-12T11:02:22Z,ok,tier=0 anchor 80.5
Lexus,RC,2026-09-12T11:16:37Z,ok,tier=0 anchor 80.5
Lexus,RX,2026-09-12T11:00:59Z,ok,tier=0 anchor 80.5
Lexus,RX300,2026-09-12T11:20:51Z,ok,tier=0 anchor 80.5
Lexus,RX330 2,2026-09-11T11:58:59Z,ok,tier=1 anchor 77.9
Lexus,SC,2026-09-11T11:45:20Z,ok,tier=0 anchor 80.6
Lexus,XF10 LS400,2026-09-12T11:29:46Z,zero,tier=1 rounded to zero
Lexus,XF20 LS400,2026-09-12T11:38:03Z,empty,tier=2 no search volume
Lexus,XF30 LS430,2026-09-10T12:25:48Z,empty,tier=2 no search volume
Lexus,XF40 LS,2026-09-10T12:26:54Z,empty,tier=2 no search volume
Lexus,XF50 LS,2026-09-11T12:09:25Z,empty,tier=2 no search volume
Lexus,Z30 SC300,2026-09-11T12:17:22Z,empty,tier=2 no search volume
Lexus,Z30 SC400,2026-09-11T12:17:22Z,empty,tier=2 no search volume
Lexus,Z40 SC430,2026-09-12T11:27:08Z,ok,tier=1 anchor 78.4
Leyland,LEYLAND FV4201 CHIEFTAIN TANK,2026-09-11T12:17:28Z,empty,tier=2 no search volume
Lincoln,LINCOLN AVIATOR,2026-09-12T11:13:27Z,ok,tier=0 anchor 80.5
Lincoln,LINCOLN CLUB COUPE,2026-09-11T11:59:05Z,zero,tier=1 rounded to zero
Lincoln,LINCOLN COSMOPOLITAN CAPRI,2026-09-11T12:17:28Z,ok,tier=2 anchor 67.9
Lincoln,LINCOLN KA 4 DOOR SEDAN,2026-09-11T12:17:28Z,empty,tier=2 no search volume
Lincoln,LINCOLN LS,2026-09-12T11:13:27Z,ok,tier=0 anchor 80.5
Lincoln,LINCOLN MKS,2026-09-12T11:13:52Z,ok,tier=0 anchor 80.5
Lincoln,LINCOLN MKT,2026-09-11T11:44:28Z,ok,tier=0 anchor 80.6
Lincoln,LINCOLN MKZ,2026-09-12T11:20:51Z,ok,tier=0 anchor 80.5
Lincoln,LINCOLN MODEL L,2026-09-11T11:59:05Z,ok,tier=1 anchor 77.9
Lincoln,LINCOLN ZEPHYR 3,2026-09-11T12:17:28Z,ok,tier=2 anchor 67.9
Lincoln,Lincoln Blackwood & Mark LT,2026-09-12T11:05:39Z,ok,tier=0 anchor 80.5
Lincoln,Lincoln Capri,2026-09-12T11:29:52Z,ok,tier=1 anchor 78.4
Lincoln,Lincoln Continental,2026-09-11T11:44:35Z,ok,tier=0 anchor 80.6
Lincoln,Lincoln Continental Mark II,2026-09-12T11:27:20Z,ok,tier=1 anchor 78.4
Lincoln,Lincoln Continental Mark III,2026-09-12T11:29:52Z,ok,tier=1 anchor 78.4
Lincoln,Lincoln Continental Mark IV,2026-09-11T11:47:33Z,ok,tier=1 anchor 77.9
Lincoln,Lincoln Continental Mark V,2026-09-12T11:26:11Z,ok,tier=1 anchor 28.7
Lincoln,Lincoln Continental Mark VI,2026-09-11T11:50:56Z,ok,tier=1 anchor 77.9
Lincoln,Lincoln Continental Mark VII & Mark VII,2026-09-12T11:38:40Z,ok,tier=2 anchor 67.1
Lincoln,Lincoln Cosmopolitan,2026-09-11T11:59:05Z,ok,tier=1 anchor 77.9
Lincoln,"Lincoln K, KA, & KB",2026-09-11T12:07:49Z,empty,tier=2 no search volume
Lincoln,Lincoln Mark VIII,2026-09-12T11:07:58Z,ok,tier=0 anchor 80.5
Lincoln,Lincoln Navigator,2026-09-12T11:03:13Z,ok,tier=0 anchor 80.5
Lincoln,Lincoln Premiere,2026-09-12T11:16:30Z,ok,tier=0 anchor 80.5
Lincoln,Lincoln Town Car,2026-09-11T11:45:26Z,ok,tier=0 anchor 48.6
Lincoln,Lincoln Zephyr,2026-09-12T11:10:14Z,ok,tier=0 anchor 80.5
Local Motors,LOCAL MOTORS RALLY FIGHTER,2026-09-11T11:50:56Z,ok,tier=1 anchor 77.9
Lola,LOLA B07,2026-09-11T12:17:34Z,empty,tier=2 no search volume
Lola,LOLA INDY CAR,2026-09-12T11:22:19Z,zero,tier=1 rounded to zero
Lola,LOLA T,2026-09-12T11:20:51Z,ok,tier=0 anchor 80.5
Lola,LOLA T 70 MK3B,2026-09-11T11:59:05Z,zero,tier=1 rounded to zero
Lola,LOLA T 86,2026-09-11T12:17:34Z,empty,tier=2 no search volume
Lotus,2-Eleven & 3-Eleven,2026-09-11T11:50:56Z,ok,tier=1 anchor 77.9
Lotus,23B,2026-09-11T12:17:34Z,ok,tier=2 anchor 67.9
Lotus,Cortina,2026-09-12T11:16:37Z,ok,tier=0 anchor 80.5
Lotus,ECLAT,2026-09-11T11:59:11Z,ok,tier=1 anchor 77.9
Lotus,EXCEL,2026-09-12T11:20:51Z,ok,tier=0 anchor 80.5
Lotus,Elan,2026-09-12T11:03:07Z,ok,tier=0 anchor 80.5
Lotus,Elan M100,2026-09-11T11:59:11Z,ok,tier=1 anchor 77.9
Lotus,Elise,2026-09-12T11:15:33Z,ok,tier=0 anchor 80.5
Lotus,Elite,2026-09-12T11:16:43Z,ok,tier=0 anchor 80.5
Lotus,Emira,2026-09-12T11:05:58Z,ok,tier=0 anchor 58.1
Lotus,Esprit,2026-09-12T11:00:46Z,ok,tier=0 anchor 31.2
Lotus,Esprit S2,2026-09-12T11:21:59Z,ok,tier=1 anchor 78.4
Lotus,Esprit S3,2026-09-11T11:50:56Z,ok,tier=1 anchor 77.9
Lotus,Esprit S4,2026-09-11T11:51:02Z,ok,tier=1 anchor 77.9
Lotus,Esprit V8,2026-09-12T11:13:21Z,ok,tier=0 anchor 80.5
Lotus,Esprit X180,2026-09-11T12:09:25Z,ok,tier=2 anchor 67.9
Lotus,Europa,2026-09-12T11:06:04Z,ok,tier=0 anchor 80.5
Lotus,Evora,2026-09-12T11:02:48Z,ok,tier=0 anchor 80.5
Lotus,Exige,2026-09-12T11:10:21Z,ok,tier=0 anchor 80.5
Lotus,Open-Wheel,2026-09-11T12:17:34Z,empty,tier=2 no search volume
Lotus,Other Seven Replicas,2026-09-10T12:27:53Z,empty,tier=2 no search volume
Lotus,Seven & Super Seven,2026-09-12T11:10:21Z,ok,tier=0 anchor 80.5
Lti,LTI TXII,2026-09-10T12:29:30Z,empty,tier=2 no search volume
Lucid,Lucid Air,2026-09-12T11:05:01Z,ok,tier=0 anchor 80.5
MG,MG F,2026-09-12T11:20:57Z,ok,tier=0 anchor 80.5
MG,MG MGA,2026-09-12T10:57:23Z,zero,tier=0 rounded to zero
MG,MG MGB,2026-09-11T11:44:09Z,ok,tier=0 anchor 80.6
MG,MG MGC,2026-09-12T11:31:45Z,ok,tier=1 anchor 78.9
MG,MG Magnette,2026-09-12T11:33:13Z,ok,tier=1 anchor 78.9
MG,MG Midget,2026-09-12T10:59:55Z,ok,tier=0 anchor 80.5
MG,MG RV8,2026-09-11T11:59:11Z,ok,tier=1 anchor 77.9
MG,MG TA,2026-09-12T11:16:43Z,ok,tier=0 anchor 80.5
MG,MG TC,2026-09-12T11:05:58Z,ok,tier=0 anchor 58.1
MG,MG TD,2026-09-12T10:58:08Z,ok,tier=0 anchor 80.5
MG,MG TF,2026-09-12T11:03:07Z,ok,tier=0 anchor 80.5
MG,MG YA,2026-09-12T11:20:57Z,ok,tier=0 anchor 80.5
Mack,MACK AB,2026-09-11T11:59:11Z,ok,tier=1 anchor 77.9
Mack,MACK C85 FIRE TRUCK,2026-09-11T12:17:41Z,empty,tier=2 no search volume
Mack,MACK MINI MACK,2026-09-11T11:39:03Z,ok,tier=0 anchor 80.6
Mahindra,MAHINDRA ROXOR,2026-09-12T11:16:43Z,ok,tier=0 anchor 80.5
Mahindra,Mahindra Roxor,2026-09-12T11:16:43Z,ok,tier=0 anchor 80.5
Maico,MAICO 490 MEGA2,2026-09-10T12:30:21Z,empty,tier=2 no search volume
Maico,MAICO AW400,2026-09-11T12:17:41Z,empty,tier=2 no search volume
Maico,MAICO MC250 5 AW,2026-09-11T12:17:41Z,empty,tier=2 no search volume
Maico,MAICO MC440,2026-09-11T12:17:41Z,empty,tier=2 no search volume
Marcos,Marcos GT,2026-09-11T11:51:02Z,ok,tier=1 anchor 77.9
Maserati,3500 GT,2026-09-11T11:51:02Z,ok,tier=1 anchor 77.9
Maserati,Biturbo,2026-09-12T11:13:27Z,ok,tier=0 anchor 80.5
Maserati,Bora,2026-09-12T11:31:39Z,ok,tier=1 anchor 78.9
Maserati,Coupe & Spyder,2026-09-12T10:59:05Z,ok,tier=0 anchor 80.5
Maserati,Ghibli,2026-09-12T11:06:49Z,ok,tier=0 anchor 80.5
Maserati,Ghibli AM115,2026-09-11T12:17:47Z,empty,tier=2 no search volume
Maserati,GranTurismo,2026-09-12T10:57:29Z,ok,tier=0 anchor 80.5
Maserati,INDY,2026-09-11T11:59:17Z,ok,tier=1 anchor 77.9
Maserati,Indy,2026-09-11T11:59:17Z,ok,tier=1 anchor 77.9
Maserati,LEVANTE,2026-09-12T11:16:50Z,ok,tier=0 anchor 80.5
Maserati,LEVANTE MODENA,2026-09-11T11:59:17Z,ok,tier=1 anchor 77.9
Maserati,Levante,2026-09-12T11:10:21Z,ok,tier=0 anchor 80.5
Maserati,MC20,2026-09-11T11:39:03Z,ok,tier=0 anchor 80.6
Maserati,MC20 / MCPura,2026-09-11T12:07:05Z,empty,tier=2 no search volume
Maserati,MEXICO,2026-09-11T11:51:02Z,ok,tier=1 anchor 77.9
Maserati,Merak,2026-09-11T11:51:08Z,ok,tier=1 anchor 77.9
Maserati,Mexico,2026-09-11T11:59:17Z,ok,tier=1 anchor 77.9
Maserati,Mistral,2026-09-11T11:59:24Z,ok,tier=1 anchor 77.9
Maserati,Quattroporte,2026-09-12T10:58:52Z,ok,tier=0 anchor 80.5
Maserati,Race Car,2026-09-11T11:59:24Z,ok,tier=1 anchor 77.9
Maserati,Sebring,2026-09-11T11:51:08Z,ok,tier=1 anchor 77.9
Matchless,MATCHLESS G12,2026-09-11T11:59:24Z,ok,tier=1 anchor 77.9
Matchless,MATCHLESS G3C,2026-09-11T12:17:47Z,empty,tier=2 no search volume
Matchless,MATCHLESS G80,2026-09-11T11:59:24Z,ok,tier=1 anchor 77.9
Matra,MATRA SPORTS DJET V,2026-09-11T11:59:30Z,zero,tier=1 rounded to zero
Maxton,MAXTON ROLLERSKATE,2026-09-11T12:17:47Z,empty,tier=2 no search volume
Maxwell,MAXWELL 1905 MODEL L,2026-09-11T11:59:30Z,zero,tier=1 rounded to zero
Maxwell,MAXWELL AA RUNABOUT,2026-09-11T12:17:47Z,empty,tier=2 no search volume
Maybach,Maybach 57,2026-09-12T11:08:59Z,ok,tier=0 anchor 80.5
Maybach,Maybach 62,2026-09-12T11:16:50Z,ok,tier=0 anchor 80.5
Mazda,MAZDA 323,2026-09-11T11:39:03Z,ok,tier=0 anchor 80.6
Mazda,MAZDA 626,2026-09-11T11:39:03Z,ok,tier=0 anchor 80.6
Mazda,MAZDA 929,2026-09-11T11:39:10Z,ok,tier=0 anchor 80.6
Mazda,MAZDA MX,2026-09-11T11:39:10Z,ok,tier=0 anchor 80.6
Mazda,MAZDA MX6,2026-09-11T11:39:10Z,ok,tier=0 anchor 80.6
Mazda,Mazda 3 & Mazdaspeed3,2026-09-12T11:11:24Z,ok,tier=0 anchor 69.0
Mazda,Mazda 6 & Mazdaspeed6,2026-09-12T11:16:50Z,ok,tier=0 anchor 80.5
Mazda,Mazda Bongo,2026-09-11T11:39:17Z,ok,tier=0 anchor 80.6
Mazda,Mazda Cosmo,2026-09-11T11:39:17Z,ok,tier=0 anchor 80.6
Mazda,Mazda NA MX-5 Miata,2026-09-12T11:23:28Z,ok,tier=1 anchor 78.4
Mazda,Mazda NB MX-5 Miata,2026-09-11T11:49:20Z,ok,tier=1 anchor 77.9
Mazda,Mazda NC MX-5 Miata,2026-09-12T11:24:05Z,ok,tier=1 anchor 78.4
Mazda,Mazda ND MX-5 Miata,2026-09-12T11:25:34Z,ok,tier=1 anchor 78.4
Mazda,Mazda Pickup,2026-09-12T11:02:48Z,ok,tier=0 anchor 80.5
Mazda,Mazda RX-7 FB,2026-09-12T11:25:02Z,ok,tier=1 anchor 78.4
Mazda,Mazda RX-7 FC,2026-09-11T11:47:13Z,ok,tier=1 anchor 77.9
Mazda,Mazda RX-7 FD,2026-09-12T11:25:02Z,ok,tier=1 anchor 78.4
Mazda,Mazda RX-8,2026-09-12T11:02:48Z,ok,tier=0 anchor 80.5
McLaren,570GT,2026-09-11T11:59:30Z,ok,tier=1 anchor 77.9
McLaren,650S,2026-09-11T11:39:17Z,ok,tier=0 anchor 80.6
McLaren,720S,2026-09-11T11:39:10Z,ok,tier=0 anchor 80.6
McLaren,750S,2026-09-12T11:16:50Z,ok,tier=0 anchor 80.5
McLaren,Artura,2026-09-12T11:13:52Z,ok,tier=0 anchor 80.5
McLaren,GT,2026-09-12T11:09:05Z,ok,tier=0 anchor 80.5
McLaren,MP4-12C,2026-09-11T11:47:07Z,ok,tier=1 anchor 77.9
McLaren,Racing,2026-09-11T11:39:17Z,ok,tier=0 anchor 80.6
McLaren,Sports Series,2026-09-12T11:27:46Z,ok,tier=1 anchor 78.4
McLaren,Super Series,2026-09-12T11:26:37Z,ok,tier=1 anchor 78.4
McLaren,Ultimate Series,2026-09-12T11:31:52Z,ok,tier=1 anchor 78.9
Mccormick,FARMALL 450 DIESEL,2026-09-11T12:17:54Z,empty,tier=2 no search volume
Mercedes-Benz,190E 2.3-16 & 2.5-16,2026-09-12T11:26:55Z,ok,tier=1 anchor 78.4
Mercedes-Benz,190SL,2026-09-12T11:24:05Z,ok,tier=1 anchor 78.4
Mercedes-Benz,260 STUTTGART CABRIOLET C 2,2026-09-11T12:17:54Z,empty,tier=2 no search volume
Mercedes-Benz,300CE,2026-09-11T11:59:30Z,ok,tier=1 anchor 77.9
Mercedes-Benz,300E,2026-09-11T11:51:08Z,ok,tier=1 anchor 77.9
Mercedes-Benz,300SL Gullwing & Roadster,2026-09-12T11:27:26Z,ok,tier=1 anchor 78.4
Mercedes-Benz,300TE 3 4 AMG WAGON,2026-09-11T12:17:54Z,empty,tier=2 no search volume
Mercedes-Benz,320 CABRIOLET A,2026-09-11T11:59:36Z,zero,tier=1 rounded to zero
Mercedes-Benz,408 VAN,2026-09-12T11:22:19Z,zero,tier=1 rounded to zero
Mercedes-Benz,450SEL 6.9,2026-09-12T11:38:28Z,empty,tier=2 no search volume
Mercedes-Benz,500E & E500,2026-09-12T11:26:37Z,ok,tier=1 anchor 78.4
Mercedes-Benz,560SEL,2026-09-11T11:59:36Z,ok,tier=1 anchor 77.9
Mercedes-Benz,600,2026-09-12T11:11:24Z,ok,tier=0 anchor 69.0
Mercedes-Benz,811D FIRE TRUCK,2026-09-11T12:17:54Z,empty,tier=2 no search volume
Mercedes-Benz,A CLASS A160 AVANTGARDE EURO,2026-09-11T12:18:00Z,empty,tier=2 no search volume
Mercedes-Benz,A124 300CE Cabriolet,2026-09-11T12:18:00Z,empty,tier=2 no search volume
Mercedes-Benz,A124 E320 Cabriolet,2026-09-12T11:35:19Z,empty,tier=2 no search volume
Mercedes-Benz,A160 ELEGANCE,2026-09-11T12:18:00Z,empty,tier=2 no search volume
Mercedes-Benz,AMG AMG GT TRACK SERIES,2026-09-11T12:18:00Z,empty,tier=2 no search volume
Mercedes-Benz,AMG C63 S,2026-09-12T11:33:20Z,ok,tier=1 anchor 78.9
Mercedes-Benz,AMG C63 S CABRIOLET,2026-09-11T11:51:08Z,zero,tier=1 rounded to zero
Mercedes-Benz,AMG C63 S COUPE,2026-09-11T12:09:31Z,ok,tier=2 anchor 67.9
Mercedes-Benz,AMG E53 SEDAN,2026-09-11T12:18:07Z,empty,tier=2 no search volume
Mercedes-Benz,AMG E63 S 4MATIC WAGON,2026-09-11T12:18:07Z,ok,tier=2 anchor 67.9
Mercedes-Benz,AMG E63 S 4MATIC WAGON 9,2026-09-11T12:18:07Z,empty,tier=2 no search volume
Mercedes-Benz,AMG E63 S SEDAN,2026-09-10T12:29:36Z,empty,tier=2 no search volume
Mercedes-Benz,AMG E63 S SEDAN 3,2026-09-11T12:18:07Z,empty,tier=2 no search volume
Mercedes-Benz,AMG E63 S WAGON,2026-09-12T11:38:15Z,empty,tier=2 no search volume
Mercedes-Benz,AMG G 63 AMG,2026-09-11T11:59:36Z,ok,tier=1 anchor 77.9
Mercedes-Benz,AMG G63,2026-09-12T11:03:51Z,ok,tier=0 anchor 80.5
Mercedes-Benz,AMG G63 26,2026-09-11T12:18:13Z,ok,tier=2 anchor 67.9
Mercedes-Benz,AMG G63 4X4%C2%B2,2026-09-10T12:30:21Z,empty,tier=2 no search volume
Mercedes-Benz,AMG G65,2026-09-11T11:59:36Z,ok,tier=1 anchor 77.9
Mercedes-Benz,AMG GL 63 AMG,2026-09-11T12:18:13Z,ok,tier=2 anchor 67.9
Mercedes-Benz,AMG GLC43,2026-09-11T11:59:42Z,ok,tier=1 anchor 77.9
Mercedes-Benz,AMG GLC63,2026-09-11T11:59:42Z,ok,tier=1 anchor 77.9
Mercedes-Benz,AMG GLE43,2026-09-11T12:18:13Z,ok,tier=2 anchor 67.9
Mercedes-Benz,AMG GLE63 S,2026-09-11T11:59:42Z,ok,tier=1 anchor 77.9
Mercedes-Benz,AMG GLE63 S 7,2026-09-11T12:18:13Z,empty,tier=2 no search volume
Mercedes-Benz,AMG GLE63 S 8,2026-09-11T12:18:19Z,empty,tier=2 no search volume
Mercedes-Benz,AMG GLS 63 AMG,2026-09-11T11:59:42Z,ok,tier=1 anchor 77.9
Mercedes-Benz,AMG GLS63,2026-09-12T11:16:56Z,ok,tier=0 anchor 80.5
Mercedes-Benz,AMG GT,2026-09-12T11:10:27Z,ok,tier=0 anchor 80.5
Mercedes-Benz,AMG GT BLACK SERIES,2026-09-12T11:29:52Z,ok,tier=1 anchor 78.4
Mercedes-Benz,AMG GT BLACK SERIES 11,2026-09-11T12:18:19Z,empty,tier=2 no search volume
Mercedes-Benz,AMG GT C,2026-09-12T11:28:49Z,ok,tier=1 anchor 78.4
Mercedes-Benz,AMG GT C ROADSTER,2026-09-10T12:29:04Z,empty,tier=2 no search volume
Mercedes-Benz,AMG GT C ROADSTER 9,2026-09-11T12:18:19Z,empty,tier=2 no search volume
Mercedes-Benz,AMG GT R,2026-09-12T11:29:14Z,ok,tier=1 anchor 78.4
Mercedes-Benz,AMG GT R PRO,2026-09-11T12:18:19Z,ok,tier=2 anchor 67.9
Mercedes-Benz,AMG GT R ROADSTER,2026-09-10T12:29:49Z,empty,tier=2 no search volume
Mercedes-Benz,AMG GT R ROADSTER 12,2026-09-12T11:21:16Z,zero,tier=1 rounded to zero
Mercedes-Benz,AMG GT ROADSTER,2026-09-12T11:28:11Z,ok,tier=1 anchor 78.4
Mercedes-Benz,AMG GT S,2026-09-12T11:28:11Z,ok,tier=1 anchor 78.4
Mercedes-Benz,AMG GT S 10,2026-09-11T12:18:26Z,ok,tier=2 anchor 67.9
Mercedes-Benz,AMG GT S 21,2026-09-11T12:18:26Z,empty,tier=2 no search volume
Mercedes-Benz,AMG GT S 9,2026-09-12T11:21:16Z,ok,tier=1 anchor 78.4
Mercedes-Benz,AMG GT53,2026-09-11T12:18:26Z,empty,tier=2 no search volume
Mercedes-Benz,AMG GT53 4 DOOR COUPE,2026-09-11T12:18:26Z,ok,tier=2 anchor 67.9
Mercedes-Benz,AMG GT53 FOUR DOOR,2026-09-11T12:18:32Z,empty,tier=2 no search volume
Mercedes-Benz,AMG GT63,2026-09-11T11:51:15Z,ok,tier=1 anchor 77.9
Mercedes-Benz,AMG GT63 S,2026-09-12T11:21:16Z,zero,tier=1 rounded to zero
Mercedes-Benz,AMG GT63 S FOUR DOOR,2026-09-11T12:18:32Z,empty,tier=2 no search volume
Mercedes-Benz,AMG S63 CABRIOLET,2026-09-12T11:21:16Z,zero,tier=1 rounded to zero
Mercedes-Benz,AMG S63 COUPE,2026-09-12T11:37:25Z,ok,tier=2 anchor 67.1
Mercedes-Benz,AMG S63 E PERFORMANCE,2026-09-11T12:09:31Z,ok,tier=2 anchor 67.9
Mercedes-Benz,AMG S63 SEDAN,2026-09-10T12:30:28Z,empty,tier=2 no search volume
Mercedes-Benz,AMG S65 COUPE,2026-09-12T11:35:19Z,empty,tier=2 no search volume
Mercedes-Benz,AMG S65 SEDAN,2026-09-11T12:00:46Z,zero,tier=1 rounded to zero
Mercedes-Benz,AMG SL 63,2026-09-11T12:00:46Z,ok,tier=1 anchor 77.9
Mercedes-Benz,AMG SL43,2026-09-11T11:51:15Z,zero,tier=1 rounded to zero
Mercedes-Benz,AMG SL55,2026-09-11T12:00:46Z,ok,tier=1 anchor 77.9
Mercedes-Benz,AMG SL63,2026-09-12T11:28:11Z,ok,tier=1 anchor 78.4
Mercedes-Benz,AMG SL65,2026-09-11T12:00:46Z,ok,tier=1 anchor 77.9
Mercedes-Benz,AMG SL72,2026-09-11T12:18:32Z,ok,tier=2 anchor 67.9
Mercedes-Benz,Benz AMG,2026-09-12T11:05:01Z,ok,tier=0 anchor 80.5
Mercedes-Benz,Brabus,2026-09-11T11:51:15Z,ok,tier=1 anchor 77.9
Mercedes-Benz,C107 SLC,2026-09-11T11:47:07Z,zero,tier=1 rounded to zero
Mercedes-Benz,C126,2026-09-12T11:24:37Z,ok,tier=1 anchor 78.4
Mercedes-Benz,C140,2026-09-12T11:38:09Z,ok,tier=2 anchor 67.1
Mercedes-Benz,C207 E-Class Coupe/Cabriolet,2026-09-10T12:32:25Z,empty,tier=2 no search volume
Mercedes-Benz,C208/A208 CLK-Class (Non-AMG),2026-09-12T11:34:16Z,zero,tier=1 rounded to zero
Mercedes-Benz,C208/A208 CLK55 AMG,2026-09-11T12:18:32Z,ok,tier=2 anchor 67.9
Mercedes-Benz,C209/A209 CLK-Class (Non-AMG),2026-09-11T12:06:39Z,empty,tier=2 no search volume
Mercedes-Benz,C217 S-Class Coupe,2026-09-12T11:38:15Z,empty,tier=2 no search volume
Mercedes-Benz,C217 S-Class Coupe & A217 S-Class Cabriolet,2026-09-12T11:38:47Z,empty,tier=2 no search volume
Mercedes-Benz,C32 AMG,2026-09-11T11:51:15Z,ok,tier=1 anchor 77.9
Mercedes-Benz,C36 AMG,2026-09-12T11:33:20Z,ok,tier=1 anchor 78.9
Mercedes-Benz,C43 AMG,2026-09-12T11:30:36Z,ok,tier=1 anchor 78.9
Mercedes-Benz,C43 AMG 15,2026-09-11T12:18:39Z,ok,tier=2 anchor 67.9
Mercedes-Benz,C43 AMG SEDAN,2026-09-11T12:01:11Z,zero,tier=1 rounded to zero
Mercedes-Benz,C55 AMG,2026-09-12T11:30:36Z,ok,tier=1 anchor 78.9
Mercedes-Benz,C55 AMG 21,2026-09-11T12:18:39Z,empty,tier=2 no search volume
Mercedes-Benz,C63 AMG,2026-09-12T11:02:03Z,ok,tier=0 anchor 80.5
Mercedes-Benz,C63 AMG 30 2,2026-09-11T12:18:39Z,empty,tier=2 no search volume
Mercedes-Benz,C63 AMG P31,2026-09-11T12:18:39Z,empty,tier=2 no search volume
Mercedes-Benz,C63 S AMG,2026-09-11T12:01:11Z,ok,tier=1 anchor 77.9
Mercedes-Benz,C63 S AMG CABRIOLET,2026-09-11T11:51:21Z,zero,tier=1 rounded to zero
Mercedes-Benz,C63 S AMG COUPE,2026-09-11T12:18:45Z,ok,tier=2 anchor 67.9
Mercedes-Benz,C63 S AMG SEDAN,2026-09-11T12:09:31Z,empty,tier=2 no search volume
Mercedes-Benz,CL-Class,2026-09-12T11:25:46Z,ok,tier=1 anchor 78.4
Mercedes-Benz,CL55 AMG,2026-09-12T11:28:11Z,ok,tier=1 anchor 78.4
Mercedes-Benz,CL55 AMG 11 2,2026-09-11T12:18:45Z,ok,tier=2 anchor 67.9
Mercedes-Benz,CL63 AMG,2026-09-12T11:27:26Z,ok,tier=1 anchor 78.4
Mercedes-Benz,CL63 AMG 12,2026-09-11T12:18:45Z,ok,tier=2 anchor 67.9
Mercedes-Benz,CL63 AMG 18,2026-09-11T12:18:45Z,empty,tier=2 no search volume
Mercedes-Benz,CL63 AMG 19,2026-09-11T12:18:52Z,empty,tier=2 no search volume
Mercedes-Benz,CL65 AMG,2026-09-12T11:27:52Z,ok,tier=1 anchor 78.4
Mercedes-Benz,CL65 AMG 41,2026-09-11T12:18:52Z,ok,tier=2 anchor 67.9
Mercedes-Benz,CLA45 AMG,2026-09-11T12:01:11Z,ok,tier=1 anchor 77.9
Mercedes-Benz,CLK-Class,2026-09-12T11:24:24Z,ok,tier=1 anchor 78.4
Mercedes-Benz,CLK55 AMG CABRIOLET,2026-09-10T12:28:51Z,empty,tier=2 no search volume
Mercedes-Benz,CLK55 AMG CABRIOLET 15,2026-09-11T12:01:11Z,ok,tier=1 anchor 77.9
Mercedes-Benz,CLK55 AMG CABRIOLET 6,2026-09-11T12:18:52Z,empty,tier=2 no search volume
Mercedes-Benz,CLK55 AMG CABRIOLET 7 2,2026-09-11T12:18:52Z,empty,tier=2 no search volume
Mercedes-Benz,CLK55 AMG COUPE,2026-09-10T12:27:46Z,empty,tier=2 no search volume
Mercedes-Benz,CLK63 AMG BLACK SERIES,2026-09-10T12:29:04Z,empty,tier=2 no search volume
Mercedes-Benz,CLK63 AMG Black Series,2026-09-11T12:01:18Z,zero,tier=1 rounded to zero
Mercedes-Benz,CLK63 AMG CABRIOLET,2026-09-10T12:29:04Z,empty,tier=2 no search volume
Mercedes-Benz,CLK63 AMG CABRIOLET 3,2026-09-11T12:18:58Z,empty,tier=2 no search volume
Mercedes-Benz,CLS-Class,2026-09-12T11:26:24Z,ok,tier=1 anchor 78.4
Mercedes-Benz,CLS55 AMG,2026-09-12T11:33:20Z,ok,tier=1 anchor 78.9
Mercedes-Benz,CLS63 AMG,2026-09-12T11:31:52Z,ok,tier=1 anchor 78.9
Mercedes-Benz,E50 AMG,2026-09-11T12:09:31Z,ok,tier=2 anchor 67.9
Mercedes-Benz,E53 AMG CABRIOLET,2026-09-11T12:18:58Z,empty,tier=2 no search volume
Mercedes-Benz,E53 AMG SEDAN,2026-09-11T12:18:58Z,empty,tier=2 no search volume
Mercedes-Benz,E55 AMG,2026-09-12T11:26:18Z,ok,tier=1 anchor 78.4
Mercedes-Benz,E55 AMG 31,2026-09-11T12:18:58Z,empty,tier=2 no search volume
Mercedes-Benz,E55 AMG 40,2026-09-11T12:01:18Z,ok,tier=1 anchor 77.9
Mercedes-Benz,E55 AMG SEDAN,2026-09-10T12:27:53Z,empty,tier=2 no search volume
Mercedes-Benz,E55 AMG SEDAN 14,2026-09-11T12:01:18Z,zero,tier=1 rounded to zero
Mercedes-Benz,E55 AMG STATION WAGON,2026-09-11T12:19:04Z,empty,tier=2 no search volume
Mercedes-Benz,E55 AMG WAGON,2026-09-10T12:30:28Z,empty,tier=2 no search volume
Mercedes-Benz,E55 AMG WAGON 28,2026-09-11T12:19:04Z,empty,tier=2 no search volume
Mercedes-Benz,E55 AMG WAGON 34,2026-09-11T12:19:04Z,empty,tier=2 no search volume
Mercedes-Benz,E60 AMG LIMITED,2026-09-11T12:19:04Z,empty,tier=2 no search volume
Mercedes-Benz,E63 AMG,2026-09-12T11:06:04Z,ok,tier=0 anchor 80.5
Mercedes-Benz,E63 AMG 12,2026-09-11T12:19:11Z,empty,tier=2 no search volume
Mercedes-Benz,E63 AMG 37,2026-09-11T12:19:11Z,empty,tier=2 no search volume
Mercedes-Benz,E63 AMG S MODEL SEDAN,2026-09-11T12:09:37Z,ok,tier=2 anchor 67.9
Mercedes-Benz,E63 AMG SEDAN,2026-09-12T11:36:35Z,ok,tier=2 anchor 67.1
Mercedes-Benz,E63 AMG WAGON,2026-09-12T11:30:43Z,zero,tier=1 rounded to zero
Mercedes-Benz,E63 S AMG SEDAN,2026-09-10T12:29:36Z,empty,tier=2 no search volume
Mercedes-Benz,E63 S AMG SEDAN 5,2026-09-11T12:19:11Z,ok,tier=2 anchor 67.9
Mercedes-Benz,E63 S AMG SEDAN 6,2026-09-11T12:01:18Z,zero,tier=1 rounded to zero
Mercedes-Benz,E63 S AMG WAGON,2026-09-12T11:38:09Z,empty,tier=2 no search volume
Mercedes-Benz,G36 AMG,2026-09-11T12:19:11Z,empty,tier=2 no search volume
Mercedes-Benz,G55 AMG,2026-09-12T11:26:18Z,ok,tier=1 anchor 78.4
Mercedes-Benz,G63,2026-09-12T11:11:36Z,ok,tier=0 anchor 80.5
Mercedes-Benz,G63 12,2026-09-11T12:01:24Z,ok,tier=1 anchor 77.9
Mercedes-Benz,G63 4X4%C2%B2 AMG,2026-09-11T12:09:37Z,empty,tier=2 no search volume
Mercedes-Benz,G63 AMG,2026-09-12T11:01:31Z,ok,tier=0 anchor 80.5
Mercedes-Benz,G63 AMG 9,2026-09-11T12:01:24Z,zero,tier=1 rounded to zero
Mercedes-Benz,G65,2026-09-12T11:33:20Z,ok,tier=1 anchor 78.9
Mercedes-Benz,GL & GLS-Class,2026-09-11T11:43:12Z,ok,tier=0 anchor 80.6
Mercedes-Benz,GL63 AMG,2026-09-12T11:28:17Z,ok,tier=1 anchor 78.4
Mercedes-Benz,GLA250,2026-09-11T12:01:24Z,ok,tier=1 anchor 77.9
Mercedes-Benz,GLA45 AMG,2026-09-12T11:33:26Z,ok,tier=1 anchor 78.9
Mercedes-Benz,GLC 63 AMG,2026-09-11T12:01:24Z,ok,tier=1 anchor 77.9
Mercedes-Benz,GLC300,2026-09-11T11:49:07Z,ok,tier=1 anchor 77.9
Mercedes-Benz,GLE 53 AMG,2026-09-11T12:01:31Z,ok,tier=1 anchor 77.9
Mercedes-Benz,GLE63 S AMG,2026-09-11T11:51:21Z,ok,tier=1 anchor 77.9
Mercedes-Benz,GLS63 AMG,2026-09-12T11:11:36Z,ok,tier=0 anchor 80.5
Mercedes-Benz,GT63,2026-09-11T12:01:31Z,ok,tier=1 anchor 77.9
Mercedes-Benz,GT63 S AMG FOUR DOOR,2026-09-11T12:19:17Z,empty,tier=2 no search volume
Mercedes-Benz,GT63 S E PERFORMANCE AMG FOUR DOOR,2026-09-11T12:19:17Z,empty,tier=2 no search volume
Mercedes-Benz,M-Class & GLE-Class,2026-09-12T11:23:40Z,ok,tier=1 anchor 78.4
Mercedes-Benz,ML55 AMG,2026-09-11T12:01:31Z,ok,tier=1 anchor 77.9
Mercedes-Benz,ML63 AMG,2026-09-12T11:28:17Z,ok,tier=1 anchor 78.4
Mercedes-Benz,ML63 AMG 9,2026-09-11T12:19:17Z,empty,tier=2 no search volume
Mercedes-Benz,Metris,2026-09-12T11:28:43Z,ok,tier=1 anchor 78.4
Mercedes-Benz,O 309D,2026-09-11T12:19:24Z,empty,tier=2 no search volume
Mercedes-Benz,Ponton,2026-09-11T11:46:11Z,ok,tier=1 anchor 77.9
Mercedes-Benz,R107 SL,2026-09-12T11:23:15Z,ok,tier=1 anchor 78.4
Mercedes-Benz,R129 SL,2026-09-12T11:23:15Z,ok,tier=1 anchor 78.4
Mercedes-Benz,R230 SL,2026-09-12T11:23:15Z,ok,tier=1 anchor 78.4
Mercedes-Benz,R231 SL,2026-09-12T11:24:43Z,ok,tier=1 anchor 78.4
Mercedes-Benz,R232 SL,2026-09-12T11:35:19Z,empty,tier=2 no search volume
Mercedes-Benz,R63 AMG,2026-09-11T11:51:21Z,ok,tier=1 anchor 77.9
Mercedes-Benz,"S124 300TE, 320TE, & E320 Station Wagon",2026-09-11T12:19:17Z,empty,tier=2 no search volume
Mercedes-Benz,S55 AMG,2026-09-12T11:29:14Z,ok,tier=1 anchor 78.4
Mercedes-Benz,S63 AMG,2026-09-12T11:27:26Z,ok,tier=1 anchor 78.4
Mercedes-Benz,S63 AMG 19,2026-09-11T12:19:24Z,empty,tier=2 no search volume
Mercedes-Benz,S63 AMG 25,2026-09-11T12:19:24Z,empty,tier=2 no search volume
Mercedes-Benz,S63 AMG CABRIOLET,2026-09-11T11:51:21Z,zero,tier=1 rounded to zero
Mercedes-Benz,S63 AMG COUPE,2026-09-12T11:36:35Z,ok,tier=2 anchor 67.1
Mercedes-Benz,S63 AMG COUPE 12,2026-09-11T12:19:24Z,empty,tier=2 no search volume
Mercedes-Benz,S63 AMG SEDAN,2026-09-10T12:27:33Z,empty,tier=2 no search volume
Mercedes-Benz,S65 AMG,2026-09-11T11:47:33Z,ok,tier=1 anchor 77.9
Mercedes-Benz,S65 AMG 103,2026-09-11T12:19:30Z,empty,tier=2 no search volume
Mercedes-Benz,S65 AMG 30,2026-09-11T12:19:30Z,ok,tier=2 anchor 67.9
Mercedes-Benz,S65 AMG CABRIOLET,2026-09-11T12:19:30Z,empty,tier=2 no search volume
Mercedes-Benz,S65 AMG COUPE,2026-09-10T12:30:28Z,empty,tier=2 no search volume
Mercedes-Benz,S65 AMG SEDAN,2026-09-10T12:29:55Z,empty,tier=2 no search volume
Mercedes-Benz,SL55 AMG,2026-09-12T11:24:31Z,ok,tier=1 anchor 78.4
Mercedes-Benz,SL55 AMG 10,2026-09-11T12:01:31Z,zero,tier=1 rounded to zero
Mercedes-Benz,SL55 AMG 184 2,2026-09-11T12:19:30Z,empty,tier=2 no search volume
Mercedes-Benz,SL55 AMG 23,2026-09-11T12:19:36Z,empty,tier=2 no search volume
Mercedes-Benz,SL55 AMG 84,2026-09-11T12:19:36Z,empty,tier=2 no search volume
Mercedes-Benz,SL63 AMG,2026-09-12T11:25:40Z,ok,tier=1 anchor 78.4
Mercedes-Benz,SL63 AMG 11,2026-09-11T12:19:36Z,empty,tier=2 no search volume
Mercedes-Benz,SL63 AMG 18,2026-09-11T12:19:36Z,empty,tier=2 no search volume
Mercedes-Benz,SL63 AMG 20,2026-09-11T12:19:43Z,empty,tier=2 no search volume
Mercedes-Benz,SL63 AMG 73,2026-09-12T11:35:26Z,empty,tier=2 no search volume
Mercedes-Benz,SL63 AMG 8,2026-09-11T12:01:38Z,zero,tier=1 rounded to zero
Mercedes-Benz,SL65 AMG,2026-09-12T11:26:18Z,ok,tier=1 anchor 78.4
Mercedes-Benz,SL65 AMG 111,2026-09-12T11:22:25Z,zero,tier=1 rounded to zero
Mercedes-Benz,SL65 AMG 59,2026-09-11T12:19:43Z,empty,tier=2 no search volume
Mercedes-Benz,SL65 AMG 65,2026-09-11T12:19:43Z,ok,tier=2 anchor 67.9
Mercedes-Benz,SL65 AMG 99,2026-09-11T11:51:28Z,zero,tier=1 rounded to zero
Mercedes-Benz,SL65 AMG BLACK SERIES,2026-09-11T12:01:38Z,ok,tier=1 anchor 77.9
Mercedes-Benz,SLK & SLC-Class,2026-09-12T10:58:01Z,ok,tier=0 anchor 80.5
Mercedes-Benz,SLK32 AMG,2026-09-12T11:31:45Z,ok,tier=1 anchor 78.9
Mercedes-Benz,SLK55 AMG,2026-09-12T11:27:14Z,ok,tier=1 anchor 78.4
Mercedes-Benz,SLK55 AMG 40,2026-09-11T12:19:43Z,empty,tier=2 no search volume
Mercedes-Benz,SLR McLaren,2026-09-12T11:28:17Z,ok,tier=1 anchor 78.4
Mercedes-Benz,SLS AMG,2026-09-12T11:25:09Z,ok,tier=1 anchor 78.4
Mercedes-Benz,SLS AMG 45,2026-09-11T12:01:38Z,zero,tier=1 rounded to zero
Mercedes-Benz,SLS AMG BLACK SERIES,2026-09-11T12:01:38Z,ok,tier=1 anchor 77.9
Mercedes-Benz,SLS AMG GT,2026-09-12T11:33:26Z,ok,tier=1 anchor 78.9
Mercedes-Benz,SLS AMG GT FINAL EDITION ROADSTER,2026-09-11T12:09:37Z,empty,tier=2 no search volume
Mercedes-Benz,SLS AMG GT ROADSTER,2026-09-11T12:09:37Z,ok,tier=2 anchor 67.9
Mercedes-Benz,SLS AMG ROADSTER,2026-09-12T11:27:52Z,ok,tier=1 anchor 78.4
Mercedes-Benz,Sprinter,2026-09-11T11:43:37Z,ok,tier=0 anchor 80.6
Mercedes-Benz,Unimog,2026-09-12T11:26:18Z,ok,tier=1 anchor 78.4
Mercedes-Benz,VIANO 3 2 FUN,2026-09-11T12:19:49Z,ok,tier=2 anchor 67.9
Mercedes-Benz,W108 & W109,2026-09-12T11:25:21Z,ok,tier=1 anchor 78.4
Mercedes-Benz,W110,2026-09-11T11:49:33Z,ok,tier=1 anchor 77.9
Mercedes-Benz,W111 Coupe & Cabriolet,2026-09-12T11:37:44Z,empty,tier=2 no search volume
Mercedes-Benz,W111 Sedan,2026-09-11T12:08:08Z,empty,tier=2 no search volume
Mercedes-Benz,W112,2026-09-12T11:36:48Z,ok,tier=2 anchor 67.1
Mercedes-Benz,W113 SL,2026-09-12T11:23:28Z,ok,tier=1 anchor 78.4
Mercedes-Benz,W114 & W115,2026-09-12T11:25:34Z,ok,tier=1 anchor 78.4
Mercedes-Benz,W116 S-Class,2026-09-12T11:36:16Z,ok,tier=2 anchor 67.1
Mercedes-Benz,W123,2026-09-12T11:23:40Z,ok,tier=1 anchor 78.4
Mercedes-Benz,W124 260E & 300E 2.6 Sedan,2026-09-12T11:22:25Z,zero,tier=1 rounded to zero
Mercedes-Benz,W124 300D 2.5 Turbo Sedan,2026-09-12T11:37:25Z,empty,tier=2 no search volume
Mercedes-Benz,W124 300E & E320 Sedan,2026-09-12T11:35:19Z,ok,tier=2 anchor 67.1
Mercedes-Benz,"W124 400E, E400, & E420 Sedan",2026-09-11T12:19:49Z,empty,tier=2 no search volume
Mercedes-Benz,W124 500E & E500,2026-09-11T11:51:28Z,ok,tier=1 anchor 77.9
Mercedes-Benz,W124 E-Class,2026-09-12T11:23:21Z,ok,tier=1 anchor 78.4
Mercedes-Benz,W126 S-Class,2026-09-12T11:37:31Z,empty,tier=2 no search volume
Mercedes-Benz,W140 S-Class,2026-09-12T11:24:31Z,ok,tier=1 anchor 78.4
Mercedes-Benz,W186 & W189 Adenauer,2026-09-11T12:02:03Z,ok,tier=1 anchor 77.9
Mercedes-Benz,"W186, W188, & W189 Adenauer",2026-09-11T12:07:49Z,empty,tier=2 no search volume
Mercedes-Benz,W187 220,2026-09-11T12:09:44Z,empty,tier=2 no search volume
Mercedes-Benz,W201 190,2026-09-12T11:26:43Z,ok,tier=1 anchor 78.4
Mercedes-Benz,W202 C-Class,2026-09-11T11:47:07Z,ok,tier=1 anchor 77.9
Mercedes-Benz,W203 C-Class,2026-09-12T11:24:37Z,ok,tier=1 anchor 78.4
Mercedes-Benz,W204 C-Class,2026-09-12T11:25:27Z,ok,tier=1 anchor 78.4
Mercedes-Benz,W204 C63 AMG,2026-09-11T11:49:39Z,ok,tier=1 anchor 77.9
Mercedes-Benz,W205 C-Class,2026-09-12T11:29:58Z,ok,tier=1 anchor 78.4
Mercedes-Benz,W210 E-Class,2026-09-11T11:49:26Z,ok,tier=1 anchor 77.9
Mercedes-Benz,W211 E-Class,2026-09-12T11:23:28Z,ok,tier=1 anchor 78.4
Mercedes-Benz,W211 E-Class AMG,2026-09-11T12:09:44Z,empty,tier=2 no search volume
Mercedes-Benz,W212 E-Class,2026-09-11T11:49:07Z,ok,tier=1 anchor 77.9
Mercedes-Benz,W212 E-Class AMG,2026-09-11T11:49:39Z,zero,tier=1 rounded to zero
Mercedes-Benz,W213 E-Class,2026-09-12T11:25:59Z,ok,tier=1 anchor 78.4
Mercedes-Benz,W220 S-Class,2026-09-12T11:25:09Z,ok,tier=1 anchor 78.4
Mercedes-Benz,W221 S-Class,2026-09-12T11:23:47Z,ok,tier=1 anchor 78.4
Mercedes-Benz,W222 S-Class,2026-09-12T11:24:12Z,ok,tier=1 anchor 78.4
Mercedes-Benz,W223 S-Class,2026-09-12T11:29:14Z,ok,tier=1 anchor 78.4
Mercedes-Benz,W251 R-Class,2026-09-11T11:46:11Z,zero,tier=1 rounded to zero
Mercedes-Benz,W460 Geländewagen,2026-09-10T12:26:28Z,empty,tier=2 no search volume
Mercedes-Benz,W461 G-Class,2026-09-11T11:47:20Z,ok,tier=1 anchor 77.9
Mercedes-Benz,W463 G-Class,2026-09-12T11:23:34Z,ok,tier=1 anchor 78.4
Mercedes-Benz,W463 G-Class (2019+),2026-09-10T12:28:51Z,empty,tier=2 no search volume
Mercedes-Benz,W463 G-Class AMG,2026-09-12T11:38:47Z,empty,tier=2 no search volume
Mercedes-Benz,W463 G-Class AMG (2019+),2026-09-11T12:19:49Z,empty,tier=2 no search volume
Mercedes-Benz,X204 GLK-Class,2026-09-10T12:25:48Z,empty,tier=2 no search volume
Mercedes-Benz,X253 & C253 GLC-Class,2026-09-12T11:33:26Z,ok,tier=1 anchor 78.9
Mercedes-Benz,X290 AMG GT Four-Door,2026-09-11T12:09:44Z,empty,tier=2 no search volume
Mercury,MERCURY COMMUTER,2026-09-11T12:02:03Z,ok,tier=1 anchor 77.9
Mercury,MERCURY CUSTOM SPORT COUPE,2026-09-11T12:19:49Z,empty,tier=2 no search volume
Mercury,MERCURY MILAN,2026-09-12T11:16:56Z,ok,tier=0 anchor 80.5
Mercury,MERCURY MONTEGO,2026-09-11T11:39:24Z,ok,tier=0 anchor 80.6
Mercury,MERCURY MOUNTAINEER,2026-09-11T11:39:24Z,ok,tier=0 anchor 80.6
Mercury,MERCURY PARK LANE,2026-09-11T12:02:03Z,ok,tier=1 anchor 77.9
Mercury,MERCURY SABLE LS WAGON,2026-09-11T12:19:55Z,empty,tier=2 no search volume
Mercury,MERCURY TOPAZ,2026-09-11T11:39:24Z,ok,tier=0 anchor 80.6
Mercury,MERCURY TURNPIKE CRUISER,2026-09-11T12:02:03Z,ok,tier=1 anchor 77.9
Mercury,MERCURY VILLAGER,2026-09-11T11:39:31Z,ok,tier=0 anchor 80.6
Mercury,Mercury Capri,2026-09-12T11:07:58Z,ok,tier=0 anchor 80.5
Mercury,Mercury Colony Park,2026-09-11T11:39:31Z,ok,tier=0 anchor 80.6
Mercury,Mercury Comet,2026-09-12T11:08:33Z,ok,tier=0 anchor 80.5
Mercury,Mercury Cougar,2026-09-12T11:01:31Z,ok,tier=0 anchor 80.5
Mercury,Mercury Cyclone,2026-09-12T11:16:56Z,ok,tier=0 anchor 80.5
Mercury,Mercury Eight,2026-09-12T11:03:38Z,ok,tier=0 anchor 80.5
Mercury,Mercury Marauder,2026-09-12T11:01:24Z,ok,tier=0 anchor 80.5
Mercury,Mercury Marquis & Grand Marquis,2026-09-12T10:59:43Z,ok,tier=0 anchor 80.5
Mercury,Mercury Montclair,2026-09-11T11:39:24Z,ok,tier=0 anchor 80.6
Mercury,Mercury Monterey,2026-09-12T11:06:49Z,ok,tier=0 anchor 80.5
Mercury,Mercury Pickup,2026-09-12T11:14:42Z,ok,tier=0 anchor 80.5
Merkur,Merkur XR4Ti,2026-09-11T11:51:28Z,ok,tier=1 anchor 77.9
Messerschmitt,Messerschmitt Kabinenroller & FMR Tg500,2026-09-12T11:30:43Z,ok,tier=1 anchor 78.9
Meyers,Meyers Manx,2026-09-12T11:23:09Z,ok,tier=1 anchor 78.4
Mini,Mini F54 Clubman,2026-09-11T11:51:28Z,ok,tier=1 anchor 77.9
Mini,"Mini F55 & F56 Cooper, Cooper S, & John Cooper Works",2026-09-12T11:02:29Z,ok,tier=0 anchor 80.5
Mini,Mini F57 Convertible,2026-09-12T11:30:43Z,ok,tier=1 anchor 78.9
Mini,Mini F60 Countryman,2026-09-12T11:16:56Z,ok,tier=0 anchor 80.5
Mini,Mini Mk I & Mk II,2026-09-12T11:26:55Z,ok,tier=1 anchor 78.4
Mini,Mini Mk I-III Cooper,2026-09-12T11:27:58Z,ok,tier=1 anchor 78.4
Mini,Mini Mk III-Mk V,2026-09-12T11:36:10Z,ok,tier=2 anchor 67.1
Mini,Mini Mk VI & Mk VII,2026-09-10T12:27:26Z,empty,tier=2 no search volume
Mini,Mini Moke Classic,2026-09-11T11:47:33Z,zero,tier=1 rounded to zero
Mini,Mini Moke Electric,2026-09-12T11:27:08Z,ok,tier=1 anchor 78.4
Mini,Mini R50 Cooper,2026-09-12T11:13:52Z,ok,tier=0 anchor 80.5
Mini,Mini R52 Cooper Convertible,2026-09-12T11:24:18Z,ok,tier=1 anchor 78.4
Mini,Mini R53 Cooper S,2026-09-12T10:57:23Z,zero,tier=0 rounded to zero
Mini,Mini R53 JCW GP,2026-09-12T11:38:53Z,empty,tier=2 no search volume
Mini,Mini R53 John Cooper Works,2026-09-12T11:30:36Z,ok,tier=1 anchor 78.9
Mini,Mini R55 Clubman,2026-09-12T11:29:21Z,ok,tier=1 anchor 78.4
Mini,"Mini R56 Cooper, Cooper S, and John Cooper Works",2026-09-10T12:25:55Z,empty,tier=2 no search volume
Mini,Mini R56 JCW GP,2026-09-12T11:36:28Z,empty,tier=2 no search volume
Mini,Mini R57 Convertible,2026-09-12T11:26:30Z,ok,tier=1 anchor 78.4
Mini,Mini R58 & R59 Coupe & Roadster,2026-09-12T11:01:50Z,ok,tier=0 anchor 80.0
Mini,Mini R60 Countryman,2026-09-12T11:07:52Z,ok,tier=0 anchor 80.5
Mini,Mini R61 Paceman,2026-09-12T11:33:26Z,ok,tier=1 anchor 78.9
Minneapolis Moline,MINNEAPOLIS MOLINE ZTU,2026-09-11T12:19:55Z,empty,tier=2 no search volume
Minneapolis-Moline,MINNEAPOLIS MOLINE R ROW CROP TRACTOR,2026-09-12T10:56:45Z,zero,tier=0 rounded to zero
Mitsubishi,MITSUBISHI I MIEV,2026-09-11T12:02:15Z,ok,tier=1 anchor 77.9
Mitsubishi,MITSUBISHI LANCER GSR,2026-09-11T11:39:31Z,ok,tier=0 anchor 80.6
Mitsubishi,MITSUBISHI MIGHTY MAX,2026-09-11T11:39:31Z,ok,tier=0 anchor 80.6
Mitsubishi,MITSUBISHI MIGHTY MAX PICKUP,2026-09-11T12:19:55Z,ok,tier=2 anchor 67.9
Mitsubishi,MITSUBISHI MINICA TOPPO WHEELCHAIR,2026-09-11T12:19:55Z,empty,tier=2 no search volume
Mitsubishi,MITSUBISHI MITSUBISHI BRAVO,2026-09-11T12:02:15Z,ok,tier=1 anchor 77.9
Mitsubishi,MITSUBISHI TOPPO,2026-09-11T12:02:15Z,ok,tier=1 anchor 77.9
Mitsubishi,Mitsubishi 3000GT,2026-09-12T10:59:17Z,ok,tier=0 anchor 80.5
Mitsubishi,Mitsubishi Canter,2026-09-12T11:17:02Z,ok,tier=0 anchor 80.5
Mitsubishi,Mitsubishi Delica,2026-09-12T11:03:57Z,ok,tier=0 anchor 80.5
Mitsubishi,"Mitsubishi Eclipse, Eagle Talon, & Plymouth Laser",2026-09-11T12:06:45Z,empty,tier=2 no search volume
Mitsubishi,Mitsubishi Lancer Evolution,2026-09-12T11:15:52Z,ok,tier=0 anchor 80.5
Mitsubishi,Mitsubishi Minicab,2026-09-11T11:46:04Z,ok,tier=1 anchor 77.9
Mitsubishi,Mitsubishi Pajero & Montero,2026-09-12T11:01:57Z,ok,tier=0 anchor 80.5
Mitsubishi,Mitsubishi Pajero Evolution,2026-09-12T11:29:21Z,ok,tier=1 anchor 78.4
Mitsubishi,Mitsubishi Pajero Mini,2026-09-12T11:13:58Z,ok,tier=0 anchor 80.5
Mitsuoka,MITSUOKA LE SEYDE,2026-09-11T12:02:15Z,ok,tier=1 anchor 77.9
Mitsuoka,MITSUOKA VIEWT,2026-09-11T12:02:40Z,ok,tier=1 anchor 77.9
Monaco,MONACO DIPLOMAT,2026-09-11T12:02:40Z,ok,tier=1 anchor 77.9
Montesa,Montesa Cota,2026-09-12T11:30:43Z,ok,tier=1 anchor 78.9
Morgan,Morgan 3-Wheeler,2026-09-12T11:37:50Z,ok,tier=2 anchor 67.1
Morgan,Morgan 4/4,2026-09-12T11:34:23Z,ok,tier=1 anchor 78.9
Morgan,Morgan Aero 8,2026-09-11T11:51:34Z,ok,tier=1 anchor 77.9
Morgan,Morgan Plus 4,2026-09-12T11:03:38Z,ok,tier=0 anchor 80.5
Morgan,Morgan Plus 8,2026-09-11T11:47:26Z,ok,tier=1 anchor 77.9
Morgan,Morgan V6 Roadster,2026-09-11T12:20:02Z,empty,tier=2 no search volume
Morris,Morris Minor,2026-09-12T11:03:57Z,ok,tier=0 anchor 80.5
Mosler,MOSLER CONSULIER GTP,2026-09-11T12:20:02Z,ok,tier=2 anchor 67.9
Moto Guzzi,MOTO GUZZI 1100 SPORT,2026-09-11T11:51:34Z,ok,tier=1 anchor 77.9
Moto Guzzi,MOTO GUZZI CALIFORNIA VINTAGE,2026-09-11T12:02:40Z,ok,tier=1 anchor 77.9
Moto Guzzi,MOTO GUZZI COPPA ITALIA,2026-09-12T11:22:25Z,zero,tier=1 rounded to zero
Moto Guzzi,MOTO GUZZI DAYTONA 1000 8,2026-09-11T12:02:40Z,zero,tier=1 rounded to zero
Moto Guzzi,MOTO GUZZI GALLETTO,2026-09-12T10:56:45Z,zero,tier=0 rounded to zero
Moto Guzzi,MOTO GUZZI GRISO 1200 8V SE,2026-09-11T12:09:44Z,empty,tier=2 no search volume
Moto Guzzi,MOTO GUZZI GTV,2026-09-11T12:20:02Z,ok,tier=2 anchor 67.9
Moto Guzzi,MOTO GUZZI NUOVO FALCONE,2026-09-11T12:02:47Z,ok,tier=1 anchor 77.9
Moto Guzzi,MOTO GUZZI T3,2026-09-11T12:02:47Z,ok,tier=1 anchor 77.9
Moto Guzzi,MOTO GUZZI V11 EV,2026-09-11T12:02:47Z,zero,tier=1 rounded to zero
Moto Guzzi,MOTO GUZZI V11 SPORT BALLABIO,2026-09-11T12:20:02Z,empty,tier=2 no search volume
Moto Guzzi,MOTO GUZZI V65 LARIO,2026-09-11T12:02:47Z,zero,tier=1 rounded to zero
Moto Guzzi,Moto Guzzi 1000 S/SP,2026-09-11T11:51:34Z,ok,tier=1 anchor 77.9
Moto Guzzi,"Moto Guzzi 850 T, T3, & T5",2026-09-11T12:09:50Z,empty,tier=2 no search volume
Moto Guzzi,Moto Guzzi Ambassador,2026-09-11T12:02:53Z,ok,tier=1 anchor 77.9
Moto Guzzi,Moto Guzzi California,2026-09-11T11:39:37Z,ok,tier=0 anchor 80.6
Moto Guzzi,Moto Guzzi Eldorado,2026-09-12T11:30:49Z,ok,tier=1 anchor 78.9
Moto Guzzi,Moto Guzzi Le Mans,2026-09-12T11:30:49Z,ok,tier=1 anchor 78.9
Moto Guzzi,Moto Guzzi V7,2026-09-12T11:17:02Z,ok,tier=0 anchor 80.5
Moto Guzzi,Moto Guzzi V7 (2007+),2026-09-12T11:38:59Z,empty,tier=2 no search volume
Moto Morini,MOTO MORINI 3 1,2026-09-11T12:02:53Z,ok,tier=1 anchor 77.9
Moto Morini,MOTO MORINI TRE SETTE SPRINT 175,2026-09-11T12:20:08Z,empty,tier=2 no search volume
Muntz,MUNTZ JET,2026-09-11T12:02:53Z,ok,tier=1 anchor 77.9
Mv Agusta,MV AGUSTA,2026-09-11T11:45:45Z,ok,tier=0 anchor 25.2
Mv Agusta,MV AGUSTA 125 RAPIDO SPORT,2026-09-11T12:20:08Z,empty,tier=2 no search volume
Mv Agusta,MV AGUSTA 150 RS,2026-09-11T12:20:08Z,ok,tier=2 anchor 67.9
Mv Agusta,MV AGUSTA 750S,2026-09-11T12:02:53Z,ok,tier=1 anchor 77.9
Mv Agusta,MV AGUSTA 750S AMERICA,2026-09-11T12:20:08Z,empty,tier=2 no search volume
Mv Agusta,MV AGUSTA DRAGSTER 800 RR PIRELLI,2026-09-11T12:20:14Z,empty,tier=2 no search volume
Mv Agusta,MV AGUSTA F3,2026-09-11T11:39:37Z,ok,tier=0 anchor 80.6
Mv Agusta,MV AGUSTA SUPERVELOCE,2026-09-11T12:03:00Z,ok,tier=1 anchor 77.9
Mv Agusta,MV AGUSTA SUPERVELOCE 75TH ANNIVERSARY,2026-09-11T12:20:14Z,ok,tier=2 anchor 67.9
Mv Agusta,MV AGUSTA SUPERVELOCE AGO,2026-09-11T12:03:00Z,ok,tier=1 anchor 77.9
Mv Agusta,MV AGUSTA SUPERVELOCE S,2026-09-11T12:03:00Z,ok,tier=1 anchor 77.9
Mv Agusta,MV Agusta Brutale,2026-09-12T11:07:58Z,ok,tier=0 anchor 80.5
Mv Agusta,MV Agusta Dragster,2026-09-12T11:31:52Z,ok,tier=1 anchor 78.9
Mv Agusta,MV Agusta F4,2026-09-12T11:10:27Z,ok,tier=0 anchor 80.5
Nash,NASH LAFAYETTE,2026-09-11T12:03:00Z,ok,tier=1 anchor 77.9
Nash,NASH RAMBLER CUSTOM CONVERTIBLE,2026-09-11T12:20:14Z,empty,tier=2 no search volume
Nash,NASH STATESMAN,2026-09-11T12:03:06Z,ok,tier=1 anchor 77.9
Nash,Nash Ambassador,2026-09-12T11:31:52Z,ok,tier=1 anchor 78.9
Nash,Nash Metropolitan,2026-09-12T11:03:57Z,ok,tier=0 anchor 80.5
Nash,Nash Rambler,2026-09-11T11:51:34Z,ok,tier=1 anchor 77.9
Nash,Nash – Healey,2026-09-11T12:09:50Z,empty,tier=2 no search volume
Nissan,240SX,2026-09-12T11:02:54Z,ok,tier=0 anchor 80.5
Nissan,350Z,2026-09-12T11:00:27Z,ok,tier=0 anchor 80.5
Nissan,370Z,2026-09-12T11:08:33Z,ok,tier=0 anchor 80.5
Nissan,ALTIMA,2026-09-11T11:39:37Z,ok,tier=0 anchor 80.6
Nissan,ARMADA,2026-09-11T11:39:37Z,ok,tier=0 anchor 80.6
Nissan,ARMADA PLATINUM,2026-09-11T11:39:43Z,ok,tier=0 anchor 80.6
Nissan,ATLAS,2026-09-11T11:39:43Z,ok,tier=0 anchor 80.6
Nissan,Altima,2026-09-11T11:39:43Z,ok,tier=0 anchor 80.6
Nissan,BLUEBIRD SSS,2026-09-11T12:03:06Z,ok,tier=1 anchor 77.9
Nissan,C110 Skyline,2026-09-11T11:51:40Z,zero,tier=1 rounded to zero
Nissan,CEDRIC,2026-09-11T11:39:43Z,ok,tier=0 anchor 80.6
Nissan,DATSUN 200SX,2026-09-11T12:03:06Z,ok,tier=1 anchor 77.9
Nissan,DATSUN 200SX 2,2026-09-11T12:20:14Z,empty,tier=2 no search volume
Nissan,DATSUN 200SX SL,2026-09-11T12:03:06Z,zero,tier=1 rounded to zero
Nissan,DATSUN 210,2026-09-11T12:03:13Z,ok,tier=1 anchor 77.9
Nissan,DATSUN 411 SSS WAGON,2026-09-12T11:37:25Z,empty,tier=2 no search volume
Nissan,DATSUN F 10 SPORTWAGON,2026-09-11T12:20:21Z,empty,tier=2 no search volume
Nissan,Datsun 240Z,2026-09-12T11:23:53Z,ok,tier=1 anchor 78.4
Nissan,Datsun 260Z,2026-09-12T11:29:58Z,zero,tier=1 rounded to zero
Nissan,Datsun 280Z,2026-09-12T11:24:56Z,ok,tier=1 anchor 78.4
Nissan,Datsun 280ZX,2026-09-12T11:25:21Z,ok,tier=1 anchor 78.4
Nissan,Datsun 510,2026-09-12T11:28:49Z,ok,tier=1 anchor 78.4
Nissan,Datsun Pickup,2026-09-12T11:29:27Z,ok,tier=1 anchor 78.4
Nissan,Datsun Roadster,2026-09-12T11:36:22Z,empty,tier=2 no search volume
Nissan,EL GRAND,2026-09-12T11:34:35Z,ok,tier=1 anchor 78.9
Nissan,Figaro,2026-09-12T11:05:39Z,ok,tier=0 anchor 80.5
Nissan,GLORIA,2026-09-11T11:39:50Z,ok,tier=0 anchor 80.6
Nissan,GT-R R35,2026-09-12T11:03:57Z,ok,tier=0 anchor 80.5
Nissan,MURANO CROSSCABRIOLET,2026-09-12T11:31:58Z,ok,tier=1 anchor 78.9
Nissan,MURANO CROSSCABRIOLET 8,2026-09-11T12:03:13Z,zero,tier=1 rounded to zero
Nissan,Maxima,2026-09-12T11:06:55Z,ok,tier=0 anchor 80.5
Nissan,NV2500,2026-09-11T11:39:50Z,ok,tier=0 anchor 80.6
Nissan,NV3500,2026-09-11T11:39:50Z,ok,tier=0 anchor 80.6
Nissan,PRESIDENT,2026-09-11T11:39:50Z,ok,tier=0 anchor 80.6
Nissan,PRIMERA,2026-09-11T11:39:56Z,ok,tier=0 anchor 80.6
Nissan,PULSAR GTI R,2026-09-11T12:03:13Z,ok,tier=1 anchor 77.9
Nissan,Pao,2026-09-12T11:11:36Z,ok,tier=0 anchor 80.5
Nissan,Pathfinder,2026-09-12T11:07:20Z,ok,tier=0 anchor 80.5
Nissan,Patrol,2026-09-12T11:05:01Z,ok,tier=0 anchor 80.5
Nissan,Pickup,2026-09-12T10:59:49Z,ok,tier=0 anchor 80.5
Nissan,R30 Skyline,2026-09-11T11:51:40Z,ok,tier=1 anchor 77.9
Nissan,R31 Skyline,2026-09-11T12:03:13Z,ok,tier=1 anchor 77.9
Nissan,R32 Skyline,2026-09-12T11:04:23Z,ok,tier=0 anchor 80.5
Nissan,R33 Skyline,2026-09-12T11:04:23Z,ok,tier=0 anchor 80.5
Nissan,R34 Skyline,2026-09-12T11:01:57Z,ok,tier=0 anchor 80.5
Nissan,RZ34 Z,2026-09-12T11:11:43Z,ok,tier=0 anchor 80.5
Nissan,S CARGO,2026-09-11T11:48:48Z,ok,tier=1 anchor 77.9
Nissan,SENTRA,2026-09-12T11:17:02Z,ok,tier=0 anchor 80.5
Nissan,Sentra SE-R,2026-09-11T12:03:19Z,ok,tier=1 anchor 77.9
Nissan,Silvia,2026-09-12T11:17:02Z,ok,tier=0 anchor 80.5
Nissan,Skyline (S50-Series),2026-09-11T12:20:21Z,empty,tier=2 no search volume
Nissan,Stagea,2026-09-11T11:39:56Z,ok,tier=0 anchor 80.6
Nissan,Xterra,2026-09-12T11:09:05Z,ok,tier=0 anchor 80.5
Nissan,Z31 300ZX,2026-09-12T11:25:52Z,ok,tier=1 anchor 78.4
Nissan,Z32 300ZX,2026-09-12T11:24:05Z,ok,tier=1 anchor 78.4
Noble,Noble M12,2026-09-12T11:33:32Z,ok,tier=1 anchor 78.9
Norton,NORTON MODEL,2026-09-11T11:39:56Z,ok,tier=0 anchor 80.6
Norton,NORTON NAVIGATOR,2026-09-11T12:03:19Z,ok,tier=1 anchor 77.9
Norton,Norton Atlas,2026-09-12T11:13:58Z,ok,tier=0 anchor 80.5
Norton,Norton Commando,2026-09-12T11:22:31Z,ok,tier=1 anchor 78.4
Norton,Norton Dominator,2026-09-12T11:33:32Z,ok,tier=1 anchor 78.9
Nsu,NSU PRINZ,2026-09-11T11:51:40Z,ok,tier=1 anchor 77.9
Nsu,NSU Prinz,2026-09-11T12:03:19Z,ok,tier=1 anchor 77.9
Oldsmobile,OLDSMOBILE,2026-09-11T11:45:52Z,ok,tier=0 anchor 12.1
Oldsmobile,OLDSMOBILE ALERO,2026-09-11T11:39:56Z,ok,tier=0 anchor 80.6
Oldsmobile,OLDSMOBILE AURORA,2026-09-12T11:11:24Z,ok,tier=0 anchor 69.0
Oldsmobile,OLDSMOBILE BRAVADA,2026-09-12T11:17:08Z,ok,tier=0 anchor 80.5
Oldsmobile,OLDSMOBILE FIRENZA WAGON,2026-09-11T12:03:26Z,zero,tier=1 rounded to zero
Oldsmobile,OLDSMOBILE HENNEY HEARSE,2026-09-11T12:20:21Z,empty,tier=2 no search volume
Oldsmobile,OLDSMOBILE L37,2026-09-11T12:20:21Z,ok,tier=2 anchor 67.9
Oldsmobile,Oldsmobile 442,2026-09-12T11:00:34Z,ok,tier=0 anchor 48.1
Oldsmobile,Oldsmobile 88,2026-09-12T11:02:03Z,ok,tier=0 anchor 80.5
Oldsmobile,Oldsmobile 98,2026-09-12T11:08:40Z,ok,tier=0 anchor 80.5
Oldsmobile,Oldsmobile Custom Cruiser,2026-09-11T11:40:03Z,ok,tier=0 anchor 80.6
Oldsmobile,Oldsmobile Cutlass,2026-09-12T10:57:49Z,ok,tier=0 anchor 80.5
Oldsmobile,Oldsmobile F-85 & Jetfire,2026-09-11T11:51:40Z,ok,tier=1 anchor 77.9
Oldsmobile,Oldsmobile Hurst/Olds,2026-09-11T12:07:55Z,empty,tier=2 no search volume
Oldsmobile,Oldsmobile Series 76,2026-09-11T12:03:19Z,zero,tier=1 rounded to zero
Oldsmobile,Oldsmobile Starfire,2026-09-11T11:40:03Z,ok,tier=0 anchor 80.6
Oldsmobile,Oldsmobile Toronado,2026-09-12T11:06:55Z,ok,tier=0 anchor 80.5
Oldsmobile,Oldsmobile Vista Cruiser,2026-09-11T11:51:46Z,ok,tier=1 anchor 77.9
Oliver,OLIVER 66 STANDARD GOODISON TRACTOR,2026-09-11T12:03:26Z,zero,tier=1 rounded to zero
Opel,OPEL MANTA,2026-09-11T11:40:03Z,ok,tier=0 anchor 80.6
Opel,Opel GT,2026-09-12T11:07:20Z,ok,tier=0 anchor 80.5
Oreion,OREION BEACH BUGGY,2026-09-11T12:20:27Z,ok,tier=2 anchor 67.9
Osca,OSCA MT4,2026-09-11T12:03:26Z,zero,tier=1 rounded to zero
Osprey,Osprey Defender Replica,2026-09-11T12:20:27Z,empty,tier=2 no search volume
Ossa,OSSA MAR,2026-09-11T12:03:26Z,ok,tier=1 anchor 77.9
Ossa,OSSA MICK ANDREWS REPLICA 250 TRIALS,2026-09-11T12:20:27Z,empty,tier=2 no search volume
Ossa,OSSA STILETTO TT,2026-09-11T12:20:27Z,empty,tier=2 no search volume
Ossa,OSSA SUPER PIONEER,2026-09-11T12:20:34Z,empty,tier=2 no search volume
Ossa,OSSA TR280I,2026-09-11T12:20:34Z,empty,tier=2 no search volume
Owosso,PULSE AUTOCAR,2026-09-11T12:20:34Z,empty,tier=2 no search volume
Packard,PACKARD 200 DELUXE,2026-09-11T12:20:34Z,empty,tier=2 no search volume
Packard,PACKARD PACKARD HENNEY AMBULANCE,2026-09-11T12:20:40Z,empty,tier=2 no search volume
Packard,PACKARD PATRICIAN,2026-09-11T11:51:46Z,ok,tier=1 anchor 77.9
Packard,Packard Caribbean,2026-09-12T11:33:32Z,ok,tier=1 anchor 78.9
Packard,Packard Clipper,2026-09-11T12:03:32Z,ok,tier=1 anchor 77.9
Packard,Packard Eight,2026-09-12T11:24:56Z,ok,tier=1 anchor 78.4
Packard,"Packard Six, One-Ten, & 115",2026-09-11T12:07:11Z,empty,tier=2 no search volume
Packard,Packard Twelve,2026-09-12T11:31:58Z,ok,tier=1 anchor 78.9
Palatov,PALATOV D2,2026-09-11T12:03:32Z,zero,tier=1 rounded to zero
Panhard,PANHARD,2026-09-12T11:34:48Z,ok,tier=1 anchor 73.0
Panhard,PANHARD DYNA Z16 GRAND STANDING,2026-09-11T12:20:40Z,empty,tier=2 no search volume
Panoz,Panoz Esperante,2026-09-12T11:29:58Z,ok,tier=1 anchor 78.4
Panoz,Panoz Roadster,2026-09-12T11:33:32Z,ok,tier=1 anchor 78.9
Panther Westwinds,PANTHER KALLISTA,2026-09-11T12:20:40Z,empty,tier=2 no search volume
Parts And Automobilia,CORVETTE COUPE,2026-09-11T12:20:40Z,empty,tier=2 no search volume
Parts And Automobilia,Parts and Automobilia – Artwork,2026-09-11T12:20:46Z,empty,tier=2 no search volume
Parts And Automobilia,Parts and Automobilia – Bicycles,2026-09-11T12:08:02Z,empty,tier=2 no search volume
Parts And Automobilia,Parts and Automobilia – Bodywork,2026-09-10T12:29:10Z,empty,tier=2 no search volume
Parts And Automobilia,Parts and Automobilia – Competition Go-Karts,2026-09-12T11:25:40Z,zero,tier=1 rounded to zero
Parts And Automobilia,Parts and Automobilia – Engines,2026-09-10T12:27:20Z,empty,tier=2 no search volume
Parts And Automobilia,Parts and Automobilia – Furniture,2026-09-11T12:20:46Z,empty,tier=2 no search volume
Parts And Automobilia,Parts and Automobilia – Gas Pumps & Oil Tanks,2026-09-11T12:20:46Z,ok,tier=2 anchor 67.9
Parts And Automobilia,Parts and Automobilia – Golf Carts,2026-09-10T12:27:33Z,empty,tier=2 no search volume
Parts And Automobilia,Parts and Automobilia – Kiddie Rides,2026-09-10T12:29:55Z,empty,tier=2 no search volume
Parts And Automobilia,Parts and Automobilia – Literature & Memorabilia,2026-09-11T12:09:50Z,empty,tier=2 no search volume
Parts And Automobilia,Parts and Automobilia – Mini Cars,2026-09-10T12:27:53Z,empty,tier=2 no search volume
Parts And Automobilia,Parts and Automobilia – Racing Simulators,2026-09-11T12:09:50Z,empty,tier=2 no search volume
Parts And Automobilia,Parts and Automobilia – Rolling Chassis,2026-09-10T12:28:12Z,empty,tier=2 no search volume
Parts And Automobilia,Parts and Automobilia – Signs,2026-09-10T12:29:10Z,empty,tier=2 no search volume
Parts And Automobilia,Parts and Automobilia – Trailers,2026-09-10T12:25:08Z,empty,tier=2 no search volume
Peterbilt,PETERBILT CAR HAULER,2026-09-11T12:03:32Z,ok,tier=1 anchor 77.9
Peugeot,PEUGEOT,2026-09-12T11:21:03Z,ok,tier=0 anchor 15.2
Peugeot,PEUGEOT 103,2026-09-11T11:40:03Z,ok,tier=0 anchor 80.6
Peugeot,PEUGEOT 306,2026-09-11T11:40:09Z,ok,tier=0 anchor 80.6
Peugeot,PEUGEOT 404,2026-09-11T11:40:09Z,ok,tier=0 anchor 80.6
Peugeot,PEUGEOT 405 MI 16,2026-09-11T12:03:32Z,ok,tier=1 anchor 77.9
Peugeot,PEUGEOT 505,2026-09-11T11:40:09Z,ok,tier=0 anchor 80.6
Peugeot,Peugeot 205,2026-09-11T11:40:09Z,ok,tier=0 anchor 80.6
Peugeot,Peugeot 404,2026-09-12T11:17:08Z,ok,tier=0 anchor 80.5
Peugeot,Peugeot 504,2026-09-12T11:11:43Z,ok,tier=0 anchor 80.5
Piaggio,VESPA VL1,2026-09-11T12:20:46Z,empty,tier=2 no search volume
Pierce-Arrow,PIERCE ARROW 42 CONVERTIBLE COUPE,2026-09-11T12:20:52Z,empty,tier=2 no search volume
Pierce-Arrow,PIERCE ARROW MODEL 81 RUMBLE SEAT COUPE,2026-09-11T12:20:52Z,empty,tier=2 no search volume
Plymouth,PLYMOUTH 30 U,2026-09-11T12:03:39Z,zero,tier=1 rounded to zero
Plymouth,PLYMOUTH 5 WINDOW COUPE STREET ROD,2026-09-11T12:20:52Z,empty,tier=2 no search volume
Plymouth,PLYMOUTH COUPE,2026-09-11T11:40:15Z,ok,tier=0 anchor 80.6
Plymouth,PLYMOUTH CRANBROOK,2026-09-11T11:51:46Z,ok,tier=1 anchor 77.9
Plymouth,PLYMOUTH MODEL PB CONVERTIBLE COUPE HOT ROD,2026-09-11T12:20:52Z,ok,tier=2 anchor 67.9
Plymouth,PLYMOUTH P3 BUSINESS COUPE,2026-09-11T12:20:59Z,ok,tier=2 anchor 67.9
Plymouth,PLYMOUTH PLAZA,2026-09-11T11:40:15Z,ok,tier=0 anchor 80.6
Plymouth,PLYMOUTH SAPPORO,2026-09-11T12:03:39Z,ok,tier=1 anchor 77.9
Plymouth,PLYMOUTH SAVOY,2026-09-11T11:51:46Z,ok,tier=1 anchor 77.9
Plymouth,PLYMOUTH VOYAGER,2026-09-11T11:40:15Z,ok,tier=0 anchor 80.6
Plymouth,Plymouth Barracuda,2026-09-12T10:59:24Z,ok,tier=0 anchor 69.6
Plymouth,Plymouth Belvedere,2026-09-12T11:04:29Z,ok,tier=0 anchor 80.5
Plymouth,Plymouth Deluxe/Special Deluxe,2026-09-11T12:07:24Z,empty,tier=2 no search volume
Plymouth,Plymouth Duster,2026-09-12T11:07:27Z,ok,tier=0 anchor 80.5
Plymouth,Plymouth Fury,2026-09-12T11:06:04Z,ok,tier=0 anchor 80.5
Plymouth,Plymouth GTX,2026-09-12T11:09:11Z,ok,tier=0 anchor 80.5
Plymouth,Plymouth Pickup,2026-09-12T11:33:39Z,ok,tier=1 anchor 78.9
Plymouth,Plymouth Prowler,2026-09-12T10:59:24Z,ok,tier=0 anchor 69.6
Plymouth,Plymouth Road Runner,2026-09-12T11:02:29Z,ok,tier=0 anchor 80.5
Plymouth,Plymouth Satellite,2026-09-12T11:06:55Z,ok,tier=0 anchor 80.5
Plymouth,Plymouth Savoy,2026-09-11T12:03:39Z,ok,tier=1 anchor 77.9
Plymouth,Plymouth Suburban,2026-09-12T11:33:39Z,ok,tier=1 anchor 78.9
Plymouth,Plymouth Superbird & Dodge Charger Daytona,2026-09-12T11:13:58Z,ok,tier=0 anchor 80.5
Plymouth,Plymouth Valiant,2026-09-12T11:10:21Z,ok,tier=0 anchor 80.5
Plymouth,Plymouth Volare,2026-09-11T11:51:53Z,ok,tier=1 anchor 77.9
Plymouth,Plymouth Voyager & Grand Voyager,2026-09-11T11:40:15Z,ok,tier=0 anchor 80.6
Polaris,POLARIS INDY,2026-09-11T11:40:22Z,ok,tier=0 anchor 80.6
Polaris,POLARIS RANGER CREW XP 1000 PREMIUM,2026-09-11T11:40:22Z,ok,tier=0 anchor 80.6
Polaris,POLARIS RZR PRO R ULTIMATE,2026-09-11T12:03:39Z,ok,tier=1 anchor 77.9
Polaris,POLARIS SLINGSHOT S,2026-09-11T12:04:04Z,ok,tier=1 anchor 77.9
Polaris,POLARIS SPORTSMAN XP,2026-09-11T11:40:22Z,ok,tier=0 anchor 80.6
Polaris,POLARIS TRAIL BLAZER,2026-09-11T12:04:04Z,ok,tier=1 anchor 77.9
Polaris,Polaris RZR,2026-09-12T11:09:11Z,ok,tier=0 anchor 80.5
Polestar,POLESTAR 1 POLESTAR,2026-09-11T11:40:22Z,ok,tier=0 anchor 80.6
Pontiac,PONTIAC 2000 SUNBIRD,2026-09-11T12:04:04Z,zero,tier=1 rounded to zero
Pontiac,PONTIAC ASTRE,2026-09-11T12:04:04Z,ok,tier=1 anchor 77.9
Pontiac,PONTIAC AZTEK,2026-09-11T11:40:28Z,ok,tier=0 anchor 80.6
Pontiac,PONTIAC G6,2026-09-11T11:40:28Z,ok,tier=0 anchor 80.6
Pontiac,PONTIAC GRAND AM,2026-09-11T11:40:28Z,ok,tier=0 anchor 80.6
Pontiac,PONTIAC GRAND AM SE,2026-09-11T12:04:11Z,ok,tier=1 anchor 77.9
Pontiac,PONTIAC GRAND PRIX,2026-09-11T11:40:28Z,ok,tier=0 anchor 80.6
Pontiac,PONTIAC SUNFIRE,2026-09-11T11:40:35Z,ok,tier=0 anchor 80.6
Pontiac,PONTIAC TORPEDO,2026-09-11T12:04:11Z,ok,tier=1 anchor 77.9
Pontiac,PONTIAC TORPEDO COUPE,2026-09-11T12:20:59Z,empty,tier=2 no search volume
Pontiac,PONTIAC TRANS SPORT,2026-09-11T11:40:35Z,ok,tier=0 anchor 80.6
Pontiac,PONTIAC VIBE,2026-09-11T11:40:35Z,ok,tier=0 anchor 80.6
Pontiac,Pontiac Bonneville,2026-09-12T11:04:04Z,ok,tier=0 anchor 80.5
Pontiac,Pontiac Catalina,2026-09-12T11:05:39Z,ok,tier=0 anchor 80.5
Pontiac,Pontiac Chieftain,2026-09-12T11:31:58Z,ok,tier=1 anchor 78.9
Pontiac,Pontiac Fiero,2026-09-12T11:01:05Z,ok,tier=0 anchor 80.5
Pontiac,Pontiac Firebird,2026-09-12T11:14:49Z,ok,tier=0 anchor 80.5
Pontiac,Pontiac Firebird (1st Generation – 1967-1969),2026-09-12T11:36:03Z,empty,tier=2 no search volume
Pontiac,Pontiac Firebird (2nd Generation – 1970-1981),2026-09-12T11:37:31Z,empty,tier=2 no search volume
Pontiac,Pontiac Firebird (3rd Generation – 1982-1992),2026-09-10T12:26:34Z,empty,tier=2 no search volume
Pontiac,Pontiac Firebird (4th Generation – 1993-2002),2026-09-11T12:07:55Z,empty,tier=2 no search volume
Pontiac,Pontiac G8,2026-09-12T11:06:10Z,ok,tier=0 anchor 80.5
Pontiac,Pontiac GTO,2026-09-11T11:44:15Z,ok,tier=0 anchor 80.6
Pontiac,Pontiac Grand Am,2026-09-11T11:40:35Z,ok,tier=0 anchor 80.6
Pontiac,Pontiac Grand Prix,2026-09-12T11:02:09Z,ok,tier=0 anchor 80.5
Pontiac,Pontiac Grand Ville,2026-09-11T12:04:11Z,ok,tier=1 anchor 77.9
Pontiac,Pontiac Parisienne,2026-09-12T11:17:08Z,ok,tier=0 anchor 80.5
Pontiac,Pontiac Safari,2026-09-12T11:11:36Z,ok,tier=0 anchor 80.5
Pontiac,Pontiac Solstice,2026-09-12T10:59:37Z,ok,tier=0 anchor 80.5
Pontiac,Pontiac Star Chief,2026-09-12T11:33:39Z,ok,tier=1 anchor 78.9
Pontiac,Pontiac Tempest / LeMans,2026-09-11T12:06:39Z,empty,tier=2 no search volume
Porsche,356 Carrera,2026-09-11T12:04:11Z,ok,tier=1 anchor 77.9
Porsche,356 Pre-A,2026-09-12T11:29:21Z,ok,tier=1 anchor 78.4
Porsche,356 Replica,2026-09-12T11:25:21Z,ok,tier=1 anchor 78.4
Porsche,356 Speedster,2026-09-12T11:08:05Z,ok,tier=0 anchor 80.5
Porsche,356A,2026-09-12T11:26:05Z,ok,tier=1 anchor 78.4
Porsche,356B,2026-09-12T11:24:24Z,ok,tier=1 anchor 78.4
Porsche,356C,2026-09-12T11:24:31Z,ok,tier=1 anchor 78.4
Porsche,550 Spyder Replica,2026-09-12T11:28:49Z,ok,tier=1 anchor 78.4
Porsche,911 Carrera 3.2,2026-09-12T11:23:21Z,ok,tier=1 anchor 78.4
Porsche,911 Carrera RS (1973),2026-09-12T11:33:39Z,ok,tier=1 anchor 78.9
Porsche,911 RS America,2026-09-12T11:32:04Z,ok,tier=1 anchor 78.9
Porsche,911 Safari,2026-09-12T11:30:49Z,ok,tier=1 anchor 78.9
Porsche,911 Speedster,2026-09-12T11:27:14Z,ok,tier=1 anchor 78.4
Porsche,911 Speedster (1989),2026-09-12T11:30:55Z,ok,tier=1 anchor 78.9
Porsche,911SC,2026-09-12T11:23:28Z,ok,tier=1 anchor 78.4
Porsche,912,2026-09-12T10:57:11Z,ok,tier=0 anchor 80.5
Porsche,912E,2026-09-12T11:27:14Z,ok,tier=1 anchor 78.4
Porsche,914 1.7/1.8/2.0,2026-09-10T12:32:25Z,empty,tier=2 no search volume
Porsche,914/6,2026-09-12T11:34:16Z,ok,tier=1 anchor 78.9
Porsche,924,2026-09-12T11:03:13Z,ok,tier=0 anchor 80.5
Porsche,928,2026-09-11T11:44:22Z,ok,tier=0 anchor 80.6
Porsche,930 Turbo,2026-09-11T11:44:47Z,ok,tier=0 anchor 80.6
Porsche,934 & 935,2026-09-11T11:40:42Z,ok,tier=0 anchor 80.6
Porsche,944,2026-09-11T11:45:00Z,ok,tier=0 anchor 80.6
Porsche,944 Turbo,2026-09-12T10:57:11Z,ok,tier=0 anchor 80.5
Porsche,955/957 Cayenne,2026-09-12T11:34:10Z,zero,tier=1 rounded to zero
Porsche,958 Cayenne,2026-09-11T11:42:51Z,ok,tier=0 anchor 80.6
Porsche,964 911 (Non-Turbo),2026-09-10T12:25:14Z,empty,tier=2 no search volume
Porsche,964 911 Carrera 2,2026-09-12T11:28:17Z,ok,tier=1 anchor 78.4
Porsche,964 911 Carrera 4,2026-09-12T11:29:58Z,ok,tier=1 anchor 78.4
Porsche,964 911 Carrera RS,2026-09-11T12:04:17Z,ok,tier=1 anchor 77.9
Porsche,964 911 RS America,2026-09-11T12:04:17Z,zero,tier=1 rounded to zero
Porsche,964 911 Singer,2026-09-11T12:04:17Z,ok,tier=1 anchor 77.9
Porsche,964 911 Speedster,2026-09-11T12:20:59Z,ok,tier=2 anchor 67.9
Porsche,964 911 Turbo,2026-09-11T11:51:53Z,ok,tier=1 anchor 77.9
Porsche,964 911 by Singer,2026-09-11T12:20:59Z,empty,tier=2 no search volume
Porsche,964 Carrera RS,2026-09-11T11:51:53Z,ok,tier=1 anchor 77.9
Porsche,964 Turbo,2026-09-12T11:06:55Z,ok,tier=0 anchor 80.5
Porsche,968,2026-09-12T10:59:55Z,ok,tier=0 anchor 80.5
Porsche,981 Boxster,2026-09-12T11:15:39Z,ok,tier=0 anchor 80.5
Porsche,981 Cayman,2026-09-12T10:58:21Z,ok,tier=0 anchor 80.5
Porsche,982 718 Boxster,2026-09-12T11:24:37Z,ok,tier=1 anchor 78.4
Porsche,982 718 Cayman,2026-09-12T11:25:40Z,ok,tier=1 anchor 78.4
Porsche,986 Boxster,2026-09-11T11:43:06Z,ok,tier=0 anchor 80.6
Porsche,987 Boxster,2026-09-11T11:44:28Z,ok,tier=0 anchor 80.6
Porsche,987 Cayman,2026-09-11T11:44:09Z,ok,tier=0 anchor 80.6
Porsche,991 911 (Non-Turbo/GT2/GT3),2026-09-10T12:32:25Z,empty,tier=2 no search volume
Porsche,991 911 50th Anniversary Edition,2026-09-12T11:36:35Z,empty,tier=2 no search volume
Porsche,991 911 Carrera,2026-09-12T11:25:27Z,ok,tier=1 anchor 78.4
Porsche,991 911 Carrera 4,2026-09-12T11:33:45Z,ok,tier=1 anchor 78.9
Porsche,991 911 Carrera 4 GTS,2026-09-12T11:38:34Z,ok,tier=2 anchor 67.1
Porsche,991 911 Carrera 4S,2026-09-12T11:26:37Z,ok,tier=1 anchor 78.4
Porsche,991 911 Carrera GTS,2026-09-11T11:47:13Z,ok,tier=1 anchor 77.9
Porsche,991 911 Carrera GTS Rennsport Reunion,2026-09-11T12:21:05Z,empty,tier=2 no search volume
Porsche,991 911 Carrera S,2026-09-12T11:24:43Z,ok,tier=1 anchor 78.4
Porsche,991 911 Carrera S Endurance Racing Edition,2026-09-11T12:04:17Z,zero,tier=1 rounded to zero
Porsche,991 911 Carrera T,2026-09-12T11:38:53Z,ok,tier=2 anchor 67.1
Porsche,991 911 GT2,2026-09-11T11:47:20Z,ok,tier=1 anchor 77.9
Porsche,991 911 GT3,2026-09-12T11:24:18Z,ok,tier=1 anchor 78.4
Porsche,991 911 R,2026-09-12T11:31:58Z,ok,tier=1 anchor 78.9
Porsche,991 911 Speedster,2026-09-12T11:38:47Z,empty,tier=2 no search volume
Porsche,991 911 Targa 4,2026-09-12T11:36:48Z,empty,tier=2 no search volume
Porsche,991 911 Targa 4 GTS,2026-09-10T12:28:57Z,empty,tier=2 no search volume
Porsche,991 911 Targa 4 GTS Exclusive Manufaktur Edition,2026-09-11T12:21:05Z,empty,tier=2 no search volume
Porsche,991 911 Targa 4S,2026-09-12T11:27:58Z,ok,tier=1 anchor 78.4
Porsche,991 911 Turbo,2026-09-12T11:24:50Z,ok,tier=1 anchor 78.4
Porsche,991 GT2,2026-09-12T11:30:04Z,ok,tier=1 anchor 78.4
Porsche,991 GT3,2026-09-12T11:23:03Z,ok,tier=1 anchor 78.4
Porsche,991 Turbo,2026-09-11T11:47:20Z,ok,tier=1 anchor 77.9
Porsche,992 911 (Non-Turbo/GT2/GT3),2026-09-10T12:32:31Z,empty,tier=2 no search volume
Porsche,992 911 Carrera,2026-09-12T11:08:05Z,ok,tier=0 anchor 80.5
Porsche,992 911 Carrera 4,2026-09-11T11:51:53Z,ok,tier=1 anchor 77.9
Porsche,992 911 Carrera 4 GTS,2026-09-12T11:33:45Z,ok,tier=1 anchor 78.9
Porsche,992 911 Carrera 4S,2026-09-12T11:27:26Z,ok,tier=1 anchor 78.4
Porsche,992 911 Carrera GTS,2026-09-12T11:28:24Z,ok,tier=1 anchor 78.4
Porsche,992 911 Carrera S,2026-09-12T11:26:49Z,ok,tier=1 anchor 78.4
Porsche,992 911 Carrera T,2026-09-12T11:28:24Z,ok,tier=1 anchor 78.4
Porsche,992 911 Carrera T Club Coupe,2026-09-12T11:22:25Z,zero,tier=1 rounded to zero
Porsche,992 911 Dakar,2026-09-12T11:32:04Z,zero,tier=1 rounded to zero
Porsche,992 911 GT3,2026-09-12T10:57:17Z,ok,tier=0 anchor 80.5
Porsche,992 911 S/T,2026-09-11T12:07:30Z,ok,tier=2 anchor 67.9
Porsche,992 911 Spirit 70,2026-09-11T12:09:57Z,empty,tier=2 no search volume
Porsche,992 911 Sport Classic,2026-09-12T11:28:55Z,ok,tier=1 anchor 78.4
Porsche,992 911 Targa 4,2026-09-11T11:51:59Z,ok,tier=1 anchor 77.9
Porsche,992 911 Targa 4 GTS,2026-09-12T11:30:04Z,ok,tier=1 anchor 78.4
Porsche,992 911 Targa 4S,2026-09-12T11:30:49Z,ok,tier=1 anchor 78.9
Porsche,992 911 Targa 4S Heritage Design Edition,2026-09-11T12:06:06Z,empty,tier=2 no search volume
Porsche,992 911 Turbo,2026-09-12T10:58:40Z,ok,tier=0 anchor 80.5
Porsche,992 GT3,2026-09-12T11:15:52Z,ok,tier=0 anchor 80.5
Porsche,992 Turbo,2026-09-12T11:02:29Z,ok,tier=0 anchor 80.5
Porsche,993 911 (Non-Turbo/GT2),2026-09-10T12:32:18Z,empty,tier=2 no search volume
Porsche,993 911 Carrera,2026-09-12T11:24:18Z,ok,tier=1 anchor 78.4
Porsche,993 911 Carrera 4,2026-09-12T11:38:34Z,ok,tier=2 anchor 67.1
Porsche,993 911 Carrera 4S,2026-09-11T11:47:33Z,ok,tier=1 anchor 77.9
Porsche,993 911 Carrera S,2026-09-11T11:47:20Z,ok,tier=1 anchor 77.9
Porsche,993 911 Gunther Werks,2026-09-11T12:21:05Z,empty,tier=2 no search volume
Porsche,993 911 Kaege Retro,2026-09-11T12:21:05Z,empty,tier=2 no search volume
Porsche,993 GT2,2026-09-11T12:04:24Z,ok,tier=1 anchor 77.9
Porsche,993 Turbo,2026-09-12T11:00:02Z,ok,tier=0 anchor 54.3
Porsche,996 911 (Non-Turbo/GT2/GT3),2026-09-11T12:06:13Z,empty,tier=2 no search volume
Porsche,996 911 40th Anniversary Edition,2026-09-12T11:36:41Z,empty,tier=2 no search volume
Porsche,996 911 Carrera,2026-09-12T11:23:21Z,ok,tier=1 anchor 78.4
Porsche,996 911 Carrera 4,2026-09-12T11:24:50Z,ok,tier=1 anchor 78.4
Porsche,996 911 Carrera 4 Millennium Edition,2026-09-11T12:04:24Z,ok,tier=1 anchor 77.9
Porsche,996 911 Carrera 4S,2026-09-12T11:25:34Z,ok,tier=1 anchor 78.4
Porsche,996 911 Carrera Targa,2026-09-10T12:28:12Z,empty,tier=2 no search volume
Porsche,996 911 GT2,2026-09-12T11:33:45Z,ok,tier=1 anchor 78.9
Porsche,996 911 GT3,2026-09-12T11:27:52Z,ok,tier=1 anchor 78.4
Porsche,996 911 Turbo,2026-09-12T11:23:53Z,ok,tier=1 anchor 78.4
Porsche,996 GT2,2026-09-11T11:51:59Z,ok,tier=1 anchor 77.9
Porsche,996 GT3,2026-09-11T11:51:59Z,ok,tier=1 anchor 77.9
Porsche,996 Turbo,2026-09-12T10:58:21Z,ok,tier=0 anchor 80.5
Porsche,997 911 (Non-Turbo/GT2/GT3),2026-09-10T12:32:18Z,empty,tier=2 no search volume
Porsche,997 911 Carrera,2026-09-12T11:24:56Z,ok,tier=1 anchor 78.4
Porsche,997 911 Carrera 4,2026-09-12T11:32:04Z,ok,tier=1 anchor 78.9
Porsche,997 911 Carrera 4 GTS,2026-09-11T11:51:59Z,zero,tier=1 rounded to zero
Porsche,997 911 Carrera 4S,2026-09-12T11:24:43Z,ok,tier=1 anchor 78.4
Porsche,997 911 Carrera Black Edition,2026-09-11T12:06:06Z,empty,tier=2 no search volume
Porsche,997 911 Carrera GTS,2026-09-12T11:30:04Z,ok,tier=1 anchor 78.4
Porsche,997 911 Carrera S,2026-09-12T11:23:59Z,ok,tier=1 anchor 78.4
Porsche,997 911 GT2,2026-09-11T11:52:06Z,ok,tier=1 anchor 77.9
Porsche,997 911 GT3,2026-09-11T11:47:39Z,ok,tier=1 anchor 77.9
Porsche,997 911 Speedster,2026-09-11T12:21:12Z,empty,tier=2 no search volume
Porsche,997 911 Targa 4,2026-09-11T12:09:57Z,ok,tier=2 anchor 67.9
Porsche,997 911 Targa 4S,2026-09-10T12:28:19Z,empty,tier=2 no search volume
Porsche,997 911 Turbo,2026-09-12T11:23:47Z,ok,tier=1 anchor 78.4
Porsche,997 GT2,2026-09-12T11:32:10Z,ok,tier=1 anchor 78.9
Porsche,997 GT3,2026-09-12T11:10:27Z,ok,tier=0 anchor 80.5
Porsche,997 Turbo,2026-09-12T10:59:11Z,ok,tier=0 anchor 80.5
Porsche,9Y0/9Y3 Cayenne (2019+),2026-09-11T12:06:52Z,empty,tier=2 no search volume
Porsche,Carrera GT,2026-09-11T11:40:42Z,ok,tier=0 anchor 80.6
Porsche,Cayenne 3.0 (9Y0),2026-09-11T11:52:06Z,zero,tier=1 rounded to zero
Porsche,Cayenne 3.0 Platinum Edition (9Y0),2026-09-11T12:04:24Z,zero,tier=1 rounded to zero
Porsche,Cayenne Diesel (958),2026-09-12T11:26:24Z,ok,tier=1 anchor 78.4
Porsche,Cayenne Diesel Platinum Edition (958),2026-09-11T12:21:12Z,empty,tier=2 no search volume
Porsche,Cayenne GTS (957),2026-09-12T11:30:11Z,ok,tier=1 anchor 78.4
Porsche,Cayenne GTS (958),2026-09-12T11:27:33Z,ok,tier=1 anchor 78.4
Porsche,Cayenne GTS Coupe (9Y3),2026-09-12T11:37:25Z,empty,tier=2 no search volume
Porsche,Cayenne S (955/957),2026-09-11T12:07:11Z,empty,tier=2 no search volume
Porsche,Cayenne S (958),2026-09-12T11:33:45Z,ok,tier=1 anchor 78.9
Porsche,Cayenne S (9Y0),2026-09-12T11:22:06Z,ok,tier=1 anchor 78.4
Porsche,Cayenne S E-Hybrid Platinum Edition (958),2026-09-11T12:09:57Z,empty,tier=2 no search volume
Porsche,Cayenne S Titanium Edition (955),2026-09-11T12:21:12Z,empty,tier=2 no search volume
Porsche,Cayenne Turbo (958),2026-09-12T11:29:27Z,ok,tier=1 anchor 78.4
Porsche,Cayenne Turbo (9Y0),2026-09-11T12:21:12Z,ok,tier=2 anchor 67.9
Porsche,Cayenne Turbo Coupe (9Y3),2026-09-11T12:21:18Z,empty,tier=2 no search volume
Porsche,Cayenne Turbo GT (9Y3),2026-09-11T12:21:18Z,empty,tier=2 no search volume
Porsche,Cayenne Turbo S (955/957),2026-09-11T12:07:36Z,empty,tier=2 no search volume
Porsche,Cayenne Turbo S (958),2026-09-12T11:36:41Z,ok,tier=2 anchor 67.1
Porsche,Cayenne V6 (955/957),2026-09-11T12:07:49Z,ok,tier=2 anchor 67.9
Porsche,Cayenne V6 (958),2026-09-12T11:30:55Z,ok,tier=1 anchor 78.9
Porsche,Cayenne V6 Platinum Edition (958),2026-09-12T11:33:51Z,ok,tier=1 anchor 78.9
Porsche,Cayman GT4,2026-09-11T11:45:13Z,ok,tier=0 anchor 80.6
Porsche,Emory Outlaw,2026-09-11T12:04:24Z,zero,tier=1 rounded to zero
Porsche,LWB 911E,2026-09-12T11:38:03Z,empty,tier=2 no search volume
Porsche,LWB 911S,2026-09-12T11:36:28Z,empty,tier=2 no search volume
Porsche,LWB 911T,2026-09-12T11:35:51Z,empty,tier=2 no search volume
Porsche,Macan,2026-09-11T11:44:47Z,ok,tier=0 anchor 80.6
Porsche,Panamera,2026-09-11T11:44:02Z,ok,tier=0 anchor 55.5
Porsche,SWB 911,2026-09-12T11:26:30Z,ok,tier=1 anchor 78.4
Porsche,Singer,2026-09-12T11:09:11Z,ok,tier=0 anchor 80.5
Porsche,Sports Prototypes (1960s & 1970s),2026-09-11T12:09:57Z,empty,tier=2 no search volume
Porsche,Taycan,2026-09-12T11:05:01Z,ok,tier=0 anchor 80.5
Porsche,Tractor,2026-09-12T11:26:05Z,ok,tier=1 anchor 78.4
Prevost,PREVOST MARATHON XL,2026-09-11T12:04:30Z,zero,tier=1 rounded to zero
Puch,Puch G,2026-09-11T12:04:30Z,ok,tier=1 anchor 77.9
Puch,Puch Moped,2026-09-12T11:30:55Z,ok,tier=1 anchor 78.9
Puch,SEARS ALLSTATE PUCH SABRE,2026-09-11T12:21:18Z,empty,tier=2 no search volume
Quadro,Quadro Sherp,2026-09-11T12:06:06Z,empty,tier=2 no search volume
Qvale,Qvale Mangusta,2026-09-12T11:33:51Z,ok,tier=1 anchor 78.9
Radical,RADICAL RXC 600R,2026-09-11T12:04:30Z,ok,tier=1 anchor 77.9
Radical,RADICAL SR8,2026-09-11T11:52:06Z,ok,tier=1 anchor 77.9
Radical,RADICAL SR8 RX,2026-09-11T11:52:12Z,zero,tier=1 rounded to zero
Radical,Radical SR3,2026-09-12T11:11:43Z,ok,tier=0 anchor 80.5
Rambler,RAMBLER SIX,2026-09-11T12:04:30Z,ok,tier=1 anchor 77.9
Rambler,Rambler American,2026-09-12T11:09:11Z,ok,tier=0 anchor 80.5
Reliant,RELIANT REGAL,2026-09-11T12:04:37Z,ok,tier=1 anchor 77.9
Renault,FORMULA RENAULT,2026-09-11T11:40:42Z,ok,tier=0 anchor 80.6
Renault,RENAULT,2026-09-11T11:45:52Z,ok,tier=0 anchor 12.1
Renault,RENAULT 4,2026-09-11T11:40:42Z,ok,tier=0 anchor 80.6
Renault,RENAULT 5 ALPINE TURBO,2026-09-11T12:04:37Z,ok,tier=1 anchor 77.9
Renault,RENAULT NN TOWNCAR,2026-09-11T12:04:37Z,zero,tier=1 rounded to zero
Renault,RENAULT PETIT PANEL,2026-09-11T12:21:18Z,empty,tier=2 no search volume
Renault,RENAULT TWINGO,2026-09-11T11:40:48Z,ok,tier=0 anchor 80.6
Renault,Renault 4CV,2026-09-11T12:04:37Z,ok,tier=1 anchor 77.9
Renault,Renault Clio,2026-09-11T11:40:48Z,ok,tier=0 anchor 80.6
Renault,Renault Dauphine,2026-09-11T11:40:48Z,ok,tier=0 anchor 80.6
Renault,Renault R5 Turbo,2026-09-12T11:17:08Z,ok,tier=0 anchor 80.5
Reo,REO MODEL A,2026-09-11T12:04:43Z,ok,tier=1 anchor 77.9
Reo,REO SPEEDWAGON,2026-09-11T11:40:48Z,ok,tier=0 anchor 80.6
Reo,REO T6 E ROADSTER,2026-09-11T12:21:25Z,empty,tier=2 no search volume
Reo,REO TK SPEED WAGON,2026-09-11T12:21:25Z,ok,tier=2 anchor 67.9
Revolution,REVOLUTION A1 500SC,2026-09-11T12:21:25Z,ok,tier=2 anchor 67.9
Riley,RILEY 1 1 2 LITRE,2026-09-11T12:21:25Z,empty,tier=2 no search volume
Riley,RILEY RMB,2026-09-11T12:04:43Z,ok,tier=1 anchor 77.9
Riley,RILEY RMD,2026-09-11T12:21:31Z,empty,tier=2 no search volume
Riley,Riley Elf,2026-09-11T12:04:43Z,ok,tier=1 anchor 77.9
Rimac,Rimac Nevera,2026-09-11T11:40:55Z,ok,tier=0 anchor 80.6
Riva,RIVA ST TROPEZ,2026-09-11T12:04:43Z,ok,tier=1 anchor 77.9
Rivian,Rivian R1T,2026-09-12T11:09:18Z,ok,tier=0 anchor 80.5
Rokon,ROKON TRAIL BREAKER,2026-09-11T12:21:31Z,ok,tier=2 anchor 67.9
Rokon,ROKON TRAILBREAKER,2026-09-11T12:04:50Z,ok,tier=1 anchor 77.9
Rolls-Royce,20/25,2026-09-11T12:10:03Z,ok,tier=2 anchor 67.9
Rolls-Royce,40/50 Silver Ghost,2026-09-11T12:21:31Z,ok,tier=2 anchor 67.9
Rolls-Royce,Corniche,2026-09-12T11:27:08Z,ok,tier=1 anchor 78.4
Rolls-Royce,Cullinan,2026-09-12T11:08:40Z,ok,tier=0 anchor 80.5
Rolls-Royce,Dawn,2026-09-12T11:30:11Z,ok,tier=1 anchor 78.4
Rolls-Royce,Ghost,2026-09-12T11:09:18Z,ok,tier=0 anchor 80.5
Rolls-Royce,Phantom Coupe & Drophead Coupe,2026-09-11T11:49:26Z,ok,tier=1 anchor 77.9
Rolls-Royce,"Phantom I, II, & III",2026-09-12T11:37:13Z,empty,tier=2 no search volume
Rolls-Royce,Phantom VII & VIII,2026-09-12T11:27:52Z,ok,tier=1 anchor 78.4
Rolls-Royce,ROLLS ROYCE 20 HP DROP HEAD CABRIOLET BY SEEGERS ET SOHN,2026-09-11T12:04:50Z,zero,tier=1 rounded to zero
Rolls-Royce,ROLLS ROYCE SILVER DAWN,2026-09-12T11:36:54Z,empty,tier=2 no search volume
Rolls-Royce,ROLLS ROYCE SILVER WRAITH,2026-09-11T12:06:06Z,ok,tier=2 anchor 67.9
Rolls-Royce,SY Silver Shadow & Silver Wraith II,2026-09-10T12:26:34Z,empty,tier=2 no search volume
Rolls-Royce,SZ Silver Spirit & Silver Spur,2026-09-12T11:37:56Z,empty,tier=2 no search volume
Rolls-Royce,Silver Cloud & Phantom V,2026-09-12T11:28:55Z,ok,tier=1 anchor 78.4
Rolls-Royce,Silver Seraph,2026-09-11T11:52:12Z,ok,tier=1 anchor 77.9
Rolls-Royce,Silver Wraith,2026-09-11T12:04:50Z,ok,tier=1 anchor 77.9
Rolls-Royce,Wraith,2026-09-12T11:08:40Z,ok,tier=0 anchor 80.5
Rossion,ROSSION Q1,2026-09-11T12:04:50Z,ok,tier=1 anchor 77.9
Rossion,ROSSION Q1 2,2026-09-11T12:21:31Z,empty,tier=2 no search volume
Rossion,Rossion Q1,2026-09-11T11:52:06Z,ok,tier=1 anchor 77.9
Rover,P6,2026-09-11T12:04:56Z,ok,tier=1 anchor 77.9
Rover,ROVER,2026-09-11T11:45:52Z,ok,tier=0 anchor 12.1
Rover,ROVER 2000,2026-09-12T11:21:03Z,ok,tier=0 anchor 15.2
Rover,ROVER 2000 8,2026-09-11T12:04:56Z,ok,tier=1 anchor 77.9
Rover,ROVER 3500,2026-09-12T11:34:35Z,ok,tier=1 anchor 78.9
Rover,ROVER P5B,2026-09-11T12:04:56Z,ok,tier=1 anchor 77.9
Rover,Rover Cooper,2026-09-12T11:06:04Z,ok,tier=0 anchor 80.5
Royal Enfield,ROYAL ENFIELD CLASSIC 350,2026-09-11T11:40:55Z,ok,tier=0 anchor 80.6
Royal Enfield,ROYAL ENFIELD INT 650 120TH ANNIVERSARY EDITION 17,2026-09-11T12:21:37Z,empty,tier=2 no search volume
Royal Enfield,ROYAL ENFIELD INT650,2026-09-11T11:52:12Z,ok,tier=1 anchor 77.9
Rudge,RUDGE SPECIAL,2026-09-11T12:21:37Z,ok,tier=2 anchor 67.9
Ruf,RUF RGT,2026-09-11T12:04:56Z,ok,tier=1 anchor 77.9
Ruf,RUF RGT 3,2026-09-11T12:21:37Z,empty,tier=2 no search volume
Saab,Saab 9-3,2026-09-12T10:58:52Z,ok,tier=0 anchor 80.5
Saab,Saab 9-3 Viggen,2026-09-12T11:28:55Z,ok,tier=1 anchor 78.4
Saab,Saab 9-5,2026-09-12T11:06:10Z,ok,tier=0 anchor 80.5
Saab,Saab 900,2026-09-12T10:58:14Z,ok,tier=0 anchor 80.5
Saab,Saab 9000,2026-09-11T11:40:55Z,ok,tier=0 anchor 80.6
Saab,Saab 95 Wagon,2026-09-11T11:52:12Z,ok,tier=1 anchor 77.9
Saab,Saab 96,2026-09-12T11:08:46Z,ok,tier=0 anchor 80.5
Saab,Saab 99,2026-09-12T11:14:05Z,ok,tier=0 anchor 80.5
Saab,Saab Sonett,2026-09-12T11:28:55Z,ok,tier=1 anchor 78.4
Saleen,Saleen S7,2026-09-11T11:40:55Z,ok,tier=0 anchor 80.6
Saturn,SATURN L200,2026-09-11T11:41:01Z,ok,tier=0 anchor 80.6
Saturn,SATURN SC,2026-09-12T11:17:15Z,ok,tier=0 anchor 80.5
Saturn,SATURN SL,2026-09-11T11:41:01Z,ok,tier=0 anchor 80.6
Saturn,Saturn Sky,2026-09-12T11:05:07Z,ok,tier=0 anchor 80.5
Scion,SCION IQ,2026-09-12T11:11:49Z,ok,tier=0 anchor 80.5
Scion,SCION IQ 3,2026-09-11T12:21:37Z,ok,tier=2 anchor 67.9
Scion,SCION IQ 3 2,2026-09-11T12:21:44Z,empty,tier=2 no search volume
Scion,SCION TC,2026-09-12T11:17:15Z,ok,tier=0 anchor 80.5
Scion,SCION XA,2026-09-11T11:41:01Z,ok,tier=0 anchor 80.6
Scion,SCION XB,2026-09-12T11:17:15Z,ok,tier=0 anchor 80.5
Scion,Scion FR-S,2026-09-12T11:17:15Z,ok,tier=0 anchor 80.5
Shelby,Shelby CSX Cobra Continuation,2026-09-12T11:36:54Z,empty,tier=2 no search volume
Shelby,"Shelby Cobra Mk I, II, & III",2026-09-11T12:21:44Z,empty,tier=2 no search volume
Shelby,Shelby Cobra Replica,2026-09-12T11:24:31Z,ok,tier=1 anchor 78.4
Shelby,Shelby Daytona Coupe Replica,2026-09-10T12:29:36Z,empty,tier=2 no search volume
Shelby,Shelby Mustang GT350 & GT500,2026-09-12T11:06:10Z,ok,tier=0 anchor 80.5
Shelby,Shelby Series 1,2026-09-12T11:32:10Z,ok,tier=1 anchor 78.9
Simca,SIMCA,2026-09-11T11:45:52Z,ok,tier=0 anchor 12.1
Singer,SINGER NINE SPORTS,2026-09-11T12:21:44Z,empty,tier=2 no search volume
Singer,SINGER SM ROADSTER,2026-09-11T12:21:44Z,empty,tier=2 no search volume
Skoda,SKODA FELICIA FUN,2026-09-11T12:05:03Z,ok,tier=1 anchor 77.9
Smart,SMART FORTWO,2026-09-11T11:41:07Z,ok,tier=0 anchor 80.6
Smart,Smart Fortwo,2026-09-12T11:11:43Z,ok,tier=0 anchor 80.5
Spartan,SPARTAN FMC PUMPER,2026-09-11T12:21:50Z,empty,tier=2 no search volume
Spartan,SPARTAN TRAVEL TRAILER,2026-09-11T12:21:50Z,ok,tier=2 anchor 67.9
Speed Utv,SPEED UTV BAJA BANDIT RG,2026-09-11T12:21:50Z,empty,tier=2 no search volume
Speed Utv,SPEED UTV EL DIABLO,2026-09-12T10:56:45Z,zero,tier=0 rounded to zero
Spyker,Spyker C8,2026-09-12T11:33:51Z,ok,tier=1 anchor 78.9
Stewart & Stevenson,STEWART AND STEVENSON M 1078 A1,2026-09-11T12:21:50Z,empty,tier=2 no search volume
Stewart & Stevenson,STEWART STEVENSON LMTV M,2026-09-11T12:21:57Z,empty,tier=2 no search volume
Stewart & Stevenson,STEWART STEVENSON M1085,2026-09-11T12:21:57Z,ok,tier=2 anchor 67.9
Stewart & Stevenson,STEWART STEVENSON M1087 FMTV 6X6 WITH EXPANDABLE VAN,2026-09-11T12:21:57Z,empty,tier=2 no search volume
Steyr-Puch,Steyr-Puch Pinzgauer,2026-09-12T11:30:11Z,ok,tier=1 anchor 78.4
Stohr,STOHR 01D,2026-09-11T12:21:57Z,empty,tier=2 no search volume
Studebaker,STUDEBAKER DUKW,2026-09-11T12:22:03Z,empty,tier=2 no search volume
Studebaker,STUDEBAKER HOT ROD,2026-09-11T12:22:03Z,ok,tier=2 anchor 67.9
Studebaker,STUDEBAKER TOURING,2026-09-11T12:05:03Z,zero,tier=1 rounded to zero
Studebaker,Studebaker Avanti,2026-09-12T11:26:55Z,ok,tier=1 anchor 78.4
Studebaker,Studebaker Champion,2026-09-12T11:29:02Z,ok,tier=1 anchor 78.4
Studebaker,Studebaker Commander,2026-09-12T11:30:55Z,ok,tier=1 anchor 78.9
Studebaker,Studebaker Hawk,2026-09-11T11:49:26Z,ok,tier=1 anchor 77.9
Studebaker,Studebaker Lark,2026-09-12T11:28:24Z,ok,tier=1 anchor 78.4
Studebaker,Studebaker Pickup,2026-09-12T11:29:27Z,ok,tier=1 anchor 78.4
Studebaker,Studebaker President,2026-09-12T11:33:51Z,ok,tier=1 anchor 78.9
Stutz,STUTZ BLACKHAWK,2026-09-11T11:41:07Z,ok,tier=0 anchor 80.6
Subaru,SUBARU E12,2026-09-11T12:05:03Z,ok,tier=1 anchor 77.9
Subaru,SUBARU VIVIO,2026-09-11T12:05:03Z,ok,tier=1 anchor 77.9
Subaru,Subaru BRAT,2026-09-12T11:14:05Z,ok,tier=0 anchor 80.5
Subaru,Subaru BRZ,2026-09-12T11:07:27Z,ok,tier=0 anchor 80.5
Subaru,Subaru Baja,2026-09-12T11:03:13Z,ok,tier=0 anchor 80.5
Subaru,"Subaru DL, GL, & GLF",2026-09-11T12:07:36Z,empty,tier=2 no search volume
Subaru,Subaru Forester,2026-09-12T11:00:59Z,ok,tier=0 anchor 80.5
Subaru,Subaru GL & GLF,2026-09-12T11:17:21Z,ok,tier=0 anchor 80.5
Subaru,Subaru Impreza,2026-09-12T11:14:05Z,ok,tier=0 anchor 80.5
Subaru,Subaru Impreza 2.5RS,2026-09-12T11:32:10Z,ok,tier=1 anchor 78.9
Subaru,Subaru Impreza WRX,2026-09-12T11:02:03Z,ok,tier=0 anchor 80.5
Subaru,Subaru Legacy,2026-09-12T11:02:35Z,ok,tier=0 anchor 80.5
Subaru,Subaru Outback,2026-09-12T11:02:29Z,ok,tier=0 anchor 80.5
Subaru,Subaru SVX,2026-09-11T11:41:01Z,ok,tier=0 anchor 80.6
Subaru,Subaru Sambar,2026-09-12T10:58:59Z,ok,tier=0 anchor 80.5
Subaru,Subaru WRX STi,2026-09-11T11:44:47Z,ok,tier=0 anchor 80.6
Sunbeam,SUNBEAM IMP,2026-09-11T12:05:09Z,ok,tier=1 anchor 77.9
Sunbeam,SUNBEAM IMP 3,2026-09-11T12:22:03Z,empty,tier=2 no search volume
Sunbeam,SUNBEAM S8,2026-09-11T12:05:09Z,ok,tier=1 anchor 77.9
Sunbeam,Sunbeam Alpine,2026-09-12T11:29:21Z,ok,tier=1 anchor 78.4
Sunbeam,Sunbeam Tiger,2026-09-12T11:26:30Z,ok,tier=1 anchor 78.4
Suzuki,SUZUKI ALTO WORKS IE,2026-09-11T12:22:03Z,empty,tier=2 no search volume
Suzuki,SUZUKI ALTO WORKS TWIN CAM TURBO,2026-09-11T12:22:09Z,empty,tier=2 no search volume
Suzuki,SUZUKI CAPPUCCINO,2026-09-11T11:41:07Z,ok,tier=0 anchor 80.6
Suzuki,SUZUKI LT125,2026-09-11T11:52:18Z,ok,tier=1 anchor 77.9
Suzuki,SUZUKI LT250R QUADRACER,2026-09-11T12:05:09Z,ok,tier=1 anchor 77.9
Suzuki,SUZUKI LT50,2026-09-11T12:05:09Z,ok,tier=1 anchor 77.9
Suzuki,SUZUKI MIGHTYBOY,2026-09-11T12:05:16Z,zero,tier=1 rounded to zero
Suzuki,SUZUKI QUAD RACER LT500R,2026-09-11T12:22:09Z,empty,tier=2 no search volume
Suzuki,SUZUKI QUADRUNNER LT160,2026-09-12T11:35:38Z,ok,tier=2 anchor 67.1
Suzuki,SUZUKI SX4,2026-09-11T11:41:07Z,ok,tier=0 anchor 80.6
Suzuki,Suzuki Alto,2026-09-11T11:41:14Z,ok,tier=0 anchor 80.6
Suzuki,Suzuki Carry,2026-09-12T11:15:46Z,ok,tier=0 anchor 80.5
Suzuki,Suzuki Every,2026-09-12T11:07:27Z,ok,tier=0 anchor 80.5
Suzuki,Suzuki GS,2026-09-12T11:06:17Z,ok,tier=0 anchor 80.5
Suzuki,Suzuki GSX-R50,2026-09-11T12:10:03Z,empty,tier=2 no search volume
Suzuki,Suzuki GT,2026-09-12T11:11:49Z,ok,tier=0 anchor 80.5
Suzuki,Suzuki Hayabusa,2026-09-12T11:11:49Z,ok,tier=0 anchor 80.5
Suzuki,Suzuki Jimny,2026-09-12T11:05:45Z,ok,tier=0 anchor 80.5
Suzuki,Suzuki Katana,2026-09-11T11:41:14Z,ok,tier=0 anchor 80.6
Suzuki,Suzuki Other Motorcycles,2026-09-11T11:47:26Z,ok,tier=1 anchor 77.9
Suzuki,Suzuki RE5,2026-09-11T11:52:18Z,ok,tier=1 anchor 77.9
Suzuki,Suzuki RG,2026-09-12T11:22:50Z,ok,tier=1 anchor 78.4
Suzuki,Suzuki Samurai,2026-09-12T11:00:21Z,ok,tier=0 anchor 69.6
Suzuki,Suzuki T Motorcycle,2026-09-12T11:30:04Z,ok,tier=1 anchor 78.4
Suzuki,Suzuki TM & RM,2026-09-12T11:27:33Z,ok,tier=1 anchor 78.4
Suzuki,Suzuki TS & TC,2026-09-12T11:06:17Z,ok,tier=0 anchor 80.5
Suzuki,Suzuki X-90,2026-09-12T11:32:04Z,ok,tier=1 anchor 78.9
Swift,SWIFT DB4,2026-09-12T11:35:38Z,empty,tier=2 no search volume
TVR,TVR 2500M,2026-09-12T11:33:57Z,ok,tier=1 anchor 78.9
TVR,TVR 280I,2026-09-12T11:33:57Z,ok,tier=1 anchor 78.9
TVR,TVR 280i,2026-09-12T11:22:56Z,ok,tier=1 anchor 78.4
TVR,TVR 3000S,2026-09-11T12:10:03Z,ok,tier=2 anchor 67.9
TVR,TVR Cerbera,2026-09-11T12:05:16Z,ok,tier=1 anchor 77.9
TVR,TVR GRANTURA,2026-09-11T12:05:16Z,ok,tier=1 anchor 77.9
TVR,TVR GRIFFITH,2026-09-11T11:41:14Z,ok,tier=0 anchor 80.6
TVR,TVR S1,2026-09-11T12:05:16Z,zero,tier=1 rounded to zero
TVR,TVR TASMIN,2026-09-11T12:05:22Z,ok,tier=1 anchor 77.9
TVR,TVR TUSCAN SPEED SIX,2026-09-11T12:05:22Z,zero,tier=1 rounded to zero
TVR,TVR VIXEN,2026-09-11T11:49:39Z,ok,tier=1 anchor 77.9
TVR,TVR Vixen,2026-09-11T12:05:22Z,ok,tier=1 anchor 77.9
Tatra,TATRA OT 810,2026-09-11T12:22:09Z,empty,tier=2 no search volume
Tatra,TATRA T75 CONVERTIBLE,2026-09-11T12:22:09Z,empty,tier=2 no search volume
Tesla,Cybertruck,2026-09-11T11:41:14Z,ok,tier=0 anchor 80.6
Tesla,MODEL Y,2026-09-11T11:41:21Z,ok,tier=0 anchor 52.7
Tesla,Roadster,2026-09-12T11:06:10Z,ok,tier=0 anchor 80.5
Tesla,S,2026-09-12T11:03:38Z,ok,tier=0 anchor 80.5
Tesla,X,2026-09-12T11:13:52Z,ok,tier=0 anchor 80.5
Thor,R V AXIS THOR RV,2026-09-11T12:22:16Z,empty,tier=2 no search volume
Toyota,2000GT,2026-09-11T11:41:21Z,ok,tier=0 anchor 52.7
Toyota,4RUNNER,2026-09-11T11:41:21Z,ok,tier=0 anchor 52.7
Toyota,4Runner (N120),2026-09-10T12:26:01Z,empty,tier=2 no search volume
Toyota,4Runner (N180),2026-09-12T11:37:31Z,ok,tier=2 anchor 67.1
Toyota,4Runner (N210),2026-09-10T12:26:08Z,empty,tier=2 no search volume
Toyota,4Runner (N280),2026-09-12T11:36:16Z,ok,tier=2 anchor 67.1
Toyota,4Runner (N60),2026-09-12T11:37:50Z,ok,tier=2 anchor 67.1
Toyota,AE86,2026-09-12T11:09:18Z,ok,tier=0 anchor 80.5
Toyota,ARISTO,2026-09-11T11:41:21Z,ok,tier=0 anchor 52.7
Toyota,AVALON,2026-09-11T11:41:27Z,ok,tier=0 anchor 80.6
Toyota,AW11 MR2,2026-09-12T11:26:43Z,ok,tier=1 anchor 78.4
Toyota,Avalon,2026-09-12T11:07:33Z,ok,tier=0 anchor 80.5
Toyota,CALDINA,2026-09-12T11:17:21Z,ok,tier=0 anchor 80.5
Toyota,CALDINA GT T,2026-09-11T12:22:16Z,empty,tier=2 no search volume
Toyota,CELSIOR,2026-09-11T11:41:27Z,ok,tier=0 anchor 80.6
Toyota,CHASER,2026-09-12T11:17:21Z,ok,tier=0 anchor 80.5
Toyota,Camry,2026-09-12T10:59:30Z,ok,tier=0 anchor 49.1
Toyota,Camry Solara,2026-09-12T11:07:01Z,ok,tier=0 anchor 80.5
Toyota,Celica,2026-09-12T10:59:05Z,ok,tier=0 anchor 80.5
Toyota,Celica Supra A40/A50,2026-09-11T12:22:16Z,empty,tier=2 no search volume
Toyota,Celica Supra A60,2026-09-11T12:08:02Z,ok,tier=2 anchor 67.9
Toyota,Celsior,2026-09-11T11:41:27Z,ok,tier=0 anchor 80.6
Toyota,Century,2026-09-12T11:10:33Z,ok,tier=0 anchor 73.9
Toyota,Corolla,2026-09-12T11:00:46Z,ok,tier=0 anchor 31.2
Toyota,Corona,2026-09-12T11:17:21Z,ok,tier=0 anchor 80.5
Toyota,Cressida & Mark II,2026-09-12T11:17:28Z,ok,tier=0 anchor 62.1
Toyota,Crown,2026-09-12T11:07:33Z,ok,tier=0 anchor 80.5
Toyota,DELIBOY,2026-09-11T12:05:22Z,zero,tier=1 rounded to zero
Toyota,DYNA TRI CAB,2026-09-11T12:22:16Z,empty,tier=2 no search volume
Toyota,Dyna,2026-09-12T11:11:56Z,ok,tier=0 anchor 80.5
Toyota,EPIC S22,2026-09-11T12:22:22Z,ok,tier=2 anchor 67.9
Toyota,FJ Cruiser,2026-09-11T11:44:35Z,ok,tier=0 anchor 80.6
Toyota,HIGHLANDER,2026-09-12T11:14:05Z,ok,tier=0 anchor 80.5
Toyota,HiAce,2026-09-12T11:05:45Z,ok,tier=0 anchor 80.5
Toyota,Hilux (N140/N150/N160/N170 1997-2005),2026-09-11T12:10:03Z,empty,tier=2 no search volume
Toyota,Hilux/Pickup (N20 1972-1978),2026-09-11T12:10:09Z,ok,tier=2 anchor 67.9
Toyota,Land Cruiser 100-Series,2026-09-10T12:25:08Z,empty,tier=2 no search volume
Toyota,Land Cruiser 200-Series,2026-09-10T12:25:28Z,empty,tier=2 no search volume
Toyota,Land Cruiser 60-Series,2026-09-12T11:35:51Z,ok,tier=2 anchor 67.1
Toyota,Land Cruiser 70-Series,2026-09-10T12:26:08Z,empty,tier=2 no search volume
Toyota,Land Cruiser 80-Series,2026-09-10T12:25:01Z,empty,tier=2 no search volume
Toyota,Land Cruiser FJ25,2026-09-11T12:22:22Z,empty,tier=2 no search volume
Toyota,Land Cruiser FJ40,2026-09-12T11:23:21Z,ok,tier=1 anchor 78.4
Toyota,Land Cruiser FJ43,2026-09-11T11:49:26Z,ok,tier=1 anchor 77.9
Toyota,Land Cruiser FJ45,2026-09-12T11:24:56Z,ok,tier=1 anchor 78.4
Toyota,Land Cruiser FJ55,2026-09-12T11:29:33Z,ok,tier=1 anchor 78.4
Toyota,Land Cruiser J250,2026-09-11T12:05:28Z,ok,tier=1 anchor 77.9
Toyota,Land Cruiser Prado 70-Series,2026-09-10T12:27:39Z,empty,tier=2 no search volume
Toyota,Land Cruiser Prado 90-Series,2026-09-10T12:27:39Z,empty,tier=2 no search volume
Toyota,LiteAce & TownAce,2026-09-12T11:27:58Z,ok,tier=1 anchor 78.4
Toyota,Mega Cruiser,2026-09-11T11:41:27Z,ok,tier=0 anchor 80.6
Toyota,PRIUS,2026-09-12T11:14:42Z,ok,tier=0 anchor 80.5
Toyota,Pickup (N30/N40 1978-1983),2026-09-11T12:06:39Z,empty,tier=2 no search volume
Toyota,Pickup (N50/N60/N70 1984-1988),2026-09-10T12:32:31Z,empty,tier=2 no search volume
Toyota,Pickup (N80/90/100/110 1989-1997),2026-09-10T12:32:25Z,empty,tier=2 no search volume
Toyota,Previa & Estima,2026-09-12T11:14:11Z,ok,tier=0 anchor 80.5
Toyota,RAV4,2026-09-12T11:00:34Z,ok,tier=0 anchor 48.1
Toyota,RV,2026-09-12T11:11:49Z,ok,tier=0 anchor 80.5
Toyota,SIENNA,2026-09-12T11:11:56Z,ok,tier=0 anchor 80.5
Toyota,SIENNA 4,2026-09-11T11:41:33Z,ok,tier=0 anchor 80.6
Toyota,SIENNA BRAUN ABILITY WHEEL CHAIR,2026-09-12T11:35:38Z,ok,tier=2 anchor 67.1
Toyota,SIENNA XLE,2026-09-11T11:41:33Z,ok,tier=0 anchor 80.6
Toyota,SIENNA XLE HYBRID ROLLX WHEELCHAIR VAN,2026-09-12T11:35:44Z,empty,tier=2 no search volume
Toyota,SOARER,2026-09-11T11:41:33Z,ok,tier=0 anchor 80.6
Toyota,SOARER 2,2026-09-12T11:22:56Z,ok,tier=1 anchor 78.4
Toyota,SW20 MR2,2026-09-12T11:25:52Z,ok,tier=1 anchor 78.4
Toyota,Sequoia,2026-09-12T10:57:29Z,ok,tier=0 anchor 80.5
Toyota,Sera,2026-09-11T11:41:33Z,ok,tier=0 anchor 80.6
Toyota,Sienna,2026-09-12T11:17:28Z,ok,tier=0 anchor 62.1
Toyota,Soarer,2026-09-12T11:14:42Z,ok,tier=0 anchor 80.5
Toyota,Stout,2026-09-11T11:41:39Z,ok,tier=0 anchor 80.6
Toyota,Supra A70,2026-09-12T11:26:05Z,ok,tier=1 anchor 78.4
Toyota,Supra A80,2026-09-12T10:58:46Z,ok,tier=0 anchor 80.5
Toyota,T100,2026-09-12T11:07:33Z,ok,tier=0 anchor 80.5
Toyota,TRD Off-Road,2026-09-12T11:13:58Z,ok,tier=0 anchor 80.5
Toyota,TRD Pro,2026-09-11T11:41:39Z,ok,tier=0 anchor 80.6
Toyota,Tacoma (N1X0 1995-2005),2026-09-10T12:25:01Z,empty,tier=2 no search volume
Toyota,Tacoma (N2X0 2005-2015),2026-09-12T11:36:03Z,empty,tier=2 no search volume
Toyota,Tacoma (N300 2016-2023),2026-09-10T12:26:41Z,empty,tier=2 no search volume
Toyota,Tacoma (N400 2024+),2026-09-11T12:08:08Z,empty,tier=2 no search volume
Toyota,Tercel,2026-09-12T11:14:11Z,ok,tier=0 anchor 80.5
Toyota,ToyoAce,2026-09-12T11:31:01Z,ok,tier=1 anchor 78.9
Toyota,Tundra (XK30/XK40 2000-2006),2026-09-10T12:32:31Z,empty,tier=2 no search volume
Toyota,Tundra (XK50 2007-2021),2026-09-10T12:26:28Z,empty,tier=2 no search volume
Toyota,Tundra (XK70 2022+),2026-09-11T11:49:39Z,zero,tier=1 rounded to zero
Toyota,UTAH SNOWBIRD SKI RESORT SUMMIT OFF ROAD ADVENTURE WITH LAND CRUISER ENTHUSIAST SHAUN WHALE,2026-09-12T11:22:56Z,zero,tier=1 rounded to zero
Toyota,VAN,2026-09-11T11:41:39Z,ok,tier=0 anchor 80.6
Toyota,VELLFIRE,2026-09-11T11:41:39Z,ok,tier=0 anchor 80.6
Toyota,W30 MR2,2026-09-11T11:47:07Z,ok,tier=1 anchor 77.9
Toyota,WILL VI,2026-09-12T11:31:01Z,ok,tier=1 anchor 78.9
Toyota,YARIS,2026-09-12T11:17:28Z,ok,tier=0 anchor 62.1
Triumph,TRIUMPH,2026-09-11T11:45:58Z,ok,tier=0 anchor 43.4
Triumph,TRIUMPH 2000 MK1,2026-09-11T12:05:28Z,ok,tier=1 anchor 77.9
Triumph,TRIUMPH AVENGER,2026-09-11T12:05:28Z,ok,tier=1 anchor 77.9
Triumph,TRIUMPH TIGER 750 TR7RV,2026-09-11T12:22:22Z,ok,tier=2 anchor 67.9
Triumph,TRIUMPH TRITON,2026-09-11T12:05:28Z,ok,tier=1 anchor 77.9
Triumph,Triumph 5T & 5TA Speed Twin,2026-09-11T12:05:35Z,ok,tier=1 anchor 77.9
Triumph,Triumph Bonneville T120,2026-09-12T11:00:59Z,ok,tier=0 anchor 80.5
Triumph,Triumph Bonneville T140,2026-09-12T11:29:02Z,ok,tier=1 anchor 78.4
Triumph,Triumph Daytona,2026-09-12T11:09:18Z,ok,tier=0 anchor 80.5
Triumph,Triumph Daytona (1991+),2026-09-10T12:29:42Z,empty,tier=2 no search volume
Triumph,Triumph GT6,2026-09-12T11:28:24Z,ok,tier=1 anchor 78.4
Triumph,Triumph Military Motorcycle,2026-09-11T12:22:22Z,ok,tier=2 anchor 67.9
Triumph,Triumph New Bonneville (2000+),2026-09-12T11:36:22Z,ok,tier=2 anchor 67.1
Triumph,Triumph Race Bikes,2026-09-11T12:22:29Z,empty,tier=2 no search volume
Triumph,Triumph Rocket 3,2026-09-12T11:09:24Z,ok,tier=0 anchor 80.5
Triumph,Triumph Scrambler,2026-09-12T11:17:28Z,ok,tier=0 anchor 62.1
Triumph,Triumph Speed Triple,2026-09-12T11:17:34Z,ok,tier=0 anchor 80.5
Triumph,Triumph Speed Twin 900 & 1200,2026-09-12T11:17:34Z,ok,tier=0 anchor 80.5
Triumph,Triumph Spitfire,2026-09-12T11:01:37Z,ok,tier=0 anchor 80.5
Triumph,Triumph Stag,2026-09-12T11:09:24Z,ok,tier=0 anchor 80.5
Triumph,Triumph TR2,2026-09-11T12:05:35Z,ok,tier=1 anchor 77.9
Triumph,Triumph TR3,2026-09-12T11:25:15Z,ok,tier=1 anchor 78.4
Triumph,Triumph TR4,2026-09-12T11:25:27Z,ok,tier=1 anchor 78.4
Triumph,Triumph TR5 & TR250,2026-09-12T11:28:30Z,ok,tier=1 anchor 78.4
Triumph,Triumph TR6,2026-09-11T11:44:41Z,ok,tier=0 anchor 80.6
Triumph,Triumph Thruxton,2026-09-12T11:10:27Z,ok,tier=0 anchor 80.5
Triumph,Triumph Thunderbird,2026-09-12T11:11:56Z,ok,tier=0 anchor 80.5
Triumph,Triumph Thunderbird 900,2026-09-11T11:49:45Z,ok,tier=1 anchor 77.9
Triumph,Triumph Tiger,2026-09-12T11:08:05Z,ok,tier=0 anchor 80.5
Triumph,Triumph Tiger (1990s+),2026-09-11T11:52:18Z,ok,tier=1 anchor 77.9
Triumph,Triumph Tiger Cub and Terrier,2026-09-11T12:22:29Z,ok,tier=2 anchor 67.9
Triumph,Triumph Trident,2026-09-12T11:12:02Z,ok,tier=0 anchor 80.5
Triumph,Triumph Trophy,2026-09-12T11:08:05Z,ok,tier=0 anchor 80.5
Triumph,Triumph Wedge,2026-09-11T11:47:39Z,ok,tier=1 anchor 77.9
Triumph,Triumph X-75 Hurricane,2026-09-11T11:52:18Z,ok,tier=1 anchor 77.9
Ultima,ULTIMA MK3,2026-09-11T12:05:35Z,ok,tier=1 anchor 77.9
Ultima,ULTIMA RS,2026-09-11T11:41:46Z,zero,tier=0 rounded to zero
Ural,URAL T,2026-09-11T12:05:35Z,ok,tier=1 anchor 77.9
Ural,URAL TOURIST,2026-09-11T12:05:41Z,ok,tier=1 anchor 77.9
Ural,Ural Gear Up,2026-09-12T11:30:11Z,ok,tier=1 anchor 78.4
Vanderhall,Vanderhall Carmel,2026-09-12T11:31:01Z,ok,tier=1 anchor 78.9
Vanderhall,Vanderhall Venice,2026-09-12T11:32:10Z,ok,tier=1 anchor 78.9
Vauxhall,CARLTON,2026-09-11T12:05:41Z,ok,tier=1 anchor 77.9
Velocette,VELOCETTE KTS,2026-09-12T11:35:26Z,empty,tier=2 no search volume
Velocette,VELOCETTE THRUXTON,2026-09-11T12:05:41Z,ok,tier=1 anchor 77.9
Velosolex,VELOSOLEX,2026-09-12T11:34:54Z,ok,tier=1 anchor 78.9
Vespa,Vespa 400,2026-09-11T12:05:41Z,ok,tier=1 anchor 77.9
Vespa,Vespa GL & Sprint,2026-09-12T11:32:17Z,ok,tier=1 anchor 78.9
Vespa,Vespa GS & Rally,2026-09-12T11:32:17Z,ok,tier=1 anchor 78.9
Vespa,Vespa Moped,2026-09-12T11:17:34Z,ok,tier=0 anchor 80.5
Vespa,"Vespa P, Super, & Primavera",2026-09-12T11:37:06Z,empty,tier=2 no search volume
Vespa,"Vespa VBB, VNA, VNB, & VLB",2026-09-11T12:07:36Z,empty,tier=2 no search volume
Vincent,Vincent Black Shadow,2026-09-12T11:32:17Z,ok,tier=1 anchor 78.9
Vincent,Vincent Comet,2026-09-11T12:05:47Z,ok,tier=1 anchor 77.9
Vincent,Vincent Rapide,2026-09-12T11:33:57Z,ok,tier=1 anchor 78.9
Volkswagen,BRASILIA,2026-09-11T11:52:25Z,ok,tier=1 anchor 77.9
Volkswagen,CC,2026-09-11T11:41:46Z,ok,tier=0 anchor 80.6
Volkswagen,SANTANA,2026-09-11T11:41:46Z,ok,tier=0 anchor 80.6
Volkswagen,SANTANA CLASSIC,2026-09-11T12:22:29Z,empty,tier=2 no search volume
Volkswagen,TIGUAN,2026-09-12T11:17:34Z,ok,tier=0 anchor 80.5
Volkswagen,VOLKSWAGEN ATLAS,2026-09-11T11:41:46Z,ok,tier=0 anchor 80.6
Volkswagen,VOLKSWAGEN CC,2026-09-12T11:17:40Z,ok,tier=0 anchor 80.5
Volkswagen,VOLKSWAGEN CC SPORT,2026-09-11T12:05:47Z,ok,tier=1 anchor 77.9
Volkswagen,VOLKSWAGEN TIGUAN,2026-09-12T11:09:24Z,ok,tier=0 anchor 80.5
Volkswagen,Volkswagen A5 Beetle,2026-09-12T11:26:49Z,ok,tier=1 anchor 78.4
Volkswagen,Volkswagen Bay-Window Bus,2026-09-10T12:27:13Z,empty,tier=2 no search volume
Volkswagen,Volkswagen Bay-Window Camper,2026-09-10T12:26:28Z,empty,tier=2 no search volume
Volkswagen,Volkswagen Bay-Window Pickup,2026-09-11T12:06:13Z,empty,tier=2 no search volume
Volkswagen,Volkswagen Beetle,2026-09-11T11:43:37Z,ok,tier=0 anchor 80.6
Volkswagen,Volkswagen Beetle (Oval Window),2026-09-12T11:38:15Z,ok,tier=2 anchor 67.1
Volkswagen,Volkswagen Beetle (Split Window),2026-09-12T11:38:34Z,empty,tier=2 no search volume
Volkswagen,Volkswagen CC,2026-09-12T10:56:45Z,ok,tier=0 anchor 80.5
Volkswagen,Volkswagen Cabrio Mk3,2026-09-12T11:36:54Z,ok,tier=2 anchor 67.1
Volkswagen,Volkswagen Caddy & Rabbit Pickup,2026-09-12T11:09:24Z,ok,tier=0 anchor 80.5
Volkswagen,Volkswagen Corrado,2026-09-12T11:06:23Z,ok,tier=0 anchor 80.5
Volkswagen,Volkswagen Eos,2026-09-12T11:03:13Z,ok,tier=0 anchor 80.5
Volkswagen,Volkswagen EuroVan,2026-09-12T11:01:37Z,ok,tier=0 anchor 80.5
Volkswagen,Volkswagen GTI Mk1,2026-09-12T11:30:17Z,ok,tier=1 anchor 78.4
Volkswagen,Volkswagen GTI Mk2,2026-09-12T11:27:33Z,ok,tier=1 anchor 78.4
Volkswagen,Volkswagen GTI Mk3,2026-09-11T12:05:47Z,ok,tier=1 anchor 77.9
Volkswagen,Volkswagen GTI Mk4,2026-09-11T11:52:25Z,ok,tier=1 anchor 77.9
Volkswagen,Volkswagen GTI Mk5,2026-09-12T11:34:04Z,ok,tier=1 anchor 76.8
Volkswagen,Volkswagen GTI Mk6,2026-09-12T11:30:17Z,ok,tier=1 anchor 78.4
Volkswagen,Volkswagen GTI Mk7,2026-09-12T11:12:02Z,ok,tier=0 anchor 80.5
Volkswagen,Volkswagen GTI Mk8,2026-09-11T12:05:47Z,ok,tier=1 anchor 77.9
Volkswagen,Volkswagen Golf & Rabbit,2026-09-12T11:04:29Z,ok,tier=0 anchor 80.5
Volkswagen,Volkswagen Golf & Rabbit (Non-GTI),2026-09-12T11:05:07Z,ok,tier=0 anchor 80.5
Volkswagen,Volkswagen Golf R,2026-09-12T11:03:19Z,ok,tier=0 anchor 80.5
Volkswagen,Volkswagen Golf/Rabbit Cabriolet Mk1,2026-09-11T12:06:45Z,ok,tier=2 anchor 67.9
Volkswagen,Volkswagen ID.Buzz,2026-09-12T11:17:40Z,ok,tier=0 anchor 80.5
Volkswagen,Volkswagen Jetta,2026-09-12T11:01:18Z,ok,tier=0 anchor 80.5
Volkswagen,Volkswagen Karmann Ghia,2026-09-12T10:57:23Z,zero,tier=0 rounded to zero
Volkswagen,Volkswagen New Beetle,2026-09-12T11:06:17Z,ok,tier=0 anchor 80.5
Volkswagen,Volkswagen Passat,2026-09-12T11:04:29Z,ok,tier=0 anchor 80.5
Volkswagen,Volkswagen Phaeton,2026-09-12T11:17:40Z,ok,tier=0 anchor 80.5
Volkswagen,Volkswagen Polo,2026-09-12T11:17:40Z,ok,tier=0 anchor 80.5
Volkswagen,Volkswagen R32,2026-09-12T11:02:35Z,ok,tier=0 anchor 80.5
Volkswagen,Volkswagen Rail & Dune Buggy,2026-09-12T11:07:33Z,ok,tier=0 anchor 80.5
Volkswagen,Volkswagen Scirocco,2026-09-12T11:05:07Z,ok,tier=0 anchor 80.5
Volkswagen,Volkswagen Split-Window Bus,2026-09-12T11:35:57Z,empty,tier=2 no search volume
Volkswagen,Volkswagen Split-Window Camper,2026-09-12T11:33:57Z,zero,tier=1 rounded to zero
Volkswagen,Volkswagen Split-Window Pickup,2026-09-12T11:36:41Z,empty,tier=2 no search volume
Volkswagen,Volkswagen Super Beetle,2026-09-12T11:23:03Z,ok,tier=1 anchor 78.4
Volkswagen,Volkswagen Thing,2026-09-12T11:01:05Z,ok,tier=0 anchor 80.5
Volkswagen,Volkswagen Tiguan,2026-09-12T11:17:46Z,ok,tier=0 anchor 80.5
Volkswagen,Volkswagen Touareg,2026-09-12T10:57:29Z,ok,tier=0 anchor 80.5
Volkswagen,Volkswagen Type 3,2026-09-12T11:05:13Z,ok,tier=0 anchor 80.5
Volkswagen,Volkswagen Vanagon,2026-09-12T10:57:49Z,ok,tier=0 anchor 80.5
Volvo,VOLVO 960 WAGON,2026-09-11T12:05:54Z,ok,tier=1 anchor 77.9
Volvo,VOLVO C304,2026-09-11T11:52:25Z,ok,tier=1 anchor 77.9
Volvo,VOLVO S40,2026-09-12T11:17:46Z,ok,tier=0 anchor 80.5
Volvo,VOLVO S70,2026-09-12T11:17:46Z,ok,tier=0 anchor 80.5
Volvo,VOLVO S80,2026-09-12T11:12:02Z,ok,tier=0 anchor 80.5
Volvo,VOLVO S90,2026-09-12T10:56:52Z,ok,tier=0 anchor 80.5
Volvo,VOLVO V50,2026-09-12T10:56:52Z,ok,tier=0 anchor 80.5
Volvo,VOLVO V60 CROSS COUNTRY,2026-09-12T10:56:52Z,ok,tier=0 anchor 80.5
Volvo,VOLVO V60 POLESTAR,2026-09-11T11:42:44Z,ok,tier=0 anchor 80.6
Volvo,VOLVO V90 CROSS COUNTRY,2026-09-12T11:14:49Z,ok,tier=0 anchor 80.5
Volvo,VOLVO XC60,2026-09-11T11:42:44Z,ok,tier=0 anchor 80.6
Volvo,Volvo 140,2026-09-12T11:10:33Z,ok,tier=0 anchor 73.9
Volvo,Volvo 1800ES,2026-09-11T11:47:39Z,ok,tier=1 anchor 77.9
Volvo,Volvo 240,2026-09-12T10:58:01Z,ok,tier=0 anchor 80.5
Volvo,Volvo 700-Series,2026-09-10T12:29:42Z,empty,tier=2 no search volume
Volvo,Volvo 850,2026-09-12T11:05:07Z,ok,tier=0 anchor 80.5
Volvo,Volvo 900-Series,2026-09-11T11:47:39Z,zero,tier=1 rounded to zero
Volvo,Volvo Amazon,2026-09-12T11:04:29Z,ok,tier=0 anchor 80.5
Volvo,Volvo C30,2026-09-12T11:05:13Z,ok,tier=0 anchor 80.5
Volvo,Volvo C70,2026-09-12T11:02:09Z,ok,tier=0 anchor 80.5
Volvo,Volvo P1800/1800,2026-09-12T11:37:00Z,empty,tier=2 no search volume
Volvo,Volvo PV444 and PV544,2026-09-10T12:27:53Z,empty,tier=2 no search volume
Volvo,Volvo S40,2026-09-12T11:09:30Z,ok,tier=0 anchor 80.5
Volvo,Volvo S60,2026-09-12T11:02:16Z,ok,tier=0 anchor 80.5
Volvo,Volvo S60R,2026-09-12T11:11:56Z,ok,tier=0 anchor 80.5
Volvo,Volvo S80,2026-09-12T11:12:02Z,ok,tier=0 anchor 80.5
Volvo,Volvo V60,2026-09-12T11:06:23Z,ok,tier=0 anchor 80.5
Volvo,Volvo V70,2026-09-12T11:05:45Z,ok,tier=0 anchor 80.5
Volvo,Volvo V70R,2026-09-12T10:58:27Z,ok,tier=0 anchor 80.5
Volvo,Volvo XC60,2026-09-12T11:04:36Z,ok,tier=0 anchor 80.5
Volvo,Volvo XC70,2026-09-12T11:15:46Z,ok,tier=0 anchor 80.5
Volvo,Volvo XC90,2026-09-12T11:04:04Z,ok,tier=0 anchor 80.5
West,KLEENSPEED EVX11 SPORTS RACING PROTOTYPE,2026-09-11T12:22:29Z,ok,tier=2 anchor 67.9
Westfield,WESTFIELD LOTUS ELEVEN,2026-09-11T12:05:54Z,zero,tier=1 rounded to zero
White,WHITE MODEL FORTY,2026-09-11T12:22:35Z,ok,tier=2 anchor 67.9
White,WHITE ROADSTER,2026-09-11T11:42:44Z,ok,tier=0 anchor 80.6
White,WHITE STANHOPE STEAMER MODEL B,2026-09-11T12:22:35Z,ok,tier=2 anchor 67.9
Willys,WILLYS 77 COUPE,2026-09-11T12:22:35Z,ok,tier=2 anchor 67.9
Willys,Willys CJ-2A,2026-09-12T11:38:15Z,ok,tier=2 anchor 67.1
Willys,Willys CJ-3A,2026-09-10T12:30:02Z,empty,tier=2 no search volume
Willys,Willys CJ-3B,2026-09-11T12:06:13Z,ok,tier=2 anchor 67.9
Willys,Willys Coupe,2026-09-12T11:31:01Z,ok,tier=1 anchor 78.9
Willys,Willys Jeep Wagon,2026-09-11T11:48:10Z,ok,tier=1 anchor 77.9
Willys,Willys Jeepster,2026-09-12T11:27:33Z,ok,tier=1 anchor 78.4
Willys,Willys M38,2026-09-12T11:28:30Z,ok,tier=1 anchor 78.4
Willys,Willys MB,2026-09-12T11:09:30Z,ok,tier=0 anchor 80.5
Willys,Willys Pickup,2026-09-12T11:27:14Z,ok,tier=1 anchor 78.4
Winnebago,WINNEBAGO ADVENTURE LIMITED,2026-09-12T11:22:31Z,zero,tier=1 rounded to zero
Winnebago,WINNEBAGO ASPECT 30J,2026-09-11T12:05:54Z,ok,tier=1 anchor 77.9
Winnebago,WINNEBAGO BRAVE D20,2026-09-11T12:22:35Z,empty,tier=2 no search volume
Winnebago,WINNEBAGO VISTA,2026-09-11T12:05:54Z,ok,tier=1 anchor 77.9
Wolf Racing Cars,WOLF GB08,2026-09-11T12:22:42Z,ok,tier=2 anchor 67.9
Wolf Racing Cars,WOLF RACING CARS GB08 SM K24,2026-09-11T12:06:00Z,ok,tier=1 anchor 77.9
Woodill,WOODILL WILDFIRE,2026-09-11T12:22:42Z,empty,tier=2 no search volume
Yamaha,MZ SKORPION,2026-09-12T11:35:44Z,empty,tier=2 no search volume
Yamaha,WATERSPORTS CAR SERIES L,2026-09-12T11:35:44Z,ok,tier=2 anchor 67.1
Yamaha,YAMAHA 305 BIG BEAR SCRAMBLER YM2C,2026-09-12T11:35:44Z,empty,tier=2 no search volume
Yamaha,YAMAHA BIG BEAR SCRAMBLER,2026-09-12T11:22:56Z,zero,tier=1 rounded to zero
Yamaha,YAMAHA BIG WHEEL 200,2026-09-12T11:21:22Z,ok,tier=1 anchor 78.4
Yamaha,YAMAHA BW200,2026-09-12T11:21:22Z,ok,tier=1 anchor 78.4
Yamaha,YAMAHA BW200 BIG WHEEL,2026-09-12T11:21:22Z,ok,tier=1 anchor 78.4
Yamaha,YAMAHA FJ1100,2026-09-12T11:21:22Z,ok,tier=1 anchor 78.4
Yamaha,YAMAHA FJ1200A,2026-09-12T11:35:01Z,empty,tier=2 no search volume
Yamaha,YAMAHA FJR1300,2026-09-11T11:42:44Z,ok,tier=0 anchor 80.6
Yamaha,YAMAHA FZR1000,2026-09-12T11:21:28Z,ok,tier=1 anchor 78.4
Yamaha,YAMAHA FZR600,2026-09-12T11:21:28Z,ok,tier=1 anchor 78.4
Yamaha,YAMAHA IT465,2026-09-12T11:21:28Z,ok,tier=1 anchor 78.4
Yamaha,YAMAHA LB50 CHAPPY,2026-09-12T11:21:28Z,ok,tier=1 anchor 78.4
Yamaha,YAMAHA LB80 CHAPPY,2026-09-12T11:35:01Z,ok,tier=2 anchor 67.1
Yamaha,YAMAHA MX250,2026-09-12T11:21:34Z,zero,tier=1 rounded to zero
Yamaha,YAMAHA MX360,2026-09-12T11:35:01Z,ok,tier=2 anchor 67.1
Yamaha,YAMAHA R5,2026-09-12T11:17:46Z,ok,tier=0 anchor 80.5
Yamaha,YAMAHA R5 350,2026-09-12T11:21:34Z,ok,tier=1 anchor 78.4
Yamaha,YAMAHA RIVA,2026-09-12T11:21:34Z,ok,tier=1 anchor 78.4
Yamaha,YAMAHA ROYAL STAR TOUR CLASSIC,2026-09-12T11:35:01Z,empty,tier=2 no search volume
Yamaha,YAMAHA RS,2026-09-11T11:42:51Z,ok,tier=0 anchor 80.6
Yamaha,YAMAHA SC500,2026-09-12T11:35:07Z,empty,tier=2 no search volume
Yamaha,YAMAHA SRX600,2026-09-12T11:21:34Z,ok,tier=1 anchor 78.4
Yamaha,YAMAHA TENERE 700,2026-09-11T11:42:51Z,ok,tier=0 anchor 80.6
Yamaha,YAMAHA TRI MOTO YTM200ERN YAMAHAULER,2026-09-12T11:35:07Z,empty,tier=2 no search volume
Yamaha,YAMAHA TT500,2026-09-11T11:52:25Z,ok,tier=1 anchor 77.9
Yamaha,YAMAHA V STAR,2026-09-11T11:42:57Z,ok,tier=0 anchor 71.5
Yamaha,YAMAHA V STAR 1300 TOURER,2026-09-12T11:21:41Z,ok,tier=1 anchor 78.4
Yamaha,YAMAHA V STAR 950 TOURER,2026-09-12T11:35:07Z,empty,tier=2 no search volume
Yamaha,YAMAHA WR200,2026-09-12T11:21:41Z,ok,tier=1 anchor 78.4
Yamaha,YAMAHA WR450F,2026-09-12T11:17:53Z,ok,tier=0 anchor 80.5
Yamaha,YAMAHA XJ550 SECA,2026-09-12T11:35:07Z,ok,tier=2 anchor 67.1
Yamaha,YAMAHA XJ650RJ SECA,2026-09-12T11:35:13Z,empty,tier=2 no search volume
Yamaha,YAMAHA XJ650RJ SECA 650,2026-09-12T11:21:41Z,zero,tier=1 rounded to zero
Yamaha,YAMAHA XT350,2026-09-12T11:34:04Z,ok,tier=1 anchor 76.8
Yamaha,YAMAHA XV920,2026-09-12T11:21:41Z,ok,tier=1 anchor 78.4
Yamaha,YAMAHA XV920 VIRAGO,2026-09-12T11:21:47Z,zero,tier=1 rounded to zero
Yamaha,YAMAHA YAMAHA BIG WHEEL,2026-09-12T11:21:47Z,ok,tier=1 anchor 78.4
Yamaha,YAMAHA YAMAHA WR450 2TRAC,2026-09-12T11:35:13Z,empty,tier=2 no search volume
Yamaha,Yamaha ATV,2026-09-12T11:05:13Z,ok,tier=0 anchor 80.5
Yamaha,Yamaha Enduro,2026-09-12T10:58:21Z,ok,tier=0 anchor 80.5
Yamaha,Yamaha RD,2026-09-12T11:04:36Z,ok,tier=0 anchor 80.5
Yamaha,Yamaha RZ,2026-09-12T11:30:17Z,ok,tier=1 anchor 78.4
Yamaha,Yamaha SR,2026-09-12T11:12:08Z,ok,tier=0 anchor 80.5
Yamaha,Yamaha V-Max,2026-09-12T11:28:30Z,ok,tier=1 anchor 78.4
Yamaha,Yamaha Virago,2026-09-12T11:14:11Z,ok,tier=0 anchor 80.5
Yamaha,Yamaha XS,2026-09-12T11:07:39Z,ok,tier=0 anchor 80.5
Yamaha,Yamaha YSR50,2026-09-11T11:52:31Z,ok,tier=1 anchor 77.9
Yamaha,Yamaha YSR50 & YSR80,2026-09-12T11:21:53Z,ok,tier=1 anchor 78.4
Yamaha,Yamaha YZ,2026-09-12T11:05:39Z,ok,tier=0 anchor 80.5
Yamaha,Yamaha YZF,2026-09-12T11:14:11Z,ok,tier=0 anchor 80.5
Yugo,YUGO,2026-09-11T11:45:58Z,ok,tier=0 anchor 43.4
Yugo,YUGO GV PLUS,2026-09-12T11:35:13Z,empty,tier=2 no search volume
Zenos,ZENOS E10S,2026-09-12T11:21:47Z,zero,tier=1 rounded to zero
Zimmer,ZIMMER GOLDEN SPIRIT,2026-09-12T11:21:47Z,ok,tier=1 anchor 78.4
Zundapp,ZUNDAPP BELLA R204,2026-09-12T11:35:13Z,empty,tier=2 no search volume
